table,row,region,code,street,city,addr_region,postcode,sqft,open_month,open_year,open_quarter,date_precision,description,address_raw,not_confirmed,delayed,cancelled,closed,sqft_estimated,colocated,rural_wagon_wheel
01_us_fulfillment_center,0,Alabama,BHM1,975 Powder Plant Road,Bessemer,Alabama,35022,855000,4,2020,,month,tat,"975 Powder Plant Road, Bessemer, Alabama, USA, 35022-5497",False,False,False,False,False,False,False
01_us_fulfillment_center,1,,HSV1,7816 Greenbrier Rd,Madison,Alabama,35756,1014800,11,2021,,month,Large Non-Sortable FC.,"7816 Greenbrier Rd, Madison, Alabama. USA. 35756-4403",False,False,False,False,False,False,False
01_us_fulfillment_center,2,,HSV2,28869 Fanning Drive NW,Madison,Alabama,35676,1100000,3,2023,,month,Large Non-Sortable FC. Project Laser.,"28869 Fanning Drive NW, Madison. Alabama. USA. 35676",False,False,False,False,False,False,False
01_us_fulfillment_center,3,Arizona,PHX3,6835 West Buckeye Road,Phoenix,Arizona,85043,1009400,,,,none,"Legacy Apparel/Shoes Fulfillment Center. Originally opened at 604,768 Sq. Ft.","6835 West Buckeye Road, Phoenix, Arizona, USA, 85043- 4428",False,False,False,False,False,False,False
01_us_fulfillment_center,4,Arizona Arizona,PHX5,3620 4750 & 5050 West Mohave Street,Phoenix,Arizona,85043,821600,10,2010,,month,"Expanded by 404,673 Sq. Ft. in Dec. 2011 Large Non-Sortable Fulfillment Center. Originally opened as PHX4 Delayed Allocation facility at 500,000 Sq. Ft. and expanded to 1.2 Million Sq. Ft by adding 2 x 230,000 sq ft mezzanines in 2011. Large Sortable Fulfillment Center in one half of the building. Small Sortable Fulfillment Center in the other half.","16920 W. Commerce Dr., Goodyear, Arizona, USA, 3620 4750 & 5050 West Mohave Street, Phoenix, Arizona, USA, 85043-8305",False,True,False,False,False,False,False
01_us_fulfillment_center,5,Arizona,PHX7,800 N. 75th Ave,Phoenix,Arizona,85043,1267100,9,2011,,month,PHX7 is Large Non-Sortable; PCA1 is supplemental storage,"800 N. 75th Ave, Phoenix, Arizona, USA, 85043-3101",False,False,False,False,False,False,False
01_us_fulfillment_center,6,Ari,PHX9,777 S 79th Ave,Tolleson,Arizona,85353,,10,2015,,month,PHX9 is a Seasonal Supplemental FC within a Pepsi/Quaker building.,"777 S 79th Ave, Tolleson, Arizona, USA, 85353-3140",False,False,False,False,False,False,False
01_us_fulfillment_center,7,,TUS1,5333 West Lower Buckeye Rd,Phoenix,Arizona,85043,473200,,2017,4,quarter,Returns Facility sas,"5333 West Lower Buckeye Rd, Phoenix. Arizona. USA. 85043",False,False,False,False,False,False,False
01_us_fulfillment_center,8,,,6701 S. Kolb Road,Tucson,Arizona,85756,,,,,none,"Small Sortable. Also processes returns, light assembly, 3-D printing and direct product pickup by customers from","6701 S. Kolb Road, Tucson, Arizona, USA, 85756",False,False,False,False,False,False,False
01_us_fulfillment_center,9,,,3333 S 59th Ave,Phoenix,Arizona,85043,,,,,none,automated kiosks. Large Non-Sortable FC. HPX2 is a co- located heavy/bulky delivery station.,"3333 S 59th Ave, Phoenix, Arizona, USA, 85043",False,False,False,False,False,False,False
01_us_fulfillment_center,10,,GYR1,580 S. 143rd Avenue,Goodyear,Arizona,85338,855000,,,,none,4-Storey Amazon Robotics Sortable FC.,"580 S. 143rd Avenue , Goodyear, Arizona, USA, 85338",False,False,False,False,False,False,False
01_us_fulfillment_center,11,Arizona,GYR4,ot Avondale,,Arizona,85323,242500,,2020,4,quarter,Specialty: Merch by Amazon (print on demand service that prints and sells ;,"ot Avondale, Arizona, USA, 85323",False,False,False,False,False,False,False
01_us_fulfillment_center,12,Arizona,PPX2,3809 E Watkins St,Phoenix,Arizona,85034,174800,,,,none,designs uploaded on the internet). Phoenix Distribution Center. :,"3809 E Watkins St, Maricopa, Phoenix, Arizona, USA, 85034",False,False,False,False,False,False,False
01_us_fulfillment_center,13,Arizona,SAZ1,3333S. 7th St,Phoenix,Arizona,85040,149200,,2019,,year,NPX2: Delivery station code for drivers SubSameDay Fulfillment Center / Amazon Delvery Station tor Centraveast Phoenix within 45 minutes Drive Time.,"3333S. 7th St., Phoenix, Arizona. USA. 85040-1182",False,False,False,False,False,False,False
01_us_fulfillment_center,14,Arizona,SAZ2,10801 West Van Buren Street,Tolleson,Arizona,85353,,,2022,,year,HPX1 is a Heavy/Bulky Delivery Station for Phoenix SubSameDay Fulfillment Center / Delivery Station for West Phoenix within 45 minutes a,"10801 West Van Buren Street, Tolleson, Arizona, USA, 85353",False,False,False,False,False,False,False
01_us_fulfillment_center,15,,ATS3,8601 W Jefferson St,Tolleson,Arizona,85353,184100,,2022,1,quarter,Drive Time. Role of Facility sas TBD. We assume Softlines.,"8601 W Jefferson St., Suite 300, Tolleson. Arizona. USA. 85353",True,False,False,False,False,False,False
01_us_fulfillment_center,16,,,7037 West Van Buren Street : Arizona,,7037 West Van Buren Street : Arizona,85043,543400,10,2016,,month,Large Non-Sortable FC. Run 3PL XPO,"7037 West Van Buren Street : Arizona, USA, 85043-",False,False,False,False,False,False,False
01_us_fulfillment_center,17,,,8560 East Elliot Rd,Mesa,Arizona,85212,,,,,none,by Logistics. KRB9 is focused on housing third-party items to replenish FCs. Project Kariba.,"8560 East Elliot Rd, Mesa, Arizona, USA, 85212",False,False,False,False,False,False,False
01_us_fulfillment_center,18,Arkansas,LIT2,13001 Highway 70,North Little Rock,Arkansas,72117,1058100,,,,none,5-Storey Small Sortable FC. Project Large Non-Sortable FC. Project Runner.,"7200 Zeuber Road, Little Rock, 13001 Highway 70, North Little Rock, Arkansas, USA, 72117- 5026",False,False,False,False,False,False,False
01_us_fulfillment_center,19,California,ONT4,1910 & 2020 E. Central Ave. Building 3,San Bernardino,Califarnian California,92408,950000,,2012,,year,ONT2is Small Sortable ONT3 is Make on Demand Printing (MOD) OYWNIT7Z te is Pantry,"1910 & 2020 E. Central Ave. Building 3, San Bernardino, Califarnian California, USA, 92408-0123",False,False,False,False,False,False,False
01_us_fulfillment_center,20,Californi California,ONT7,92551 = i 2125 W. San Bernardino Ave,Redlands,California,99374,4264600,8,2014,,month,ONT6 is a Legacy Apparel & Footwear Fulfillment Center. HLA3 is a heavy/bulky delivery station for products 60 - 300 Lbs ips large items (e.g. televisions/furniture),"24208 San Michele Rd. Moreno Valley. scat California. arene, USA. 92551 = i 2125 W. San Bernardino Ave, Redlands, California, USA. 99374-5005",False,False,False,False,False,False,False
01_us_fulfillment_center,21,ses Calfomia,,2255 W Lugonia Ave,Redlands,California,92374,607300,8,2018,,month,Stocking center for large non-sortable. Facility caught fire 2020-Jun-06.,"2255 W Lugonia Ave, Redlands, California, USA, 92374-5049",False,False,False,False,False,False,False
01_us_fulfillment_center,22,,LGB1,2417 E. Carson St,Long Beach,California,90810,468100,6,2016,,month,Supplemental Seasonal FC,"2417 E. Carson St., Long Beach. California. USA. 90810",False,False,False,False,False,False,False
01_us_fulfillment_center,23,California,LGB3,4950 Goodman Way,Eastvale,California,91752,885000,3,2018,,month,"4-Storey Amazon Robotics Sortable FC. Larger items, such as sports equipment, patio furniture and pet food.","4950 Goodman Way, Building 1, Eastvale, California, USA, 91752-[ 5087 27517 Pioneer Ave, Redlands, California, USA, 92374-1501",False,False,False,False,False,False,False
01_us_fulfillment_center,24,ae,LGB6,20901 Krameria Avenue,Riverside,California,92508,,,,,none,"Large Non-Sortable Small Sortable books, small electronics, school supplies and home goods","20901 Krameria Avenue, Riverside, Califomia, USA, 92508] 1660 N. Linden Ave, Rialto, California, USA, 92376",False,False,False,False,False,False,False
01_us_fulfillment_center,25,California,LGB9,4375 N Perris Blvd,Perris,California,92571,4008600,10,2020,,month,Large Non-Sortable (LGB9). HLA4 is a co- located Heavy/Bulky Delivery Station.,"4375 N Perris Blvd, Perris, California, USA, 92571",False,False,False,False,False,False,False
01_us_fulfillment_center,26,,,2496 West Walnut Ave,Rialto,California,92376,,11,2015,,month,“age,"2496 West Walnut Ave., Rialto, California, USA, 92376-3009",False,False,False,False,False,False,False
01_us_fulfillment_center,27,Californi California,SNA9,5088 555 East Orange Show Rd,San Bernardino,California,92408,4033200,10,2016,,month,"SNA9 is Amazon Robotics Quick Deploy Fulfillment Center which includes Print on Demand Book facility, Amazon Fresh facility, Delnery’ Station ae 2 i for Whol ee Foods / Amazon Fresh stores. SLA6 was a SubSameDay FC but this was closed in March 2024. SNA6 was Amazon Robotics Sortable and is replaced by DCA2 in 2020. SNA7 is Amazon Robotics Large Sortable SNAS is A Robotics Quick Depl XIX7 is Inbound Cross Dock KRB1 is Amazon Kariba FC (Amazon Basics ae of","5250 Goodman Way, 5040 Goodman Way, Building B, Eastvale, California, USA, 5088 555 East Orange Show Rd, San Bernardino, California, USA, 92408-2453",False,False,False,True,False,False,False
01_us_fulfillment_center,28,California,KRB1,1494 S Waterman Ave,San Bernardino,California,92408,1032100,,2020,4,quarter,line products). Facility also serves as a supplemental FC. Large Non-Sortable,"1494 S Waterman Ave, San Bernardino, California, USA, 92408-2805",False,False,False,False,False,False,False
01_us_fulfillment_center,29,California,,18580 Gateway Drive,Victonille,California,93294,1080300,,2023,,year,is ae FC. XLX7 is age Nonsortable which is the first on the west,"18580 Gateway Drive, Victonville, Victonille, California, USA, 93294",False,False,False,False,False,False,False
01_us_fulfillment_center,30,California,,4900 W Elkhorn Blvd,Sacramento,California,95835,855000,,,,none,coast. Project Loki. 6-Storey Small Sortable with Sortation Small Sortable,"4707 S. Baker AveOntario, 4900 W Elkhorn Blvd, Sacramento, California, USA, 95835-9505",False,False,False,False,False,False,False
01_us_fulfillment_center,31,California,SMF6,4930 Allbaugh Drive,Sacramento,California,95837,1000000,,,,none,Large Non-Sortable,"4930 Allbaugh Drive, Sacramento, California, USA, 95837-9109",False,False,False,False,False,False,False
01_us_fulfillment_center,32,California,SMF9,300 Crocker Drive,Vacaville,California,95688,,,,,none,SMF9 is a Returns Center that was co- located in SMF5 in Oct 2019 (Sq Ft,"300 Crocker Drive, Vacaville, California. USA. 95688",False,False,False,False,False,False,False
01_us_fulfillment_center,33,sos,,920 Eubanks Drive,Vacaville,California,95688,,,,,none,included in SMF5). Large Non-Sortable. Plans underway to expand DC to 2.1mm Sq Ft,"920 Eubanks Drive, Building C, Vacaville, California, USA, 95688",False,False,False,False,False,True,False
01_us_fulfillment_center,34,California,,Stillwater Business Park,Redding,California,96002,,,2027,,year,Not confirmed. Role of facility TBD.,"Stillwater Business Park, Venture Parkway, Redding, California, USA, 96002",True,False,False,False,False,False,False
01_us_fulfillment_center,35,California sp.,SCK1,4532 Newcastle Road,Stockton,California,95215,1122300,,2020,3,quarter,Large Non-Sortable SCK3 is Large Non-Sortable. HSF5 is a co-located Heavy/Bulky Delivery Station.,"4532 Newcastle Road, Stockton, California, USA 95215-] 9465 3565 Airport Way, Manteca, Califomia, USA 95336-8696",False,False,False,False,False,True,False
01_us_fulfillment_center,36,sos,SCK6,1500 E. Grant Line Road,Tracy,California,95304,823500,,,,none,XLX2 is a flex driver delivery station code. 5-Storey Small Sortable FC. Project Big Byrd.,"1500 E. Grant Line Road, Tracy, California, USA 95304",False,False,False,False,False,False,False
01_us_fulfillment_center,37,California,OAK3,255 Park Center Drive,Patterson,California,95363,1000000,10,2013,,month,Large Non-Sortable FC. Project X.,"255 Park Center Drive, Patterson, California, USA, 95363-8876",False,False,False,False,False,False,False
01_us_fulfillment_center,38,sp. sos,OAK4,1555 N. Chrisman Rd,California,California,96304,,,,,none,OAK4 is a Small Sortable Fulfillment Center. OAK6 is Amazon.Fresh. Amazon-Fresh.,"1555 N. Chrisman Rd., Tracy, California, Califomia, USA, 96304-9370 95304-9370",False,False,False,False,False,False,False
01_us_fulfillment_center,39,California,SJC7,188 S Mountain House Parkway,Tracy,California,95377,1001400,10,2016,,month,Large Non-Sortable.,"188 S Mountain House Parkway, Tracy, California, USA, 95377-8906",False,False,False,False,False,False,False
01_us_fulfillment_center,40,,,1565 N MacArthur Drive,Tracy,California,95376,,,,,none,Amazon uses a portion of this space as a seasonal facility,"1565 N MacArthur Drive, Tracy, California, USA, 95376",False,False,False,False,False,False,False
01_us_fulfillment_center,41,California California,PCA3,OU 10681 Production Ave,Fontana,California,92337,800000,,2019,4,quarter,ine PED a “ Seasonal Overflow / Cross Dock Facility. PCA3 is a Seasonal Overflow / Cross Dock Facility. XIX6 is a small inbound Cross Dock operation.,"OU 10681 Production Ave, Building 6, Fontana, California, USA, 92337-8006",False,False,False,False,False,False,False
01_us_fulfillment_center,42,California,KRB7,36900 West 4th Street,Beaumont,California,92223,860000,,,,none,Sq Ft is an estimate. Specialty FC. KRB7 is an Amazon Kariba FC (Amazon Basics line of products). In Dec. 2023 Supply Chain as a Service was launched at this site with IUSJ. Also serves,"36900 West 4th Street, Building 2, Beaumont, California, USA, 92223",False,False,False,False,True,False,False
01_us_fulfillment_center,43,po,FAT1,3575 S Orange Ave,Fresno,California,93725,855000,5,2018,,month,as the 2nd Disaster Relief Center in the U_S. Small Sortable FC.,"3575 S Orange Ave, Fresno, California. USA. 93725-9366",False,False,False,False,False,False,False
01_us_fulfillment_center,44,California,FAT2,3315 N. Kelsey St,Visalia,California,93291,1000000,,2021,,year,Large Non-Sortable.,"3315 N. Kelsey St, Tulare, Visalia, California, USA, 93291-",False,False,False,False,False,False,False
01_us_fulfillment_center,45,California,HLA6,9308 vee : Visala. California,,9308 vee : Visala. California,93291,1100000,,2022,,year,Global Specialty Fulfillment SubSameDay Distribution Center with Groceries and ;,"9308 vee : Visala. California, USA, 93291",False,False,False,False,False,False,False
01_us_fulfillment_center,46,California,BFL1,1601 Petrol Road,Bakersfield,California,93308,640000,9,2020,,month,Essential Household Items. Small Sortable.,"1601 Petrol Road, Oildale, Bakersfield, California, USA, 93308",False,False,False,False,False,False,False
01_us_fulfillment_center,47,,BFL2,4500 Express Ave,Shafter,California,93263,1004400,,,,none,Specialty Soft Lines (Apparel & Footwear).,"4500 Express Ave, Shafter, California USA. 93263",False,False,False,False,False,False,False
01_us_fulfillment_center,48,California,PSP1,1010 West Fourth Street,Beaumont,California,92223,640000,,,,none,Small Sortable FC. Project Cherry.,"1010 West Fourth Street, Beaumont, California, USA, 92223-2684",False,False,False,False,False,False,False
01_us_fulfillment_center,49,California,SAN3,6971 Otay Mesa Road,San Diego,California,92154,640000,,,,none,5-Storey Small Sortable FC. Project Arcilla.,"6971 Otay Mesa Road, San Diego, California, USA, 92154- 5722",False,False,False,False,False,False,False
01_us_fulfillment_center,50,sp.,SCA2,3745 Bayshore Boulevard,Brisbane,California,94005,203300,4,2024,,month,SubSameDay Fulfillment Center / Delivery Station for West Bay Area Same Day within 45 minutes Drive Time. SubSameDay Fulfillment Center / Delivery Station for East Bay Area Same Day Delivery Service within 45 minutes Drive,"3745 Bayshore Boulevard, Brisbane, Califomia, USA, 94005] 6045 Giant Highway, Richmond, California, USA, 94806",False,False,False,False,False,False,False
01_us_fulfillment_center,51,California,SCA4,16915 Via Del Campo,San Diego,California,92127,,,,,none,Time. Saari nent (Amazon ee oe ee,"16915 Via Del Campo, San Diego, California, USA, 92127-",False,False,False,False,False,False,False
01_us_fulfillment_center,52,California,SCA5,47417 1717 7601 Metro Air Parkway,Sacramento,California,95837,148800,7,2022,,month,Same same Day Vay Delivery Velivery Service within 45 minutes Drive Time. SubSameDay Fulfillment Center / Delivery Station for Sacramento Same Day Delivery Service within 45 minutes Drive Time.,"47417 1717 7601 Metro Air Parkway, Building 4, Sacramento, California, USA, 95837",False,False,False,False,False,False,False
01_us_fulfillment_center,53,California,SCA7,717 Harvest Road Building A,San Diego,California,92154,202400,,,,none,SubSameDay Fulfillment Center / Delivery Station for San Diego Same Day Delivery Service within 45 minutes Drive Time.,"717 Harvest Road Building A, San Diego, California, USA, 92154",False,False,False,False,False,False,False
01_us_fulfillment_center,54,California,SAX1,¥en Mine. California,,¥en Mine. California,92614,202500,7,2022,,month,SAX1 is a SubSameDayFulfillment Center / Amazon Fresh / Delivery Station for Irvine Same Day Delivery within 45 : 5 Drive es a Time.,"¥en Mine. California, USA, 92614",False,False,False,False,False,False,False
01_us_fulfillment_center,55,Soe,,150 E Radio Rd,Corona,California,92879,168100,7,2022,,month,minutes Formerly a delivery station called DLA9. SubSameDay FC,"150 E Radio Rd, Building B, Corona, California, USA, 92879",False,False,False,False,False,False,False
01_us_fulfillment_center,56,,,333 W Gardena Blvd,Carson,California,90248,145800,9,2022,,month,SubSameDay SUbSameBay'Fe FC,"333 W Gardena Blvd, Carson, California, USA, 90248",False,False,False,False,False,False,False
01_us_fulfillment_center,57,sp.,,3301 Medford St,Los Angeles,California,90063,202600,6,2024,,month,Subsameday FC for Los Angeles / Ramona a Area. Delayed : Project. Formerly,"3301 Medford St., Los Angeles, California. USA. 90063-2527",False,True,False,False,False,False,False
01_us_fulfillment_center,58,sp.,,150 E Radio Rd,Corona,California,92879,53800,5,2024,,month,PillPack CA Distribution ee Center.,"150 E Radio Rd, Building A, Corona. California. USA. 92879",False,False,False,False,False,False,False
01_us_fulfillment_center,59,,TEN2,1590 Tamarind Ave,Rialto,California,92376,948400,,,,none,Non-Sortable,"1590 Tamarind Ave, Rialto, California, USA, 92376-3008",False,False,False,False,False,False,False
01_us_fulfillment_center,60,,OXR1,3100 Sakioka Drive,Oxnard,California,93030,857200,,,,none,4-Storey Amazon Robotics Small and Large Sortable. Project Bruin.,"3100 Sakioka Drive, Oxnard, California, USA, 93030-8966",False,False,False,False,False,False,False
01_us_fulfillment_center,61,,MCE1,3200 Fulkerth Road,Turlock,California,95380,1080300,,,,none,Large Non-Sortable FC. Project Hornet.,"3200 Fulkerth Road, Turlock, California. USA. 95380",False,False,False,False,False,False,False
01_us_fulfillment_center,62,California,,aia Caliente Road,,California,92394,1000000,,2024,,year,Specialty FC. In Dec. 2023 Supply Chain as a Service was launched at IUSJ. This is 5s sag,"aia Caliente Road, California, USA, 92394",False,False,False,False,False,False,False
01_us_fulfillment_center,63,,,8820 Santa Teresa Blvd,San Jose,California,95141,800000,,2025,,year,a similar facility. Small Sortable 3 stories high. Not confirmed yet. Under protest. Sq ft is an,"8820 Santa Teresa Blvd, San Jose. California USA. 95141",True,False,False,False,False,False,False
01_us_fulfillment_center,64,California,,3300 Rancho Cordova Pky,Rancho Cordova,California,95742,629200,,2025,,year,estimate. Small Sortable 5 stories high proposed for Sacramento. Project Sunrise. Not confirmed yet.,"3300 Rancho Cordova Pky, Rancho Cordova, California, USA, 95742",True,False,False,False,False,False,False
01_us_fulfillment_center,65,California,,657 Nance street,Perris,California,92571,640000,8,2017,,month,Small Sortable 4 stories high proposed for Salinas. Project cancelled 2022-04-14 and then reinitiated in 2024-05-10. sis Large Non-Sortable Operated by 3PL NFI Industries,"ae ee ee = an NWC Phelan Rd & Caliente Rd., 657 Nance street, Perris, California, USA, 92571",False,False,True,False,False,False,False
01_us_fulfillment_center,66,Colorado,DEN2,22205 E.19th Avenue,Aurora,Colorado,80019,1000000,,,,none,Large Non-Sortable.,"22205 E.19th Avenue, Aurora, Colorado. USA. 80019-3710",False,False,False,False,False,False,False
01_us_fulfillment_center,67,,DEN3,14601 Grant Street,Thornton,Colorado,80023,855000,8,2018,,month,Small Sortable FC. Project Cherry.,"14601 Grant Street, Thornton, Colorado. USA. 80023-6622",False,False,False,False,False,False,False
01_us_fulfillment_center,68,Colorado,DEN4,4222 Integration Loop,Colorado Springs,Colorado,80916,640000,7,2021,,month,Small Sortable FC. Includes a,"4222 Integration Loop, Colorado Springs, Colorado, USA, 80916-",False,False,False,False,False,False,False
01_us_fulfillment_center,69,Colorado,HDE2,5766 Colorado,,Colorado,80019,555800,7,2021,,month,Sortation Center. Project Rodeo. DEN7 is a Large Non-Sortable FC. HDE2 isa co-located Heavy/Bulky Delivery Stati,"5766 Colorado, USA, 80019",False,False,False,False,False,True,False
01_us_fulfillment_center,70,,,21000 E 13th Ave,Aurora,Colorado,80018,1200000,5,2022,,month,tation. Role of Facility sis TBD.,"21000 E 13th Ave, Aurora, Colorado. USA. 80018",True,False,False,False,False,False,False
01_us_fulfillment_center,71,Colorado,SCO1,6050 Washington Street . Denver,,Colorado,80216,159300,,,,none,Saari nent eee for ae Same,"6050 Washington Street . Denver, Colorado, USA, 80216- 1285",False,False,False,False,False,False,False
01_us_fulfillment_center,72,Colorado,SCO2,7800 South Fairplay Street,Englewood,Colorado,80112,304600,,2025,,year,Day Delivery Service within 45 minutes Drive Time. ted iment verter werner ch di ic Day Delivery Service within 45 minutes,"7800 South Fairplay Street, Englewood, Colorado, USA, 80112",False,False,False,False,False,False,False
01_us_fulfillment_center,73,,FNL1,4625 Byrd Avenue,Loveland,Colorado,80528,640000,,2025,1,quarter,Drive Time. 5-Storey Small Sortable FC. Project Sugar.,"4625 Byrd Avenue, Loveland, Colorado. USA. 80528",False,False,False,False,False,False,False
01_us_fulfillment_center,74,Connecticut,BDL2,200 Old Iron Ore Road,Windsor,Connecticut,06095,1000000,,2015,4,quarter,an Small,"200 Old Iron Ore Road, Windsor, Connecticut, USA, 06095-2144",False,False,False,False,False,False,False
01_us_fulfillment_center,75,,BDL3,409 Washington Avenue,North Haven,Connecticut,06473,855000,7,2019,,month,4-Storey Small Sortable FC.,"409 Washington Avenue, North Haven. Connecticut. USA. 06473",False,False,False,False,False,False,False
01_us_fulfillment_center,76,Connecticut,BDL6,120 County Line Drive,Cromwell,Connecticut,06416,403000,10,2020,,month,"Gen 11 Amazon Robotics Small Sortable Large Non-Sortable for Televisions, Furniture, mattresses, kayaks, grills and exercise equipment","1215 Kennedy Road, Windsor, 120 County Line Drive, Cromwell, Connecticut, USA, 06416-1186",False,False,False,False,False,False,False
01_us_fulfillment_center,77,Connecticut,,191 Sheridan Drive,Waterbury,Connecticut,06706,652400,,2026,,year,ARE: Not confirmed yet.,"191 Sheridan Drive, Naugatuck, Waterbury, Connecticut, USA, 06706",True,False,False,False,False,False,False
01_us_fulfillment_center,78,,,1 Centerpoint Blvd,New Castle,Delaware,19720,202000,,,,none,Large Sortable. Amazon's 2nd DC in its network.,"1 Centerpoint Blvd, New Castle, Delaware, USA, 19720-4172",False,False,False,False,False,False,False
01_us_fulfillment_center,79,Del,PHL7,560 Merrimac Ave,Middletown,Delaware,19709,4035000,10,2012,,month,PHL7 is Small Sortable. PHL9 is Make on Demand Printing (MOD).,"560 Merrimac Ave, Middletown, Delaware, USA, 19709-4652",False,False,False,False,False,False,False
01_us_fulfillment_center,80,Delaware,MTN1,1025 Boxwood Road,Wilmington,Delaware,19804,640000,,,,none,5-Storey Small Sortable FC with Sortation Center Inside. Former GM plant was demolished.,"1025 Boxwood Road, Newport, Wilmington, Delaware, USA, 19804-2041",False,False,False,False,False,False,False
01_us_fulfillment_center,81,,ILG1,780 S Dupont Parkway,New Castle,Delaware,19720,1000000,12,2021,,month,Specialty - Small and Light Products.,"780 S Dupont Parkway, New Castle. Delaware. USA. 19720",False,False,False,False,False,False,False
01_us_fulfillment_center,82,,,,,,33570,1017600,,,,none,Small Sortable FC Facility expanded (doubled) in Hi ZU 2015 lo - 2016,"3350 Laurel Ridge Ave, Ruskin, Florida, USA, UOFA, 33570-5526",False,False,False,False,False,False,False
01_us_fulfillment_center,83,Florida,TPA2,1760 County Line Rd,Lakeland,Florida,33811,1016000,,2014,,year,"Large Sortable/Non-Sortable ships items such as televisions. Kayaks, mattresses,","1760 County Line Rd., Lakeland, Florida, USA, 33811- 1808",False,False,False,False,False,False,False
01_us_fulfillment_center,84,,LAL1,576 C Fred Jones Blvd,Auburndale,Florida,33823,,9,2020,,month,"fishing : poles, diapers. Large Non-Sortable. Used to contain the LAL2 Sort Center which is now closed.","576 C Fred Jones Blvd, Auburndale, Florida, USA, 33823",False,False,False,True,False,False,False
01_us_fulfillment_center,85,Florida,TPA4,8727 Harney Road,Temple Terrace,Florida,33637,465000,5,2022,,month,°-Storey Amazon Robotics Small Sortable,"8727 Harney Road, Temple Terrace, Florida, USA, 33637- 6716",False,False,False,False,False,False,False
01_us_fulfillment_center,86,Florida,,901 W Landstreet Rd,Orlando,Florida,32624,180000,7,2014,,month,FC. Project Tarpon. llarae g | Run 3PL NFI,"901 W Landstreet Rd, Suite C, Orlando, Florida, USA, 32624- 8028",False,False,False,False,False,False,False
01_us_fulfillment_center,87,Florida,JAX2,12900 Pecan Park Road,Jacksonville,Florida,32218,875600,,,,none,by Small Sortable,"12900 Pecan Park Road, Jacksonville, Florida, USA, 32218-2432",False,False,False,False,False,False,False
01_us_fulfillment_center,88,,,13333 103rd St,Jacksonville,Florida,32210,,10,2017,,month,Non-Sortable,"13333 103rd St., Jacksonville, Florida, USA, 32210-8686",False,False,False,False,False,False,False
01_us_fulfillment_center,89,Florida,JAX7,10501 Cold Storage Road,Jacksonville,Florida,32218,1063000,,2021,,year,"Ae | ie Re Fulfill rie Re t chess, P label)","10501 Cold Storage Road, Road. Unit Sad Duval, Jacksonville, Florida, USA, 32218",False,False,False,False,False,False,False
01_us_fulfillment_center,90,Florida,SFL1,7469 Kingspointe Pkwy,Orlando,Florida,32819,224200,5,2016,,month,SFL1 is a SubSameDay Fulfillment Center / UFL4 is a Prime Warehouse. Same Day,"7469 Kingspointe Pkwy, Orlando, Florida, USA, 32819-",False,False,False,False,False,False,False
01_us_fulfillment_center,91,Florida,UFL4,8587 SE Hn St,,Florida,33010,200000,7,2021,,month,Service Within 45 Minute Drive Time. SFL2 is a SubSameDay Fulfillment Center with Same Day Senice for Tampa Within 45 : =,"8587 SE Hn St, Florida, USA, 33010",False,False,False,False,False,False,False
01_us_fulfillment_center,92,Florida,SFL3,6901 N Hiatus Rd,Tamarac,Florida,33321,178200,7,2021,,month,Minute Drive Time. SFL3 is a SubSameDay Fulfillment Center with Same Day Within 45 Minute,"6901 N Hiatus Rd, Building 2, Tamarac, Florida, USA, 33321- 6433",False,False,False,False,False,False,False
01_us_fulfillment_center,93,Florida,SFL4,6337 County Road 579,Seffner,Florida,33584,151500,8,2021,,month,Drive Time. SFL4 is a SubSameDay Fulfillment Center with Same Day Service Within 45 Minute,"6337 County Road 579, Seffner, Florida. USA. 33584",False,False,False,False,False,False,False
01_us_fulfillment_center,94,Florida,SFL7,4902 W. Waters Road,Tampa,Florida,33634,239500,9,2023,,month,Drive Time. SFL7 is a SubSameDay Fulfillment Center with Same Day Service Within ee 45 Minute,"4902 W. Waters Road, Tampa, Florida. USA. 33634",False,False,False,False,False,False,False
01_us_fulfillment_center,95,Florida,,9775 Air Commerce Parkway,Orlando,Florida,32827,,,,,none,Drive Time. customers throughout greater,"9775 Air Commerce Parkway, Orlando, Florida, USA, 32827- 7332",False,False,False,False,False,False,False
01_us_fulfillment_center,96,Florida,SJA1,1700 Imeson Road,Jacksonville,Florida,32220,272200,,2025,,year,"Orlando, Kissimmee and Sanford. eee for Jacksonville. Project Teapot.","1700 Imeson Road, Building 2, Jacksonville, Florida, USA, 32220",False,False,False,False,False,False,False
01_us_fulfillment_center,97,,MLB1,3665 Grissom Parkway,Cocoa,Florida,32926,202000,9,2024,,month,Traditional Sortable Softlines facility (TSSL).,"3665 Grissom Parkway, Cocoa, Florida. USA. 32926",False,False,False,False,False,False,False
01_us_fulfillment_center,98,,MIA1,14000 NW 37th Ave,Opa- Locka,Florida,33054,885000,4,2019,,month,Small Sortable,"14000 NW 37th Ave., Opa- Locka. Florida. USA. 33054",False,False,False,False,False,False,False
01_us_fulfillment_center,99,Florida,MCO1,12340 Boggy Creek Rd,Orlando,Florida,32824,866000,,,,none,Smal and Make on Demand,"12340 Boggy Creek Rd, Lake Nona, Orlando, Florida, USA, 32824-6902",False,False,False,False,False,False,False
01_us_fulfillment_center,100,,MCO2,2600 N Normandy Blvd,Deltona,Florida,32725,1000000,9,2020,,month,Large Non-Sortable. Project Normandy.,"2600 N Normandy Blvd, Deltona, Florida. USA. 32725-2610",False,False,False,False,False,False,False
01_us_fulfillment_center,101,: longa,MCO3,8825 Boggy Creek Road,orlando,Florida,32824,40300,10,2021,,month,Specialty - Make on Demand Printing Facility.,"8825 Boggy Creek Road, Orlando, orlando, Florida, USA, 32824",False,False,False,False,False,False,False
01_us_fulfillment_center,102,Florida,MCO4,2318 Waverly Barn Rd,Davenport,Florida,33897,406200,5,2022,,month,First Merch by Amazon facility in Florida,"2318 Waverly Barn Rd, Suite 150, Davenport, Florida, USA, 33897-8601",False,False,False,False,False,False,False
01_us_fulfillment_center,103,Florid Florida onde,TPA6,3400 NW 35th Avenue Rd,Ocala,Florida,34475,617100,8,2021,,month,Large Non-Sortable FC. Project Needles. HTP9 is a Heavy Bulky Delivery Station..,"3400 NW 35th Avenue Rd, Ocala, Florida, USA, 34475",False,False,False,False,False,False,False
01_us_fulfillment_center,104,Florida,PFL1,Bradenton,,Florida,34208,,,2020,,year,Amazon uses a portion of the P Tropicana,"Bradenton, Florida, USA, 34208-",False,False,False,False,False,False,False
01_us_fulfillment_center,105,Florida,PFL2,2656 Read 251M,Lakeland,Florida,33809,440000,,,,none,space as a seasonal facility Amazon uses a portion of this P space as a,"2656 Read 251M, Lakeland, Florida, USA, 33809- 1704",False,False,False,False,False,False,False
01_us_fulfillment_center,106,Florid,PBI2,14490 Corporate Road North,Jupiter,Florida,33478,4000500,9,2021,,month,seasonal facility. Large Non-Sortable. HPB2 is a delivery station co-located in the FC.,"14490 Corporate Road North, Jupiter, Florida, USA, 33478",False,False,False,False,False,True,False
01_us_fulfillment_center,107,Florida,,SW Kanner Highway 76 & SW 96th Street,Stuart,Florida,34997,1000000,,2025,,year,Role of Facility TBD. Project not confirmed.,"SW Kanner Highway 76 & SW 96th Street, Stuart, Florida, USA, 34997",True,False,False,False,False,False,False
01_us_fulfillment_center,108,,,10631 State Road 82,Fort Myers,Florida,33905,,,,,none,Small Sortable FC for Fort Myers. Project Rainforest. Project was previously cancelled.,"10631 State Road 82, Fort Myers, Florida, USA, 33905",False,False,True,False,False,False,False
01_us_fulfillment_center,109,Florida,TLH2,2635 Vineland Driver,Tallahassee,Florida,32308,,,2023,,year,Amazon Pharmacy #003 - PillPack Miami Mango.,"6701 NW 7th Street, Suite 199, 2635 Vineland Driver, Leon, Tallahassee, Florida, USA, 32308",False,False,False,False,False,False,False
01_us_fulfillment_center,110,,DAB2,2520 Bellevue Avenue,Daytona Beach,Florida,32114,634000,,,,none,5-Storey Amazon Robotics Small Sortable Ec. Project Tarpon.,"2520 Bellevue Avenue, Daytona Beach, Florida, USA, 32114",False,False,False,False,False,False,False
01_us_fulfillment_center,111,Georgia,ATL2,2255 West Park Place Blvd,Stone Mountain,Georgia,30087,640000,10,2020,,month,4-Storey Small Sortable FC. Project Rocket.,"2255 West Park Place Blvd, Stone Mountain, Georgia, USA, 30087",False,False,False,False,False,False,False
01_us_fulfillment_center,112,Georgia :,ATL8,2201 Thornton Road,Lithia Springs,Georgia,30122,733700,,,,none,ATL8 is Large Non-Sortable Fulfillment Center. is a co-located Heavy/Bulky,"2201 Thornton Road, Lithia Springs, Georgia, ; USA, 30122- 3895",False,False,False,False,False,True,False
01_us_fulfillment_center,113,: Georgia,HAT9,2150 Discovery Drive,Appling,Georgia,30802,,9,2021,,month,"Delivery Station. : 5-Storey Small Sortable FC for Books, Toys, and Small Household Goods.","2150 Discovery Drive, Appling, Georgia, USA, 30802-0078",False,False,False,False,False,False,False
01_us_fulfillment_center,114,Georgia,,429 Toy Wright Road,Jefferson,Georgia,30567,1053400,,2020,4,quarter,a PP,"429 Toy Wright Road, Pendergrass, Jefferson, Georgia, USA, 30567",False,False,False,False,False,False,False
01_us_fulfillment_center,115,Georgia,HGA6,5115 Stonewall Tell Rd,Atlanta,Georgia,30349,1150000,4,2022,,month,Global Specialty Fulfillment SubSameDay Distribution Center with Groceries and Essential Household Items. items.,"5115 Stonewall Tell Rd, Building 1, Union City, Atlanta, Georgia, USA, 30349",False,False,False,False,False,False,False
01_us_fulfillment_center,116,Georgia,,Majestic Airport Center IV,Atlanta,Georgia,30349,600000,6,2021,,month,: Disaster Relief : Facility sis,"Majestic Airport Center IV, Buiding A, South Fulton Rd, Union City, Atlanta, Georgia, USA, 30349",False,False,False,False,False,False,False
01_us_fulfillment_center,117,Georai gia,MGE1,650 Broadway Ave,Braselton,Georgia,30517,613400,10,2016,,month,"MGE1: Large Sortable : Household decor items, sporting equipment and gardening tools","650 Broadway Ave., Braselton, Georgia, USA, 30517-3002",False,False,False,False,False,False,False
01_us_fulfillment_center,118,Georgia,MGE3,808 Hog Mountain Road,Jefferson,Georgia,30549,822300,7,2017,,month,MGE7: Returns Processing Large Sortable/Non-Sortable,"808 Hog Mountain Road, Building F, Jefferson, Georgia, USA, 30549-2010",False,False,False,False,False,False,False
01_us_fulfillment_center,119,:,SAV3,7001 Skipper Road,Macon,Georgia,31216,1016000,7,2019,,month,Large Non-Sortable,"7001 Skipper Road, Macon, Georgia, USA, 31216-6427",False,False,False,False,False,False,False
01_us_fulfillment_center,120,Georgia,CSG1,280 Bridgeport Boulevard,Newnan,Georgia,30259,777200,8,2020,,month,Gen 11 Amazon Robotics Small Sortable Soft Lines. Van der Lande Automation,"150 Oak Meadow Drive, Pooler, 280 Bridgeport Boulevard, Newnan, Georgia, USA, 30259- 2867",False,False,False,False,False,False,False
01_us_fulfillment_center,121,Georgia Georgia,SGA1,4925 Avalon Ridge Parkway,Norcross,Georgia,30017,138100,9,2021,,month,system deployed. SubSameDay Fulfillment Center/ Amazon Fresh / Delivery Station for NE Atlanta. Same Day Delivery Service ere within 45 minutes Drive Time. Saari nent amazon Station lor wane,"4925 Avalon Ridge Parkway, Norcross, Georgia, USA, 30017- 4571 1707 Blairs Bridge Rd, Lithia Springs, Georgia, USA, 30122-",False,False,False,False,False,False,False
01_us_fulfillment_center,122,,,3120 Lakepoint Parkway,Cartersville,Georgia,30121,,,,,none,Day Delivery Service within 45 minutes Drive Time. 5-Storey Small Sortable. Sq Ft is an estimate.,"3120 Lakepoint Parkway, Cartersville, Georgia, USA, 30121",False,False,False,False,True,False,False
01_us_fulfillment_center,123,,,5295 East Franklin Road,Nampa,Idaho,83687,708100,11,2020,,month,Project Bronco. Small Sortable. Project delayed 12 - 18 months.,"5295 East Franklin Road, Nampa, Idaho, USA, 83687-5548",False,True,False,False,False,False,False
01_us_fulfillment_center,124,,SID1,2802 E Comstock Ave,Nampa,Idaho,83687,465000,9,2024,,month,Large Non-Sortable FC. Project Dove. Not SubSameDay Fulfillment Center/ Amazon Fresh / Delivery Station for Boise. Same Day Delivery Service within 45 minutes,"6259 S. Pleasant Valley Road, 2802 E Comstock Ave., Nampa, Idaho, USA, 83687",False,False,False,False,False,False,False
01_us_fulfillment_center,125,,MDW6,1125 W Remington Blvd,Romeoville,Illinois,60446,767000,10,2016,,month,Drive Time. Large Non-Sortable MDW/7 is Small Sortable,"201 Emerald Drive, Joliet, 1125 W Remington Blvd, Romeoville, Illinois, USA, 60446-] 6529 6605 W. Monee Manhattan Road, Monee, Illinois, USA, 60449-9668",False,False,False,False,False,False,False
01_us_fulfillment_center,126,,MDW6,1750 Bridge Drive,Waukegan,Illinois,60085,626800,7,2017,,month,Large Non-Sortable,"1750 Bridge Drive, Waukegan, llinois. USA. 60085",False,False,False,False,False,False,False
01_us_fulfillment_center,127,,MDWS3,2865 Duke Parkway,Aurora,Aurora,60563,1000000,,2018,3,quarter,Large Non-Sortable,"2865 Duke Parkway, Aurora, USA. 60563",False,False,False,False,False,False,False
01_us_fulfillment_center,128,,STL4,3050 Gateway Commerce Center Drive South,Edwardsville,Illinois,62025,717000,9,2016,,month,Large Non-Sortable for medium sized ay items,"3050 Gateway Commerce Center Drive South, Edwardsville. Illinois. USA. 62025-2815",False,False,False,False,False,False,False
01_us_fulfillment_center,129,,STL6,3931 Lakeview Corporate Dr. Edwardsville,,Illinois,62025,769500,9,2016,,month,STL6 is Amazon Robotics Small Sortable. STL? is a Amazon Robotics Quick Deploy (QD) Fulfillment Center which includes Print an Demand Book facility. Ys Amazon Eresh,"3931 Lakeview Corporate Dr. Edwardsville, Illinois, USA, 62025-2801",False,False,False,False,False,False,False
01_us_fulfillment_center,130,jis,ORD2,23714 West Amoco Rd,Channahon,Illinois,60410,1077600,7,2020,,month,facility. HLU1 is a Heavy/Bulky Delivery Station. Large Non-Sortable. ORD4 is Make on Demand (MOD),"23714 West Amoco Rd, Channahon, Illinois, USA, 60410-] 8758 25810 S. Ridgeland Ave.., Monee Illinois. USA. 60449",False,False,False,False,False,False,False
01_us_fulfillment_center,131,Ilinois,,7001 Vollmer Road,Matteson,Illinois,60443,855000,,,,none,5-Storey Small Sortable FC.,"7001 Vollmer Road, Frankfort, Matteson, Illinois, USA, 60443-",False,False,False,False,False,False,False
01_us_fulfillment_center,132,,HIL3,1502 seh 50487.) 2007 oe nee ee aie skate,West Chicago,Illinois,60185,124700,8,2021,,month,HMW1 is a Large Non-Sortable FC. HIL3 is a Heavy/Bulky Delivery Station. SubSameDay Fulfillment Center / Amazon Fresh / Delivery Station for Chicago. Same Day Service Within 45 Minute Drive Time. SubSameDay Fulfillment Center / Amazon Fresh / Delivery Station for Chicago. Same Day Service Within 45 Minute Drive Time. SubSameDay Fulfillment Center / Amazon Fresh / Delivery Station for Chicago West Side. Same Day Service Within 45 Minute,"1502 seh 50487.) 2007 oe nee ee aie skate, Mints; xt 97W501 North Ave. Suite 100. West Chicago, Illinois, USA 60185",False,False,False,False,False,False,False
01_us_fulfillment_center,133,,SIL4,1260 N. Kostner Ave,Chicago,Illinois,60651,141400,,,,none,Drive Time. SubSameDay Fulfillment Center / Amazon Fresh / Delivery Station for Chicago. Same Day Service Within 45 Minute Drive Time.,"1260 N. Kostner Ave, West Humboldt Park, Chicago, Illinois, USA, 60651",False,False,False,False,False,False,False
01_us_fulfillment_center,134,,SMO2,,,,62206,,2,2022,,month,Side. Same Day Semvice Within 45 Minute Drive Time.,ee = ae ee 62206,False,False,False,False,False,False,False
01_us_fulfillment_center,135,,RFD1,4650 Shepherd Trail,Rockford,5s Illinois,61103,140000,10,2021,,month,"RFD1 is a Value Added Product Fulfillment Center. Print custom shirts, phones cases","4650 Shepherd Trail, Suite A, Rockford, 5s Illinois, USA, 61103",False,False,False,False,False,False,False
01_us_fulfillment_center,136,,RED3,4300 S Brandon Rd,Joliet,Illinois,60421,4035000,9,2022,,month,and pop sockets ordered on demand. Specialty FC. Amazon Kariba FC (Amazon Basics line of products).,"4300 S Brandon Rd, Elwood, Joliet, Illinois, USA, 60421",False,False,False,False,False,False,False
01_us_fulfillment_center,137,Illinois,RFD4,11400 Venture Court Road,Huntley,Illinois,60142,1160200,,,,none,Large Non-Sortable FC. Project Pie. Specializes in heavy/bulky furniture and,"11400 Venture Court Road, Huntley, Illinois, USA, 60142",False,False,False,False,False,False,False
01_us_fulfillment_center,138,,KRB6,4200 Ferry Rd,Aurora,Illinois,60502,402900,,2017,,year,appliances. Specialty FC. KRB6 is an Amazon Kariba FC (Amazon Basics line of products).,"4200 Ferry Rd, Aurora, Illinois, USA, 60502",False,False,False,False,False,False,False
01_us_fulfillment_center,139,jie,IGQ1,2201 W 159th StMarkham,,2201 W 159th StMarkham,60428,855000,10,2021,,month,5-Storey Small Sortable FC.,"2201 W 159th StMarkham, USA. 60428-4849",False,False,False,False,False,False,False
01_us_fulfillment_center,140,jie,IGQ2,23257 S Central Ave,University Park,Illinois,60484,1080600,6,2021,,month,Large Non-Sortable. Project Condor.,"23257 S Central Ave, University Park. Illinois. USA. 60484",False,False,False,False,False,False,False
01_us_fulfillment_center,141,,KIL14,7557 South 78th Ave,Bridgeview,Illinois,60455,250500,,2021,4,quarter,Kindle Flex Operation Role of Facility TBD. Could be Global Specialty Fulfillment SubSameDay Distribution Center with Groceries and,"3900 S Brandon Rd, Elwood, USA. 7557 South 78th Ave, Bridgeview, Illinois, USA, 60455- 1245",True,False,False,False,False,False,False
01_us_fulfillment_center,142,: Indiana,IND1,4255 Anson Blvd,Whitestown,Indiana,46075,1100000,8,2008,,month,"Essential Household Items. Formerly a Delivery Station DCH9. Large & Small Sortable by 400,000 Sq. Ft. in February,","4255 Anson Blvd , Whitestown, Indiana. USA. 46075-4412",False,False,False,False,False,False,False
01_us_fulfillment_center,143,,IND2,ne ee 68- 7442 710-712 South Girls School Road,Indianapolis,Indiana,46231,902900,10,2011,,month,IND2 is Large Non-Sortable IND3 is BISS/Small Parts IND4 is a Small Sortable mainly for shoes and VNA Soft Lines Fulfillment Center. IND8 is a Returns Center.,"ne ee 68- 7442 710-712 South Girls School Road, Indianapolis, Indiana, USA, 46231-1132",False,False,False,False,False,False,False
01_us_fulfillment_center,144,,,800 Perry Road,Plainfield,Indiana,46168,,8,2011,,month,Large Non-Sortable Specialty Facility for HazMat merchandise,"800 Perry Road, Plainfield, Indiana, USA, 46168-7637",False,False,False,False,False,False,False
01_us_fulfillment_center,145,,IND7,9101 Orly Drive,Indianapolis,Indiana,46241,695300,9,2016,,month,Supplemental Fulfillment Center set up inside of an existing Pepsi building near the IND airport. IND7 stows sortable case transshipped from IXD (cross dock),"9101 Orly Drive, Indianapolis, Indiana, USA, 46241-9605",False,False,False,False,False,False,False
01_us_fulfillment_center,146,,SDF8,900 Patrol Road,Jeffersonville,Indiana,47130,4002000,10,2012,,month,"facilities, and then ships trans-out to nearby FC's (IND1, MKE1, LEX‘). Specialty Fulfillment Center for Apparel (95%): shoes, watches, and jewelry","900 Patrol Road, Jeffersonville, Indiana, USA, 47130-7761",False,False,False,False,False,False,False
01_us_fulfillment_center,147,,MQJ2,46184- 9108 5510 Exploration Dr,Indianapolis,Indiana,46241,530000,8,2020,,month,Large Non-Sortable. HIN2 is a heavy/bulky delivery station. amazon portion of this space as a seasonal facility,"19 Bob Glidden Blvd., Whiteland. Indiana. USA. 46184- 9108 5510 Exploration Dr, Marion, Indianapolis, Indiana, USA, 46241-9007",False,False,False,False,False,False,False
01_us_fulfillment_center,148,,PIN2,3620 Plainfield Rd,Indianapolis,Indiana,46231,253800,,2021,4,quarter,Amazon Pharmacy #006,"3620 Plainfield Rd, Building 4, Hendricks, Indianapolis, Indiana, USA, 46231",False,False,False,False,False,False,False
01_us_fulfillment_center,149,,,305 Chaney Ave,Greenwood,Indiana,46143,400000,11,2021,,month,SubSameDay Fulfillment Center / Amazon Fresh / Delivery Station for Indianapolis. Same Day Within 45 Minute Drive,"305 Chaney Ave, Greenwood, Indiana, USA, 46143-0116",False,False,False,False,False,False,False
01_us_fulfillment_center,150,: nana,,5510 Flaugh Road,Fort Wayne,Indiana,46818,,,,,none,Time. 5-Storey Small Sortable FC. Project Mastodon.,"5510 Flaugh Road, Fort Wayne, Indiana, USA, 46818",False,False,False,False,False,False,False
01_us_fulfillment_center,151,aa,,21300 Walorski ParkwayBristol,Elkhart,Indiana,46507,,,,,none,5-Storey Gen11 AR Small Sortable FC. Project Delayed.,"21300 Walorski ParkwayBristol, Elkhart, Indiana, USA, 46507",False,True,False,False,False,False,False
01_us_fulfillment_center,152,lowa,DSM5,500 32nd Street SW,Des Moines,Iowa,50035,645000,12,2020,,month,4-Storey Small Sortable FC. Project Bluejay,"500 32nd Street SW, Bondurant, Des Moines, lowa, USA, 50035",False,False,False,False,False,False,False
01_us_fulfillment_center,153,,,20710 155th Ave,Davenport,Iowa,52806,640000,1,2024,,month,"Gen 11 Small Sortable. 2,300,000 sq ft total with mezzanines. Project Scrabble. Facility opening was delayed from Sep","20710 155th Ave, Davenport, Davenport, lowa, USA, 52806",False,True,False,False,False,False,False
01_us_fulfillment_center,154,ewe,SIA2,6910 S.E. Four Mile Drive,Ankeny,Iowa,50021,457500,12,2024,,month,2022 to Jan 2024. SubSameDay Fulfillment Center / Amazon Fresh / Delivery Station for Des Moines. Same Day Service Within 45 Minute Drive,"6910 S.E. Four Mile Drive, Ankeny, lowa, USA, 50021",False,False,False,False,False,False,False
01_us_fulfillment_center,155,,MKC4,19645 Waverly Rd,Gardner,Kansas,66030,822100,,2016,4,quarter,Time. Large Non-Sortable inland port facility.,"19645 Waverly Rd, Gardner, kansas, USA, 66030",False,False,False,False,False,False,False
01_us_fulfillment_center,156,,MKC6,LOOK 6925 Riverview nme Neo Ave,Kansas a City,Kansas,66102,856000,7,2017,,month,Small Sortable. Project Viola.,"LOOK 6925 Riverview nme Neo Ave., Kansas a City, Kansas, USA, 66102-3047",False,False,False,False,False,False,False
01_us_fulfillment_center,157,Kansas,ICT2,7130 North Broadway Avenue,Wichita,Kansas,67219,1000000,,,,none,Large Non-Sortable.,"7130 North Broadway Avenue, Park City, Wichita, Kansas, USA, 67219-1410",False,False,False,False,False,False,False
01_us_fulfillment_center,158,Kansas,FOE1,9700 Leavenworth Road,Kansas City,Kansas,66109,1008000,,2021,,year,Large Non-Sortable. Project Super Bowl.,"9700 Leavenworth Road, Building A, Kansas City, Kansas, USA, 66109-3551",False,False,False,False,False,False,False
01_us_fulfillment_center,159,,,30901 W. 185th St,Edgerton,Kansas,66021,,,,,none,Amazon uses a portion of this Pepsi Facility as a seasonal facility,"30901 W. 185th St., Edgerton, Kansas, USA, 66021",False,False,False,False,False,False,False
01_us_fulfillment_center,160,Kentucky,LEX1,1850 Mercer Drive,Lexington,Kentucky,40511,650000,,,,none,LEX1: Returns. LEX3: Printing Make on Demand (MOD).,"1600 Worldwide Blvd., Hebron, 1850 Mercer Drive, Lexington, Kentucky, USA, 40511-1013",False,False,False,False,False,False,False
01_us_fulfillment_center,161,,,172 Trade St,Lexington,Kentucky,40511,380000,6,2006,,month,Also used for Dry Grocery distribution. Warehouse Deals and Returns Center,"172 Trade St., Lexington, Kentucky, USA, 40511-2607",False,False,False,False,False,False,False
01_us_fulfillment_center,162,Kentucky,LEX5,4600 Olympic Blvd,Erlanger,Kentucky,41018,134000,,,,none,Manufacturing facility sis for i T-Shirts,"4600 Olympic Blvd, Erlanger, Kentucky, USA, 41018",False,False,False,False,False,False,False
01_us_fulfillment_center,163,Kentucky,,1050 South Columbia Avenue,Campbellsville,Kentucky,42718,730000,5,1999,,month,"Specialty Soft Lines Expanded from 570,000 Sq. Ft. in 1999","1050 South Columbia Avenue , Campbellsville, Kentucky, USA, 42718-2454",False,False,False,False,False,False,False
01_us_fulfillment_center,164,Kentucky,SDF4,376 Amazon.com Blvd,Shepherdsville,Kentucky,40165,823000,,,,none,Um appes.com,"376 Amazon.com Blvd, Shepherdsville, Kentucky, USA, 40165-8556",False,False,False,False,False,False,False
01_us_fulfillment_center,165,Kentucky,SDF9,100-120 W. Thomas P. Echols Lane,Shepherdsville,Kentucky,40165,1002000,,,,none,SDF9: Returns Center Apparel/Footwear: SDF6: Apparel /Footwear support Zappos.com,"100-120 W. Thomas P. Echols Lane, St. 3, Shepherdsville, Kentucky, USA, 40165-7594",False,False,False,False,False,False,False
01_us_fulfillment_center,166,Kentucky,LUK7,649 Omega Prkwy,Shepherdsville,Kentucky,40165,611000,12,2020,,month,Returns Center,"649 Omega Prkwy, Shepherdsville, Kentucky, USA, 40165-8501",False,False,False,False,False,False,False
01_us_fulfillment_center,167,Kentucky,,4620 Olympic Blvd,Erlanger,Kentucky,41018,109200,8,2015,,month,Specialty Small and Light Products,"4620 Olympic Blvd, Building B, Erlanger, Kentucky, USA, 41018",False,False,False,False,False,False,False
01_us_fulfillment_center,168,Kentucky,HCN1,,,,41048,264000,10,2017,,month,IVSB is Specialty Small and Light Products HCN1 is a Heavy/Bulky delivery station,rag au! 41048,False,False,False,False,False,False,False
01_us_fulfillment_center,169,Poursiana,,3620 NE Evangeline Throughway,Lafayette,Louisiana,70520,,12,2021,,month,Amazon has acquired the Evangeline Downs site.,"3620 NE Evangeline Throughway, Carencro, Lafayette, Louisiana, USA, 70520-5948",False,False,False,False,False,False,False
01_us_fulfillment_center,170,ss,,9001 Cortana Place,Baton Rouge,Louisiana,70815,,,,,none,5-Storey Small Sortable FC with a co- located Sortation Center.,"9001 Cortana Place, Baton Rouge, Louisiana, USA, 70815",False,False,False,False,False,False,False
01_us_fulfillment_center,171,Louisiana Louisiana,SHV1,1625 Corporate Drive,,Louisiana,70123,650000,9,2025,,month,Small Sortable. Project Startup delayed 2 years from Sep 2022 to Aug 2024 SubSameDay Fulfillment Center for New Orleans. Same Day Delivery within 45 : Drive 5 Time.,"1625 Corporate Drive, Louisiana, 3 USA, eo Louisiana, USA, 70123",False,True,False,False,False,False,False
01_us_fulfillment_center,172,Maryland,BWI2,2010 Broening Highway,Baltimore,Maryland,21224,1017600,,2015,,year,minutes 4-Storey Small Sortable FC.,"2010 Broening Highway, Baltimore, Maryland, USA, 21224-6027",False,False,False,False,False,False,False
01_us_fulfillment_center,173,Maryland,KRB5,600 Principio Parkway West,North East,Maryland,21901,1148900,,2017,,year,MDT2 is a Specialty FC: Primarily Apparel /Footwear. KRB5 is an Amazon Kariba FC (Amazon Basics line of products).,"600 Principio Parkway West, North East, Maryland, USA, 21901",False,False,False,False,False,False,False
01_us_fulfillment_center,174,Maryland,DCA1,1700 Sparrows Point Blvd,Sparrow's Point,Maryland,21219,855000,,,,none,Small Sortable,"1700 Sparrows Point Blvd, Sparrow's Point, Maryland, USA, 21219",False,False,False,False,False,False,False
01_us_fulfillment_center,175,Maryland,DCA6,6001 Bethlehem Blvd,Sparrow's Point,Maryland,21219,979200,,2020,,year,Large Non-Sortable,"6001 Bethlehem Blvd, Sparrow's Point, Maryland, USA, 21219- 2504",False,False,False,False,False,False,False
01_us_fulfillment_center,176,Maryland,SMD1,7200 Dorsey Run Road,Elkridge,Maryland,21075,100000,,2020,2,quarter,SubSameDay Fulfillment Center/ Amazon Fresh / Delivery Station for Baltimore/Washington DC. Same Day Delivery Service within 45 minutes Drive Time. Large Non-Sortable eee,"7200 Dorsey Run Road, Elkridge, Maryland, USA, 21075-} 6884 1100 Woodley Rd, Aberdeen, Maryland, USA, 21001-4042",False,False,False,False,False,False,False
01_us_fulfillment_center,177,Maryland,HGR2,1115 Wesel Boulevard,Hagerstown,Maryland,21740,1004200,,2021,4,quarter,HGR2 is a Large Nonsortable FC. HBA3 is a Heavy Bulky Delivery Station inside the building. XLX1 is a flex driver station.,"1115 Wesel Boulevard, Building 1, Hagerstown, Maryland, USA, 21740",False,False,False,False,False,False,False
01_us_fulfillment_center,178,Massachusetts,BOS3,1600 Osgood St,North Andover,Massachusetts,01845,855000,1,2024,,month,5-Storey Small Sortable FC.,"1600 Osgood St., North Andover, Massachusetts, USA, 01845",False,False,False,False,False,False,False
01_us_fulfillment_center,179,Massachusetts,BOS7,1180 Innovation Way,Fall River,Massachusetts,02722,1015700,,,,none,Large Non-Sortable products longer than 16”,"1180 Innovation Way, Fall River, Massachusetts, USA, 02722- 4766",False,False,False,False,False,False,False
01_us_fulfillment_center,180,Massachusetts,SMA1,64 Otis Street,Westborough,Massachusetts,01581,200000,11,2023,,month,"service to Metrowest, including","64 Otis Street, Westborough, Massachusetts, USA, 01581",False,False,False,False,False,False,False
01_us_fulfillment_center,181,Massachusetts,,1025 Elm Street,Bridgewater,Massachusetts,02324,135000,3,2022,,month,"' Framingham, EVEN Medway celine and NE Lexington. wee SubSameDay Fulfillment Center / Amazon Fresh / Delivery Station for South Boston Region - Same Day Delivery Senice within","1025 Elm Street, Bridgewater, Massachusetts, USA, 02324",False,False,False,False,False,False,False
01_us_fulfillment_center,182,Massachusetts,ORH3,53 Sturbridge Road,Chariton,Massachusetts,01507,644000,,,,none,45 minutes Drive Time. 5-Storey Small Sortable FC.,"53 Sturbridge Road, Chariton, Massachusetts, USA, 01507- 5329",False,False,False,False,False,False,False
01_us_fulfillment_center,183,Sagat,,39000 Amrhein Rd,Livonia,Michigan,48150,,9,2017,,month,Large Non-Sortable Project Mercury,"39000 Amrhein Rd., Livonia, Michigan, USA, 48150-1043",False,False,False,False,False,False,False
01_us_fulfillment_center,184,Michigan,DET2,50500 Mound Road,Shelby Township,Michigan,48317,1000000,,2018,4,quarter,Large Non-Sortable,"50500 Mound Road, Shelby Township, Michigan, USA, 48317-1318",False,False,False,False,False,False,False
01_us_fulfillment_center,185,Michigan,DET3,1200 Featherstone Road,Pontiac,Michigan,48342,823000,,,,none,5-Storey FC located on former site of Pontiac Silverdome. Includes DDT6,"1200 Featherstone Road, Pontiac, Michigan, USA, 48342- 1938",False,False,False,False,False,False,False
01_us_fulfillment_center,186,,,20110 Woodward Ave,Detroit,Michigan,48203,,,,,none,"(200,000 sq ft delivery station). §-Storey Small Sortable FC on former site of Michigan State Fairgrounds","20110 Woodward Ave, Detroit, Michigan, USA, 48203",False,False,False,False,False,False,False
01_us_fulfillment_center,187,Sagat Michigan,DTW1,32801 Ecorse Road,Romulus,Michigan,48174,855000,7,2018,,month,Small Sortable,"32801 Ecorse Road, Romulus, Michigan, USA, 48174",False,False,False,False,False,False,False
01_us_fulfillment_center,188,Michigan,DTW3,33701 Prescott St,Romulus,Michigan,48174,752400,,,,none,DTW3 is a XLFC (Extra Large) Fulfilment Center. HDT3 is a Heavy/Bulky Delivery Station.,"33701 Prescott St, Huron Township, Romulus, Michigan, USA, 48174",False,False,False,False,False,False,False
01_us_fulfillment_center,189,Michigan,GRR1,6853 Patterson Ave SE #7161,Caledonia,Michigan,49316,855000,,,,none,Small Sortable,"6853 Patterson Ave SE #7161, Caledonia, Michigan, USA, 49316-9191",False,False,False,False,False,False,False
01_us_fulfillment_center,190,Michigan,,1400 E 10 Mile Road,Hazel Park,Michigan,46030,150000,7,2021,,month,SMI1 is a SubSameDay Fulfillment Center / Amazon Fresh for Detroit Same Day Delivery Service within 45 minutes Drive,"1400 E 10 Mile Road, Hazel Park, Michigan, USA, 46030- 1263",False,False,False,False,False,False,False
01_us_fulfillment_center,191,Sagat Michigan,PPT1,29753 S Wixom Road,Wixom,Michigan,48030,258300,9,2024,,month,Time. is a Delivery Station in the same building. Sq Ft is an estimate. STW11 is a SubSameDay Fulfillment Center / Amazon Fresh for Detroit Same Day Delivery Service within 45 minutes Drive,"29753 S Wixom Road, Wixom, Michigan, USA, 48030-1263",False,False,False,False,True,False,False
01_us_fulfillment_center,192,jets,MSP1,2601 4th Ave E,Shakopee,Minnesota,55379,855000,7,2016,,month,Time. Small Sortable FC.,"2601 4th Ave E, Shakopee, Minnesota. USA. 55379-1726",False,False,False,False,False,False,False
01_us_fulfillment_center,193,,MSP2,Winnetka Ave N & 109th Avenue,Brooklyn Park,Minnesota,55316,694500,,2021,,year,Small Sortable. Project Hotdish.,"Winnetka Ave N & 109th Avenue, Brooklyn Park, Minnesota, USA, 55316",False,False,False,False,False,False,False
01_us_fulfillment_center,194,,MPS6,9800 217th Street West,Lakeville,Minnesota,55044,750100,,,,none,MSP6 is a Large Non-Sortable FC. HMS2 is a co-located Heavy/Bulky Delivery Station.,"9800 217th Street West, Lakeville, Minnesota, USA, 55044-5076",False,False,False,False,False,True,False
01_us_fulfillment_center,195,,SMN1,7500 Setzler Parkway N,Brooklyn Park,Minnesota,55445,120000,,,,none,SubSameDay Fulfillment Center / Amazon Fresh for Minneapolis Same Day Delivery Service within 45 minutes Drive Time.,"7500 Setzler Parkway N, Brooklyn Park, Minnesota, USA, 55445-1879",False,False,False,False,False,False,False
01_us_fulfillment_center,196,,STL3,3200 East Sawyer Road,Republic,Missouri,65619,4000000,8,2021,,month,Large Non-Sortable. Project Lunker near Springfield.,"3200 East Sawyer Road, Republic, Missouri, USA, 65619",False,False,False,False,False,False,False
01_us_fulfillment_center,197,json,STL8,4000 Premier Parkway,St. Peters,Missouri,63376,855100,7,2019,,month,2-Storey Small Sortable,"4000 Premier Parkway, St. Peters. Missouri USA. 63376",False,False,False,False,False,False,False
01_us_fulfillment_center,198,,,2361 South Withers Road,Liberty,Missouri,64068,1049800,4,2023,,month,en eavy/Bulky Delivery Station.,"2361 South Withers Road, Building 7, Liberty, Missouri, USA. 64068",False,False,False,False,False,False,False
01_us_fulfillment_center,199,,MEM2,191 Norfolk Southern Way,Byhalia,Mississippi,38611,554000,,,,none,Specialty FC for Hazardous Goods,"191 Norfolk Southern Way, Byhalia, Mississippi, USA, 38611-2306",False,False,False,False,False,False,False
01_us_fulfillment_center,200,,MEM3,Mississippi,,Mississippi,38637,,9,2020,,month,MEMS is a large non-sortable. PIL1 is a Seasonal Overflow Facilit ¥-,"Mississippi, USA, 38637-2313",False,False,False,False,False,False,False
01_us_fulfillment_center,201,ji,MEM6,11505 Progress Way,Olive Branch,Mississippi,38654,1000000,8,2022,,month,Large Non-Sortable. Large Non-Sortable Facility. sas Project Big Bertha.,"11505 Progress Way, Olive Branch, Mississippi, USA, 38654) 850 Gateway Global Drive, Byhalia, Mississippi, USA, 38611",False,False,False,False,False,False,False
01_us_fulfillment_center,202,,JAN1,219 Madison County Parkway,Canton,Mississippi,39046,700000,7,2022,,month,i 4-Storey Small Sortable FC.,"219 Madison County Parkway, Canton, Mississippi, USA, 39046",False,False,False,False,False,False,False
01_us_fulfillment_center,203,Nebraska,OMA2,14248 NE-370,Omaha,Nebraska,68138,700000,,,,none,4-Storey Small Sortable FC. Project Willa.,"14248 NE-370, Papillion, Omaha, Nebraska, USA, 68138- 3849",False,False,False,False,False,False,False
01_us_fulfillment_center,204,Nevada,LAS2,3837 Bay Lake Trail,North Las Vegas,Nevada,89030,283900,,,,none,ly FEE),"3837 Bay Lake Trail, Suite 111, North Las Vegas, Nevada, USA, 89030-4428",False,False,False,False,False,False,False
01_us_fulfillment_center,205,,,4550 Nexus Way,North Las Vegas,Nevada,89081,813100,7,2017,,month,Large Non-Sortable,"4550 Nexus Way, North Las Vegas, Nevada, USA, 89081",False,False,False,False,False,False,False
01_us_fulfillment_center,206,nevada,,6001 E. Tropical Parkway,North Las Vegas,Nevada,89115,,,,,none,4-Storey Small Sortable FC; Amazon Fresh may be co-located.,"6001 E. Tropical Parkway, North Las Vegas, Nevada, USA, 89115",False,False,False,False,False,True,False
01_us_fulfillment_center,207,,LAS8,5801 N Nicco Way,North Las Vegas,Nevada,89115,341300,11,2020,,month,Merch by Amazon and Print on Demand.,"5801 N Nicco Way, North Las Vegas, Nevada, USA, 89115",False,False,False,False,False,False,False
01_us_fulfillment_center,208,Nevata,,8000 North Virginia Street,Reno,Nevada,89506,,1,2015,,month,"Large and Bulk Goods Facility replaced the Fernley, Nevada FC","8000 North Virginia Street , Reno, Nevada, USA, 89506",False,False,False,False,False,False,False
01_us_fulfillment_center,209,Nevada,,2951 Marion Drive,North Las Vegas,Nevada,89115,47500,,2018,,year,Specialty Small and Light Products,"2951 Marion Drive, Unit 101, North Las Vegas, Nevada, USA, 89115",False,False,False,False,False,False,False
01_us_fulfillment_center,210,Nevada,,2921 Marion Drive,North Las Vegas,Nevada,89115,67600,,2018,,year,Specialty Small and Light Products,"2921 Marion Drive, Unit 109, North Las Vegas, Nevada, USA, 89115",False,False,False,False,False,False,False
01_us_fulfillment_center,211,,VGT1,5802 E. Tropical ParkwayNorth Las Vegas,,Nevada,89115,855000,4,2022,,month,4-Storey Small Sortable FC.,"5802 E. Tropical ParkwayNorth Las Vegas, Nevada, USA, 89115",False,False,False,False,False,False,False
01_us_fulfillment_center,212,Nevada,SNV1,7970 S. Valley View Blvd,Suite 130Las Vegas,Nevada,89139,138100,11,2021,,month,SubSameDay Fulfillment Center / Amazon Fresh / Delivery Station for Las Vegas with Same Day Delivery Service within a 45,"7970 S. Valley View Blvd, Suite 130Las Vegas, Nevada, USA, 89139",False,False,False,False,False,False,False
01_us_fulfillment_center,213,Nevada,SNV2,S Vigra Vig Stes Set & Mount Ros HighwayReno,,Nevada,43965,145600,,2025,,year,Minutes winutes Drive Urive Time. time. Sq og Ft is an Estimate. ee Day Delivery Service within 45 Minutes,"S Vigra Vig Stes Set & Mount Ros HighwayReno, Nevada, USA, 43965",False,False,False,False,False,False,False
01_us_fulfillment_center,214,New Hampshire,PNH1,250 Commercial Street,Suite 2012Manchester,New Hampshire,03101,80000,6,2018,,month,Drive Time. Sq Ft is an Estimate. : Suse eed,"250 Commercial Street, Suite 2012Manchester, New Hampshire, USA, 03101",False,False,False,False,True,False,False
01_us_fulfillment_center,215,New Jersey,EWR1,50 New Canton Way,Robbinsville,New Jersey,08691,1048900,6,2014,,month,Small Sortable FC.,"50 New Canton Way, Robbinsville, New Jersey, USA, 08691-2350",False,False,False,False,False,False,False
01_us_fulfillment_center,216,New Jersey,LGA6,,,,07008,4064500,8,2016,,month,is Small Sortable. is a EWRS9 is Small Sortable Amazon Robotics LGA6 is Legacy Non-Sortable,"698 Route 46 West, Teterboro, ree A, 07008-3529",False,False,False,False,False,False,False
01_us_fulfillment_center,217,NewJersay,LGAT7,380 Middlesex Ave,Middlesex Carteret,New Jersey,07008,,,,,none,LGA7 is a Small Sortable Robotics Fulfillment Center LGAS is Quick Deploy facility DNut is a Delivery Station,"380 Middlesex Ave, Middlesex Carteret, New Jersey, USA, 07008-3446",False,False,False,False,False,False,False
01_us_fulfillment_center,218,New Jersey,HEW1,2170 Lincoln Highway (NJ-27),Edison,New Jersey,08817,923000,,2017,4,quarter,HEW/1 is a Heavy Bulky Delivery Station. CDW5 is a Sortation Center. Small Sortable,"2170 Lincoln Highway (NJ-27), Edison, New Jersey, USA, 08817-3332",False,False,False,False,False,False,False
01_us_fulfillment_center,219,New Jersey,,240 Mantua Grove Road,West Deptford,New Jersey,08066,650000,,,,none,Small Sortable,"240 Mantua Grove Road, West Deptford, New Jersey, USA, 08066-1731",False,False,False,False,False,False,False
01_us_fulfillment_center,220,,ACY2,1101 E Pearl St,Burlington,New Jersey,08016,1015700,,,,none,Large Non-Sortable,"1101 E Pearl St, Burlington, New Jersey, USA, 08016-1934",False,False,False,False,False,False,False
01_us_fulfillment_center,221,New Jersey,TEB3,2651 Oldmans Creek Rd,Logan Township,New Jersey,08085,1181200,,,,none,Large Non-Sortable,"2651 Oldmans Creek Rd, Swedesboro, Logan Township, New Jersey, USA, 08085",False,False,False,False,False,False,False
01_us_fulfillment_center,222,New Jersey,TEB4,738 Courses Landing PointPenns Grove,Point,New Jersey,08069,1250000,,,,none,Large Non-Sortable,"738 Courses Landing PointPenns Grove, Point, New Jersey, USA, 08069",False,False,False,False,False,False,False
01_us_fulfillment_center,223,New Jersey,TEB6,22 Hightstown-Cranbury Station Road,Cranbury,New Jersey,08512,992000,10,2017,,month,Large Non-Sortable,"22 Hightstown-Cranbury Station Road, Cranbury, New Jersey, USA, 08512",False,False,False,False,False,False,False
01_us_fulfillment_center,224,New Jersey,TTN2,343 Cranbury Half Acre Rd,East Windsor,New Jersey,08512,953600,3,2024,,month,TTN2 is a Large Non-Sortable Facility. HEW/4 is a co-located Heavy/Bulky Delivery Station.,"343 Cranbury Half Acre Rd, East Windsor, New Jersey, USA, 08512-3253",False,False,False,False,False,True,False
01_us_fulfillment_center,225,New Jersey,,1225 Forest Pkwy,West Deptford,New Jersey,08066,494000,11,2018,,month,Specialty Small and Light Products,"1225 Forest Pkwy, West Deptford, New Jersey, USA, 08066",False,False,False,False,False,False,False
01_us_fulfillment_center,226,,,800 Arlington Blvd,Swedesboro,New Jersey,08085,470100,8,2018,,month,Specialty Small and Light Products,"800 Arlington Blvd, Swedesboro, New Jersey, USA, 08085-2594",False,False,False,False,False,False,False
01_us_fulfillment_center,227,New Jersey,SNJ1,1150 Trou McBride Avenue,Woodland Park,New Jersey,07424,205000,,,,none,. within 50 miles radius,"1150 Trou McBride Avenue, Woodland Park, New Jersey, USA. 07424",False,False,False,False,False,False,False
01_us_fulfillment_center,228,New Jersey,SNJ3,1798 US-130,Burlington Township,New Jersey,08016,150700,6,2022,,month,SubSameDay Fulfillment Center / Amazon Fresh for Philadelphia Same Day Delivery Service within 45 minutes Drive Time.,"1798 US-130, Burlington Township, New Jersey, USA, 08016-3063",False,False,False,False,False,False,False
01_us_fulfillment_center,229,,XEW4,38 Market Street,Elmwood Park,New Jersey,07407,413600,9,2024,,month,Large Non-Sortable - likely a 3PL facility.,"38 Market Street, Elmwood Park, New Jersey, USA, 07407",False,False,False,False,False,False,False
01_us_fulfillment_center,230,,,152 Route 206,Hillsborough,New Jersey,08844,170000,4,2018,,month,Large Non-Sortable. 3PL facility. sas,"152 Route 206, Hillsborough, New Jersey, USA, 08844",False,False,False,False,False,False,False
01_us_fulfillment_center,231,New Mexico,ABQ1,12945 Ladera Dr NW,Albuquerque,New Mexico,87120,650000,,2024,,year,Small Sortable.,"12945 Ladera Dr NW, Albuquerque, New Mexico, USA, 87120",False,False,False,False,False,False,False
01_us_fulfillment_center,232,,JFK8,546 Gulf Ave,Staten Island,New York,10344,855000,,,,none,4-Storey Small Sortable FC.,"546 Gulf Ave., Staten Island, New York. USA. 10344",False,False,False,False,False,False,False
01_us_fulfillment_center,233,New York,ALB1,1835 US Route 9,Schodack,New York,12033,1015700,7,2020,,month,Large Non-Sortable.,"1835 US Route 9, Castleton, Schodack, New York, USA, 12033",False,False,False,False,False,False,False
01_us_fulfillment_center,234,New York,SWF1,635 International Blvd,Montgomery,New York,12575,1010900,,,,none,amis,"635 International Blvd, Blvd. Rock Tavern, Montgomery, New York, USA, 12575-5150",False,False,False,False,False,False,False
01_us_fulfillment_center,235,New York,SYR1,7211 Morgan Road,Clay,New York,13090,820000,5,2022,,month,5-Storey Small Sortable FC.,"7211 Morgan Road, Liverpool, Clay, New York, USA, 13090- 4534",False,False,False,False,False,False,False
01_us_fulfillment_center,236,New York,ROC1,2600 Manitou Road,Rochester,New York,14624,795000,,2023,,year,Su Sore Facility opening was delayed.,"2600 Manitou Road, Gates, Rochester, New York, USA, 14624",False,True,False,False,False,False,False
01_us_fulfillment_center,237,New York,BUF9,4201 Walden Avenue Lancaster,,New York,14086,,10,2017,,month,Returns Facility. BUF9 is co-located in BUES Sortation Center.,"4201 Walden Avenue Lancaster, New York, USA, 14086",False,False,False,False,False,True,False
01_us_fulfillment_center,238,ae,,8995 Lockport Road,Niagara Falls,New York,14304,650000,,2025,3,quarter,5-Storey Small Sortable for Buffalo market. project Fifi.,"8995 Lockport Road, Niagara Falls, New York, USA, 14304",False,False,False,False,False,False,False
01_us_fulfillment_center,239,New York,,22 McBride RoadSlate Hill,Wawayanda,New York,10973,932000,,2025,,year,Project proposed and in permitting stage.,"22 McBride RoadSlate Hill, Wawayanda, New York, USA, 10973",False,False,False,False,False,False,False
01_us_fulfillment_center,240,New York,,Calverton,,New York,11933,641000,,2025,,year,Small Sortable fulfillment center. Not confirmed yet.,"Calverton, New York, USA, 11933",True,False,False,False,False,False,False
01_us_fulfillment_center,241,New York,PNY2,34 35th Street,Brooklyn,New York,11232,46000,,2029,,year,Amazon Phamacy #005 - PillPack New York City Distribution Center,"34 35th Street, Suite 4BSW, Brooklyn, New York, USA, 11232",False,False,False,False,False,False,False
01_us_fulfillment_center,242,New York,SNY2,2505 Bruckner Boulevard,Level 4. Bronx,New York,10465,568500,1,2024,,month,SubSameDay Fulfillment Center / Amazon Fresh for Bronx Same. Day Delivery Service,"2505 Bruckner Boulevard, Level 4. Bronx. New York. USA. 10465",False,False,False,False,False,False,False
01_us_fulfillment_center,243,New York,SNY5,MeMiie,Hew York,Hew York,11747,246500,,2022,,year,within 45 minutes Drive Time. SubSameDay Fulfillment Center / Amazon Fresh for Long Island Same Day Delivery,"MeMiie, Hew York, USA, 11747",False,False,False,False,False,False,False
01_us_fulfillment_center,244,North Carolina,CLT3,6500 Davidson Hwy,Concord,North Carolina,28027,1000000,8,2018,,month,Service within 45 minutes Drive Time. Large Non-Sortable,"6500 Davidson Hwy, Concord, North Carolina. USA. 28027-7995",False,False,False,False,False,False,False
01_us_fulfillment_center,245,North Carolina,CLT4,8000 Tuckaseegee Road,Charlotte,North Carolina,28214,855000,,2019,,year,small sortable: |Project Quattro: contain Amazon Fresh.,"8000 Tuckaseegee Road, Charlotte, North Carolina, USA, 28214",False,False,False,False,False,False,False
01_us_fulfillment_center,246,North Carolina,GSO1,1656 Old Greensboro Road,Kerersville,North Carolina,27284,1006000,7,2020,,month,"L = wat lacks food — small appliances, kayaks...","1656 Old Greensboro Road, Kemersville, Kerersville, North Carolina, USA. 27284",False,False,False,False,False,False,False
01_us_fulfillment_center,247,North Carolina,RDU1,4851 Jones Sausage Road,Garner,North Carolina,27529,640000,,2020,,year,4-Storey Small Sortable. Project Axis.,"4851 Jones Sausage Road, Garner, North Carolina, USA, 27529-9438",False,False,False,False,False,False,False
01_us_fulfillment_center,248,North Carolina,CLT6,12220 Carolina Logistics Drive,Charlotte,North Carolina,28134,4000000,,,,none,a igi = ie MLE SING is a iy,"12220 Carolina Logistics Drive, Pineville, Charlotte, North Carolina, USA, 28134",False,False,False,False,False,False,False
01_us_fulfillment_center,249,North Carolina,SNC2,Lema commer Charlotte,,North Carolina,98078,125900,,2021,,year,Pickup code. SubSameDay Fulfillment Center Conter for Charlotte with Same Day Senice Within 45 Minute inute Drive Drive Tj Time.,"Lema commer Charlotte, North Carolina, ; USA, 98078-0654",False,False,False,False,False,False,False
01_us_fulfillment_center,250,North Carolina,SNC3,125 National Way,Durham,North Carolina,27703,187500,,,,none,SubSameDay Fulfillment Center for Raleigh with Same Day Within 45 Minute Drive Time.,"125 National Way, Building 3, Durham, North Carolina, USA, 27703",False,False,False,False,False,False,False
01_us_fulfillment_center,251,North Carolina,,Near Acme Way,Wilmington,North Carolina,27610,640000,,2026,,year,"AR Sortable FC for Wilmington, NC","Near Acme Way, Pender Commerce Park, Wilmington, North Carolina, USA, 27610",False,False,False,False,False,False,False
01_us_fulfillment_center,252,,,3737 44th Ave. N,Fargo,North Dakota,58102,1040000,,,,none,Large Non-Sortable Facility for products < 50 Lbs. Project Force.,"3737 44th Ave. N., Fargo, North Dakota, USA, 58102-7400",False,False,False,False,False,False,False
01_us_fulfillment_center,253,jon fone,CLE2,1155 Babbitt Road,Euclid,Ohio,44132,650000,9,2019,,month,Small Sortable Small Sortable,"21500 Emery Road, North Randall, Ohio, USA, 1155 Babbitt Road, Euclid, Ohio. USA. 44132-2703",False,False,False,False,False,False,False
01_us_fulfillment_center,254,,CMH1,11903 National Rd SW,Etna,Ohio,43062,856500,9,2016,,month,4-Storey Small Sortable FC; Specialty Small and Light.,"11903 National Rd SW, Etna, Ohio, USA, 43062-7793",False,False,False,False,False,False,False
01_us_fulfillment_center,255,,CMH2,6050 Gateway Court,Groveport,Ohio,43125,,,,,none,Large Non-Sortable,"6050 Gateway Court, Obetz, Groveport, Ohio, USA, 43125- 9016",False,False,False,False,False,False,False
01_us_fulfillment_center,256,jon,CMH3,700 Gateway Blvd,Monroe,Ohio,45050,994000,6,2019,,month,Large Non-Sortable,"700 Gateway Blvd., Monroe, Ohio. USA. 45050-1848",False,False,False,False,False,False,False
01_us_fulfillment_center,257,,CMH4,1550 W Main St,West Jefferson,Ohio,43162,857400,,2020,1,quarter,| Fulfillment center f tor smamer ller it res:,"1550 W Main St., West Jefferson, Ohio, USA, 43162-",False,False,False,False,False,False,False
01_us_fulfillment_center,258,,CMH6,9747 wou 2,Lockbourne,Ohio,43137,514500,7,2019,,month,"electronics, books and toys CMH6 is a Large Non-Sortable FC; HCM1 is a Heavy/Bulky Heavy/Bulky Deli Delivery Stati Station","9747 wou 2, Lockbourne, Ohio, USA, 43137-9670",False,False,False,False,False,False,False
01_us_fulfillment_center,259,,PCW1,27400 Crossroads Parkway,Rossford,Ohio,43551,700300,,,,none,4-Storey Small Sortable FC. Facility Project Freddie.,"1245 Beech Road, New Albany, 27400 Crossroads Parkway, Perrysburg, Rossford, Ohio, USA, 43551",False,False,False,False,False,False,False
01_us_fulfillment_center,260,fone Ohio,AKC1,2450 Romig Road,Akron,Ohio,44320,650000,,,,none,4-Storey Small Sortable FC. Project Carney.,"2450 Romig Road, Akron, Ohio, USA. 44320-3827",False,False,False,False,False,False,False
01_us_fulfillment_center,261,,POH1,3880 Groveport Road,Obetz,Ohio,43207,,,2018,,year,Amazon uses a portion of this space as a seasonal facility,"3880 Groveport Road, Obetz, Ohio, USA, 43207",False,False,False,False,False,False,False
01_us_fulfillment_center,262,,POH2,2155 Rohr Road,Lockbourne,Ohio,43137,,,,,none,A eco 8 a rtion of thi,"2155 Rohr Road, Franklin, Lockbourne, Ohio, USA, 43137- 7566",False,False,False,False,False,False,False
01_us_fulfillment_center,263,,SOH1,6895 Engle Rd,Middleburg Heights,Ohio,44130,450000,11,2021,,month,seasonal facility SubSameDay Fulfillment Center / Amazon Fresh / Delivery Station for Cleveland with Same Day Delivery Service within 45,"6895 Engle Rd, Middleburg Heights, Ohio, USA, 44130",False,False,False,False,False,False,False
01_us_fulfillment_center,264,,VOH2,1120 Strategic Building 2,Springdale,Ohio,45246,103700,12,2021,,month,Minutes Drive Time. SubSameDay Fulfillment Center / Amazon Fresh / Delivery Station for Cincinnati with Same Day Delivery Service : within 45 Drive == Time.,"1120 Strategic Building 2, Springdale, Ohio, USA, 45246",False,False,False,False,False,False,False
01_us_fulfillment_center,265,,SOH3,6322 Collings Dr,Lockbourne,Ohio,43137,445000,1,2022,,month,Minutes SubSameDay Fulfillment Center / Amazon Fresh / Delivery Station for Columbus with Same Day Delivery Service within 45,"6322 Collings Dr, Lockbourne, Ohio, USA, 43137",False,False,False,False,False,False,False
01_us_fulfillment_center,266,,LUK2,1835 Union a Airpark one pel an Boulevard,Union,Ohio,45377,630000,,2023,,year,Minutes Drive Time. 5-Storey Small Sortable FC. Project Bolt.,"1835 Union a Airpark one pel an Boulevard, ra Montgomery, Union, Ohio, USA, 45377",False,False,False,False,False,False,False
01_us_fulfillment_center,267,fom,AKR1,4747 Rebar Ave NE,Canton,Ohio,44705,1000000,5,2023,,month,Large Non-Sortable. Facility opening was,"4747 Rebar Ave NE, Canton, Ohio, USA, 44705",False,False,False,False,False,False,False
01_us_fulfillment_center,268,Oklahoma,,4040 N. 125th East Ave,Tulsa,Oklahoma,74116,640000,,,,none,4-Storey Small Sortable FC. Project Dylan.,"4040 N. 125th East Ave., Tulsa, Oklahoma. USA. 74116-2102",False,False,False,False,False,False,False
01_us_fulfillment_center,269,Oklahoma,OKC1,9201 S Portland Ave,Oklahoma City,Oklahoma,73159,640000,,,,none,smal royect,"9201 S Portland Ave., Oklahoma City, Oklahoma, USA, 73159",False,False,False,False,False,False,False
01_us_fulfillment_center,270,Oklahoma,OKC2,8991 S Portland Ave,Oklahoma City,Oklahoma,73159,1100000,11,2021,,month,Large Non-Sortable. Project Glove.,"8991 S Portland Ave., Oklahoma City, Oklahoma, USA, 73159",False,False,False,False,False,False,False
01_us_fulfillment_center,271,,SOK1,8707 Pole Rd,Oklahoma City,Oklahoma,73149,179000,11,2024,,month,SubSameDay Fulfillment Center / Amazon Fresh / Delivery Station for Oklahoma City with Same Day Delivery Service within 45,"8707 Pole Rd, Oklahoma City, Oklahoma, USA, 73149",False,False,False,False,False,False,False
01_us_fulfillment_center,272,Oregon,PDX6,15000 N. Lombard Street,Portland,Oregon,97203,918400,,2018,2,quarter,Minutes Drive Time. PDX6 is a Large Non-Sortable. DPD5 is a Delivery Station. HPD1 is a Heavy Bulky,"15000 N. Lombard Street, Portland, Oregon, USA, 97203- 6614",False,False,False,False,False,False,False
01_us_fulfillment_center,273,,HPD1,4775 Depot Court SE,Salem,Oregon,97317,1000000,8,2019,,month,Delivery Station. Large Non-Sortable Phase 1.,"4775 Depot Court SE, Salem, Oregon, USA, 97317-8983",False,False,False,False,False,False,False
01_us_fulfillment_center,274,Gregan,PDXX9,1250 NW Swigert Way,Troutdale,Oregon,97060,855000,8,2018,,month,PDX9 is a Small Sortable FC. Role of HIO2 TBD.,"1250 NW Swigert Way, Troutdale, Oregon, USA, 97060- 9614",False,False,False,False,False,False,False
01_us_fulfillment_center,275,,,450 South Butteville Road,Woodburn,Oregon,97071,,,,,none,5-Storey Small Sortable FC. Project Basie. Delayed Opening.,"450 South Butteville Road, Woodburn, Oregon, USA, 97071",False,True,False,False,False,False,False
01_us_fulfillment_center,276,Oregon,SOR3,,,,97211,239500,,2023,,year,Saari nent on Same Valle Vay Day VENVELY Delivery Service OFIVILe WILT within 45 +o,"701 NE Columbia Blvd, Suite 600, Portland, Oregon, USA, He 97211",False,False,False,False,False,False,False
01_us_fulfillment_center,277,,ABE2,705 Boulder Drive,Breinigsville,Pennsylvania,18031,,7,2010,,month,Minutes Drive Time. Large Sortable,"705 Boulder Drive, Breinigsville, Pennsylvania, USA, 18031-1533",False,False,False,False,False,False,False
01_us_fulfillment_center,278,,ABE4,1610 Van Buren Road,Easton,Pennsylvania,18045,1106400,11,2016,,month,Large Sortable/Non-Sortable,"650 Boulder Drive , Breinigsville, 1610 Van Buren Road, Easton, Pennsylvania, USA, 18045-7807",False,False,False,False,False,False,False
01_us_fulfillment_center,279,Pennsylvania,ABE5,2455 Boulevard of the Generals,Norristown,Pennsylvania,19403,110400,,2017,1,quarter,Amazon's Woot! Apparel Manufacturing Plant to produce on demand up to 25 Million pieces of clothing/year,"2455 Boulevard of the Generals, Norristown, Pennsylvania, USA, 19403",False,False,False,False,False,False,False
01_us_fulfillment_center,280,Pennsylvania,AVP2,298 ist Avenue. Gouldsboro. : Covington Township,,Pennsylvania,18424,1250000,1,2014,,month,"Diaper.com Fulfillment Center that was owned by Quidsi Inc. which Amazon q acquired in i November, 2010. 2040. Currently Curenilvs y a Non-Sortable","298 ist Avenue. Gouldsboro. : Covington Township, Pennsylvania, USA, 18424-9492 16424-9492",False,False,False,False,False,False,False
01_us_fulfillment_center,281,Pennsylvania,HVP1,45 Valley View Drive,Jessup Jessup,Pennsylvania,16434,1027700,,,,none,facility. AVP3 AVP9 is a Non-Sortable Fulfillment Center canton HVP1 is a co-located ted heavw/Bulky Deli Delivery,"45 Valley View Drive, Lackawanna, Jessup Jessup, _ Pennsylvania, USA, 16434",False,False,False,False,False,True,False
01_us_fulfillment_center,282,,,21 Roadway Drive,Carlisle,Pennsylvania,17015,,,,,none,Station. Large Non-Sortable,"21 Roadway Drive, Carlisle, Pennsylvania, USA, 17015-8806",False,False,False,False,False,False,False
01_us_fulfillment_center,283,,,500 McCarthy Dr,Lewisberry,Pennsyivania,17339,,,,,none,Large Non-Sortable,"500 McCarthy Dr., Lewisberry, Pennsyivania, USA, 17339-8725",False,False,False,False,False,False,False
01_us_fulfillment_center,284,,PHL6,675 Allen Rd,Carlisle,Pennsylvania,17015,833300,7,2010,,month,Large Non-Sortable,"675 Allen Rd. , Carlisle, Pennsylvania, USA, 17015-7788",False,False,False,False,False,False,False
01_us_fulfillment_center,285,Pennsylvania,,9645 West Hills Court,Kutztown,Pennsylvania,19530,413800,5,2014,,month,NI Industri newsnes,"9645 West Hills Court, Kutztown, Pennsylvania, USA, 19530-8644",False,False,False,False,False,False,False
01_us_fulfillment_center,286,Pennsylvania,MDT1,2 Ames Drive,Carlisle,Pennsylvania,17015,700000,3,2015,,month,Large Non-Sortable,"2 Ames Drive, Building #2, Carlisle, Pennsylvania, USA, 17015",False,False,False,False,False,False,False
01_us_fulfillment_center,287,Pennsylvania,MDT4,Pennsylvania,,Pennsylvania,17408,1078300,6,2023,,month,"Large Non-Sortable. Project Matsuyama. Supports Central PA and the Greater Baltimore area. Stocks electronic items, furniture,","Pennsylvania, USA, 17408",False,False,False,False,False,False,False
01_us_fulfillment_center,288,Pennsylvania,AVP8,250 Enterprise Way,Pittston Township,Pennsylvania,18640,399500,,,,none,"clothing items, and household items. Replaced AVP6 which was closed in July 2016. Supplemental Fulfillment Center (SFC). Part of the Kariba (KRB) Network.","250 Enterprise Way, Pittston Township, Pennsylvania, USA, 18640-5000",False,False,False,True,False,False,False
01_us_fulfillment_center,289,,,545 Oak Hill Road,Mountaintop,Mountaintop,18707,,,,,none,Amazon uses a portion of this space as a eee ein,"545 Oak Hill Road, Mountaintop, USA, 18707-2141",False,False,False,False,False,False,False
01_us_fulfillment_center,290,Pennsylvania,PPA2,1057 Hanover Street,Hanover Township,Pennsylvania,18706,,,,,none,Amazon uses a portion of this space as a seasonal facility. Gatorade DC operated by 3PL XPO Logistics.,"1057 Hanover Street, Hanover Township, Pennsylvania, USA, 18706",False,False,False,False,False,False,False
01_us_fulfillment_center,291,Pennsylvania Pennsylvania,PIT2,1200 Westport Road,Upper Bern Township,Pennsylvania,19526,1000000,,,,none,Large Non-Sortable. Specialty Soft Lines,"1200 Westport Road, Findlay Township, Imperial, P CHO Pennsylvania, yivattica, USA, VVFN, IY 15126-2402 levee 3563 Mountain Rd, Hamburg, Upper Bern Township, Pennsylvania, USA, 19526-7948",False,False,False,False,False,False,False
01_us_fulfillment_center,292,Pennsylvania,HDC3,270 Midway Road,Bethel Township,Pennsylvania,19507,4082200,,2022,,year,Global Specialty Fulfillment SubSameDay Distribution Center with Groceries and Essential Household Items.,"270 Midway Road, Bethel Township, Pennsylvania, USA, 19507",False,False,False,False,False,False,False
01_us_fulfillment_center,293,Pennsylvania,,Sterrettania Road at Interstate 90,Mckean,Pennsylvania,16462,649700,,2025,,year,pik,"Sterrettania Road at Interstate 90, Mckean, Pennsylvania, USA, 16462",False,False,False,False,False,False,False
01_us_fulfillment_center,294,Rhode Island,PVD2,2120 Hartford Avenue,Providence,Rhode Island,02919,823500,11,2024,,month,5-Storey Small Sortable FC. Project Schooner. Delayed Project since 2021.,"2120 Hartford Avenue, Johnston, Providence, Rhode Island, USA, 02919",False,True,False,False,False,False,False
01_us_fulfillment_center,295,South Carolina,CAE1,4400 12th Street Extension,West Columbia,South Carolina,29172,1016000,,,,none,Small Sortable,"4400 12th Street Extension, West Columbia, South Carolina, USA, 29172-3300",False,False,False,False,False,False,False
01_us_fulfillment_center,296,South Carolina,CAE3,ees Columbia,,South Carolina,29172,120000,2,2017,,month,aa Facility oa: CHS1 eee which was closed in Feb 2017. Project Oliver.,"ees Columbia, South Carolina, USA, 29172-2862",False,False,False,True,False,False,False
01_us_fulfillment_center,297,South Carolina,,402 John Dodd Rd,Spartanburg,South Carolina,29303,1016100,,,,none,Large Non-Sortable,"402 John Dodd Rd, Spartanburg, South Carolina, USA, 29303- 6312",False,False,False,False,False,False,False
01_us_fulfillment_center,298,South Carolina,,845 Paragon Way,Rock Hill,South Carolina,29730,507500,9,2018,,month,Large Non-Sortable. 3PL facility.,"845 Paragon Way, Rock Hill, South Carolina. USA. 29730",False,False,False,False,False,False,False
01_us_fulfillment_center,299,South Carolina,SSC3,8651 Water Tower Road,North Myrtle Beach,South Carolina,29582,165000,11,2024,,month,SubSameDay Fulfillment Center for Myrtle Beach. Same Day Delivery Service within 45 minutes Drive Time.,"8651 Water Tower Road, North Myrtle Beach, South Carolina, USA, 29582",False,False,False,False,False,False,False
01_us_fulfillment_center,300,South Dakota,FSD1,6700 N Marion Rd,Sioux Falls,South Dakota,57107,40000,,,,none,Storey Robotics Small Sonable F- pe,"6700 N Marion Rd, Minnehaha, Sioux Falls, South Dakota, USA, 57107-6490",False,False,False,False,False,False,False
01_us_fulfillment_center,301,,,500 Duke Dr,Lebanon,Tennessee,37090,1200000,,,,none,Large Non-Sortable,"500 Duke Dr, Lebanon, Tennessee, USA, 37090",False,False,False,False,False,False,False
01_us_fulfillment_center,302,Tennessee,BNA3,2020 Joe B Jackson Pkwy,Murfreesboro,Tennessee,37127,1100000,,,,none,Specialty Soft Lines,"2020 Joe B Jackson Pkwy, Murfreesboro, Tennessee, USA, 37127-7792",False,False,False,False,False,False,False
01_us_fulfillment_center,303,Tennessee,CHA1,7200 Discovery Drive,Chattanooga,Tennessee,37416,1016100,,,,none,Specialty Soft Lines,"7200 Discovery Drive, Chattanooga, Tennessee, USA, 37416-1757",False,False,False,False,False,False,False
01_us_fulfillment_center,304,Tennessee,CHA2,ey Tennessee,,ey Tennessee,37310,1016100,,2011,,year,"Large Non-Sortable (e.g. coffee makers, lawn tractors, barbecue grills, and water","ey Tennessee, USA, 37310-1400",False,False,False,False,False,False,False
01_us_fulfillment_center,305,Tennessee Tennessee Tennessee,STN1,ennessee,North Memphis,Tennessee,38128,100000,6,2021,,month,heaters along with bulk items) STN1 is a SubSameDay Fulfillment Center / Amazon Fresh / Delivery Station for Same Day Delivery to Nashwille within 45 minute drive time. HBN1 is a Heavy/Bulky Delivery Station. §-Storey Small Sortable FC. Project Iris. oe,"ennessee, we 4055 New Allen Road, Raleigh, North Memphis, Tennessee, USA, 38128-2718 30120-2/ 10 6060 Golden Bear Gateway, Mount Juliet, Tennessee, USA, 37122-1413",False,False,False,False,False,False,False
01_us_fulfillment_center,306,Tennessee,TYS1,4101 S Singleton Station Rd,Rockford,Tennessee,37853,634800,10,2023,,month,§-Storey 5-Storey Small Sortable fulfillment center. Project Pearl. Facility opening was delayed 1 year.,"4101 S Singleton Station Rd, Alcoa, Rockford, Tennessee, USA, 37853",False,True,False,False,False,False,False
01_us_fulfillment_center,307,Tennessee,BNA6,3875 Guthrie Highway,Clarksville,Tennessee,37040,1008000,6,2024,,month,Inbound Cross Dock (NIXD). Project Alice. Facility opening delayed 2 years from 2022 to 2024.,"3875 Guthrie Highway, Clarksville, Tennessee, USA, 37040",False,True,False,False,False,False,False
01_us_fulfillment_center,308,WEES,,4121 International Pkwy,Carrollton,Texas,75007,,,,,none,Amazon's Woot! Apparel Manufacturing Plant in Dallas Area,"4121 International Pkwy, Carrollton, Texas, USA, 75007",False,False,False,False,False,False,False
01_us_fulfillment_center,309,exes,,940 W. Bethel Road,Coppell,Texas,75019,,10,2013,,month,"Large Non-Sortable (televisions, furniture and electronics)","940 W. Bethel Road , Coppell, Texas, USA, 75019-4424",False,False,False,False,False,False,False
01_us_fulfillment_center,310,exes,DEW7,eae SF 2 ae 9601 2601 S. Airfield Nrive Drive Inina Irving,Dallas,Texas,75261,4200000,10,2013,,month,mn and Facility budgeted at $100 Million. Expanded in 2015 for $21.5 Million.,"eae SF 2 ae 9601 2601 S. Airfield Nrive Drive Inina Irving, Dallas, Texas, USA, 75261",False,False,False,False,False,False,False
01_us_fulfillment_center,311,,DAL3,1301 Chalk Hill Road Dallas,,Texas,75211,855000,5,2020,,month,Small Sortable,"1301 Chalk Hill Road Dallas, Texas. USA. 75211-0108",False,False,False,False,False,False,False
01_us_fulfillment_center,312,Texas,FTW2,2701 West Bethel Road,Coppell,Texas,75019,4044600,10,2016,,month,FTVWV2 is Large Non-Sortable. HDA is a co- located Heavy/Bulky Delivery Station.,"2701 West Bethel Road, Coppell, Texas, USA, 75019",False,False,False,False,False,False,False
01_us_fulfillment_center,313,pores,FTW3,15201 Heritage Parkway,Fort Worth,Texas,76177,,1,2018,,month,"FTW3 is the VNA side of the FC with Softlines FTW4 is a Quick Deploy (QD) Fulfillment which is a hybrid small sortable FC, Print on Demand Book facility, Amazon Fresh facility Small Sortable","15201 Heritage Parkway, Fort Worth, Texas, USA, 76177-2517} 2601 W. Bethel Road, Coppell, Texas, USA, 75261-4015",False,False,False,False,False,False,False
01_us_fulfillment_center,314,Texas,ETW7,944 W. Sandy Lake Road,Coppell,Texas,75019,604800,,,,none,FTW/7 is Make on Demand; FTW$9 is a Specialty FC for shoes launched in October,"944 W. Sandy Lake Road, Coppell, Texas, USA, 75019- 3989",False,False,False,False,False,False,False
01_us_fulfillment_center,315,jteas,FTW9,3351 Balmorhea Drive,Dallas,Texas,75241,,9,2017,,month,2019,"3351 Balmorhea Drive, Dallas, Texas, USA, 75241-7304",False,False,False,False,False,False,False
01_us_fulfillment_center,316,Texas,SAT1,9000 Enterpnse Ave,Schertz,Texas,78154,,,,,none,"Large Non-Sortable Schertz is nearby San Antonio, TX. a","9000 Enterpnse Ave, Schertz, Texas, USA, 78154-1461",False,False,False,False,False,False,False
01_us_fulfillment_center,317,Texas,SAT2,1401 East McCarty Lane,San Marcos,Texas,78666,855000,,2016,,year,Facility Investment $166 Million. Small Sortable FC.,"1401 East McCarty Lane, San Marcos, Texas, USA, 78666- 8969",False,False,False,False,False,False,False
01_us_fulfillment_center,318,Texas,SAT3,6806 Cal Turner Drive Bexar,San Antonio,Texas,78220,750000,5,2023,,month,enone ae,"6806 Cal Turner Drive Bexar, San Antonio, Texas, USA, 78220-4461",False,False,False,False,False,False,False
01_us_fulfillment_center,319,Texas,SAT4,10384 W US Hwy 90 San Antonio,Antonie,Texas,78245,1005000,5,2022,,month,gy Fulliment San,"10384 W US Hwy 90 San Antonio, Antonie, Texas, USA, 78245- 76245- 9512",False,False,False,False,False,False,False
01_us_fulfillment_center,320,Texas,HHO2,6911 Fairbanks N,Houston,Texas,77040,252000,,2019,1,quarter,Antonio Non-Sortable Fulfillment Center and Delivery ITX2 is a Specialty Small and Light Products FC; HHO2 is a Heavy/Bulky,"1346 Fortuna Rd , San Marcos, 6911 Fairbanks N, Houston, Texas. USA. 77040",False,False,False,False,False,False,False
01_us_fulfillment_center,321,Texas,PAU2,SS Ste. 201,Austin,Texas,78744,42600,,2020,,year,Delivery Station. PAU2 is Amazon Pharmacy #001 - PillPack Phoenix Distribution Center. NAU2 is the delivery driver pickup code for last mile into Austin : area.,"SS Ste. 201, Austin, Texas, USA, 78744",False,False,False,False,False,False,False
01_us_fulfillment_center,322,Texas,STX2,1625 Hutton Drive,Carrollton,Texas,75006,295900,10,2019,,month,delivery SubSameDay Fulfillment Center / Amazon Fresh / Delivery Station for Dallas with Same Day Delivery Service within 45,"1625 Hutton Drive, Carrollton, Texas, USA, 75006-6610",False,False,False,False,False,False,False
01_us_fulfillment_center,323,pores,,4445 Rock Quarry Road,Dallas,Texas,75211,,,,,none,Minutes Drive Time. SubSameDay Fulfillment Center / Amazon Fresh / Delivery Station for Dallas with Same Day Delivery Service within 45,"4445 Rock Quarry Road, #400, Dallas, Texas, USA, 75211-1409",False,False,False,False,False,False,False
01_us_fulfillment_center,324,,,10611 Red Bluff Rd,Pasadena,Texas,77507,,,,,none,"Minutes Drive Time. QO, SubSameDay Fulfillment fantar Center f / Amazon Fresh / Delivery Station for East Houston with Same Day Delivery Service within 45","10611 Red Bluff Rd, Building 8, Pasadena, Texas, USA, 77507",False,False,False,False,False,False,False
01_us_fulfillment_center,325,WEES,,5215 Campbell Rd,Houston,Texas,77041,,,,,none,Minutes Drive Time. SubSameDay Fulfillment Center / Amazon Fresh / Delivery Station for West Houston with Same Day Delivery Service within 45,"5215 Campbell Rd, Houston, Texas, USA, 77041",False,False,False,False,False,False,False
01_us_fulfillment_center,326,Texas,,18625 Schultz Lane,Pflugerville,Texas,78660,,5,2022,,month,Minutes Drive Time. SubSameDay Fulfillment Center / Amazon Fresh / Delivery Station for Austin with Same Day Delivery Service within 45,"18625 Schultz Lane, Pflugerville, Texas, USA, 78660",False,False,False,False,False,False,False
01_us_fulfillment_center,327,WEES,,2214 Corner Ridge,San Antonio,Texas,78219,,,,,none,Minutes Drive Time. Sq Ft is an estimate. SubSameDay Fulfillment Center / Amazon Fresh / Delivery Station for San Antonio with Same Day Delivery Service within 45,"2214 Corner Ridge, San Antonio, Texas, USA, 78219",False,False,False,False,True,False,False
01_us_fulfillment_center,328,Texas,,3051 Research Dr,Richardson,Texas,75082,,,2028,,year,Minutes Drive Time. SubSameDay Fulfillment Center / Amazon Fresh / Delivery Station for North Dallas with Same Day Delivery Service within 45,"3051 Research Dr, Richardson, Texas, USA, 75082",False,False,False,False,False,False,False
01_us_fulfillment_center,329,jew,,3051 Research Dr,Richardson,Texas,75082,,,,,none,Minutes Drive Time. Expansion of STX8 by 180KSF to house new Dallas Pharmacy FC,"3051 Research Dr, Richardson, Texas, USA, 75082",False,False,False,False,False,False,False
01_us_fulfillment_center,330,Texas,,10000 Decker Lane,Austin,Texas,78724,319500,9,2023,,month,SubSameDay Fulfillment Center / Amazon Fresh / Delivery Station for Austin with Same Day Delivery Service within 45,"10000 Decker Lane, Building 4, Austin, Texas, USA, 78724",False,False,False,False,False,False,False
01_us_fulfillment_center,331,,HOU2,10550 Ella Boulevard,Houston,Texas,77038,855000,7,2017,,month,Minutes Drive Time. Small Sortable: ; Products < 25 Lbs,"10550 Ella Boulevard, Houston, Texas. USA. 77038-2324",False,False,False,False,False,False,False
01_us_fulfillment_center,332,,HOU3,31555 US-90 East,Brookshire,Texas,77423,1016100,,,,none,Large Non-Sortable,"31555 US-90 East, Brookshire, Texas. USA. 77423-2769",False,False,False,False,False,False,False
01_us_fulfillment_center,333,Texas,HOU6,77407.9563 16225 Tomball Parkway,Houston,Texas,77064,855000,10,2021,,month,5-Storey Small Sortable FC Large Non-Sortable,"10507 Harlem Road, Richmond, Texas. USA. 77407.9563 16225 Tomball Parkway, Building 1, Houston, Texas, USA, 77064",False,False,False,False,False,False,False
01_us_fulfillment_center,334,Texas,HOU8,2303 Hurricane LaneFresno,Missouri City,Texas,77545,1075000,9,2021,,month,New Fulfillment Center in Houston,"2303 Hurricane LaneFresno, Missouri City, Texas, USA, 77545",False,False,False,False,False,False,False
01_us_fulfillment_center,335,Texas,PTX1,Road,Lancaster,Texas,75134,,,2018,,year,Amazon uses a portion of this P space as a,"Road, Lancaster, Texas, USA, 75134- 1551",False,False,False,False,False,False,False
01_us_fulfillment_center,336,Texas,,1400 Southport Parkway,Wilmer,Texas,75172,1075400,,,,none,seasonal facility New Fulfillment Center in Wilmer,"1400 Southport Parkway, Building #1, Wilmer, Texas, USA, 75172-1265",False,False,False,False,False,False,False
01_us_fulfillment_center,337,Texas,AUS2,2000 E. Pecan Street,Austin,Texas,78660,823600,10,2021,,month,4-Storey Small Sortable FC. Project Charm,"2000 E. Pecan Street, Pflugerville, Austin, Texas, USA, 78660",False,False,False,False,False,False,False
01_us_fulfillment_center,338,Texas,AUS3,2000 Exchange Parkway,Warn Waco,Tavace Texas,76712,700000,7,2022,,month,4-Storey Small Sortable FC.,"2000 Exchange Parkway, Warn Waco. Tavace Texas. USA. 76712-6903",False,False,False,False,False,False,False
01_us_fulfillment_center,339,,AFW1,1851 NE Loop 820,Fort Worth,Texas,76106,465500,,2021,4,quarter,Facility a likely Large Non-Sortable.,"1851 NE Loop 820, Fort Worth, Texas. USA. 76106",False,False,False,False,False,False,False
01_us_fulfillment_center,340,Texas,FTW5,1475 Akron Way,Forney,Texas,75126,1080000,6,2021,,month,Role of building TBD. Project Forney.,"1475 Akron Way, Kaufman, Forney, Texas, USA, 75126- 3566",False,False,False,False,False,False,False
01_us_fulfillment_center,341,,IAH1,9155 Southlink Drive,Dallas,Texas,75241,1004000,6,2021,,month,Returns Facility,"9155 Southlink Drive, Dallas, Texas. USA. 75241-7510",False,False,False,False,False,False,False
01_us_fulfillment_center,342,,,15525 Milner Rd,Dallas,Texas,75241,,,,,none,sis Role of building TBD. Project not yet confirmed.,"15525 Milner Rd, Houston, Telephone Road, Dallas, Texas, USA, 75241",True,False,False,False,False,False,False
01_us_fulfillment_center,343,Texas,,Chisholm Trail Parkway at Industrial Drive,Cleburne,Texas,75172,1700000,,2025,4,quarter,New facility in Cleburne.,"Chisholm Trail Parkway at Industrial Drive, Cleburne, Texas, USA, 75172-1265",False,False,False,False,False,False,False
01_us_fulfillment_center,344,Texas,ELP1,12101 Emerald Pass Drive,El Paso,Texas,79928,640000,11,2021,,month,5-Storey Small Sortable FC. Project ate William Unit One. Package Sortation,"12101 Emerald Pass Drive, El Paso. Texas. USA. 79928-7808",False,False,False,False,False,False,False
01_us_fulfillment_center,345,,,2395 N. Lakeside Drive Amarillo,,Texas,79118,1000000,5,2022,,month,Operation Included. Non-Sortable Fulfillment Center Amarillo,"2395 N. Lakeside Drive Amarillo, Texas. USA. 79118",False,False,False,False,False,False,False
01_us_fulfillment_center,346,,SLC1,777 N. 5600 West,Salt Lake City,Utah,84116,855000,,2018,3,quarter,4-Storey Small Sortable FC,"777 N. 5600 West, Salt Lake City, Utah, USA, 84116-3707",False,False,False,False,False,False,False
01_us_fulfillment_center,347,,SLC2,7148 W. Old Bingham Highway,West Jordan,Utah,84081,,,,,none,Non-Sortable Fulfillment Center in Salt Lake ity.,"7148 W. Old Bingham Highway, West Jordan, Utah, USA, 84081",False,False,False,False,False,False,False
01_us_fulfillment_center,348,Utah,SLC3,355 N. John Glenn Road,Salt Lake City,Utah,84116,503200,,2019,4,quarter,SLC3 is a Non-Sortable Fulfillment Center in Salt Lake City,"355 N. John Glenn Road, Salt Lake City, Utah, USA, 84116- 4413",False,False,False,False,False,False,False
01_us_fulfillment_center,349,Utah,SLC4,770 South Gladiola,Salt Lake City,Utah,84104,,,,,none,HSL1 is a Heavy/Bulky Delivery Station. frees Label),"770 South Gladiola, Suite 500, Salt Lake City, Utah, USA, 84104",False,False,False,False,False,False,False
01_us_fulfillment_center,350,Utah,,6338 West 700 North Street. Salt Lake City,,Utah,84116,450000,12,2021,,month,SubSameDay Fulfillment Center / Amazon Fresh / Delivery Station for Salt Lake City. Same Day Serice Within 45 Minute Drive,"6338 West 700 North Street. Salt Lake City, Utah, USA 84116",False,False,False,False,False,False,False
01_us_fulfillment_center,351,,BWI1,45121 Global Plaza,Sterling,Virginia,20166,80900,,2006,,year,Time. Legacy Sortable,"45121 Global Plaza, Sterling, Virginia, USA, 20166",False,False,False,False,False,False,False
01_us_fulfillment_center,352,Virginia,RIC1,5000 Commerce Way,Petersburg,Virginia,23803,1100000,10,2012,,month,Large Non-Sortable Ships larger packages that range from electronics and sports equipment to small,"5000 Commerce Way, Petersburg, Virginia, USA, 23803-6917",False,False,False,False,False,False,False
01_us_fulfillment_center,353,Virginia,RIC2,1901 Meadowville Technology Parkway,Chester,Virginia,23836,1200000,,,,none,"kitchen appliances and toys. Small Sortable Ships auto parts, consumer electronics, office supplies, books, etc.","1901 Meadowville Technology Parkway, Chester, Virginia, USA, 23836-2841",False,False,False,False,False,False,False
01_us_fulfillment_center,354,Virginia Virginia,RIC3,4949 Commerce Road,Richmond,Virginia,23234,461700,4,2020,,month,New Non-Sortable Fulfillment Center in Richmond. is a heavy/bulky delivery station. XLX4 is a flex driver pickup code. ee roject Speedway.,"4949 Commerce Road , Richmond, Virginia, USA, 23234- 2207 5901 Richmond Henrico Turnpike, Richmond, Virginia, USA. 23297",False,False,False,False,False,False,False
01_us_fulfillment_center,355,Virginia,,165 Business Blvd,Clear Brook,Virginia,22624,,,,,none,Large Non-Sortable Ships larger packages that range from electronics and sports equipment to small,"165 Business Blvd, Clear Brook, Virginia, USA, 22624",False,False,False,False,False,False,False
01_us_fulfillment_center,356,Virginia,SDC1,6885 Commercial Dr. Springfield,,Virginia,99151,450000,3,2020,,month,kitchen appliances and toys. SDC1 is a SubSameDay Fulfillment Center / Amazon Fresh / Delivery Station for Washington DC for 45 minute drive time.,"6885 Commercial Dr. Springfield, Virginia, USA 99151-4202",False,False,False,False,False,False,False
01_us_fulfillment_center,357,,,7000 Hardware Dr,Prince George,Virginia,23875,738900,8,2020,,month,HDC1 is a Heavy/Bulky Delivery Station. KRB2 is an Amazon Kariba FC (Amazon Basics line of products).,"7000 Hardware Dr, Prince George, Virginia, USA, 23875",False,False,False,False,False,False,False
01_us_fulfillment_center,358,Virginia,ORF3,,,,23435,,7,2022,,month,,"2020 Northgate Commerce Parkway, Suffolk, Virginia, 23435-2142",False,False,False,False,False,False,False
01_us_fulfillment_center,359,,,1795 Dam Neck Road,Virginia Beach,Virginia,23453,,,,,none,New Fulfillment Center for Virginia Beach. 5 Stories High.,"1795 Dam Neck Road, Virginia Beach, Virginia, USA, 23453",False,False,False,False,False,False,False
01_us_fulfillment_center,360,,,32 Trader Road,Fishersville,Virginia,22939,,,,,none,Non-Sortable Fulfillment Center for RichmondiVA:,"32 Trader Road, Fishersville, Virginia, USA, 22939",False,False,False,False,False,False,False
01_us_fulfillment_center,361,,,Near 181 and 164 Junction,Staunton,Virginia,24401,1000000,,2025,,year,Large Non-Sortable FC.,"Near 181 and 164 Junction, Staunton, Virginia, USA, 24401",False,False,False,False,False,False,False
01_us_fulfillment_center,362,os,,2000 Enterprise Parkway,Hampton,Virginia,23666,,10,2024,,month,"SubSameDay Fulfillment Center servicing Hampton, Norfolk and Virginia Beach.","2000 Enterprise Parkway, Hampton, Virginia, USA, 23666",False,False,False,False,False,False,False
01_us_fulfillment_center,363,Virginia,,Ashland Read,Sumner,Washington,98390,650000,,2026,,year,5-Storey Small Sortable FC. Project Rocky. Cancelled in 2023-Dec. Revived in late 2024. BFI1 is Small Sortable and a Robotics Research and Development Hub,"Ashland Read, Rockville, Virginia, te USA, ee 23146 EP 1800 140th Avenue E., Sumner, Washington, USA, 98390-9624",False,False,True,False,False,False,False
01_us_fulfillment_center,364,Washington,,2700 Center Drive,DuPont,Washington,98327,,,,,none,Large Non-Sortable (Ships larger items such as canoes and televisions.,"2700 Center Drive, DuPont, washington, USA, 98327-9607",False,False,False,False,False,False,False
01_us_fulfillment_center,365,,BFI4,21005 64th Ave. S,Kent,Washington,98032,860000,3,2016,,month,Facility cost $100 Million 4-Storey Small Sortable FC. Project Wulf.,"21005 64th Ave. S, Kent, Washington, USA, 98032-2423",False,False,False,False,False,False,False
01_us_fulfillment_center,366,,BFI8,20529 24th Ave S,Seatac,Washington,98198,,,,,none,Non-Sortable. HWA2 is a Delivery Station for Heavy/Bulky Merch.,"20529 24th Ave S, Seatac, Washington, USA, 98198-5518",False,False,False,False,False,False,False
01_us_fulfillment_center,367,,,2309 Milwaukee Way,Tacoma,Washington,98421,,,,,none,Amazon Pharmacy #005 Seattle Amazon uses a portion of this space as a seasonal facility,"20416 72nd Ave S, Kent, 2309 Milwaukee Way, Tacoma, Washington, USA, 98421",False,False,False,False,False,False,False
01_us_fulfillment_center,368,Washington,GEFG1,10010 West Geiger Blvd,Spokane,Washington,99224,639000,6,2090,,month,ae 4-Storey Small Sortable FC. roject Rose,"10010 West Geiger Blvd., Spokane, Washington, LISA USA, 99224",False,False,False,False,False,False,False
01_us_fulfillment_center,369,Washington,GEG2,18007 E. Garland Ave,Spokane,Washington,99216,1300000,,,,none,Large Non-Sortable. Project Fireball.,"18007 E. Garland Ave., Spokane, Washington, USA, 99216",False,False,False,False,False,False,False
01_us_fulfillment_center,370,,PAE2,4620 172nd St NE,Arlington,Washington,98223,600000,9,2023,,month,5-Storey Small Sortable. Project Roxy.,"4620 172nd St NE, Arlington, Washington, USA, 98223",False,False,False,False,False,False,False
01_us_fulfillment_center,371,,MVWH1,1202 South Road 40 East,Pasco,Washington,99301,1050000,,2025,2,quarter,Non-Sortable Fulfillment Center for Pasco Project Pearl. Delayed opening : to,"1202 South Road 40 East, Pasco, Washington, USA, 99301",False,True,False,False,False,False,False
01_us_fulfillment_center,372,Washington,SWA1,607 Riverside Rd,Everett,Washington,98201,204500,12,2019,,month,SWA1 is a SubSameDay Fulfillment Center / Amazon Fresh / Delivery Station for North Seattle for Same Day Sernice within a 45 minute drive time.,"607 Riverside Rd, Everett, Washington, USA, 98201-1206",False,False,False,False,False,False,False
01_us_fulfillment_center,373,Washington,SWA2,1905 Ave SW Renton,,Washington,98057,126600,,2022,,year,HBF3 is a Heavy/Bulky Delivery Station for Seattle. i eae Same Day Semnice within a 45 minute drive,"1905 Ave SW Renton, Washington, USA, 98057",False,False,False,False,False,False,False
01_us_fulfillment_center,374,Washington,,33855 Weyerhaeuser Way S,Federal Way,Washington,98001,214300,,2025,1,quarter,time. Role of Facility TBD,"33855 Weyerhaeuser Way S., Building B, Federal Way, Washington, USA, 98001",True,False,False,False,False,False,False
01_us_fulfillment_center,375,Washington,,33815 Weyerhaeuser Way S,Federal Way,Washington,98001,225900,,2025,1,quarter,Role of Facility TBD,"33815 Weyerhaeuser Way S., Federal Way, Washington, USA, 98001",True,False,False,False,False,False,False
01_us_fulfillment_center,376,Washington,,18712 Bothell-Everett Highway,Bothell,Washington,98012,103200,,2023,,year,SubSameDay Fulfillment Center / Delivery Station for North Seattle for Same Day Service within a 45 minute drive time.,"18712 Bothell-Everett Highway, Bothell, Washington, USA, 98012",False,False,False,False,False,False,False
01_us_fulfillment_center,377,Wisconsin,MSN4,1245 E Washington Ave,Madison,Wisconsin,53703,210000,,2011,,year,: : is fo an Gil estimate.,"1245 E Washington Ave, Suite 300, Madison, Wisconsin, USA, 53703",False,False,False,False,False,False,False
01_us_fulfillment_center,378,Wisconsin,MSN5,4718 Helgesen Drive,Madison,Wisconsin,53718,161500,,,,none,ae warehuse. Acquired,"4718 Helgesen Drive, Dane, Madison, Wisconsin, USA, 53718-6740",False,False,False,False,False,False,False
01_us_fulfillment_center,379,: velseensin,,3501 120th Ave,Kenosha,Wisconsin,53144,1015700,6,2045,,month,MKE1 is a Small / Large Sortable facility. Facility includes a Textbook Rental Processing Center. The facility ships to 150,"3501 120th Ave, Kenosha, Wisconsin, USA, 53144-7502",False,False,False,False,False,False,False
01_us_fulfillment_center,380,,MKE2,9700 South 13th Street,Oak Creek,Wisconsin,53154,669000,,,,none,countries. 4-Storey Small Sortable FC. Project Arrow.,"9700 South 13th Street, Oak Creek. Wisconsin. USA. 53154",False,False,False,False,False,False,False
01_us_fulfillment_center,381,:,WVL1,1255 Gateway Boulevard,Beloit,Wisconsin,53511,,,,,none,Non-Sortable.,"1255 Gateway Boulevard , Beloit, Wisconsin, USA, 53511",False,False,False,False,False,False,False
01_us_fulfillment_center,382,,,County Highway TT and County Highway N,Cottage Grove,Wisconsin,53590,,,,,none,5-Storey Small Sortable FC. Project Silver Eagle. Project delayed 2 years.,"County Highway TT and County Highway N, just north of Interstate 94, Cottage Grove, Wisconsin, USA, 53590",False,True,False,False,False,False,False
01_us_fulfillment_center,383,Wisconsin :,SWI1,W232 N2950 Roundy Circle East,Pewaukee,Wisconsin,53072,165000,1,2022,,month,SubSameDay Fulfillment Center / Amazon Fresh / Delivery Station for Milwaukee with Same Day : Delivery Service within 45 : Drive Time.,"W232 N2950 Roundy Circle East, Pewaukee, Wisconsin, USA, 53072",False,False,False,False,False,False,False
01_us_fulfillment_center,384,,HMW3,10601 38th Street,Kenosha,Wisconsin,53144,1110000,3,2024,,month,Minutes 5 Redistribution Center for Subsameday FCs,"10601 38th Street , Kenosha, Wisconsin. USA. 53144",False,False,False,False,False,False,False
02_us_fresh_dc,0,Californi,LAX6,5119 District eat Blvd #100,Vernon,California,90058,,8,2016,,month,LAX6 has been renamed to ULA6 Amazon.Fresh for Los Angeles,"5119 District eat Blvd #100, Vernon, California, USA, 90058-5512",False,False,False,False,False,False,False
02_us_fresh_dc,1,California,SNA6,ae a AS 9°: Eastvale,,California,91752,,,2020,1,quarter,SNAG is a Quick Deploy (QD) which includes Amazon.Fresh for Los Angeles.,"ae a AS 9°: Eastvale, California, USA, 91752- 5088",False,False,False,False,False,False,False
02_us_fresh_dc,2,sp. California,OAK6,1350 N. MacArthur Drive,Tracy,California,95304,,,2015,,year,Sq Ft included in SLAS. Amazon.Fresh for the San Francisco Bay Area. HCAS is : a co-located Heavy/Bulky,"1350 N. MacArthur Drive, Tracy, California. USA. 95304-9370",False,False,False,False,False,True,False
02_us_fresh_dc,3,,,38811 Cherry Street,Newark,California,94560,,11,2014,,month,Delivery Station. Amazon Pantry Co-located within OAK5,"38811 Cherry Street, Newark, California, USA, 94560-4939",False,False,False,False,False,True,False
02_us_fresh_dc,4,California,,1910 & 2020 E. Central Ave,San Bernardino,California,92408,,,,,none,ONT? is Pantry. Sq Ft included in ONT2.,"1910 & 2020 E. Central Ave., Building 3, San Bernardino, California, USA, 92408-0123",False,False,False,False,False,True,False
02_us_fresh_dc,5,,SJC9,455 Valley Dr,Brisbane,California,94005,,,,,none,SJC3 is Amazon Fresh rapid response within 2 hours to Bay Area. USF4 is a Amazon Fresh Hub. HCAS is a co-located,"455 Valley Dr, Brisbane, California, USA, 94005-1209",False,False,False,False,False,True,False
02_us_fresh_dc,6,Florida,HCA9,3200 Northwest 67th Avenue,Miami,Florida,33122,,,2017,,year,Heavy/Bulky delivery station. Amazon.Fresh Distribution Center for the Amazon Fresh/Delivery Station,"480 E. 55th Ave. Suite 100, 3200 Northwest 67th Avenue, Miami. Florida. USA. 33122",False,False,False,False,False,False,False
02_us_fresh_dc,7,Georgia,UFL6,2232 Northmont Parkway Duluth,,Georgia,30096,,11,2016,,month,Amazon-Fresh for Atlanta Market,"2232 Northmont Parkway Duluth, Georgia, USA, 30096",False,False,False,False,False,False,False
02_us_fresh_dc,8,Kansas,UIL2,27200 West 157th Street,New Century,Kansas,66031,,,2017,1,quarter,Amazon.Fresh for Chicago and Milwaukee MCI7 is Amazon Pantry for the Kansas City market. Significant retrofit of former Kimberly Clark,"1250 N. Mittel Blvd, Wood Dale, 27200 West 157th Street, New Century, Kansas, USA, 66031-",False,False,False,False,False,False,False
02_us_fresh_dc,9,Kansas,HMC1,1114 Kansas,,Kansas,66226,,,2017,,year,building. HMC1 is a Heavy/Bulky Delivery Station. Amazon.Fresh for the Kansas City market. DMC1 and HMC39 are co-located delivery,"1114 Kansas, USA, 66226",False,False,False,False,False,True,False
02_us_fresh_dc,10,,HMC9,2285 : Litton Lane,Hebron,Kentucky,41048,,,,,none,stations. CVG7 is Amazon Pantry used to be in a and was moved to its own building in,"2285 : Litton Lane, Hebron, Kentucky, USA, 41048-8435",False,False,False,False,False,False,False
02_us_fresh_dc,11,Maryland,HSE1,13905 Crayton Blvd,Hagerstown,Maryland,21742,,5,2020,,month,"HSE1 is Fresh/Pantry DC with 350,000 sq ft allocated to Fresh/Frozen space. HMD3 is nonfood storage/fulfillment.","13905 Crayton Blvd, Hagerstown, Maryland, USA, 21742-3690",False,False,False,False,False,False,False
02_us_fresh_dc,12,Massachusetts,BOS6,201 Beacham Street,Chelsea,Massachusetts,02149,,6,2015,,month,Amazon-Fresh for Boston Market,"201 Beacham Street, Everett, Chelsea, Massachusetts, USA, 02149-5518",False,False,False,False,False,False,False
02_us_fresh_dc,13,IE,,5425 Dixie Highway,Saginaw,Michigan,48601,,,,,none,Food-Grade Facility with Chilled/Frozen. api facility:,"5425 Dixie Highway, Saginaw, Michigan, USA, 48601",False,False,False,False,False,False,False
02_us_fresh_dc,14,New.Jerse ¥,EWR6,275 Omar Ave,Avenel,New Jersey,07001,,8,2014,,month,EWR6 is Amazon.Fresh EWR7 is Amazon Pantry,"275 Omar Ave., Avenel, New Jersey, USA, 07001-2225",False,False,False,False,False,False,False
02_us_fresh_dc,15,Texas,UNJ2,4601 Gold Spike Drive,Fort Worth,Texas,76106,,10,2016,,month,Amazon.Fresh Distribution ae Center,"4601 Gold Spike Drive, Fort Worth. Texas. USA. 76106",False,False,False,False,False,False,False
02_us_fresh_dc,16,Texas,FTX7,2700 Regent Blvd,Irving,Texas,75063,,3,2014,,month,DFW9: Amazon Pantry Co-located in DFW8. Sq ft included in,"2700 Regent Blvd, Irving, Texas, USA. 75063",False,False,False,False,False,True,False
02_us_fresh_dc,17,Virginia,BWIG6,5617 Industrial Drive,Springfield,Virginia,22151,,6,2016,,month,for Washington DC. DDC3 is a Delivery Station.,"5617 Industrial Drive, Suite A, Springfield, Virginia, USA, 22151-4410",False,False,False,False,False,False,False
02_us_fresh_dc,18,Washington,DDC3,20202 84th Ave S,Kent ETE: Washinaton Washington,USA,98032,,,2017,3,quarter,Amazon-Fresh Amazon.Fresh replaced SEAS in Q2 2017,"20202 84th Ave S., Kent ETE: Washinaton Washington, USA, USA 98032",False,False,False,False,False,False,False
02_us_fresh_dc,19,,BFI7,1901 140th Ave E,Sumner,Washington,98390,,,2017,3,quarter,Amazon Pantry replaced SEA6 by Q2 2017,"1901 140th Ave E, Sumner, Washington, USA, 98390",False,False,False,False,False,False,False
02_us_fresh_dc,20,,LPK1,701 SW Monster Road,Renton,Washington,98057,,6,2022,,month,Project Tiger. Local food production to support Seattle,"701 SW Monster Road, Renton, Washington, USA, 98057",False,False,False,False,False,False,False
02_us_fresh_dc,21,Washington,HWA4,3138 200th St. E,Spanaway,Washington,98387,,4,2024,,month,Seattle area,"3138 200th St. E., Building 5, Spanaway, Washington, USA, 98387",False,False,False,False,False,False,False
03_us_whole_foods_dc,0,,,6035 Giant Highway,Richmond,California,94806,,,,,none,August Whole Foods Northern California 2017 Distribution Center (Fresh),"6035 Giant Highway, Richmond, California, USA, 94806",False,False,False,False,False,False,False
03_us_whole_foods_dc,1,,,5000 Pacific Blvd,Vernon,California,90058,428000,,,,none,October Whole Foods Southern California 2015 Distribution Center (Fresh),"5000 Pacific Blvd, Vernon, California, USA, 90058",False,False,False,False,False,False,False
03_us_whole_foods_dc,2,,,17900 East 32nd Avenue,Aurora,Colorado,80011,140000,,,,none,August Whole roads Genter,"17900 East 32nd Avenue, #30, Aurora, Colorado, USA, 80011- 3362",False,False,False,False,False,False,False
03_us_whole_foods_dc,3,,,400 East Johnson Avenue,Cheshire,Connecticut,06410,150000,,,,none,2017 (Fresh) New Whole Foods Denver Distribution 2017 Center (Fresh),"6000 N Catawba St, Aurora, 400 East Johnson Avenue, Cheshire, Connecticut, USA, 06410",False,False,False,False,False,False,False
03_us_whole_foods_dc,4,,,850 Murdock Avenue,Meriden,Connecticut,06450,80000,,,,none,2025 Food Preparation Center,"850 Murdock Avenue, Meriden, Connecticut. USA. 06450",False,False,False,False,False,False,False
03_us_whole_foods_dc,5,,,2700 NW 19th St,Pompano Beach,Florida,33069,423100,,,,none,August Whole Foods Pompano Beach Distribution 2017 | Center (Fresh/Dry),"2700 NW 19th St, Pompano Beach, Florida, USA, 33069",False,False,False,False,False,False,False
03_us_whole_foods_dc,6,,,211 BDC Parkway,Braselton,Georgia,30517,40700,,,,none,August Whole Foods South Distribution Center 2017 | (Fresh/Dry). Facility was opened in 2008.,"211 BDC Parkway, Braselton, Georgia, USA, 30517",False,False,False,False,False,False,False
03_us_whole_foods_dc,7,,,716 E. 111th St,Chicago,Illinois,60628,440000,,,,none,December | Whole Foods Chicago Regional Distribution 2017 Center (Fresh/Dry),"716 E. 111th St., Chicago, Illinois, USA, 60628",False,False,False,False,False,False,False
03_us_whole_foods_dc,8,,,1555 Cabin Branch Dr,Landover,Maryland,20785,150000,,,,none,: istribution Center (Fresh/Dry),"1555 Cabin Branch Dr, Hyattsville, Landover, Maryland, USA. 20785",False,False,False,False,False,False,False
03_us_whole_foods_dc,9,,,840 & 845 Interchange Blvd,East Austin,Texas,78721,462000,,,,none,"August 137,000 sq ft at 640 Interchange Blvd and 2017 25,000 sq ft at 845 Interchange Blvd","840 & 845 Interchange Blvd, East Austin, Texas, USA, 78721",False,False,False,False,False,False,False
03_us_whole_foods_dc,10,,,8350 Hawks Prairie Rd NE,Lacey,Washington,98516,,,,,none,Whole Foods Southwest Distribution Center September] Whole Foods Southwest Distribution Center 2019 (Fresh),"9917 Hill Lane, Manor, Texas, 8350 Hawks Prairie Rd NE, Lacey, Washington, USA, 98516",False,False,False,False,False,False,False
04_us_fresh_hub,0,,UAZ1,500 S 48th St,Phoenix,Arizona,85034,,,,,none,Amazon Fresh Hub/Delivery Station for Phoenix. Co-located with DPX1.,"500 S 48th St, Phoenix, Arizona, USA, 85034-3101",False,False,False,False,False,True,False
04_us_fresh_hub,1,California,UCA2,2400 Marine Avenue,Redondo Beach,California,90278,50000,,2015,,year,Amazon Fresh Hub for Los Angeles,"2400 Marine Avenue, Redondo Beach, California, USA, 90278- 1103",False,False,False,False,False,False,False
04_us_fresh_hub,2,California,UCA3,11800 W Olympic Blvd,Santa Monica,California,90064,28800,,,,none,Amazon Fresh Hub for Santa Monica,"11800 W Olympic Blvd, Santa Monica, California, USA, 90064- 1100",False,False,False,False,False,False,False
04_us_fresh_hub,3,California,HCA3,3334 North San Fernando Road,Los Angeles,California,90065,58900,,,,none,Amazon Fresh Hub for North Los Angeles (UCAS). HCA3 is a co-located Heavy/Bulky delivery station.,"3334 North San Fernando Road, Buidling E, Los Angeles, California, USA, 90065-1417",False,False,False,False,False,True,False
04_us_fresh_hub,4,,UCA6,2727 Kurtz St,San Diego,California,92110,37800,,2015,,year,Amazon Fresh Hub for San Diego,"2727 Kurtz St, San Diego, California. USA. 92110-3109",False,False,False,False,False,False,False
04_us_fresh_hub,5,California,UCA7,222 Commercial Street,Sunnyvale,California,94085,24000,,2015,,year,Amazon Fresh Hub for San Jose,"222 Commercial Street, Sunnyvale, California, USA, 94085-4508",False,False,False,False,False,False,False
04_us_fresh_hub,6,,,1000 Folger Ave,West Berkeley,California,94710,20000,10,2015,,month,Amazon Fresh Hub for Oakland,"1000 Folger Ave., West Berkeley, California, USA, 94710",False,False,False,False,False,False,False
04_us_fresh_hub,7,California,,2996-3250 Ramona Avenue,Sacramento,California,95826,20000,4,2016,,month,Amazon Fresh Hub for Sacramento,"2996-3250 Ramona Avenue, Sacramento, California, USA, 95826-3848",False,False,False,False,False,False,False
04_us_fresh_hub,8,Californi,,5119 District Blvd #100,Vernon,California,90058,,,2017,,year,Amazon Fresh Hub/Fresh for North Los Amazon Fresh Hub/Fresh for North Los Angeles. Sq Ft included in LAXG.,"635 8th St, San Fernando, 5119 District Blvd #100, Vernon, California, USA, 90058-5512",False,False,False,False,False,True,False
04_us_fresh_hub,9,,USD1,9269 Lightwave Ave,San Diego,California,92123,62600,,2020,,year,Amazon Fresh Hub/Fresh for San Diego,"9269 Lightwave Ave, San Diego, California. USA. 92123",False,False,False,False,False,False,False
04_us_fresh_hub,10,,,750 Laurelwood Rd,Santa Clara,California,95054,,,,,none,Amazon Fresh Hub/Fresh for Santa Clara/San Jose. Sq Ft is an estimate.,"750 Laurelwood Rd, Santa Clara, California, USA, 95054",False,False,False,False,True,False,False
04_us_fresh_hub,11,,USR2,1700 Fairway Dr,San Leandro,California,94577,,,2020,,year,Amazon Fresh Hub/Fresh for Oakland/San Leandro. Sq ft is an estimate.,"1700 Fairway Dr, San Leandro, California, USA, 94577",False,False,False,False,True,False,False
04_us_fresh_hub,12,,USF4,455 Valley Dr,Brisbane,California,94005,,,2020,,year,Amazon Fresh Hub/Fresh for San Jose. Sq Amazon Fresh Hub/Fresh for Daly City/San Francisco South. Sq Ft included in SJC9.,"1911 Lundy Ave, San Jose, 455 Valley Dr, Brisbane, California, USA, 94005-1209",False,False,False,False,False,True,False
04_us_fresh_hub,13,California,USC2,2400 McClellan Park Dr,Sacramento,California,95838,,5,2020,,month,poe as Sq Ft included in DSR6.,"2400 McClellan Park Dr, Sacramento, California, USA, 95838",False,False,False,False,False,True,False
04_us_fresh_hub,14,,,480 E. 55th Ave. Suite 100,Denver,Colorado,80216,,6,2016,,month,Amazon Fresh Hub for Denver | ocated within Fresh FC DENG,"480 E. 55th Ave. Suite 100, Denver, Colorado, USA, 80216",False,False,False,False,False,False,False
04_us_fresh_hub,15,,UCO2,3550 Frontier Ave,Boulder,Colorado,80301,19000,,2017,,year,Amazon Fresh Hub for Boulder,"3550 Frontier Ave., Boulder, Colorado. USA. 80301",False,False,False,False,False,False,False
04_us_fresh_hub,16,,UFL1,15600 NW 15th Ave,Miami Gardens,Florida,33169,,,,,none,—,"15600 NW 15th Ave, Miami Gardens, Florida, USA, 33169",False,False,False,False,False,False,False
04_us_fresh_hub,17,,UFL2,101 NE 23rd Street,Miami,Florida,33137,50000,4,2016,,month,Amazon Fresh Hub for Miami,"101 NE 23rd Street, Miami, Florida. USA. 33137",False,False,False,False,False,False,False
04_us_fresh_hub,18,Florida,UFL3,4430 East Adamo Drive,Tampa,Florida,33605,30000,2,2016,,month,Amazon Fresh Hub for Tampa Bay,"4430 East Adamo Drive, Suite 305, Tampa, Florida, USA, 33605",False,False,False,False,False,False,False
04_us_fresh_hub,19,Florida,UFL4,7469 Kingspointe Pkwy,Orlando,Florida,32819,,,,,none,Amazon Fresh tl Hub a tor Orlando:,"7469 Kingspointe Pkwy, Orlando, Florida, USA, 32819- 8587",False,False,False,False,False,False,False
04_us_fresh_hub,20,,TFL4,4769 Oak Fair Blvd,Tampa,Florida,33610,36000,12,2019,,month,St Amazon Fresh Hub/Amazon Fresh for Tampa Market,"4769 Oak Fair Blvd, Tampa, Florida, USA, 33610",False,False,False,False,False,False,False
04_us_fresh_hub,21,Florid ence,UFL6,3200 Northwest 67th Avenue,Miami,Florida,33122,,,2017,,year,Amazon Fresh Hub/Amazon Fresh for Miami Market. Sq Ft included in MIA6.,"3200 Northwest 67th Avenue, Miami, Florida, USA, 33122",False,False,False,False,False,True,False
04_us_fresh_hub,22,Georgia,,2302 Marietta Boulevard NW,Atlanta,Georgia,30316,43900,,2016,,year,Amazon Fresh Hub for Atlanta,"2302 Marietta Boulevard NW, Atlanta, Georgia, USA, 30316-",False,False,False,False,False,False,False
04_us_fresh_hub,23,Georgia,UGA2,4307 1327 2160 Breckenridge Blvd Suite 100,Lawrenceville,Georgia,30043,55400,,,,none,Amazon Fresh Hub for Atlanta (UGA3). HGA3 is a co-located Heavy/Bulky Delivery Station.,"4307 1327 2160 Breckenridge Blvd Suite 100, Lawrenceville, Georgia, USA, 30043",False,False,False,False,False,True,False
04_us_fresh_hub,24,Gaora g,UGA4,2232 Northmont Parkway,Duluth,Georgia,30096,,11,2016,,month,Amazon Fresh Hub/Fresh for Atlanta Market. Sq Ft included in ATL9.,"2232 Northmont Parkway, Duluth, Georgia, USA, 30096",False,False,False,False,False,True,False
04_us_fresh_hub,25,,,1250 N. Mittel Blvd,Dale,Illinois,60191,,7,2016,,month,Amazon Fresh Hub for Chicago in ORDE,"1250 N. Mittel Blvd, Blvd. Wood Dale, Dale. llinois, USA, 60191",False,False,False,False,False,False,False
04_us_fresh_hub,26,,UIN1,rat Seno! Road. Indianapolis,,Indiana,46231,,7,2015,,month,Amazon Fresh Hub for Indianapolis Co-located o-located in In IND4,"rat Seno! Road. Indianapolis, Indiana, USA, 46231-1132",False,False,False,False,False,True,False
04_us_fresh_hub,27,2 Marviand,UMD1,5001 Holabird Ave,Baltimore,Maryland,21224,,3,2015,,month,Amazon Fresh Hub for Baltimore Co-located in BWI5,"5001 Holabird Ave., Baltimore, Maryland, USA, 21224-6026",False,False,False,False,False,True,False
04_us_fresh_hub,28,Massachusetts,UMA4,201 Beacham Street,Chelsea,Massachusetts,02149,,6,2015,,month,Sqirt included in BOS6.,"201 Beacham Street, Everett, Chelsea, Massachusetts, USA, 02149-5518",False,False,False,False,False,True,False
04_us_fresh_hub,29,Michigan,UMI1,19991 Brownstown Center Drive,Trenton,Michigan,43183,,,2017,,year,amazon o-located in Sortation er oa Center DTWS,"19991 Brownstown Center Drive, Building 9, Trenton, Michigan, USA. 43183",False,False,False,False,False,False,False
04_us_fresh_hub,30,Sagat,UMI2,999 Chicago Road,Troy,Michigan,48083,26000,,2017,,year,Amazon Fresh Hub for Detroit,"999 Chicago Road, Troy, Michigan, USA, 48083",False,False,False,False,False,False,False
04_us_fresh_hub,31,,UMN1,763 Kasota Ave. SE,Minneapolis,Minnesota,55414,35000,,,,none,P,"763 Kasota Ave. SE, Minneapolis, Minnesota, USA, 55414-2842",False,False,False,False,False,False,False
04_us_fresh_hub,32,,,6105 Trenton Ln N,Minneapolis,Minnesota,55442,,,,,none,Amazon Fresh Hub/Amazon Fresh for NW Minneapolis. Sq Ft is an estimate.,"6105 Trenton Ln N, Minneapolis, Minnesota, USA, 55442",False,False,False,False,True,False,False
04_us_fresh_hub,33,Nevada,UNV2,1945 E Russell Rd,Las Vegas,Nevada,89119,58200,,2019,,year,Amazon Fresh Hub for Las Vegas,"1945 E Russell Rd, Suite 201- 204, Las Vegas, Nevada, USA, 89119-2706",False,False,False,False,False,False,False
04_us_fresh_hub,34,Nevada,UNV3,2951 N Marion Dr Suite 101- 103,Las Vegas,Nevada,89115,47500,,2021,,year,Amazon Fresh Hub for Las Vegas,"2951 N Marion Dr Suite 101- 103, Las Vegas, Nevada, USA, 89115",False,False,False,False,False,False,False
04_us_fresh_hub,35,,JFK2,7 W. 34th St,New York,New York,10001,50000,12,2014,,month,Amazon Fresh Hub for Manhattan,"7 W. 34th St., New York, New York. USA. 10001-8100",False,False,False,False,False,False,False
04_us_fresh_hub,36,New York,UNY1,850 Third Ave,Brooklyn,New York,11232,54300,12,2015,,month,Amazon Fresh Hub for Brooklyn,"850 Third Ave, Industry City, Brooklyn, New York, USA, 11232",False,False,False,False,False,False,False
04_us_fresh_hub,37,,,1080 Leggett Ave,Bronx,New York,10474,,,,,none,Amazon.Fresh Distribution Center for the New York City market.,"1080 Leggett Ave., Hunt's Point, Bronx, New York, USA, 10474",False,False,False,False,False,False,False
04_us_fresh_hub,38,New York,UNY4,80 Grumman Road W,Bethpage,Bethpage New York,11714,140000,,2018,2,quarter,Amazon Fresh Hub for Queens. Sq Ft is an Amazon Fresh for Long Island. Autostore deployed.,"57-00 49th Place, Maspeth, 80 Grumman Road W, Bethpage, Bethpage New York, USA, 11714",False,False,False,False,False,False,False
04_us_fresh_hub,39,New York,UNY5,55 Bay Street,Brooklyn,New York,11231,85000,,2021,,year,Amazon Fresh Hub/Fresh delivery for the Brooklyn market. Co-located within an Amazon office sags building.,"55 Bay Street, Red Hook, Brooklyn, New York, USA, 11231",False,False,False,False,False,True,False
04_us_fresh_hub,40,North Carolina,UNC1,300 Dalton Avenue,Charlotte,North Carolina,28206,33900,12,2016,,month,Amazon Fresh Hub for Charlotte,"300 Dalton Avenue, Charlotte, North Carolina. USA. 28206-3118",False,False,False,False,False,False,False
04_us_fresh_hub,41,North Carolina,UNC2,3200 Bush Street,Raleigh,North Carolina,27609,30000,2,2016,,month,Amazon Fresh Hub for Raleigh,"3200 Bush Street, Raleigh, North Carolina. USA. 27609-7503",False,False,False,False,False,False,False
04_us_fresh_hub,42,North Carolina,UNC3,4525 Statesville Rd,Charlotte,North Carolina,28269,80800,,,,none,Amazon Fresh Hub for Charlotte,"4525 Statesville Rd, Charlotte, North Carolina. USA. 28269",False,False,False,False,False,False,False
04_us_fresh_hub,43,,,5845 Highland Ridge Drive,Cincinnati,Ohio,45232,58000,,,,none,Amazon Fresh Hub for Cincinnati,"5845 Highland Ridge Drive, Cincinnati, Ohio, USA, 45232- 1441",False,False,False,False,False,False,False
04_us_fresh_hub,44,ohio,UOH2,3563 Interchange Road,Columbus,Ohio,43204,45700,2,2016,,month,"Amazon Fresh Hub for Columbus, OH","3563 Interchange Road, Columbus. Ohio. USA. 43204",False,False,False,False,False,False,False
04_us_fresh_hub,45,,UOH4,4401 Equity Dr,Columbus,Ohio,43228,45000,8,2019,,month,Amazon Fresh Hub/Amazon Fresh for Columbus. Sq Ft is an estimate.,"4401 Equity Dr, Columbus, Ohio, USA, 43228",False,False,False,False,True,False,False
04_us_fresh_hub,46,,,5015 NW Front Ave,Portland,Oregon,97210,15800,8,2019,,month,"Amazon Fresh Hub/Amazon Fresh for Amazon Fresh Hub for Portland, OR. Sq Ft Amazon Fresh Hub for Portland, OR","8660 Jacquemin Dr, West 2104 NW York Street, Portland, 5015 NW Front Ave, Portland, Oregon, USA, 97210-1105",False,False,False,False,False,False,False
04_us_fresh_hub,47,Pennsylvania,UPA1,4133 Chestnut Street,Philadelphia,Pennsylvania,19104,100000,,2015,,year,Amazon Fresh Hub for Philadelphia,"4133 Chestnut Street, Philadelphia, Pennsylvania, USA, 19104-3021",False,False,False,False,False,False,False
04_us_fresh_hub,48,Tennessee,UTN1,410 Harding Industrial Drive,Nashville,Tennessee,37211,60000,,2015,,year,Amazon Fresh Hub for Nashville,"410 Harding Industrial Drive, Nashville, Tennessee, USA, 37211",False,False,False,False,False,False,False
04_us_fresh_hub,49,,,2700 Regent Blvd,Irving,Texas,75063,,,2015,,year,"Amazon Fresh Hub for Dallas, TX","2700 Regent Blvd, Irving, Texas, USA. 75063",False,False,False,False,False,False,False
04_us_fresh_hub,50,,,2209 B Rutland Rd,Austin,Texas,78758,45000,4,2015,,month,Amazon Fresh Hub for Austin TX,"2209 B Rutland Rd, Austin, Texas. USA. 78758",False,False,False,False,False,False,False
04_us_fresh_hub,51,Texas,UTX3,oe. 4455 6627 Maple Avenue,Dallas,Texas,75235,88000,10,2016,,month,"Amazon Fresh Hub for Houston, TX (UTX3). HTX1 is a Heavy/Bulky Delivery Station. Amazon Fresh Hub for Fort Worth, TX","oe. 4455 6627 Maple Avenue, Dallas, Texas. USA. 75235",False,False,False,False,False,False,False
04_us_fresh_hub,52,Texas,UTX5,4848 Perrin Creek,San Vall Antonio,Texas,78217,24800,,2015,,year,Amazon Fresh Hub blu for San Oall Antonio AATILUTHU TX TA,"4848 Perrin Creek, Suite 680, San Vall Antonio, Texas, USA, 78217-3744",False,False,False,False,False,False,False
04_us_fresh_hub,53,Texas,UTX7,4601 Gold Spike Drive,Fort Worth,Texas,76106,,10,2016,,month,"Amazon Fresh Hub for Fort Worth, TX Co-located in DDA3","4601 Gold Spike Drive, Fort Worth, Texas, USA, 76106",False,False,False,False,False,True,False
04_us_fresh_hub,54,,,4825 Eisenhauer Rd Building 7,Windcrest,Texas,78218,,12,2019,,month,Amazon Fresh Hub/Fresh for San Antonio TX. Sq Ft is an estimate.,"4825 Eisenhauer Rd Building 7, Windcrest, Texas, USA, 78218",False,False,False,False,True,False,False
04_us_fresh_hub,55,Texas,UTX9,4616 W Howard Ln Suite 750,Austin,Texas,78728,42000,,2021,,year,Amazon Fresh Hub for Austin TX,"4616 W Howard Ln Suite 750, Building 7, Austin, Texas, USA, 78728",False,False,False,False,False,False,False
04_us_fresh_hub,56,Virginia,UVA1,5617 Industrial Drive,Springfield,Virginia,22151,37800,,2015,,year,amazon ron Washington Bt in,"5617 Industrial Drive, Suite A, Springfield, Virginia, USA, USA. 22151-4410",False,False,False,False,False,False,False
04_us_fresh_hub,57,Virginia,UVA2,804 Greenbrier Circle,Chesapeake,Virginia,23320,25600,,,,none,Amazon Fresh Hub for Chesapeake VA,"804 Greenbrier Circle, Chesapeake, Virginia, USA, 23320",False,False,False,False,False,False,False
04_us_fresh_hub,58,,UVA3,2263 Dabney Road,Richmond,Virginia,23230,11900,,,,none,"Amazon Fresh Hub for Richmond, VA","2263 Dabney Road, Richmond, Virginia, USA, 23230-3343",False,False,False,False,False,False,False
04_us_fresh_hub,59,,UVA4,4100 Tomlynn St,Richmond,Virginia,23230,26200,,2019,,year,"Amazon Fresh Hub/Fresh for Richmond, VA","4100 Tomlynn St, Richmond, Virginia, USA, 23230",False,False,False,False,False,False,False
04_us_fresh_hub,60,Virginia Washington,,11710 118th Ave. N-E,Kirkland,Washington,98034,31500,,2021,,year,Amazon Fresh Hub/Fresh for Virginia Amazon Fresh Hub for Seattle WA,"492 Central Dr, Virginia Beach, 11710 118th Ave. N-E. , Building B, Kirkland, Washington, USA, 98034",False,False,False,False,False,False,False
04_us_fresh_hub,61,,,13537 Aurora Ave. N,Seattle,Washington,98133,38400,,2015,,year,Amazon Fresh Hub for Seattle WA,"13537 Aurora Ave. N., Seattle, Washington, USA, 98133",False,False,False,False,False,False,False
04_us_fresh_hub,62,,,76 S Lander St,Seattle,Washington,98134,,10,2016,,month,Amazon Fresh Hub / Fresh Pickup for Seattle WA,"76 S Lander St., Seattle , Washington, USA, 98134",False,False,False,False,False,False,False
04_us_fresh_hub,63,Washington,,18323 Andover Park W,Tukwila,Washington,98188,67400,,,,none,Amazon Fresh Hub for Seattle WA,"18323 Andover Park W., Bldg. 6, Tukwila, Washington, USA, 98188",False,False,False,False,False,False,False
04_us_fresh_hub,64,,UWI2,4111 W Mitchell St,Milwaukee,Wisconsin,53215,25000,4,2017,,month,"Amazon Fresh Hub/Fresh for Kent/Seattle Amazon Fresh Hub/Fresh for Milwaukee, WI","20202 84th Ave S., Kent, 4111 W Mitchell St, Milwaukee, Wisconsin. USA. 53215",False,False,False,False,False,False,False
05_us_inbound_cross_dock,0,Alabama,,Between 165 & Hwy 331 north of Hyundai Blvd,Montgomery,Alabama,36105,650000,,2025,,year,Inbound Cross Dock (IXD) for Alabama.,"Between 165 & Hwy 331 north of Hyundai Blvd, Montgomery, Alabama, USA, 36105",False,False,False,False,False,False,False
05_us_inbound_cross_dock,1,Arizona,GYR2,17341 W. Minnezona Ave,Goodyear,Arizona,85395,636800,,2021,,year,Inbound Cross Dock (IXD). Project Hustled.,"17341 W. Minnezona Ave, Maricopa, Goodyear, Arizona, USA, 85395",False,False,False,False,False,False,False
05_us_inbound_cross_dock,2,: Arizona,GYR3,8181 W Roosevelt St,Phoenix,Arizona,35043,1100000,,2020,4,quarter,GYR3 is Inbound Cross Dock (IXD). KRB3 is an Amazon Kariba FC (Amazon,"8181 W Roosevelt St, Phoenix, Arizona. USA. 35043-2356",False,False,False,False,False,False,False
05_us_inbound_cross_dock,3,Arizona,GEU2,15301 W. Northern Avenue,Glendale,Arizona,85355,1200100,,2024,,year,Basics line of products). Inbound Cross Dock (NIXD) for Phoenix.,"15301 W. Northern Avenue, Building BB, Litchfield Park, Glendale, Arizona, USA, 85355",False,False,False,False,False,False,False
05_us_inbound_cross_dock,4,,GEU3,18900 W. McDowell Road,Buckeye,Arizona,85396,1056400,,,,none,Inbound Cross Dock (NIXD) for Phoenix.,"18900 W. McDowell Road, Buckeye, Arizona, USA, 85396",False,False,False,False,False,False,False
05_us_inbound_cross_dock,5,,GEU5,4780 North Cotton Lane,Goodyear,Arizona,85395,1222,11,2024,,month,Inbound Cross Dock (NIXD) for Phoenix.,"4780 North Cotton Lane, Goodyear, Arizona, USA, 85395",False,False,False,False,False,False,False
05_us_inbound_cross_dock,6,California,,24300 Nandina Ave,Moreno Valley,California,92551,769300,,,,none,Inbound Cross Dock (IXD),"24300 Nandina Ave, Moreno Valley, California, USA, 92551- 9534",False,False,False,False,False,False,False
05_us_inbound_cross_dock,7,,LGB8,1568 N Linden Ave,Rialto,California,92376,600000,10,2017,,month,Inbound Cross Dock (IXD),"1568 N Linden Ave, Rialto, California. USA. 92376",False,False,False,False,False,False,False
05_us_inbound_cross_dock,8,,,11263 Oleander Ave,Fontana,California,92337,680000,7,2019,,month,Inbound Cross Dock (rlXD),"11263 Oleander Ave, Building 1, Fontana. California. USA. 92337",False,False,False,False,False,False,False
05_us_inbound_cross_dock,9,,SMF3,1540 Zephyr St,Stockton,California,95206,615000,9,2018,,month,Inbound Cross Dock (IXD),"1540 Zephyr St, Stockton, California. USA. 95206-8201",False,False,False,False,False,False,False
05_us_inbound_cross_dock,10,,SMF7,4800 Midway Rd,Vacaville,California,95688,617700,5,2021,,month,SMF7 is an Inbound Cross Dock (IXD); Seon a co-located heavy/Bulky Delivery,"4800 Midway Rd, Vacaville, : California USA. 95688-9602",False,False,False,False,False,True,False
05_us_inbound_cross_dock,11,California,SBD1,3388 S Cactus Ave,Bloomington,California,92316,615300,5,2021,,month,Inbound Cross Dock (IXD),"3388 S Cactus Ave, Building 1, Bloomington, California, USA, 92316-3819",False,False,False,False,False,False,False
05_us_inbound_cross_dock,12,California,SBD3,5990 Cajon Blvd,San Bernardino,California,92407,393000,,2020,,year,Inbound Cross Dock (IXD),"5990 Cajon Blvd, San Bernardino, California, USA, 92407",False,False,False,False,False,False,False
05_us_inbound_cross_dock,13,,SCK4,6001 S. Austin Rd,Stockton,California,95215,636700,10,2024,,month,Inbound Cross Dock (IXD),"6001 S. Austin Rd, Stockton, California. USA. 95215",False,False,False,False,False,False,False
05_us_inbound_cross_dock,14,California,TCY1,2690 East Arch Airport Rd,Stockton,California,95206,1188300,,2025,1,quarter,Inbound Cross Dock (NIXD),"2690 East Arch Airport Rd, Building 4, Stockton, California, USA, 95206",False,False,False,False,False,False,False
05_us_inbound_cross_dock,15,,NGYY2,6201 S. Newcastle,Stockton,California,95245,1015800,,,,none,Inbound Cross Dock (NIXD),"6201 S. Newcastle, Stockton, California USA. 95245",False,False,False,False,False,False,False
05_us_inbound_cross_dock,16,,MIT2,5408 Express Avenue,Shafter,California,93263,1053400,7,2024,,month,Inbound Cross Dock (NIXD),"5408 Express Avenue, Shafter, California. USA. 93263",False,False,False,False,False,False,False
05_us_inbound_cross_dock,17,po,POC1,3945 Lytle Creek Road,Fontana,California,92336,1171800,,,,none,Inbound Cross Dock (NIXD). Project Inbound Cross Dock (NIXD),"600 Ernie Drive, Hollister, 3945 Lytle Creek Road, Fontana. California. USA. 92336",False,False,False,False,False,False,False
05_us_inbound_cross_dock,18,sp. se. __s,POC2,4000 South Hamner Ave,Eastvale,California,91761,1003900,,2024,3,quarter,Inbound Cross Dock (NIXD),"4000 South Hamner Ave, Eastvale. California. USA. 91761",False,False,False,False,False,False,False
05_us_inbound_cross_dock,19,California,POC3,6120 Clinker Drive,Jurupa Valley,California,92509,1025100,,2024,4,quarter,Inbound Cross Dock (NIXD),"6120 Clinker Drive, Building 1, Jurupa Valley, California, USA, 92509",False,False,False,False,False,False,False
05_us_inbound_cross_dock,20,California,,SE of Houghton and Wible Roads,Bakersfield,California,93313,653400,12,2026,,month,Inbound Cross Dock (IXD),"SE of Houghton and Wible Roads , Bakersfield, California, USA, 93313",False,False,False,False,False,False,False
05_us_inbound_cross_dock,21,,SCK8,4700 Wilbur Ave,Oakley,California,94561,615000,11,2023,,month,Inbound Cross Dock (IXD) for Bay Area.,"4700 Wilbur Ave, Building 5, Oakley, California, USA, 94561",False,False,False,False,False,False,False
05_us_inbound_cross_dock,22,California,,Between 19th and 20th Avenues along Calle de Los Romos,Desert Hot Springs,California,92240,653400,,2025,,year,Inbound Cross Dock (IXD). Project Viento.,"Between 19th and 20th Avenues along Calle de Los Romos, Desert Hot Springs, California, USA, 92240",False,False,False,False,False,False,False
05_us_inbound_cross_dock,23,California,,Avenue G and Interstate 14,Lancaster,California,92240,,,2025,,year,= TBD. nee:,"Avenue G and Interstate 14, Lancaster, California, USA. 92240",False,False,False,False,False,False,False
05_us_inbound_cross_dock,24,,PBI3,7600 LTC Parkway,Port St. Lucie,Florida,34986,1100000,7,2024,,month,ses Inbound Cross Dock (NIXD),"6300 N. Powhaton Road, 7600 LTC Parkway, Port St. Lucie. Florida. USA. 34986",False,False,False,False,False,False,False
05_us_inbound_cross_dock,25,free,,2501 N. Normandy Blvd,Deltona,Florida,32725,985000,,2025,,year,Inbound Cross Dock (IXD). Project Rooster.,"2501 N. Normandy Blvd, Deltona. Florida. USA. 32725",False,False,False,False,False,False,False
05_us_inbound_cross_dock,26,Florida,TMB8,27505 SW 132nd Ave,Miami,Florida,33032,1100000,,,,none,Inbound Cross Dock (IXD).,"27505 SW 132nd Ave, Homestead, Miami, Florida, USA, 33032",False,False,False,False,False,False,False
05_us_inbound_cross_dock,27,Gaon g,ATL7,6855 Shannon Parkway,Union City,Georgia,30291,630500,2,2015,,month,XEVWV2 is an Inbound Cross Dock; ATL7 is a Supplemental Fulfillment Center,"6855 Shannon Parkway, Union City, Georgia, USA, 30291-2091",False,False,False,False,False,False,False
05_us_inbound_cross_dock,28,Georgia,SAV7,20 Triple B Trail,Port Wentworth,Georgia,31407,820300,4,2023,,month,SDC. Sorts inbound product and breaks down cases to smaller quantities to redistribute to FC network.,"20 Triple B Trail, Port Wentworth, Georgia, USA, 31407",False,False,False,False,False,False,False
05_us_inbound_cross_dock,29,,,1250 Cassville White Rd,White,Georgia,30184,1109000,8,2024,,month,Inbound Cross Dock (NIXD).,"1250 Cassville White Rd, White, Georgia, USA, 30184",False,False,False,False,False,False,False
05_us_inbound_cross_dock,30,joe,MDW2,250 Emerald Drive,Joliet,Joliet,60433,475100,,,,none,Inbound Cross Dock (IXD),"250 Emerald Drive, Joliet, USA. 60433-9462",False,False,False,False,False,False,False
05_us_inbound_cross_dock,31,joe,RFD2,11500 Freeman Road,Huntley,Huntley,60142,629200,,,,none,Inbound Cross Dock (NIXD).,"11500 Freeman Road, Huntley, USA. 60142-8024",False,False,False,False,False,False,False
05_us_inbound_cross_dock,32,joe,,1401 E Gurler Rd,DeKalb,Illinois,60115,,,,,none,Inbound Cross Dock (IXD) for DeKalb. Project Barb. Delayed Opening.,"1401 E Gurler Rd, DeKalb, Illinois, USA, 60115",False,True,False,False,False,False,False
05_us_inbound_cross_dock,33,,,1151 S Graham Rd,Greenwood,Indiana,46143,615800,9,2019,,month,Inbound Cross Dock (IXD) Former FedEx Building,"1151 S Graham Rd, Greenwood, Indiana, USA, 46143-7830",False,False,False,False,False,False,False
05_us_inbound_cross_dock,34,,MQJ1,4412 W. County Road 300 Building 1,Greenfield,Indiana,46140,660400,11,2020,,month,Inbound Cross Dock (IXD),"4412 W. County Road 300 Building 1, Greenfield, Indiana, USA USA, 46140",False,False,False,False,False,False,False
05_us_inbound_cross_dock,35,jo,FWA4,9798 Smith Rd,Indiana,Indiana,46809,629200,12,2021,,month,Inbound Cross Dock (IXD) for Fort Wayne,"9798 Smith Rd, Fort Wayne, Indiana. indiana. USA. 46809-9771",False,False,False,False,False,False,False
05_us_inbound_cross_dock,36,,PPO4,9850 Mississippi St,Crown Point,Indiana,46410,1001700,,2025,,year,Inbound Cross Dock (NIXD) for Chicago.,"9850 Mississippi St, Building 2, Merrillville, Crown Point, Indiana, USA, 46410",False,False,False,False,False,False,False
05_us_inbound_cross_dock,37,Maryland,MTN9,5300 Nottingham Dr,Nottingham,Maryland,21236,585100,,2020,3,quarter,Inbound Cross Dock (IXD),"5300 Nottingham Dr, Nottingham, Maryland, USA, 21236",False,False,False,False,False,False,False
05_us_inbound_cross_dock,38,Maryland,HGR6,55 W. Oak Ridge Drive,Hagerstown,Maryland,21740,1247100,,,,none,Inbound Cross Dock (NIXD) for Hagerstown.,"55 W. Oak Ridge Drive, Hagerstown, Maryland, USA, 21740",False,False,False,False,False,False,False
05_us_inbound_cross_dock,39,Michigan IE,,6500 Mount Hope Highway,Lansing,Michigan,48917,,,,,none,Inbound Cross Dock (NIXD) for Michigan. Project delayed opening from 2022 to 2024.,"6500 Mount Hope Highway, Lansing, Michigan, USA, 48917",False,True,False,False,False,False,False
05_us_inbound_cross_dock,40,,,NW of 132nd Street and Winan Avenue,Kansas City,Missouri,64153,639000,,2026,,year,pound cross oer ae re roject Falcon. Not yet confirmed.,"NW of 132nd Street and Winan Avenue , Kansas City, Missouri, USA. 64153",True,False,False,False,False,False,False
05_us_inbound_cross_dock,41,Nevada,LAS1,12300 Bermuda Road,Henderson,Nevada,89044,600000,7,2020,,month,Inbound Cross Dock (IXD). Project 56.,"12300 Bermuda Road, Henderson. Nevada. USA. 89044",False,False,False,False,False,False,False
05_us_inbound_cross_dock,42,,VGT2,6401 E Howdy Wells Ave,Las Vegas,Nevada,89115,648000,6,2022,,month,Inbound Cross Dock (IXD).,"6401 E Howdy Wells Ave, Las Vegas, Nevada, USA, 89115",False,False,False,False,False,False,False
05_us_inbound_cross_dock,43,Nevada,ABS4,Nevada,,Nevada,89115,191000,,2024,,year,Inbound Cross Dock (NIXD) for Las Vegas. Formerly Sortation Center which was,"Nevada, USA, 89115",False,False,False,False,False,False,False
05_us_inbound_cross_dock,44,New Jersey,,309 Cedar Lane South,Florence Township,New Jersey,08518,613900,,,,none,converted into NIXD. Inbound Cross Dock (IXD),"309 Cedar Lane South, Florence Township, New Jersey, USA, 08518-2802",False,False,False,False,False,False,False
05_us_inbound_cross_dock,45,,,601 Randolph Road,Somerset,New Jersey,08873,616000,,,,none,Inbound Cross Dock (IXD),"601 Randolph Road, Somerset, New Jersey, USA, 08873",False,False,False,False,False,False,False
05_us_inbound_cross_dock,46,New Jersey,ACY9,1150 Commerce Boulevard,Logan Township,New Jersey,08085,599500,,,,none,Inbound Cross Dock (IXD),"1150 Commerce Boulevard, Logan Township, New Jersey, USA, 08085",False,False,False,False,False,False,False
05_us_inbound_cross_dock,47,,,6251 Pioneer Trail NW,Los Lunas,New Mexico,87031,,8,2024,,month,Inbound Cross Dock (NIXD) for New Mexico. Project Charlie.,"6251 Pioneer Trail NW, Los Lunas, New Mexico, USA, 87031",False,False,False,False,False,False,False
05_us_inbound_cross_dock,48,New York,SWF2,76 Patriot Way,East Fishkill,New York,12533,631000,,,,none,Inbound Cross Dock (IXD),"76 Patriot Way, Hopewell Junction, East Fishkill, New York, USA, 12533",False,False,False,False,False,False,False
05_us_inbound_cross_dock,49,North Carolina,CLT2,10240 Old Dowd Road,Charlotte,North Carolina,28214,503600,,2016,,year,(XD) Amazon Prime Air Service Network,"10240 Old Dowd Road, Charlotte, North Carolina, USA, 28214-8082",False,False,False,False,False,False,False
05_us_inbound_cross_dock,50,North Carolina,RDU2,2150 US Highway 70 Business,Smithfield,North Carolina,27577,620000,,2024,,year,Inbound Cross Dock (IXD) for Durham/Fayetteville.,"2150 US Highway 70 Business, Smithfield, North Carolina, USA, 27577",False,False,False,False,False,False,False
05_us_inbound_cross_dock,51,,,2650 Beaver St,Fayetteville,North Carolina,28303,,,,,none,Inbound Cross Dock (NIXD). Project Big Bronco. Delayed opening of 2 years.,"2650 Beaver St, Fayetteville, North Carolina, USA, 28303",False,True,False,False,False,False,False
05_us_inbound_cross_dock,52,joe Ohie :,,9240 Fremont Pike,Perrysburg Township,Ohio,43460,,,,,none,Inbound Cross Dock (NIXD) for Toledo. Project Yellow Jacket.,"9240 Fremont Pike, Perrysburg Township, Ohio, USA, 43460",False,False,False,False,False,False,False
05_us_inbound_cross_dock,53,,,18300 Snow Road,Brook Park,Ohio,44142,364000,,2025,,year,Inbound Cross Dock (NIXD) for Cleveland. May be cancelled.,"18300 Snow Road, Building 11, Brook Park, Ohio, USA, 44142",False,False,True,False,False,False,False
05_us_inbound_cross_dock,54,Pennsylvania,AVP1,550 Oak Ridge Road,Hazle Township,Pennsylvania,18202,615600,3,2008,,month,Inbound Cross Dock (IXD),"550 Oak Ridge Road, Hazle Township, Pennsylvania, USA, 18202-9361",False,False,False,False,False,False,False
05_us_inbound_cross_dock,55,Pennsylvania,TEN1,1002 Patriot Pkwy,Reading,Pennsylvania,19605,609000,,,,none,Inbound Cross Dock (IXD),"1002 Patriot Pkwy, Muhlenberg Township, Reading, Pennsylvania, USA, 19605-2874",False,False,False,False,False,False,False
05_us_inbound_cross_dock,56,,MDT9,251 Westwood Hill,Donaldson,Pennsylvania,17981,1246800,9,2023,,month,Upstream Storage and Distribution eg Center,"251 Westwood Hill, Donaldson, Pennsylvania, USA, 17981",False,False,False,False,False,False,False
05_us_inbound_cross_dock,57,Pennsylvania,HIA1,3327 East Harrisburg Pike,Middletown,Pennsylvania,17057,1217500,7,2024,,month,ross ¥,"3327 East Harrisburg Pike, Building 1, Middletown, Pennsylvania, USA, 17057",False,False,False,False,False,False,False
05_us_inbound_cross_dock,58,Pennsylvania PehisyWania,WBW2,1300 Corporate Way,Pennsvivania Pennsylvania,USA,18447,1000000,7,2028,,month,Inbound Cross Dock (NIXD) for Pennsylvania.,"1300 Corporate Way, Olyphant, Pennsvivania Pennsylvania, USA, USA 18447",False,False,False,False,False,False,False
05_us_inbound_cross_dock,59,Pennsylvania,LBE1,165 Glenn Fox Road,New Stanton,Pennsylvania,15672,,7,2024,,month,[bound Cross Dock (NIXD) for Pennsylvania.,"165 Glenn Fox Road, New Stanton, Pennsylvania, USA, 15672",False,False,False,False,False,False,False
05_us_inbound_cross_dock,60,Tennessee,,3292 East Holmes Road,Memphis,Tennessee,38118,615400,,2018,4,quarter,Inbound Cross Dock (IXD),"3292 East Holmes Road, Memphis, Tennessee, USA, 38118-8102",False,False,False,False,False,False,False
05_us_inbound_cross_dock,61,,,38186 Logistics Way,Antioch,Tennessee,37013,517500,,2020,,year,Inbound Cross Dock (IXD),"38186 Logistics Way, Antioch, Tennessee. USA. 37013-4189",False,False,False,False,False,False,False
05_us_inbound_cross_dock,62,Texas,FTW1,33333 Lyndon B Johnson Freeway,Dallas,Texas,75241,500000,,,,none,Inbound Cross Dock (IXD),"33333 Lyndon B Johnson Freeway , Dallas, Texas, USA, 75241-7203",False,False,False,False,False,False,False
05_us_inbound_cross_dock,63,exes,ABS2,1214 N Foster Road,San Antonio,Texas,78219,,3,2024,,month,Inbound Cross Dock (IXD) co-located in SAT9 sortation center effective March 2024.,"1214 N Foster Road, San Antonio, Texas, USA, 78219",False,False,False,False,False,True,False
05_us_inbound_cross_dock,64,Virginia,ORF2,5045 Portsmouth Blvd,Chesapeake,Virginia,23321,640000,7,2022,,month,Gross at Porter Pac,"5045 Portsmouth Blvd., Chesapeake, Virginia, USA, 23321-1425",False,False,False,False,False,False,False
05_us_inbound_cross_dock,65,Virginia,RMN3,220 Centerport Parkway,Fredericksburg,Virginia,22406,629400,,2023,4,quarter,Inbound Cross Dock (IXD) for Virginia,"220 Centerport Parkway, Stafford, Fredericksburg, Virginia, USA, 22406",False,False,False,False,False,False,False
05_us_inbound_cross_dock,66,Washington,OLM1,3300 Hogum Bay Road NE,Lacey,Washington,98516,510000,,2021,,year,"inbound Cross Dock (IXD) for Lacey, WA","3300 Hogum Bay Road NE, Building A, Lacey, Washington, USA, 98516",False,False,False,False,False,False,False
05_us_inbound_cross_dock,67,Washington,BFI9,3230 International Place,DuPont,Washington,98327,628600,,2021,4,quarter,Inbound Cross Dock (IXD),"3230 International Place, DuPont, Washington, USA, 98327-7707",False,False,False,False,False,False,False
05_us_inbound_cross_dock,68,,,1351 South Road 40 East,Pasco,Washington,99301,,,,,none,Inbound Cross Dock (NIXD) for Pasco WA. Project Oyster. Delayed opening to 2024.,"1351 South Road 40 East, Pasco, Washington, USA, 99301",False,True,False,False,False,False,False
06_us_sortation_center,0,Alabama,MOB5,6735 Trippel Road,Theodore,Alabama,36582,362000,,2017,,year,"Sotation Center for Mobile, : AL: MOBS is a Returns Center DBM3 Station","6735 Trippel Road, Theodore, Alabama, USA, 36582",False,False,False,False,False,False,False
06_us_sortation_center,1,,DBM3,800 N. 75th Ave,Phoenix,Arizona,85043,,10,2010,,month,is Delivery PHX8 Square Feet is included within PHX7,"800 N. 75th Ave, Phoenix, Arizona. USA. 85043-3101",False,False,False,False,False,False,False
06_us_sortation_center,2,Ari nZone,AZA9,6395 N. Sarival Ave,Litchfield Park,Arizona,85340,,9,2021,,month,Sortation Center for Phoenix to replace AZAS is a Phoenix sortation center for packages that arrive via air cargo and Fulfillment Centers. SDL2 handles returns,"6000 West Van Buren Street, 6395 N. Sarival Ave, Litchfield Park, Arizona, USA, 85340",False,False,False,False,False,False,False
06_us_sortation_center,3,,,3590 East Corona Road,Tucson,Arizona,85756,,9,2021,,month,processing in the same building. Tucson sortation center for packages that arrive via air cargo and Fulfillment Centers,"3590 East Corona Road, Tucson, Arizona, USA, 85756",False,False,False,False,False,False,False
06_us_sortation_center,4,Arizona,,,,,85212,,,,,none,came tea Cork. Project Delayed.,Pecos Road west of Signal 85212,False,True,False,False,False,False,False
06_us_sortation_center,5,California,OAK5,38811 Cherry Street,Newark,California,94560,574600,11,2014,,month,OARS a Softation Cententosemee the San Francisco Bay area.,"38811 Cherry Street, Newark, California. USA. 94560-4939",False,False,False,False,False,False,False
06_us_sortation_center,6,California,XIX2,2020 E. Central Ave. Building 4,San Bernardino,California,92408,514600,,,,none,"Facility includes OAK7 (Amazon Pantry). Sortation Center for the Riverside CA ONT5 is a Sortation Center for the Los Angeles region. XIX2 is an inbound cross dock operation for non-sortable products. XIX2 is co-located in ONT5 utilizing 11,000 Sq ft. with 4 outbound","11200 Iberia St, Mira Loma, 2020 E. Central Ave. Building 4, San Bernardino, California, USA, 92408-0123",False,False,False,False,False,True,False
06_us_sortation_center,7,se. __s,SBD5,11100 Iberia St,Jurupa Valley,California,91752,517900,,2021,4,quarter,"arcs connecting to LGB4, LGB6, HOU3, and ONT9. Sortation Center for San Bernardino Area.","11100 Iberia St, Jurupa Valley, California. USA. 91752",False,False,False,False,False,False,False
06_us_sortation_center,8,,,6400 Valley View Street,Bueno Park,California,90620,238300,,2017,3,quarter,Sortation Center for the Los Angeles region,"6400 Valley View Street, Bueno Park. California. USA. 90620",False,False,False,False,False,False,False
06_us_sortation_center,9,,CNO5,8601 Merrill Ave,Chino,California,91710,323000,10,2020,,month,Sortation Center for Los Angeles Region :,"8601 Merrill Ave, Building 831, Chino. California. USA. 91710",False,False,False,False,False,False,False
06_us_sortation_center,10,California,SMF5,Drive,,California,95688,321900,,2017,,year,SMF5 is a Sortation Center for Sacramento Area. SMF9 is a Returns Center that was Oct 2019.,"Drive, California, USA, 95688",False,False,False,False,False,False,False
06_us_sortation_center,11,California,SAN5,7144 Otay Mesa Road,San Diego,California,92154,550000,6,2022,,month,co-located in Sortation Center for San Diego Area.,"7144 Otay Mesa Road, San Diego, California, USA, 92154- 7719",False,False,False,False,False,True,False
06_us_sortation_center,12,,,2001 Burma Road,Oakland,California,94607,256100,,2025,,year,Sortation Center for Oakland Area,"2001 Burma Road, Building 1, Oakland. California. USA. 94607",False,False,False,False,False,False,False
06_us_sortation_center,13,California,TCY5,6250 Promontory Parkway,Tracy,California,95377,1025100,,,,none,Sortation Center with Amazon Robotics for Bay Area and co-located Inbound Cross Dock operation.,"Building 14, 6250 Promontory Parkway, Tracy, California, USA, 95377-6457",False,False,False,False,False,True,False
06_us_sortation_center,14,se. California,TCY9,4500 4900 Wilbur VVilbur Ave,Oakley,California,94561,479000,9,2021,,month,Sortation Center for Oakley Area.,"4500 4900 Wilbur VVilbur Ave, Building 4, Oakley, California, USA, 94561",False,False,False,False,False,False,False
06_us_sortation_center,15,,,3611 S Northpointe Dr,Fresno,California,93725,470000,10,2022,,month,Sortation Center (Supplemental) for Fresno,"3611 S Northpointe Dr, Fresno, California. USA. 93725-1962",False,False,False,False,False,False,False
06_us_sortation_center,16,California,CNO8,21501 Needham Ranch Parkway,Santa Clarita,California,91321,278700,,,,none,CNO$ is a Sortation Center for Santa Clarita. XLX3 is a decommissioned 3PQA 3rd Party Quality Assurance Program.,"21501 Needham Ranch Parkway, Santa Clarita, California, USA, 91321",False,False,False,True,False,False,False
06_us_sortation_center,17,,DEN5,19799 E. 36th Avenue,Aurora,Colorado,80011,,,,,none,DENS is a Sortation Center and Delivery Station for Denver Colorado HDE1 is a heavy/bulky delivery station for,"19799 E. 36th Avenue, Aurora, Colorado, USA, 80011-8189",False,False,False,False,False,False,False
06_us_sortation_center,18,Colorado,BDU5,8350 Quintero Street,Commerce City,Colorado,80022,278500,,2021,4,quarter,Denver for products between 60 - 300 Lbs Sortation Center for Denver,"8350 Quintero Street, Commerce City, Colorado, USA, 80022",False,False,False,False,False,False,False
06_us_sortation_center,19,Colorado,COS5,4333 Integration Loop,Colorado Springs,Colorado,80916,278300,,2021,,year,Center for Colorado Springs.,"4333 Integration Loop, Colorado Springs, Colorado, USA, 80916- 5770",False,False,False,False,False,False,False
06_us_sortation_center,20,Connecticut,BDL5,29 Research Parkway,Wallingford,Connecticut,06492,184900,,2015,4,quarter,Project Congo. Sortation Center for Windsor CT Market,"29 Research Parkway, Wallingford, Connecticut, USA, 06492-1927",False,False,False,False,False,False,False
06_us_sortation_center,21,Connecticut,HFD5,1339 Tolland Turnpike,Manchester,Connecticut,06041,348700,,2021,,year,Sortation Center for Hartford.,"1339 Tolland Turnpike, Manchester, Connecticut, USA, 06041",False,False,False,False,False,False,False
06_us_sortation_center,22,Connecticut,,Talbot Lane and Governor's Highway,South Windsor,Connecticut,06041,360000,,2025,,year,camer ne ee ee:,"Talbot Lane and Governor's Highway, South Windsor, Connecticut, USA, 06041",False,False,False,False,False,False,False
06_us_sortation_center,23,Florid onde,,14250 Aviation Drive,Miami,Florida,33182,,10,2014,,month,Sortation Center for Tampa Bay & Lakeland Sortation Center for Tampa Bay & Lakeland Outbound Cross Dock Center (OXD) for MIAS5 is a Sortation Center for Miami MIA7 is a Returns Center HMI1 is a heavy/bulky Delivery Station for,"305 Deen Still Road , Davenport, 2841 Access Road NW, 14250 Aviation Drive, Opa- 1900 NW 132nd Place , Doral, Miami, Florida, USA, 33182-1920",False,False,False,False,False,False,False
06_us_sortation_center,24,Florida,JAX5,4948 Bulls Bay Highway,Jacksonville,Florida,32219,237100,9,2017,,month,Miami for products 60 - 300 Lbs Sortation Center for Jacksonville Market,"4948 Bulls Bay Highway, Jacksonville, Florida, USA, 32219",False,False,False,False,False,False,False
06_us_sortation_center,25,Florida,JAX9,13450 Waterworks St,Jacksonville,Florida,32221,,,2021,,year,Center {OXD) for Jacksonville,"13450 Waterworks St., Jacksonville, Florida, USA, 32221",False,False,False,False,False,False,False
06_us_sortation_center,26,Florid ence,RSW5,8250 Logistics Drive,Fort Myers,Florida,33912,,11,2021,,month,Outbound Cross Dock Center (OXD) for Fort Meyers,"8250 Logistics Drive, Fort Myers, Florida, USA, 33912",False,False,False,False,False,False,False
06_us_sortation_center,27,Florida,,State Road 52 and Bellamy Brothers Boulevard,Land 0’ Lakes,Florida,33576,617200,,2026,,year,utbound Bross Center (OXD) for parr) ¥-,"State Road 52 and Bellamy Brothers Boulevard, Land 0’ Lakes, Florida, USA, 33576",False,False,False,False,False,False,False
06_us_sortation_center,28,,,4200 North Commerce Dr,East Point,Georgia,30344,301200,3,2014,,month,ATL6 AIL6 is a Sortation Center for the Atlanta,"4200 North Commerce Dr, East Point, Georgia, USA, 30344- 5707",False,False,False,False,False,False,False
06_us_sortation_center,29,Georgia,MGES5,235 Hog Mountain Road,Jefferson,Georgia,30549,459000,3,2018,,month,Market MGE5 is a Sortation Center for Atlanta Area. XIX8 is a small inbound cross dock,"235 Hog Mountain Road, Jefferson, Georgia, USA, 30549- 2009",False,False,False,False,False,False,False
06_us_sortation_center,30,: Georgia,MGE9,6400 Buffington Road,Atlanta,Georgia,30291,278000,12,2021,,month,operation. Sortation Center,"4905 Derrick Rd, Atlanta, 6400 Buffington Road, Union City, Atlanta, Georgia, USA, 30291",False,False,False,False,False,False,False
06_us_sortation_center,31,:,AGS5,785 Innovation Parkway,Appling,Georgia,30802,278000,10,2024,,month,Sortation Center for Augusta Region.,"785 Innovation Parkway, Appling, Georgia, USA, 30802",False,False,False,False,False,False,False
06_us_sortation_center,32,fino,,2201 E. Freight St,Boise,Idaho,83716,278500,9,2021,,month,Sortation Center for Boise area.,"2201 E. Freight St., Ada, Boise, Idaho. USA. 83716",False,False,False,False,False,False,False
06_us_sortation_center,33,,,16824 Enterprise Blvd,Crest Hill,Illinois,60435,438200,,,,none,Sortation Center for Small Parcels to SW Chicago Market,"16824 Enterprise Blvd., Crest Hill, Illinois, USA, 60435",False,False,False,False,False,False,False
06_us_sortation_center,34,,MKE6,3940 S Lakeside Drive,Waukegan,Illinois,60085,517000,9,2024,,month,Sortation (Cantar Center far for Channahon Aran Area SW CW nf of Sortation Center for Chicago/Milwaukee.,"23700 VAS W Bluff DA Rd, Channahan Channahon, 3940 S Lakeside Drive, Waukegan, Illinois, USA, 60085",False,False,False,False,False,False,False
06_us_sortation_center,35,inden,MQJ5,1800 Smith Road,Plainfield,Indiana,46168,715300,,2021,4,quarter,Sortation : Center for Indianapolis.,"1800 Smith Road, Plainfield, Indiana. USA. 46168",False,False,False,False,False,False,False
06_us_sortation_center,36,,HLO3,4677 Peter Schickel Way NE,Georgetown,Indiana,47122,278000,,2023,,year,Sortation Center built in 2021. Delayed Sortation Center for Louisville.,"120 Jim Black Road, Franklin, 4677 Peter Schickel Way NE, Georgetown, Indiana, USA, 47122",False,True,False,False,False,False,False
06_us_sortation_center,37,,PSM9,2300 Shiloh Rose Parkway S.W,Des Moines,Iowa,50035,282000,,2021,,year,Center for Des Moines area 92.,"2300 Shiloh Rose Parkway S.W.,Bondurant, Des Moines, lowa, USA, 50035",False,False,False,False,False,False,False
06_us_sortation_center,38,,MCI5,16851 W 113th St,Building 4,Lenexa Kansas,66219,260700,,2014,,year,Sortation Center for Kansas Market,"16851 W 113th St, Building 4, Lenexa Kansas. USA. 66219",False,False,False,False,False,False,False
06_us_sortation_center,39,,,2285 Litton Lane,Hebron,Kentucky,41048,,9,2013,,month,CVGS is a Super Sortation Center. Sq Ft included in CVG7 Amazon Pantry.,"2285 Litton Lane, Hebron, Kentucky, USA, 41048-8435",False,False,False,False,False,True,False
06_us_sortation_center,40,Kentucky,CVG9,2305 Litton Lane,Hebron,Kentucky,41048,646500,,2017,4,quarter,"CVG39 is the automated, high-velocity Hub of the Amazon North American Sort Center (NASC) Network capable of sorting and","2305 Litton Lane, Building 1, Hebron, Kentucky, USA, 41048- 9397",False,False,False,False,False,False,False
06_us_sortation_center,41,,LUK5,660 Erlanger Rd,Erlanger,Kentucky,41018,575700,9,2020,,month,shipping more than 5 million customer packages per week. Sortation Center for Cincinnati ae area,"660 Erlanger Rd, Building 3, Erlanger, Kentucky, USA, 41018",False,False,False,False,False,False,False
06_us_sortation_center,42,,BTR9,3191 Webster Lane,Port Allen,Louisiana,70767,235000,11,2021,,month,Sortation Center for Baton Rouge.,"3191 Webster Lane, Port Allen, Louisiana. USA. 70767-4100",False,False,False,False,False,False,False
06_us_sortation_center,43,Maryland,UMD1,5001 Holabird Ave,Baltimore,Maryland,21224,345000,10,2014,,month,Sortation Center connected by — conveyor to the BWI2 Fulfillment Center,"5001 Holabird Ave., Baltimore, Maryland, USA, 21224-6026",False,False,False,False,False,False,False
06_us_sortation_center,44,Maryland,MTN2,913 Old Philadelphia Road,Aberdeen,Maryland,21001,280000,10,2020,,month,MTN2 is a Sortation Center for Baltimore Area. MTN7 is a returns center.,"913 Old Philadelphia Road, Aberdeen, Maryland, USA, 21001-4024",False,False,False,False,False,False,False
06_us_sortation_center,45,Maryland,MTN5,5300 Holabird Ave,Baltimore,Maryland,21224,248000,4,2019,,month,Sortation Center for Baltimore Area,"5300 Holabird Ave., Baltimore, Maryland, USA, 21224",False,False,False,False,False,False,False
06_us_sortation_center,46,Maryland,MTN6,1701 Finishing Mills Road,Edgemere,Maryland,21219,702200,,,,none,Sortation Center for Baltimore Area,"1701 Finishing Mills Road, Sparrow's Point, Edgemere, Maryland, USA, 21219-1057",False,False,False,False,False,False,False
06_us_sortation_center,47,Maryland,MTN8,811 Wesel Boulevard,Hagerstown,Maryland,21740,278000,,2025,,year,Sortation Center for Washington DC,"811 Wesel Boulevard, Building 2, Hagerstown, Maryland, USA, 21740-8124",False,False,False,False,False,False,False
06_us_sortation_center,48,,BOS4,1 National St,Milford,Massachusatis,01757,322000,10,2020,,month,Sortation Center for Boston Area.,"1 National St, Milford, Massachusatis. USA, 01757",False,False,False,False,False,False,False
06_us_sortation_center,49,Massachusetts,BOS5,1000 Technology Center Drive,Stoughton,Massachusetts,02072,332700,11,2014,,month,Sortation Center for Boston Market,"1000 Technology Center Drive, Stoughton, Massachusetts, USA, 02072-4744",False,False,False,False,False,False,False
06_us_sortation_center,50,Massachusetts,OWD5,330 Bartlett Street,Northborough,Massachusetts,01532,300000,,2020,,year,Sortation Center for Northborough Area.,"330 Bartlett Street, Northborough, Massachusetts, USA, 01532",False,False,False,False,False,False,False
06_us_sortation_center,51,Massachusetts,OWD9,350 Bartlett Street,Northborough,Massachusetts,01532,300000,10,2020,,month,Sortation Center for Northborough Area.,"350 Bartlett Street, Northborough, Massachusetts, USA, 01532",False,False,False,False,False,False,False
06_us_sortation_center,52,Massachusetts,,515 Douglas,Uxbridge,Massachusetts,01569,,9,2024,,month,Sortation Center for Worcester/Providence Market.,"515 Douglas, Uxbridge, Massachusetts, USA, 01569",False,False,False,False,False,False,False
06_us_sortation_center,53,Michigan,,19991 Brownstown Center Drive,Trenton,Michigan,48183,210000,,2015,4,quarter,Sortation Center for Detroit Market,"19991 Brownstown Center Drive, Building 9, Trenton, Michigan, USA, 48183",False,False,False,False,False,False,False
06_us_sortation_center,54,Michigan,DTW8,9075 N Haggerty Road,Plymouth,Michigan,48170,330000,,2021,,year,Sortation Center for Plymouth Ml Market.,"9075 N Haggerty Road, Plymouth, Michigan, USA, 48170-4630",False,False,False,False,False,False,False
06_us_sortation_center,55,Michigan,DTW9,18000 Vining Road,New Boston,Michigan,48174,516800,,2021,3,quarter,Sortation Center for Detroit Market.,"18000 Vining Road, Wayne, New Boston, Michigan, USA, 48174",False,False,False,False,False,False,False
06_us_sortation_center,56,Michigan,GRR5,6665 Patterson Ave SECaledonia,Gaines Township,Michigan,49316,275000,,2025,,year,im Rap : Merkel q Ft is an estimate. Project delayed.,"6665 Patterson Ave SECaledonia, Gaines Township, Michigan, USA, 49316",False,True,False,False,False,False,False
06_us_sortation_center,57,,MSP7,10440 89th Ave N,Maple Grove,Minnesota,55369,297000,10,2024,,month,Sortation Center for Minneapolis Market,"10440 89th Ave N, Hennepin, Maple Grove , Minnesota, USA, 55369-4061",False,False,False,False,False,False,False
06_us_sortation_center,58,,MSP8,11975 Hudson Rd,Woodbury,Minnesota,55129,552800,,,,none,Sortation Center for Minneapolis Market,"11975 Hudson Rd, Woodbury, Minnesota. USA. 55129",False,False,False,False,False,False,False
06_us_sortation_center,59,,MSP9,9001 Wyoming Ave N,Brooklyn Park,Minnesota,55445,362600,,2019,1,quarter,Sortation Center for Minneapolis Market,"9001 Wyoming Ave N, Brooklyn Park. Minnesota. USA. 55445",False,False,False,False,False,False,False
06_us_sortation_center,60,,STL5,462 Hazelwood Logistics Center Drive,Hazelwood,Missouri,63042,348500,,,,none,Manual Sortation Center for St. Louis Market,"462 Hazelwood Logistics Center Drive, Building 3, Hazelwood, Missouri, USA, 63042",False,False,False,False,False,False,False
06_us_sortation_center,61,,STL9,8850 Springdale Ave,Missouri,Missouri,63114,278000,1,2022,,month,Sortation Center for St Louis Market.,"8850 Springdale Ave, Berkeley, Missouri. Missouri, USA, USA. 63114-2403",False,False,False,False,False,False,False
06_us_sortation_center,62,,,2299 South Withers Road,Liberty,Missouri,64068,517000,8,2022,,month,Sortation Center for Kansas City Market. Project Marine.,"2299 South Withers Road, Liberty, Missouri, USA, 64068",False,False,False,False,False,False,False
06_us_sortation_center,63,New Jersey,ACY5,5549 N Hollywood Blvd,Logan Township,New Jersey,08085,202900,,,,none,VGT5 is a Sortation Center for Las Vegas Sortation Center for New Jersey Market,"5549 N Hollywood Blvd, Las 2277 Center Square Rd , Swedesboro, Logan Township, New Jersey, USA, 08085",False,False,False,False,False,False,False
06_us_sortation_center,64,,ACY8,8 Campus Drive,Burlington,New Jersey,08016,253500,,,,none,Sortation Center for New Jersey Market,"8 Campus Drive, Burlington, New Jersey, USA, 08016",False,False,False,False,False,False,False
06_us_sortation_center,65,,EWRS5,301 Blair Road #100,Avenel,New Jersey,07001,565400,,,,none,Sortation Center and Returns Center,"301 Blair Road #100, Avenel, New Jersey, USA, 07001-2225",False,False,False,False,False,False,False
06_us_sortation_center,66,,PNE5,18 Applegate Drive,Robbinsville,New Jersey,08691,,10,2017,,month,PNE5 is a Sortation Center for Philadelphia/Trenton. XIX1 is an inbound crossdock center of,"18 Applegate Drive, Robbinsville, New Jersey, USA, 08691-2342",False,False,False,False,False,False,False
06_us_sortation_center,67,New Jersey,CDW9,703 Bartley-Chester Rd,Flanders,New Jersey,07836,273600,,2020,4,quarter,"about 11,000 sq ft launched in May 2019 Sortation Center. Center: Formerly Formerty'a a Toys R Us distribution center.","703 Bartley-Chester Rd, Flanders. Flanders, New Jersey, Jersey. USA. USA, 07836",False,False,False,False,False,False,False
06_us_sortation_center,68,New Jersey,,2205 State Route 27,Edison,New Jersey,08817,900000,,,,none,LGAS is a Sortation Center. HNE1 is a Heavy/Bulky Delivery Station. Sq Ft is an Estimate.,"2205 State Route 27, Middlesex, Edison, New Jersey, USA, 08817-3313",False,False,False,False,True,False,False
06_us_sortation_center,69,New Mexico,,15480 Reservoir Road NW,Albuquerque,New Mexico,87121,270000,,2021,4,quarter,ABQS5 is a Sortation Center for Albuquerque Market. Project Chico. WQQ2 is a co- located rural delivery station.,"15480 Reservoir Road NW, Albuquerque, New Mexico, USA, 87121",False,False,False,False,False,False,False
06_us_sortation_center,70,New York,BUF5,4201 Walden Avenue,Lancaster,New York,14086,525000,,2017,,year,Soe Buffalo/Rochester Area.,"4201 Walden Avenue, Lancaster, New York, USA, 14086",False,False,False,False,False,False,False
06_us_sortation_center,71,New York,,526 Gulf Ave,Staten Island,New York,40314,975000,,,,none,8 Sortation Center tr New Yor ity. is a Delivery Station.,"526 Gulf Ave., Richmond, Staten Island, New York, USA, 40314-7120",False,False,False,False,False,False,False
06_us_sortation_center,72,,,South Side of Route 150 at the corner of US 9 and 20,Schodack,New York,12156,,,,,none,Sortation Center for Albany Market. Project delayed 2 years.,"South Side of Route 150 at the corner of US 9 and 20, Schodack, New York, USA, 12156",False,True,False,False,False,False,False
06_us_sortation_center,73,New York,,90 Shepard Road,Rochester,New York,14624,,,,,none,Rochester Market Project delayed 2 years.,"90 Shepard Road, Ogden, Rochester, New York, USA, 14624",False,True,False,False,False,False,False
06_us_sortation_center,74,North Carolina,CLT5,7040 Northwinds Drive NW,Concord,North Carolina,28027,402400,,2014,,year,Sortation Center for Charlotte.,"7040 Northwinds Drive NW, Concord, North Carolina, USA, 28027-3353",False,False,False,False,False,False,False
06_us_sortation_center,75,North Carolina,CLT9,3620 Reeves Ridge Rd,Charlotte,North Carolina,28214,566800,,,,none,an Charette,"3620 Reeves Ridge Rd, WestPark 85, Charlotte, North Carolina, USA, 28214",False,False,False,False,False,False,False
06_us_sortation_center,76,North Carolina,HRD1,1805 TW Alexander Drive,Durham,North Carolina,27703,324500,,2016,,year,Sortation Center for Raleigh/Durham,"1805 TW Alexander Drive, Durham, North Carolina, USA, 27703-8389",False,False,False,False,False,False,False
06_us_sortation_center,77,North Carolina,RDU9,3875 Senator Ralph Scott Parkway,Granam,North Carolina,27302,297700,,,,none,or oh seer,"3875 Senator Ralph Scott Parkway, Mebane, Graham, Granam, North Carolina, USA, 27302",False,False,False,False,False,False,False
06_us_sortation_center,78,,,8685 Independence Parkway,Twinsburg,Ohio,44087,248000,,2016,,year,CLE5 is a Sortation Center for Cleveland HCE1 is a Heavy/Bulky Delivery Station for,"8685 Independence Parkway, Twinsburg, Ohio, USA, 44087- 1971",False,False,False,False,False,False,False
06_us_sortation_center,79,,LPR5,5585 W. Canal Road,Valley View,Ohio,44125,237000,3,2023,,month,products 60 - 300 Lbs CLE9 is a Sortation Center for Cleveland,"5585 W. Canal Road, Valley View. Ohio. USA. 44125",False,False,False,False,False,False,False
06_us_sortation_center,80,,CMH5,6400 State Route 29,West Jefferson,Ohio,43162,275000,12,2024,,month,Sortation Center for Dayton-Springfield- Columbus Market Regions. Sq Ft is an,"6400 State Route 29, West Jefferson, Ohio, USA, 43162- 9746",False,False,False,False,False,False,False
06_us_sortation_center,81,Oklahoma,OKC9,1414 S. Council Road. Oklahoma City,,Oklahoma,73128,300000,12,2017,,month,estimate. Se is a Sortation Center for Oklahoma OKC9 OKC39 is a Returns Center,"1414 S. Council Road. Oklahoma City, Oklahoma, USA. 73128",False,False,False,False,False,False,False
06_us_sortation_center,82,Oklahoma,TUL5,3400 N Mingo Road,Tulsa,Oklahoma,74116,275000,,2021,4,quarter,HOK1 is for Heavy/Bulky Deliveries Sortation Center for Tulsa Market.,"3400 N Mingo Road, Tulsa, Oklahoma. USA. 74116",False,False,False,False,False,False,False
06_us_sortation_center,83,ae Oregon,PDX5,5647 NW Huffman Street,Hillsboro,Oregon,97124,303000,,2016,,year,"PDX5 is a Sortation Center for Portland, Penland OR Or HIO9 Returns Center","5647 NW Huffman Street, Hillsboro, Oregon, Wc USA, 97124- 5848",False,False,False,False,False,False,False
06_us_sortation_center,84,,EUG5,401 N Schmeer Road,Portland,Oregon,97217,272600,8,2021,,month,is a co-located Sortation Center for Portland OR.,"401 N Schmeer Road, Portland, Oregon, USA, 97217",False,False,False,False,False,True,False
06_us_sortation_center,85,Pennsylvania,PIT5,2250 Roswell Drive,Pittsburgh,Pennsylvania,15205,252500,,2015,,year,Sortation Center #1 for Pittsburgh,"2250 Roswell Drive, Fairywood, Pittsburgh, Pennsylvania, USA, 15205-1800",False,False,False,False,False,False,False
06_us_sortation_center,86,,,17 William Drive,Imperial,Pennsylvania,15126,,9,2021,,month,"Sortation Center serves parts of Pennsylvania, Ohio and West Virginia.","17 William Drive, Imperial, Pennsylvania, USA, 15126",False,False,False,False,False,False,False
06_us_sortation_center,87,= want,MDT5,200 Goodman Dr,Lewisberry,Pennsylvania,17339,580000,11,2021,,month,MDT5 is a Sortation Center for Harrisburg/Y ork PA Region.,"200 Goodman Dr, Lewisberry, Pennsylvania, USA, 17339",False,False,False,False,False,False,False
06_us_sortation_center,88,Pennsylvania,HGR5,1480 United Drive,Chambersburg,Pennsylvania,17257,1050300,,2023,4,quarter,Role of Facility TBD,"1480 United Drive, Shippensburg, Chambersburg, Pennsylvania, USA, 17257",True,False,False,False,False,False,False
06_us_sortation_center,89,ennessee,BNA4,50 Airways Blvd,Nashville,Tennessee,37217,714000,9,2014,,month,BNAS is a Sortation Center for Nashville and Knowille,"50 Airways Blvd. , Nashville, Tennessee, USA, 37217-2516",False,False,False,False,False,False,False
06_us_sortation_center,90,Tennessee,,23 Athelete’s Way N,Mount Juliet,Tennessee,37122,609600,4,2024,,month,Center,"23 Athelete’s Way N, Building 7, Mount Juliet, Tennessee, USA, 37122",False,False,False,False,False,False,False
06_us_sortation_center,91,Tennessee,,1000 Darrell Waltrip Drive,Lebanon,Tennessee,37090,278700,,2021,,year,Sortation Center for Nashville Market.,"1000 Darrell Waltrip Drive, Lebanon, Tennessee, USA, 37090",False,False,False,False,False,False,False
06_us_sortation_center,92,,,271 Mason Rd,La Vergne,Tennessee,37086,256000,11,2020,,month,Sortation Center for Nashville.,"271 Mason Rd, La Vergne, Tennessee. USA. 37086",False,False,False,False,False,False,False
06_us_sortation_center,93,,MEMS5,5155 — Citation Drive,Memphis,Tennessee,38118,400000,,2019,,year,MEMS is a Sortation Center for Memphis. XIX4 is a small inbound cross dock,"5155 — Citation Drive, Memphis, Tennessee. USA. 38118-7830",False,False,False,False,False,False,False
06_us_sortation_center,94,Tennessee,,201 Partnership Parkway,Tennessee,Tennessee,37801,978700,11,2023,,month,operation. Sortation Center for Knoxville Market. Project Shamrock.,"201 Partnership Parkway, Maryville, Viaryville, Tennessee, tennessee, USA, 37801",False,False,False,False,False,False,False
06_us_sortation_center,95,Texas,DFW68,2700 Regent Bivd,Ining,Texas,75063,458500,,,,none,DFW/8: Sortation Center for Dallas/Fort Worth DFW9: Prime,"2700 Regent Bivd, Ining, Texas, USA. 75063",False,False,False,False,False,False,False
06_us_sortation_center,96,Texas,UTX1,8120 Humble Westfield Rd,Humble,Texas,77338,240000,6,2014,,month,Amazon Pantry Center for fon and South,"8120 Humble Westfield Rd, Humble, Texas, USA, 77338- 4142",False,False,False,False,False,False,False
06_us_sortation_center,97,Texas,HO1,1410 S. Callaghan Road,San Antonio,Texas,78227,193900,11,2015,,month,Louisiana Market Sortation Center for San Antonio Market,"1410 S. Callaghan Road, San Antonio, Texas, USA, 78227- 2204",False,False,False,False,False,False,False
06_us_sortation_center,98,exes,SAT9,1214 N Foster Road,San Antonio,Texas,78219,,11,2021,,month,SAT9 is a Sortation Center for San Antonio Market. ABS2 is a national inbound cross dock,"1214 N Foster Road, San Antonio, Texas, USA, 78219",False,False,False,False,False,False,False
06_us_sortation_center,99,Texas,XIX3,Southport Parkway. Parkway,Wilmer,Texas,75172,394900,10,2018,,month,center DALY is a Sortation Center for the Dallas/Fort Worth Market. XIX3 is a small inbound cross dock,"Southport Parkway. Parkway, Building #7, Wilmer, Texas, USA. 75172-1265",False,False,False,False,False,False,False
06_us_sortation_center,100,Texas,AUS5,2575 Kohler Crossing,le,Texas,78640,307800,10,2020,,month,"operation of about 11,000 sq ft.. Sortation Center for Austin Market.","2575 Kohler Crossing, Ky Kyle, le, Texas. USA. 78640-5345",False,False,False,False,False,False,False
06_us_sortation_center,101,Texas,,22525 Clay Rd,Katy,Texas,77449,805600,10,2020,,month,Sortation Center. Project McFly. Amazon Clay 99 Sort Center.,"22525 Clay Rd, Katy, Texas, USA, 77449-8200",False,False,False,False,False,False,False
06_us_sortation_center,102,,RBD5,3500 S. Airfield Dr,Dallas,Texas,75261,517500,5,2022,,month,Sortation Center for Dallas TX.,"3500 S. Airfield Dr., Irving, Dallas. Texas. USA. 75261",False,False,False,False,False,False,False
06_us_sortation_center,103,Texas,,Hunter Street,Lubbock,Texas,79403,,,2021,,year,"Sortation Center for FCs in Albuquerque, Oklahoma, Houston, Dallas, San Antonio,","Hunter Street, Lubbock, Texas, USA, 79403",False,False,False,False,False,False,False
06_us_sortation_center,104,Texas,IAH5,8903 Warehouse Center Drive,Humble,Texas,77338,296100,12,2024,,month,and Austin. Sortation Center for Houston TX.,"8903 Warehouse Center Drive, Building B, Humble, Texas, USA, 77338",False,False,False,False,False,False,False
06_us_sortation_center,105,,AFW5,12728 Lake June Road,Balch Springs,Texas,75180,670000,11,2021,,month,"Sortation Center for Dallas West, TX","12728 Lake June Road, Balch Springs, Texas, USA, 75180",False,False,False,False,False,False,False
06_us_sortation_center,106,prof,,2250 N I-35,Georgetown,Texas,78626,519000,,2025,,year,"Sortation Center for Austin, TX","2250 N I-35, Georgetown, Texas. USA. 78626",False,False,False,False,False,False,False
06_us_sortation_center,107,,,808 North 6550 West,Salt Lake City,Utah,84116,,,,,none,Sortation Center for the Salt Lake City Market. Sq Ft is an Estimate.,"808 North 6550 West, Salt Lake City, Utah, USA, 84116-2844",False,False,False,False,True,False,False
06_us_sortation_center,108,Virginia,RIC5,11600 N. Lakeridge Parkway,Ashland,Virginia,23005,328100,9,2017,,month,RIC9 is Retums Center,"11600 N. Lakeridge Parkway, Ashland, Virginia, USA, 23005",False,False,False,False,False,False,False
06_us_sortation_center,109,Washington,ASE3,20526 59th Place South,Kent,Washington,98032,320900,7,2014,,month,a co-located Sortation Center for Seattle Market,"20526 59th Place South, Building B, Kent, Washington, USA, 98032",False,False,False,False,False,True,False
06_us_sortation_center,110,,RNT9,7449 45th Street Ct E,Fife,Washington,98424,516600,,2021,4,quarter,Sortation : Center for Tacoma Market,"7449 45th Street Ct E, Fife, Washington, USA, 98424-3775",False,False,False,False,False,False,False
06_us_sortation_center,111,Washington,,6125 S. Hayford Road,Spokane,Washington,99224,278000,,2023,,year,Dock tener for Spokane ¥- yn,"6125 S. Hayford Road, West Plains, Spokane, Washington, USA, 99224",False,False,False,False,False,False,False
06_us_sortation_center,112,Washington,,5500 N.E. 162nd Ave,Vancouver,Washington,98682,647800,,2025,,year,Not confirmed yet.,"5500 N.E. 162nd Ave, Vancouver, Washington, USA, 98682",True,False,False,False,False,False,False
06_us_sortation_center,113,Wisconsin,MKE5,11211 Burlington Road,Kenosha,Wisconsin,53144,500000,10,2014,,month,MKES5 is a Sortation Center for Milwaukee Market. XIX5 is a small inbound cross dock operation. HMK1 is a heavy/bulky Delivery Station for Milwaukee for products between 60 and 300 Lbs,"11211 Burlington Road, Kenosha, Wisconsin, USA, 53144-7449",False,False,False,False,False,False,False
07_us_air_gateway_hub,0,KMOB,,2455 Michegan Ave,Mobile,Alabama,36615,16000,,,,none,Amazon Air. Regional Air Hub for Mobile,"2455 Michegan Ave, Mobile, Alabama. USA. 36615",False,False,False,False,False,False,False
07_us_air_gateway_hub,1,,,6375 Kulis Dr,Anchorage,Alaska,99502,,,,,none,Amazon Air. Regional Air Hub for Anchorage - Not yet confirmed,"6375 Kulis Dr, Anchorage, Alaska, USA, 99502",True,False,False,False,False,False,False
07_us_air_gateway_hub,2,KFAI,,5385 Airport Industrial Rd,Fairbanks,Alaska,99709,23200,3,2021,,month,Amazon Air Sortation at Fairbanks Airport.,"5385 Airport Industrial Rd, Fairbanks. Alaska. USA. 99709",False,False,False,False,False,False,False
07_us_air_gateway_hub,3,KPHX,,ie Arizona,,ie Arizona,85034,28600,,2021,,year,Amazon Air Hub at Phoenix Sky Harbor International Airport operated by Worldwide,"ie Arizona, USA, 85034",False,False,False,False,False,False,False
07_us_air_gateway_hub,4,KRIV,,17101 Heacock St,Moreno Valley,California,92551,70000,5,2019,,month,Flight Services. Amazon Air. Inland Empire Riverside ee Air Hub,"17101 Heacock St, Moreno Valley, California, USA, 92551",False,False,False,False,False,False,False
07_us_air_gateway_hub,5,KSBD,,255 ast ud ues,San Bernardino,California,92408,708000,4,2021,,month,"Amazon Air Hub at Ontario CA Airport. Sq Regional Air Hub: East Gate Air Cargo ret Nally. y ft and 2 smaller Mair buildings are 25,000 sq ft.","2200 E Airport Dr, Ontario, 255 ast ud ues, San Bernardino, California, USA, 92408",False,False,False,False,False,False,False
07_us_air_gateway_hub,6,KSMF,,5910 Flightline Circle,Sacramento,California,95837,40500,,2018,,year,"parking for 14 aircraft, 2,000 cars, and 380 trailers. eee Sacramento","5910 Flightline Circle, Sacramento, California, USA, 95837",False,False,False,False,False,False,False
07_us_air_gateway_hub,7,KBDL,,100 Cargo Rd,Windsor Locks,Connecticut,06096,394000,,,,none,SPE amazon Ae 9,"Air Cargo East, 100 Cargo Rd, Windsor Locks, Connecticut, USA, 06096",False,False,False,False,False,False,False
07_us_air_gateway_hub,8,KLAL,,4145 Kidron Rd,Lakeland,Florida,33811,,,,,none,3-Storey Amazon Air with robotics. Regional Air Hub with 7 jet cargo hanger.,"4145 Kidron Rd, Lakeland, Florida, USA, 33811-1275",False,False,False,False,False,False,False
07_us_air_gateway_hub,9,KHNL,,Inouye Airport,Honolulu,Hawaii,96819,30000,,2018,,year,in 2021. Amazon Air 9 Regional Air Hub for Honolulu Sq Ft is an estimate.,"Inouye Airport, Honolulu, Hawaii, USA, 96819",False,False,False,False,True,False,False
07_us_air_gateway_hub,10,KBOI,,W. Gowen Road,Boise,Idaho,83705,31000,,2023,,year,Amazon Air Sortation at Boise Airport.,"W. Gowen Road, Boise, Idaho, USA. 83705",False,False,False,False,False,False,False
07_us_air_gateway_hub,11,KDSM,,Des Moines International Airport vicinity,Des Moines,Iowa,50321,40500,,2022,,year,Amazon Air Sortation at Des Moines Airport.,"Des Moines International Airport vicinity, Des Moines, lowa, USA, 50321",False,False,False,False,False,False,False
07_us_air_gateway_hub,12,,,5624 Kishwaukee Rd,Rockford,Illinois,61109,,,,,none,"Amazon Air. Regional Midwest Air Hub was expanded to 912,000 Sq Ft. Transitioned from 3PL Pinnacle Logistics to Amazon in","5624 Kishwaukee Rd., Rockford, Illinois, USA, 61109",False,False,False,False,False,False,False
07_us_air_gateway_hub,13,KCVG,,,,,41042,798000,,,,none,May 2020. Amazon Air. 7-level high Air Hub with 7 facilities. Phase 1 opened in 2021. Includes parking space for 100 cargo jets. This first ei phase represents one third of the 3 Million,"191 Wendell H Ford Blvd, Florence, Hebron, Kentucky, USA, ee ee 41042 ee",False,False,False,False,False,False,False
07_us_air_gateway_hub,14,KBWI,,1351 & 27350 Mathison Way,Baltimore,Maryland,21240,200000,11,2020,,month,sq ft that will eventually be built. Air Hub for New Orleans. Sq Ft is an Amazon Air. New Air Hub for Baltimore. Transition from 3PL Pinnacle Logistics to Amazon in May 2020.,"1 Terminal Dr #100, Kenner, 1351 & 27350 Mathison Way, Baltimore, Maryland, USA, 21240",False,False,False,False,False,False,False
07_us_air_gateway_hub,15,KKCI,,Kansas City International Airport,Kansas City,Missouri,64153,34000,5,2021,,month,amazon a Sortation a Flub at ae Kansas : City,"Kansas City International Airport, Kansas City, Missouri, USA, 64153",False,False,False,False,False,False,False
07_us_air_gateway_hub,16,,,4501 Abbott Drive,Omaha,Nebraska,68810,,2,2022,,month,Package handling at Eppley Airport supported by GAT Airline Ground Support,"4501 Abbott Drive, Omaha, Nebraska, USA, 68810",False,False,False,False,False,False,False
07_us_air_gateway_hub,17,KMHT,,1 Airport Road,Manchester,New Hampshire,03103,63400,11,2022,,month,Package handling at Manchester-Boston Airport,"1 Airport Road, Manchester, New Hampshire, USA, 03103",False,False,False,False,False,False,False
07_us_air_gateway_hub,18,KABQ,,2505 Clark Carr Loop SE,Albuquerque,New Mexico,87106,30800,,,,none,amazon Pir Soratien:at Albuquerque pon.,"2505 Clark Carr Loop SE, Albuquerque, New Mexico, USA, 87106",False,False,False,False,False,False,False
07_us_air_gateway_hub,19,KILN,,150 Ruane Drive,Wilmington,Ohio,45177,950000,6,2019,,month,Amazon Air. New Air Hub sortation center wilmington.,"150 Ruane Drive, Wilmington, Ohio, USA, 45177-7709",False,False,False,False,False,False,False
07_us_air_gateway_hub,20,KTOL,,2 Air Cargo Parkway,Toledo,Ohio,43558,65000,3,2021,,month,Amazon Air Sortation at Toledo Airport. Operated by 3PL Pinnacle Logistics.,"2 Air Cargo Parkway, Toledo, Ohio, USA, 43558",False,False,False,False,False,False,False
07_us_air_gateway_hub,21,a,,2202 Hangar Place,Allentown,Pennsylvania,18109,,,,,none,Air Hub for Allentown operated by 3PL Pinnacle Logistics.,"2202 Hangar Place, Allentown, Pennsylvania, USA, 18109",False,False,False,False,False,False,False
07_us_air_gateway_hub,22,KPIT,,Pitttsburgh International Airport,Pittsburgh,Pennsylvania,15231,50000,5,2021,,month,Air : : ae Pitts Burge Int. Airport.,"Pitttsburgh International Airport, Pittsburgh, Pennsylvania, USA, 15231",False,False,False,False,False,False,False
07_us_air_gateway_hub,23,KGEG,,301 Intermodal Parkway,Spokane,Washington,99224,30800,10,2021,,month,"Amazon Air. Regional Air Hub at Alliance, Amazon Air. Regional Air Hub for Austin TX Amazon Air Sortation at Spokane Airport.","301 Intermodal Parkway, Fort 9400 Freight Ln, Austin, Texas, S Spotfield Road, Spokane, Washington, USA, 99224",False,False,False,False,False,False,False
08_us_delivery_station,0,,,6735 Trippel Road,Theodore,Alabama,36582,,10,2019,,month,Delivery Station for Mobile; Sq Ft included in MOBS,"6735 Trippel Road, Theodore, Alabama, USA, 36582",False,False,False,False,False,True,False
08_us_delivery_station,1,,DBM4,225 Daniel Payne Drive,Hooper City,Alabama,35207,96800,,2025,,year,Delivery Station for North Birmingham. Not yet confirmed.,"225 Daniel Payne Drive, Hooper City, Alabama, USA, 35207",True,False,False,False,False,False,False
08_us_delivery_station,2,Alabama,DBM5,7600 Crestwood Boulevard,Birmingham,Alabama,35210,201500,,2024,,year,Delivery Station for Eastwood Birmingham Region. Currently the site of the Century Plaza closed in 2009.,"7600 Crestwood Boulevard, Eastwood, Birmingham, Alabama, USA, 35210",False,False,False,True,False,False,False
08_us_delivery_station,3,,,340 Virginia Ave,Daleville,Alabama,36322,10000,9,2022,,month,Rural Wagon Wheel Delivery Station. Sq Ft is an estimate. Rural Wagon Wheel Delivery Station.,"340 Virginia Ave, Daleville, Alabama, USA36322 212 S 3 Notch St, Troy, Alabama. USA. 36081",False,False,False,False,True,False,True
08_us_delivery_station,4,SS,,423 Kelley Drive,Dothan,Alabama,36303,79000,12,2024,,month,Delivery Station for Dothan.,"423 Kelley Drive, Dothan, Alabama. USA. 36303",False,False,False,False,False,False,False
08_us_delivery_station,5,,,5900 Old Seward Hwy,Anchorage,Alaska,99518,,11,2023,,month,Rural Wagon Wheel Delivery Station for Anchorage Region.,"5900 Old Seward Hwy, Anchorage, Alaska, USA, 99518",False,False,False,False,False,False,True
08_us_delivery_station,6,,,3121 Airport Way,Fairbanks,Alaska,99709,47000,,2025,1,quarter,Delivery Station for Fairbanks Alaska,"3121 Airport Way, Fairbanks, Alaska. USA. 99709",False,False,False,False,False,False,False
08_us_delivery_station,7,Arizona,DAZ2,2050 East Riverview Drive,Phoenix,Arizona,85034,278200,,,,none,Delivery Station for Phoenix.,"2050 East Riverview Drive, Phoenix, Arizona, USA, 85034- 6852",False,False,False,False,False,False,False
08_us_delivery_station,8,Ari nZone,DAZ9,7300 N Silverbell Rd,Tucson,Arizona,85743,,12,2023,,month,DAZ9 is a Delivery Station and PDC for North Tucson. HTC2 is a Heavy/Bulky Delivery Station.,"7300 N Silverbell Rd, Tucson, Arizona, USA, 85743",False,False,False,False,False,False,False
08_us_delivery_station,9,:,DPX1,500 S 48th St,Phoenix,Arizona,85034,,5,2015,,month,Launch was delayed. Delivery Station for Phoenix West Valley so &t included in in UAZ1.,"500 S 48th St, Phoenix, arizona, USA, 85034-3101",False,True,False,False,False,True,False
08_us_delivery_station,10,,DPX3,550 E. Elliot Rd,Chandler,Arizona,85225,91200,5,2017,,month,Delivery Station for Phoenix East Valley,"550 E. Elliot Rd, Chandler, Arizona. USA. 85225",False,False,False,False,False,False,False
08_us_delivery_station,11,,DPX4,1516 W 17th St,Tempe,Arizona,85281,106700,9,2020,,month,Delivery Station for Tempe / Phoenix.,"1516 W 17th St, Tempe, Arizona. USA. 85281",False,False,False,False,False,False,False
08_us_delivery_station,12,,DPX6,14000 W Grant St,Goodyear,Arizona,85338,432200,,,,none,Delivery Station for Phoenix South East Delivery Station for South West Phoenix,"2050 E Riverview Dr, Phoenix, 14000 W Grant St, Goodyear, Arizona. USA. 85338",False,False,False,False,False,False,False
08_us_delivery_station,13,,DPX7,3405 S. McQueen Rd,Chandler,Arizona,85286,201800,,,,none,Delivery Station for Phoenix.,"3405 S. McQueen Rd, Chandler, Arizona. USA. 85286",False,False,False,False,False,False,False
08_us_delivery_station,14,,DTU1,3841 N Hwy Dr,Tucson,Arizona,85705,10000,9,2017,,month,Delivery Station for Tucson,"3841 N Hwy Dr, Tucson, Arizona. USA. 85705",False,False,False,False,False,False,False
08_us_delivery_station,15,,DTU2,775 W. Silverlake Road,Tucson,Arizona,85713,,9,2019,,month,Delivery Station for South Tucson,"775 W. Silverlake Road, Tucson. Arizona. USA. 85713",False,False,False,False,False,False,False
08_us_delivery_station,16,Arizona,DTU3,2550 N Nevada Street,Chandler,Arizona,85225,164500,,,,none,Delivery Station for Chandler / Phoenix.,"2550 N Nevada Street, Chandler, Arizona, USA, 85225- 1015",False,False,False,False,False,False,False
08_us_delivery_station,17,Arizona,DTU6,500 W Pinnacle Peak Rd,Phoenix,Arizona,85027,145500,,,,none,Delivery Station for North Phoenix area.,"500 W Pinnacle Peak Rd, Maricopa, Phoenix, Arizona, USA, 85027",False,False,False,False,False,False,False
08_us_delivery_station,18,Arizona,DTU7,13201 N Litchfield Road,Surprise,Arizona,85379,145500,7,2021,,month,Delivery Station for NW Phoenix area.,"13201 N Litchfield Road, Surprise, Arizona, USA, 85379- 4296",False,False,False,False,False,False,False
08_us_delivery_station,19,:,DTU8,3003 S 38th Street,Arizona,Arizona,85040,20700,8,2020,,month,"2 Buildings at 3003 S 38th St & 3030 3030S S st, Phoenix.","3003 S 38th Street, Phoenix, Arizona, arizona, USA, 85040",False,False,False,False,False,False,False
08_us_delivery_station,20,Arizona,DTU9,3115 N. Higley Road,Phoenix,Arizona,85215,147400,,2021,,year,Delivery Station for NE Mesa area.,"3115 N. Higley Road, Mesa, Phoenix, Arizona, USA, 85215-",False,False,False,False,False,False,False
08_us_delivery_station,21,Arizona,,9726 SW Corner of Elliot Road and Everton Terrace,Phoenix,Arizona,85212,180000,,2025,,year,Station for Mesa AZ Area. Project,"9726 SW Corner of Elliot Road and Everton Terrace, Mesa, Phoenix, Arizona, USA, 85212",False,False,False,False,False,False,False
08_us_delivery_station,22,,,9807 E. Valley Road,Prescott Valley,Arizona,86314,,1,2022,,month,Rural Wagon Wheel Delivery Station for Prescott Valley Area.,"9807 E. Valley Road, Prescott Valley, Arizona, USA, 86314",False,False,False,False,False,False,True
08_us_delivery_station,23,,,1360 North 16th Street,Show Low,Arizona,85901,15000,,2025,,year,Rural Wagon Wheel Delivery Station.,"1360 North 16th Street, Show Low. Arizona. USA. 85901",False,False,False,False,False,False,True
08_us_delivery_station,24,fame,,Valencia & Kolb,Tucson,Arizona,85756,100000,,2025,,year,Delivery Station for SW Tucson,"Valencia & Kolb, Tucson, Arizona. USA. 85756",False,False,False,False,False,False,False
08_us_delivery_station,25,,DLR1,1900 Pine Street,North Little Rock,Arkansas,72444,14800,11,2018,,month,Delivery Station for Little Rock,"1900 Pine Street , North Little Rock. Arkansas. USA. 72444",False,False,False,False,False,False,False
08_us_delivery_station,26,Arkansas,DLR2,12401 Interstate 30,Little Rock,Arkansas,72002,85000,,2020,,year,Delivery Station for SW Little Rock,"12401 Interstate 30, Alexander, Little Rock, Arkansas, USA, 72002",False,False,False,False,False,False,False
08_us_delivery_station,27,,,320 AR-14 N,Yellville,Arkansas,72687,,11,2021,,month,Rural Wagon Wheel Delivery Station for Yellville AR Area.,"320 AR-14 N, Yellville, Arkansas, USA, 72687",False,False,False,False,False,False,True
08_us_delivery_station,28,,,315 S. Lincoln St,Lowell,Arkansas,72745,,2,2022,,month,"Rural Wagon Wheel Delivery Station for Delivery Station for Springdale, AR area","315 S. Lincoln St., Lowell, Arkansas, USA, 72745",False,False,False,False,False,False,True
08_us_delivery_station,29,Arkansas,,3315 Central Ave,Hot Springs,Arkansas,71913,35500,,,,none,"Rural Wagon Wheel Delivery Station for Hot Springs, AR","3315 Central Ave, Hot Springs, Arkansas, USA, 71913",False,False,False,False,False,False,True
08_us_delivery_station,30,,,20730 Prairie St,Chatsworth,California,91311,,,,,none,Rural Wagon Wheel Delivery Station for Delivery Station for East Thousand Oaks /,"3400 Moore Road, Jonesboro, East 19th Street, Texarkana, 20730 Prairie St, Chatsworth, California, USA, 91311-6010",False,False,False,False,False,False,True
08_us_delivery_station,31,,,15930 Valley Road,City of Industry,California,91744,,9,2020,,month,"Delivery Station for West Covina, CA Region.","15930 Valley Road, City of Industry, California, USA, 91744",False,False,False,False,False,False,False
08_us_delivery_station,32,,,9350 Rayo Ave,South Gate,California,90280,213200,,,,none,Delivery Station for South Gate / Downey / South Los Angeles,"9350 Rayo Ave, South Gate, California, USA, 90280",False,False,False,False,False,False,False
08_us_delivery_station,33,California,,600 W. Technology Dr,Palmdale,California,93551,130400,7,2020,,month,ee ~ 9,"600 W. Technology Dr., Palmdale, California, USA. 93551-3748 JI991-3/40",False,False,False,False,False,False,False
08_us_delivery_station,34,California,DCA2,Goodman Way,Eastvale,California,91752,,10,2016,,month,Delivery Station for Food deliveries from Whole Foods & Amazon Fresh stores in,"Goodman Way, S020 Goodman Way, Building B, Eastvale, California, USA, 91752- 5088",False,False,False,False,False,False,False
08_us_delivery_station,35,,DCK1,2403 W. Louise Ave,Manteca,California,95337,91100,,2017,,year,Los Angeles. Co-located in SNA9. Delivery Station for Manteca Area,"2403 W. Louise Ave., Manteca, California. USA. 95337",False,False,False,False,False,True,False
08_us_delivery_station,36,California,DCK2,South of 5.11 Tactical on Airport Way,California,California,95336,141400,,2025,,year,Delivery Station for Manteca Area. Not yet confirmed.,"South of 5.11 Tactical on Airport Way, way, Manteca, California, Califomia, USA, 95336",True,False,False,False,False,False,False
08_us_delivery_station,37,California,DCK6,749 Toland Street,San Francisco,California,94124,112000,,2021,,year,Delivery Station for San Francisco.,"749 Toland Street, San Francisco, California, USA, 94124",False,False,False,False,False,False,False
08_us_delivery_station,38,,DCX1,7227 Central Ave,Riverside,California,92504,246500,3,2020,,month,: Delivery Station for Riverside area,"7227 Central Ave, Riverside, California. USA. 92504",False,False,False,False,False,False,False
08_us_delivery_station,39,California,DCX2,25725 Jeronimo Road,Mission Viejo,California,92691,303500,,,,none,Delivery Station for Irvine CA Area,"25725 Jeronimo Road, Mission Viejo, California, USA, 92691- 2711",False,False,False,False,False,False,False
08_us_delivery_station,40,,DCX5,970 McLaughlin Ave,San Jose,California,95122,223800,8,2020,,month,Delivery Station for South San Jose Area,"970 McLaughlin Ave, San Jose, California. USA. 95122-2611",False,False,False,False,False,False,False
08_us_delivery_station,41,,DCX6,6000 Condor Drive,Moorpark,California,93021,202400,,,,none,Delivery Station for Moor Park / Simi Valley Region.,"6000 Condor Drive, Moorpark, California, USA, 93021",False,False,False,False,False,False,False
08_us_delivery_station,42,po California,DCX8,1256 N Magnolia Ave,Anaheim,California,92081,143200,1,2020,,month,Delivery Station for Torrance / South Los Delivery Station for Anaheim,"950 Francisco St, Torrance, 1256 N Magnolia Ave., Anaheim, California, USA, 92081-2607",False,False,False,False,False,False,False
08_us_delivery_station,43,po,DJT4,275 Valencia Avenue,Brea,California,92823,181500,,2025,,year,Delivery Station for Brea. Not confirmed yet.,"275 Valencia Avenue, Brea, California USA. 92823",True,False,False,False,False,False,False
08_us_delivery_station,44,California,DJT6,20920 Krameria Ave,March Air Reserve Base,California,92518,219000,,2023,,year,Delivery Station for Anaheim,"20920 Krameria Ave, March Air Reserve Base, California, USA, 92518",False,False,False,False,False,False,False
08_us_delivery_station,45,California,,2751 Skypark Dr,Torrance,California,90505,,6,2020,,month,Delivery Station for San Jose Central/North Delivery Station for Torrance / South Los Angeles,"2256 Junction Ave, San Jose, 2751 Skypark Dr, Torrance, Califomia, USA, 90505-5351",False,False,False,False,False,False,False
08_us_delivery_station,46,California,DFA3,1660 Old Bayshore Highway,San Jose,California,95112,32900,,2025,,year,Delivery Station for San Jose.,"1660 Old Bayshore Highway, San Jose, California, USA, 95112-4304",False,False,False,False,False,False,False
08_us_delivery_station,47,California,DFA5,400 Littlefield Ave. #438,South San Francisco,California,94080,166600,,2020,,year,Delivery Station for South San Francisco,"400 Littlefield Ave. #438, South San Francisco, California, USA, 94080-6105",False,False,False,False,False,False,False
08_us_delivery_station,48,Calfomia,DFO2,4000 Wilbur Ave,Oakley,California,94561,,,,,none,Delivery Station for the Oakley/North Bay Area.,"4000 Wilbur Ave, Building 1, Oakley, Califomia, USA, 94561",False,False,False,False,False,False,False
08_us_delivery_station,49,,DFO3,400 Longfellow Court,Livermore,California,94550,612300,11,2020,,month,Delivery Station for the East Bay Area,"400 Longfellow Court, Livermore, California USA. 94550",False,False,False,False,False,False,False
08_us_delivery_station,50,,,5015 Aviation Blvd,Sonoma,California,95403,,,,,none,Delivery Station for the Sonoma Valley area. Not yet confirmed.,"5015 Aviation Blvd., Sonoma, California, USA, 95403",True,False,False,False,False,False,False
08_us_delivery_station,51,,DLA1,900 W Florence Ave,Inglewood,California,90301,27700,5,2013,,month,Delivery Station for Los Angeles. Amazon's first U.S. Delivery Station,"900 W Florence Ave, Inglewood, California, USA, 90301",False,False,False,False,False,False,False
08_us_delivery_station,52,sp. Caliemia ae,DLA2,5650 Dolly Ave,Anaheim,California,90621,220100,6,2013,,month,"Formerly LAX2. Delivery Station closed in June, 2017; Reopened in 2017; HLA‘ is a Station for Heavy/Bulky products between 60 and 300 Lbs Delivery Station for East Los Angeles","5650 Dolly Ave, Buena Park, Anaheim, California, USA, 90621] 5829 Smithway St, Commerce, California USA. 90040",False,False,False,True,False,False,False
08_us_delivery_station,53,California,DLA4,9031 N. Lurline Ave,Chatsworth,California,91311,29200,6,2013,,month,Delivery Station for San Fernando Valley,"9031 N. Lurline Ave, Chatsworth, California, USA, 91311",False,False,False,False,False,False,False
08_us_delivery_station,54,California,DLA5,6250 Sycamore Canyon Blvd,California,California,92507,36000,4,2016,,month,Delivery Station for Riverside area,"6250 Sycamore Canyon Blvd., Riverside, Riverside. California, California. USA, USA. 92507-0771",False,False,False,False,False,False,False
08_us_delivery_station,55,California,,2815 W. El Segundo Blvd,Hawthorne,California,90250,199000,7,2016,,month,Delivery Station for Chino/City of Industry Delivery Station for Los Angeles,"15940 Euclid Avenue, Chino, 2815 W. El Segundo Blvd., Hawthorne, California, USA, 90250",False,False,False,False,False,False,False
08_us_delivery_station,56,California,DLX1,11811 East Florence Avenue,Santa Fe Springs,California,90670,288000,8,2021,,month,mation,"11811 East Florence Avenue, Santa Fe Springs, California, USA, 90670",False,False,False,False,False,False,False
08_us_delivery_station,57,California,DLX5,4841 West San Fernando Road,Los Angeles,California,90039,620000,8,2021,,month,Delivery Station for Los Angeles / Glendale Area,"4841 West San Fernando Road, Los Angeles, California, USA, 90039",False,False,False,False,False,False,False
08_us_delivery_station,58,,,6450 Katella Avenue,Cypress,California,90630,146000,11,2020,,month,Delivery Station for Anaheim Area.,"6450 Katella Avenue, Cypress, California. USA. 90630",False,False,False,False,False,False,False
08_us_delivery_station,59,,,515 E Dyer Rd,Santa Ana,California,92707,,10,2020,,month,Delivery Station for Santa Ana / Irvine near Los Angeles,"515 E Dyer Rd, Santa Ana, California, USA, 92707",False,False,False,False,False,False,False
08_us_delivery_station,60,,,5750 Mesmer Ave,Los Angeles,California,90230,544900,9,2020,,month,Delivery Station for Culver City Area,"5750 Mesmer Ave, Los Angeles, California. USA. 90230",False,False,False,False,False,False,False
08_us_delivery_station,61,California,DOT4,3001 & 3175 Mission Oaks Blvd,Ventura,California,93012,731800,11,2020,,month,Delivery Station for Camarillo/Oxnard/Ventura Area. Building 1 & Building 2.,"3001 & 3175 Mission Oaks Blvd, Camarillo, Ventura, California, USA, 93012-8710",False,False,False,False,False,False,False
08_us_delivery_station,62,California,,Seventh Set Sa Francisco,,California,94107,150000,,2025,,year,ee Francisco. . Project delayed by an ; imposed San Francisco.,"Seventh Set Sa Francisco, California, USA, 94107",False,True,False,False,False,False,False
08_us_delivery_station,63,California,DPS1,4187 Temple City Blvd,Rosemead,California,91731,164400,,2017,,year,moratorium by Delivery Station for East Los Angeles,"4187 Temple City Blvd., El Monte, Rosemead, California, USA, 91731",False,False,False,False,False,False,False
08_us_delivery_station,64,sp. Caliemia,,400 National Way,Simi Valley,California,93065,,,,,none,Delivery Station for Simi Valley North of Los Angeles.,"400 National Way, Simi Valley, California, USA, 93065-6414",False,False,False,False,False,False,False
08_us_delivery_station,65,California,DPS3,2405 Conejo Spectrum Street,Thousand Oaks,California,91320,50700,8,2018,,month,Delivery Station for North Los Angeles,"2405 Conejo Spectrum Street, Thousand Oaks, California, USA, 91320",False,False,False,False,False,False,False
08_us_delivery_station,66,,,28820 Chase Place,Valencia,California,91355,,,,,none,Delivery Station for North Santa Clarita North of Los Angeles,"28820 Chase Place, Valencia, California, USA, 91355-5422",False,False,False,False,False,False,False
08_us_delivery_station,67,California,,1757 Tapo Canyon Rd,Simi Valley,California,93063,211600,8,2020,,month,Delivery Station for Simi ss Valley North of Los,"1757 Tapo Canyon Rd, Simi Valley, California, USA, 93063- 3390",False,False,False,False,False,False,False
08_us_delivery_station,68,California,DRD8,201 Toland Street,San Francisco,California,94124,32000,,,,none,Angeles ngeles : Station : for East Side of San,"201 Toland Street, San Francisco, California, USA, 94124-1110",False,False,False,False,False,False,False
08_us_delivery_station,69,California,DSD1,16550 Via Esprillo,San Diego,California,92127,165600,,2013,,year,Delivery Station for San Diego. Formerly DSD1. Relocated to this location in March 2017,"16550 Via Esprillo, Rancho Bernardo, San Diego, California, USA, 92127",False,False,False,False,False,False,False
08_us_delivery_station,70,California,DSD2,2777 Loker Ave W,Carlsbad,California,92010,39700,,2013,,year,Delivery Station for San Diego,"2777 Loker Ave W, Suite B, Carlsbad, California, USA, 92010-6517",False,False,False,False,False,False,False
08_us_delivery_station,71,California,PSP4,°660 Keamy Mesa Road,San Diego,California,92111,,3,2024,,month,Delivery Station for San Diego relocated from 711 University Ave. Delayed opening to 2023,"°660 Keamy Mesa Road, San Diego, California, USA, 92111",False,True,False,False,False,False,False
08_us_delivery_station,72,po,DSD5,3250 Business Park Dr,Vista,California,92081,221700,,,,none,Delivery Station for San Diego North Side,"3250 Business Park Dr, Vista, California. USA. 92081",False,False,False,False,False,False,False
08_us_delivery_station,73,,,7995 Armour St,San Diego,California,92111,,,,,none,Delivery Station for San Diego within a Pepsi,"7995 Armour St, San Diego, California, USA, 92111-3717",False,False,False,False,False,False,False
08_us_delivery_station,74,California,DSD8,14500 Kirkham Way,Poway,California,92064,358300,8,2020,,month,Delivery Station for San Diego Northeast Region,"14500 Kirkham Way, Poway, California. USA. 92064",False,False,False,False,False,False,False
08_us_delivery_station,75,,DSF3,1700 Montague Expy,San Jose,California,95131,25800,,2013,,year,Delivery Station for San Jose,"1700 Montague Expy, San Jose. California. USA. 95131",False,False,False,False,False,False,False
08_us_delivery_station,76,,DSF4,990 Beecher St,San Leandro,California,94577,42400,9,2013,,month,Delivery Station for Oakland,"990 Beecher St, San Leandro, California. USA. 94577",False,False,False,False,False,False,False
08_us_delivery_station,77,California,DSF5,250 Utah Avenue,South San Francisco,California,94080,111000,6,2016,,month,Delivery Station for South San Francisco,"250 Utah Avenue, South San Francisco, California, USA, 94080-6801",False,False,False,False,False,False,False
08_us_delivery_station,78,California,DSF6,6015 Giant Road,Richmond,California,94080,224100,,2016,3,quarter,Delivery Station for Northeast Bay Area,"6015 Giant Road, Building 2, Richmond, California, USA, 94080-6801",False,False,False,False,False,False,False
08_us_delivery_station,79,,DSF7,807 N. McCarthy Blvd,Milpitas,California,95035,353100,3,2020,,month,Delivery Station for the San Jose South Bay 3 buildings.,"807 N. McCarthy Blvd., Milpitas, California, USA, 95035",False,False,False,False,False,False,False
08_us_delivery_station,80,California a,DSF9,1000 IVUUU San oan Mateo Wiateo Ave,San oan Bruno,California,94066,215600,9,2025,,month,"Delivery Station for Richmond, CA / Bay oe Delivery Francisco. : Station Land for purchased South Side in of 2020. RR San Project","2995 Atlas Road, Richmond, 1000 IVUUU San oan Mateo Wiateo Ave, San oan Bruno. California. USA. 94066",False,False,False,False,False,False,False
08_us_delivery_station,81,,,5440 East Olive Avenue,Fresno,California,93727,,11,2022,,month,Delayed. Delivery Station for Fresno which replaces DSF2 in Nov 2022,"5440 East Olive Avenue, Fresno, California, USA, 93727",False,True,False,False,False,False,False
08_us_delivery_station,82,,,615 North King Rd,San Jose,California,95133,77600,8,2020,,month,Delivery Station for SW San Jose Region. :,"615 North King Rd, San Jose, California. USA. 95133-1707",False,False,False,False,False,False,False
08_us_delivery_station,83,,,5800 Coliseum Way,Oakland,California,94621,336700,11,2024,,month,"Delivery Station for Oakland, CA.","5800 Coliseum Way, Oakland, California. USA. 94621-4043",False,False,False,False,False,False,False
08_us_delivery_station,84,California,DSM1,1000 Riverside Pkwy,West Sacramento,California,95605,83000,3,2015,,month,Delivery Station for Sacramento,"1000 Riverside Pkwy, West Sacramento, California, USA, 95605",False,False,False,False,False,False,False
08_us_delivery_station,85,California,DSIV4,3620 Ramos Drive,West Sacramento,California,95691,163300,8,2021,,month,"Station Tor Sacramento, CA q Ft is an estimate.","3620 Ramos Drive, West Sacramento, California, USA. 95691",False,False,False,False,False,False,False
08_us_delivery_station,86,California,DSM4,3620 Ramos Drive,West Sacramento,California,95691,163300,8,2021,,month,"Delivery Station for SW Sacramento, CA. Sq Ft is an estimate.","3620 Ramos Drive, West Sacramento, California, USA, 95691",False,False,False,False,True,False,False
08_us_delivery_station,87,,,7601 Foothills Blvd,Roseville,California,95747,,9,2020,,month,"Delivery Station for Roseville / NE Sacramento, CA. Sq Ft an estimate.","7601 Foothills Blvd, Blvd Roseville, Roseville. California, USA, 95747",False,False,False,False,False,False,False
08_us_delivery_station,88,California,DSR6,9051 Union Park Way,Sacramento,California,95838,417600,5,2020,,month,"Delivery Station for South Side Sacramento, DSR6 is a Delivery Station for Sacramento NE Region. USC2 is Amazon Fresh. Sq Ft included in Amazon Fresh Facility.","9051 Union Park Way, Elk 2400 McClellan Park Dr, Sacramento, California, USA, 95838",False,False,False,False,False,True,False
08_us_delivery_station,89,,,2811 N Hollywood Way,Burbank,California,91504,,,,,none,Delivery Station for Hollywood CA Region. SqFt is an estimate.,"2811 N Hollywood Way, Burbank, California, USA, 91504",False,False,False,False,True,False,False
08_us_delivery_station,90,Caliemia,DUR3,225 N McCarthy Blvd,Milpitas,California,95035,370000,8,2021,,month,Delivery Station for SW San Jose / Santa Ciara County Region.,"225 N McCarthy Blvd, Milpitas, California, USA, 95035-5130",False,False,False,False,False,False,False
08_us_delivery_station,91,California,DUR8,18025 Slover Avenue,Bloomington,California,92316,344400,,2021,,year,ee ae I egion.,"18025 Slover Avenue, Bloomington, California, USA, 92316",False,False,False,False,False,False,False
08_us_delivery_station,92,,,27711 Diaz Rd,Temecula,California,92590,131500,9,2021,,month,Delivery Station for Temecula,"27711 Diaz Rd, Temecula, California. USA. 92590-3417",False,False,False,False,False,False,False
08_us_delivery_station,93,California,PXC1,Intersection of Highway 152 and Camino Arroyo,Gilroy,California,95020,143200,,2025,,year,,"Intersection of Highway 152 and Camino Arroyo, Gilroy, California, USA, 95020",False,False,False,False,False,False,False
08_us_delivery_station,94,,DXC3,3370 E La Palma Ave,Anaheim,California,92806,144000,9,2021,,month,Delivery Station for Anaheim,"3370 E La Palma Ave, Anaheim, California. USA. 92806-2814",False,False,False,False,False,False,False
08_us_delivery_station,95,California,PXC5,44109 Pacific Commons Boulevard,Fremont,California,94538,369200,8,2020,,month,eee,"44109 Pacific Commons Boulevard, Building 3, Fremont, California, USA, 94538",False,False,False,False,False,False,False
08_us_delivery_station,96,California,DXC8,1710 Little Orchard St,San Jose,California,95125,212800,,,,none,Delivery Station for San Jose Central/South,"1710 Little Orchard St, San Jose, Califomia, USA, 95125- 1013",False,False,False,False,False,False,False
08_us_delivery_station,97,. California .,DFO9,300 Boone Drive,American EEN Cale Canyon,California,94558,202000,9,2021,,month,Side . Delivery Station . for Napa Region .,"300 Boone Drive, American EEN Cale Canyon, California, USA, 94558",False,False,False,False,False,False,False
08_us_delivery_station,98,,,625 N. Grand Ave,Santa Ana,California,92701,,,,,none,Delivery Station for Santa Ana / Irvine near Los Angeles,"625 N. Grand Ave., Santa Ana, California, USA, 92701",False,False,False,False,False,False,False
08_us_delivery_station,99,,,Central Avenue North of Foothill Boulevard and West of Benson Avenue,Upland,California,91786,,,,,none,Delivery Station for Ontario CA Area. Not Confirmed. Under protest.,"Central Avenue North of Foothill Boulevard and West of Benson Avenue, Upland, California, USA, 91786",True,False,False,False,False,False,False
08_us_delivery_station,100,ae,DJC5,1500 Citation Way,Hollister,California,95023,94300,9,2094,,month,Delivery Station for Downtown San Jose. Delivery Station for : Gilroy CA Area.,"1605 S 7th Street, San Jose, “088, California. USA. 95112 A 3500 Wilson Road, Bakersfield, 1500 Citation Way, Hollister, California. USA. 95023",False,False,False,False,False,False,False
08_us_delivery_station,101,California,,Rio del Oro Development,Rancho Cordova,California,95742,181500,,2025,,year,every Station [or Eas! East Sacramento CA Area. Not confirmed yet. a,"Rio del Oro Development, Rancho Cordova, California, USA. USA, 95742",True,False,False,False,False,False,False
08_us_delivery_station,102,California,DIB6,1895 Marigold Avenue,Redlands,California,92374,140000,8,2021,,month,Delivery Station for Chula Vista / San Diego Delivery Station for Redlands / San Bernardino Area. Located in Kimberley- Clarke building. Sq Ft is an estimate.,"860 Harold Place, Chula Vista, 1895 Marigold Avenue, Redlands, California, USA, 92374-5028",False,False,False,False,True,False,False
08_us_delivery_station,103,California,DIB7,2311 Boswell Road,Chula Vista,California,91914,140000,,2022,,year,Delivery Station : for Chula Vista / San Diego Ft,"2311 Boswell Road, Chula Vista, California, USA, 91914- 3512",False,False,False,False,False,False,False
08_us_delivery_station,104,California,DFX4,15272 Bear Valley Rd,Victorville,California,92395,126400,,2021,,year,Area. Sq is an estimate. Delivery Station for Victorville CA Area.,"15272 Bear Valley Rd, Victorville, California, USA, 92395-8766",False,False,False,False,False,False,False
08_us_delivery_station,105,California,DFX9,14952 Bolsa Chica St,Huntington Beach,California,92647,259100,8,2021,,month,: oe Staton for 9,"14952 Bolsa Chica St, Huntington Beach, California, USA, 92647-2086",False,False,False,False,False,False,False
08_us_delivery_station,106,California,,35750 Date Palm Drive,Cathedral City,California,92234,122200,,,,none,oe,"35750 Date Palm Drive, Cathedral City, California, USA, 92234-6653",False,False,False,False,False,False,False
08_us_delivery_station,107,,,6992 Haigh Drive,Orland,California,95963,79000,5,2021,,month,Rural Wagon Wheel Delivery Station for onand CA,"6992 Haigh Drive, Orland, California, USA, 95963",False,False,False,False,False,False,True
08_us_delivery_station,108,,,2336 Park Ave,Chico,California,95928,22000,,,,none,Rural Wagon Wheel Delivery Station for chico CA.,"2336 Park Ave, Chico, California, USA, 95928",False,False,False,False,False,False,True
08_us_delivery_station,109,California,XTE3,1415 Whispering Pines Ln,Grass Valley,California,95945,16000,,2022,,year,Rural Wagon Wheel : Delivery Station for Grass Valley CA.,"1415 Whispering Pines Ln, Grass Valley, California, USA, 95945",False,False,False,False,False,False,True
08_us_delivery_station,110,California,,San Clemente Business Park,San Clemente,California,94110,,,2025,,year,Delivery Station for San Clemente Region. Not confirmed and under opposition.,"San Clemente Business Park, San Clemente, Califomia, USA, 94110",True,False,False,False,False,False,False
08_us_delivery_station,111,Colorado,DCS1,7704 Milton E. Proby Parkway,Colorado Springs,Colorado,80916,17000,,,,none,ore y P,"7704 Milton E. Proby Parkway, Colorado Springs, Colorado, USA, 80916",False,False,False,False,False,False,False
08_us_delivery_station,112,,,4303 Grinnell Blvd,Colorado Springs,Colorado,80911,,11,2019,,month,Delivery Station for Colorado Springs; will replace tent,"4303 Grinnell Blvd., Colorado Springs, Colorado, USA, 80911",False,False,False,False,False,False,False
08_us_delivery_station,113,Colorado,PES4,715 S. Academy Blvd,Colorado Springs,Colorado,80910,135000,8,2023,,month,aoe S prey Station in eas,"715 S. Academy Blvd, Colorado Springs, Colorado, USA, 80910- 2677",False,False,False,False,False,False,False
08_us_delivery_station,114,,HCO1,4607 Forge Rd,Colorado Springs,Colorado,80907,105000,,2025,1,quarter,station in the same building. Project Academy. Delivery Station for NW Colorado Springs.,"4607 Forge Rd, Colorado Springs, Colorado, USA, 80907",False,False,False,False,False,False,False
08_us_delivery_station,115,,,800 Saccomanno Road,Grand Junction,Colorado,81506,38000,,2025,,year,Delivery Station for Grand Junction.,"800 Saccomanno Road, Grand Junction. Colorado. USA. 81506",False,False,False,False,False,False,False
08_us_delivery_station,116,,,6050 Downing St,Denver,Colorado,80216,,,,,none,Delivery Station for North Side of Denver. Retrofit to a driver's training center.,"6050 Downing St., Building 5, Denver, Colorado, USA, 80216",False,False,False,False,False,False,False
08_us_delivery_station,117,,,875 West 64th Avenue,Denver,Colorado,80221,,,,,none,Delivery Station for Loveland / Fort Collins Delivery Station for Denver. Sq Ft is an estimate.,"4555 E 37th St, Centerra, 875 West 64th Avenue, Denver, Colorado, USA, 80221-2401",False,False,False,False,True,False,False
08_us_delivery_station,118,Colorado,DDV4,12675 Liberty Boulevard,Englewood,Colorado,80112,140000,8,2021,,month,Delivery Station for Thornton Area North of Delivery Station for Broomfield/Thornton stalion : for SE q Ft is an estimate.,"900 E 128th Ave, Thornton, 400 W 160th Ave, Broomfield, 12675 Liberty Boulevard, Englewood, Colorado, USA, 80112",False,False,False,False,False,False,False
08_us_delivery_station,119,Colorado,DDV5,2889 Himalaya Drive,Aurora,Colorado,80011,701900,7,2020,,month,Delivery Station for Aurora,"2889 Himalaya Drive, Building 15, Aurora, Colorado, USA, 80011",False,False,False,False,False,False,False
08_us_delivery_station,120,Connecticut,DBL1,ek Geode 8 Old Sherman Turnpike,Danbury,Connecticut,06810,60300,8,2018,,month,Delivery Station for Greater Hartford Area Delivery Station for Greater Danbury CT area,"ek Geode 8 Old Sherman Turnpike, #24, Danbury, Connecticut, USA, 06810",False,False,False,False,False,False,False
08_us_delivery_station,121,Connecticut,DCY1,100 Helmsford Way #60,Windsor,Connecticut,06095,169500,8,2021,,month,Delivery Station for Windsor CT area.,"100 Helmsford Way #60, Windsor, Connecticut, USA, 06095",False,False,False,False,False,False,False
08_us_delivery_station,122,Connecticut,DOB2,425 S Cherry Street,Wallingford,Connecticut,06492,83800,10,2020,,month,Delivery Station for Greater New Haven CT : Station : for Greater / 0 aven CT area,"48 Boston Post Rd, Orange, 425 S Cherry Street, Wallingford, Connecticut, USA, 06492-4428",False,False,False,False,False,False,False
08_us_delivery_station,123,Connecticut,DOB4,600 Long Beach Boulevard,Stratford,Connecticut,06615,78900,7,2020,,month,Delivery Station for Greater Stratford CT area,"600 Long Beach Boulevard, Stratford, Connecticut, USA, 06615",False,False,False,False,False,False,False
08_us_delivery_station,124,,,35 National Drive,Glastonbury,Connecticut,06033,105700,8,2023,,month,Delivery Station for SE Hartford CT area. Not yet confirmed.,"35 National Drive, Glastonbury, Connecticut, USA, 06033",True,False,False,False,False,False,False
08_us_delivery_station,125,Connecticut,DYO5,Connecticut,,Connecticut,06611,114000,7,2020,,month,Delivery Station for Greater Bridgeport CT area 60 mile radius. Also lease 25-acre : rere ga,"Connecticut, USA, 06611-6315",False,False,False,False,False,False,False
08_us_delivery_station,126,cometen,,10 Victoria Ave,Monroe,Connecticut,06468,,,,,none,parking lot on Victoria drive. Parking Lot for 650 Delivery Vans & 40 cars for Monroe & Greater Bridgeport CT.,"10 Victoria Ave, Monroe, Connecticut, USA, 06468",False,False,False,False,False,False,False
08_us_delivery_station,127,Connecticut,DEB2,240 Ellington Rd,South Windsor,Connecticut,06074,183000,,2023,,year,Delivery Station for Windsor CT area. Opening was delayed 2 years from 2021 to 2023.,"240 Ellington Rd, South Windsor, Connecticut, USA, 06074",False,True,False,False,False,False,False
08_us_delivery_station,128,,,137 Lathrop Rd,Plainfield,Connecticut,06374,,,,,none,Delivery Station for Plainfield / Norwich CT area. Delayed Opening.,"137 Lathrop Rd, Plainfield, Connecticut, USA, 06374",False,True,False,False,False,False,False
08_us_delivery_station,129,Connecticut,,3800 East Main Street,Waterbury,Connecticut,06705,90000,,2024,,year,ean ai confirmed. Pending permit.,"3800 East Main Street, Waterbury, Connecticut, USA, 06705",False,False,False,False,False,False,False
08_us_delivery_station,130,,DPH4,1500 Johnson Way,@acila,Delaware,49720,246900,,2018,,year,Delivery Station for Greater ‘a3 Wilmington Area,"1500 Johnson Way, New Castle. @acila. Delaware. fia USA. 49720 19720",False,False,False,False,False,False,False
08_us_delivery_station,131,Delaware,DGI1,2421 Bear Corbitt Road,Delaware City,Delaware,19720,594700,,2023,,year,Delivery Station for Delaware City Area. Delayed. Building put up for sublease. In Oct 2024 it remains unleased.,"2421 Bear Corbitt Road, New Castle, Delaware City, Delaware, USA, 19720",False,True,False,False,False,False,False
08_us_delivery_station,132,Delaware,DGI3,851 Boxwood Road,Wilmington,Delaware,49804,220000,,,,none,Delivery aerial ri campus as the Newpo,"851 Boxwood Road, Newport, Wilmington, Delaware, USA, 49804-2041",False,False,False,False,False,False,False
08_us_delivery_station,133,,,1700 Dulaney St,Seaford,Delaware,19973,104000,1,2022,,month,Rural Delivery Station for Dover to Salisbury DE Area.,"1700 Dulaney St., Seaford, Delaware, USA, 19973-1238",False,False,False,False,False,False,False
08_us_delivery_station,134,ee,,2115 Bryant Street NE,Washington,District Of Columbia,20018,53500,,2025,,year,pila Ue : il fon,"2115 Bryant Street NE, Washington, District of Columbia, USA, 20018",False,False,False,False,False,False,False
08_us_delivery_station,135,Florida,DFL3,2121 NW 67th Place,Gainesville,Florida,32653,99000,,,,none,Delivery Station for Gainesville FL Region.,"2121 NW 67th Place, Gainesville, Florida, USA, 32653- 1603",False,False,False,False,False,False,False
08_us_delivery_station,136,Florida,DFL4,4401 Seaboard Rd,Orlando,Florida,32808,1086400,,,,none,Delivery Station for Orlando Market located in former C&S Wholesale Grocery Distribution Center.,"4401 Seaboard Rd, Orlando, Florida. USA. 32808-3812",False,False,False,False,False,False,False
08_us_delivery_station,137,,DFL5,3000 Shelby Industrial Drive,Apopka,Florida,32703,201500,5,2021,,month,Delivery Station for Orlando NE Region.,"3000 Shelby Industrial Drive, Apopka, Florida, USA, 32703",False,False,False,False,False,False,False
08_us_delivery_station,138,,DFL7,8100 State Road 33,Lakeland,Florida,33809,711000,11,2020,,month,Delivery Station for Lakeland Region.,"8100 State Road 33, Lakeland, Florida. USA. 33809",False,False,False,False,False,False,False
08_us_delivery_station,139,,,19961 Independence Drive,Groveland,Florida,34736,,,,,none,Delivery Station for Orlando NW Region. Not yet confirmed.,"19961 Independence Drive, Groveland, Florida, USA, 34736",True,False,False,False,False,False,False
08_us_delivery_station,140,,DFM2,10016 Bavaria Road,Fort Myers,Florida,33913,60000,,,,none,Delivery Station for Fort Meyers,"10016 Bavaria Road , Fort Myers, Florida, USA, 33913",False,False,False,False,False,False,False
08_us_delivery_station,141,,DFM3,770 Commerce Drive,Venice,Florida,34292,,,,,none,Delivery Station for Venice / South Sarasota i ares,"770 Commerce Drive, Venice, Florida, USA, 34292",False,False,False,False,False,False,False
08_us_delivery_station,142,,DFM4,8760 Davis Boulevard,Naples,Florida,34104,104900,6,2021,,month,Delivery Station for Naples Area.,"8760 Davis Boulevard, Naples, Florida. USA. 34104",False,False,False,False,False,False,False
08_us_delivery_station,143,Florida,DFM5,2200 Tallevast Road,Sarasota,Florida,34243,321200,,,,none,Delivery Station for Sarasota Area.,"2200 Tallevast Road, Bradenton, Sarasota. Florida USA. 34243",False,False,False,False,False,False,False
08_us_delivery_station,144,,,8270 Logistics Dr,Fort Myers,Florida,33912,180000,,2022,,year,Delivery Station for Fort Meyers,"8270 Logistics Dr, Fort Myers, Florida. USA. 33912",False,False,False,False,False,False,False
08_us_delivery_station,145,Florida,DJX1,11084 Cabot Commerce Circle,Jacksonville,Florida,32226,63200,,,,none,Delivery Station for Jacksonville area,"11084 Cabot Commerce Circle, Bldg 4, Jacksonville, Florida, USA, 32226",False,False,False,False,False,False,False
08_us_delivery_station,146,Florida,DJX2,4645 & 4825 Blanding Blvd,Jacksonville,Florida,32210,111700,,2021,,year,Delivery Station for Jacksonville South,"4645 & 4825 Blanding Blvd., Jacksonville, Florida, USA, 32210-7324",False,False,False,False,False,False,False
08_us_delivery_station,147,Florida,DJX3,250 Busch Drive,Jacksonville,Florida,32218,477900,11,2021,,month,Delivery Station for Jacksonville North.,"250 Busch Drive, Imeson Industrial Park, Jacksonville, Florida, USA, 32218",False,False,False,False,False,False,False
08_us_delivery_station,148,Florida,,450 General Doolittle Drive,Florida,Florida,32225,480900,9,2024,,month,: Delivery Station for Jacksonville East. Not confirmed yet.,"450 General Doolittle Drive, Jacksonville. Jacksonville, Florida, Florida. USA, USA. 32225",True,False,False,False,False,False,False
08_us_delivery_station,149,Florida,DJX7,5100 Inman Road,Jacksonville,Florida,32256,132000,,2025,,year,Delivery Station for St. Augustine Region. Delivery Station for Jacksonville.,"5100 Inman Road, St. 7496 Fullerton Street, Jacksonville, Florida, USA, 32256",False,False,False,False,False,False,False
08_us_delivery_station,150,Florida,,855 St. Johns Bluff Road N,Jacksonville,Florida,32225,,,,,none,confirmed yet.,"855 St. Johns Bluff Road N., Jacksonville, Florida, USA, 32225",False,False,False,False,False,False,False
08_us_delivery_station,151,,,5600-5700 NW 37th Ave,Hialeah,Florida,33142,211000,11,2020,,month,Delivery Station for Miami / Doral Region.,"5600-5700 NW 37th Ave, Hialeah. Florida. USA. 33142",False,False,False,False,False,False,False
08_us_delivery_station,152,Florida,DMF3,2800 North Andrews Avenue Extension,Pompano Beach,Florida,33064,248700,,,,none,Delivery Station for Pompano Beach Region.,"2800 North Andrews Avenue Extension, Pompano Beach, Florida, USA, 33064",False,False,False,False,False,False,False
08_us_delivery_station,153,:,DMF5,13450 NW 14th Street,Miami,Florida,33182,216800,8,2020,,month,: Delivery Station for Miami ss Region.,"13450 NW 14th Street, Miami, Florida. USA. 33182-1418",False,False,False,False,False,False,False
08_us_delivery_station,154,:,,15600 NW 15th Ave,Miami Gardens,Florida,33169,,3,2015,,month,Delivery Station for St Petersburg / Delivery Station for Homestead-Miami Delivery Station for Miami area Co-located in UFL1,"13133 34th St. N, Clearwater, 3750 Palm Drive, Homestead, 15600 NW 15th Ave, Miami Gardens, Florida, USA, 33169",False,False,False,False,False,True,False
08_us_delivery_station,155,,DMI3,3200 Northwest 67th Avenue,Miami,Florida,33122,20600,,,,none,Delivery Station for Miami area Co-located in MIA6,"3200 Northwest 67th Avenue, Miami, Florida, USA, 33122",False,False,False,False,False,True,False
08_us_delivery_station,156,,DMI4,251 International Pkwy,Sunrise,Florida,33325,178800,11,2018,,month,Delivery Station for Fort Lauderdale,"251 International Pkwy, Sunrise, Florida. USA. 33325",False,False,False,False,False,False,False
08_us_delivery_station,157,,,6703 NW 7th St,Miami,Florida,33126,176300,,2019,,year,: Delivery Station for Miami —,"6703 NW 7th St. , Miami, Florida. USA. 33126",False,False,False,False,False,False,False
08_us_delivery_station,158,Florida,DMI7,6711 Belvedere Road,West Palm Beach,Florida,33413,96000,10,2019,,month,Delivery Station for West Palm Beach,"6711 Belvedere Road, West Palm Beach, Florida, USA, 33413",False,False,False,False,False,False,False
08_us_delivery_station,159,Florida,,13320 SW 132nd Ave,Miami,Florida,33186,83800,11,2021,,month,Delivery Station for Kendall-Miami South Region.,"13320 SW 132nd Ave., Kendall, Miami, Florida, USA, 33186",False,False,False,False,False,False,False
08_us_delivery_station,160,Florida,DMO1,7469 Kingspointe Pkwy,Orlando,Florida,32819,,,,,none,Sian,"7469 Kingspointe Pkwy, Orlando, Florida, USA. 32819- 8587",False,False,False,False,False,False,False
08_us_delivery_station,161,,DMO3,1224 S. Orange Blossom Trail,Orlando,Florida,32805,120000,7,2020,,month,in SFL1. Delivery Station for Orlando North Area,"1224 S. Orange Blossom Trail, Orlando. Florida. USA. 32805",False,False,False,False,False,False,False
08_us_delivery_station,162,,DMO4,2400 Mason Avenue,Daytona Beach,Florida,32114,66600,9,2019,,month,Delivery Station for Daytona Beach,"2400 Mason Avenue , Daytona Beach. Florida. USA. 32114",False,False,False,False,False,False,False
08_us_delivery_station,163,Florida,,700 Banyan Trail,Boca Raton,Florida,33431,477000,10,2020,,month,Delivery Station for Boca Raton / Deerfield Beach / Pompano Beach area,"700 Banyan Trail, Boca Raton, Florida, USA, 33431",False,False,False,False,False,False,False
08_us_delivery_station,164,,DSR1,2906 Corporate Way,Palmetto,Florida,34221,55400,5,2017,,month,Delivery Station for Sarasota area,"2906 Corporate Way, Palmetto, Florida. USA. 34221",False,False,False,False,False,False,False
08_us_delivery_station,165,:,DSR7,1601 N 39th Street,Tampa,Florida,33605,500000,8,2021,,month,Delivery Station for Tampa.,"1601 N 39th Street, Tampa, Florida. USA. 33605",False,False,False,False,False,False,False
08_us_delivery_station,166,Florida,DTP1,8824 E Adamo Dr,Tampa,Florida,33619,169300,10,2017,,month,Delivery Station for Tampa,"8824 E Adamo Dr, Tampa, Florida. USA. 33619",False,False,False,False,False,False,False
08_us_delivery_station,167,,DTP2,9900 18th Street N,St. Petersburg,Florida,33716,23400,10,2015,,month,Delivery Station for St. Petersburg,"9900 18th Street N, St. Petersburg, Florida, USA, 33716",False,False,False,False,False,False,False
08_us_delivery_station,168,Florida,DTP8,3201 Gateway Centre Pkwy,Saint Petersburg,Florida,33786,100000,11,2024,,month,Delivery Station for Lutz FL Region. Sq Ft is Delivery Station focused on Same Day Delivery Station for St. Petersburg. Delivery Station for Tampa,"17030 Mentmore Blvd, Land O° 1003 N Taylor Rd, Seffner, 3201 Gateway Centre Pkwy, Pinellas Park, Saint Petersburg, Florida, USA, 337861 6384 Harney Road, Tampa, Florida. USA. 33610",False,False,False,False,False,False,False
08_us_delivery_station,169,Florida,,6101 45th St. N,Saint Petersburg,Florida,33714,114300,,2026,,year,Delivery Station for St. Petersburg. Facility built out but delayed opening for 3 years. It has been put up for sublease.,"6101 45th St. N., Pinellas Park, Saint Petersburg, Florida, USA, 33714",False,True,False,False,False,False,False
08_us_delivery_station,170,: Plena,,6604 S. Dale Mabry Highway,Tampa,Florida,33611,122600,,,,none,Delivery Station for South Tampa near MacDill Air Force Base.,"6604 S. Dale Mabry Highway, Tampa, Florida, USA, 33611",False,False,False,False,False,False,False
08_us_delivery_station,171,,DVB1,7440 Commercial Circle,Fort Pierce,Florida,34951,60000,9,2019,,month,"Delivery Station for Fort Pierce, FL","7440 Commercial Circle, Fort Pierce. Florida. USA. 34951",False,False,False,False,False,False,False
08_us_delivery_station,172,Florida,PVE4,1111 Southwest 30th Avenue,Deerfield Beach,Florida,33442,158000,4,2021,,month,Delivery Station for Boca Raton/Deertield Beach Region.,"1111 Southwest 30th Avenue, Deerfield Beach, Florida, USA, 33442",False,False,False,False,False,False,False
08_us_delivery_station,173,,DVB6,3701 Flamingo Road,Miramar,Florida,33027,489700,6,2023,,month,Delivery Station for Miramar-Miami North Region. Delayed Opening.,"3701 Flamingo Road, Miramar, Florida, USA, 33027",False,True,False,False,False,False,False
08_us_delivery_station,174,:,DVB7,3000 NW 123rd St,Miami,Florida,33167,225600,8,2021,,month,Delivery Station for Miami wr Airport area.,"3000 NW 123rd St, Miami, Florida. USA. 33167",False,False,False,False,False,False,False
08_us_delivery_station,175,:,DFH1,6499 NW 15th Ave,Fort Lauderdale,Florida,33309,149300,8,2021,,month,Delivery Station for Miami Airport area. Sq Delivery Station for Fort Lauderdale Region,"3355 NW 22nd Street Rd, 6499 NW 15th Ave, Fort Lauderdale. Florida. USA. 33309",False,False,False,False,False,False,False
08_us_delivery_station,176,,DFH3,3998 Sarno Road,Melbourne,Florida,32934,141400,,2024,4,quarter,Velivery for Bay Project Sonic. Opening delayed 2,"3998 Sarno Road, Melbourne, Florida. USA. 32934",False,True,False,False,False,False,False
08_us_delivery_station,177,Florida,DFH6,1301 President Barrack Obama Highway,Riviera Beach,Florida,33404,120300,,,,none,Delvety ee Station Ihr West Palm Geach eed =,"1301 President Barrack Obama Highway, Riviera Beach, Florida, USA, 33404",False,False,False,False,False,False,False
08_us_delivery_station,178,,DSR3,13010 Bay Industrial Dr,Gibsonton,Florida,33534,112000,3,2022,,month,DSR3 is ts a Delivery Station for South Tampa : is a co-located Heavy/Bulky,"13010 Bay Industrial Dr, Gibsonton. Florida. USA. 33534",False,False,False,False,False,True,False
08_us_delivery_station,179,:,,3529 Russell Road,Marianna,Florida,32446,,11,2021,,month,Rural Wagon Wheel Delivery Station for Marianna FL Area. Sq Ft is an estimate.,"3529 Russell Road, Marianna, Florida, USA, 32446",False,False,False,False,True,False,True
08_us_delivery_station,180,,,5601 N Hiatus Rd,Tamarac,Florida,33321,68200,,2025,,year,Delivery Station for Pompano Beach Region. :,"5601 N Hiatus Rd, Tamarac, Florida. USA. 33321",False,False,False,False,False,False,False
08_us_delivery_station,181,Florida,WFL2,,,,32303,123100,11,2023,,month,Delivery Station for Tallahassee Region. Derniart Project Cyprus. Project delayed.,"3799 NW Psge, Tallahassee, Florida, USA, 292N2 32303",False,True,False,False,False,False,False
08_us_delivery_station,182,,,Isle of Capri,Pompano Beach,Florida,33069,,,,,none,Delivery Station for Pompano Beach Region. Not yet confirmed.,"Isle of Capri, Pompano Beach, Florida, USA, 33069",True,False,False,False,False,False,False
08_us_delivery_station,183,pro,,Commerce Boulevard,Panama City,Florida,32404,,,,,none,"Rural Wagon Wheel Delivery Station for Panama City, FL. Sq Ft is an estimate.","Commerce Boulevard, Panama City, Florida, USA, 32404",False,False,False,False,True,False,True
08_us_delivery_station,184,Florida,DFH7,13450 SW Anthony F. Sansone Sr. Blvd,Port St Lucie,Florida,34987,220000,,,,none,Delivery Station for Pompano Beach Region.,"13450 SW Anthony F. Sansone Sr. Blvd, Tradition, Port St Lucie, Florida, USA, 34987",False,False,False,False,False,False,False
08_us_delivery_station,185,Florida,WML1,5520 Industrial Blvd,Milton,Florida,32583,81000,,,,none,Delivery Station of small and heavy/bulky merch for Pensacola East Region. Project,"5520 Industrial Blvd, Milton, Florida. USA. 32583",False,False,False,False,False,False,False
08_us_delivery_station,186,:,DAT1,4800 Highlands Parkway SE,Smyma,Georgia,30080,114000,8,2016,,month,Jungle Cruise. Delivery Station for Atlanta area,"4800 Highlands Parkway SE, Smyma, Georgia, USA, 30080",False,False,False,False,False,False,False
08_us_delivery_station,187,Georgia,DAT2,1700 Belle Meade Court,Lawrenceville,Georgia,30043,80000,,2018,,year,Delivery Station for Atlanta area,"1700 Belle Meade Court, Lawrenceville, Georgia, USA, 30043",False,False,False,False,False,False,False
08_us_delivery_station,188,,DAT3,2750 Sullivan Road,College Park,Georgia,30337,205500,6,2019,,month,Delivery Station for Atlanta area,"2750 Sullivan Road, College Park, Georgia, USA, 30337",False,False,False,False,False,False,False
08_us_delivery_station,189,,DAT6,7055 Campbellton Road,Atlanta,Georgia,30331,1128400,7,2020,,month,Delivery Station for Atlanta Area.,"7055 Campbellton Road, Atlanta, Georgia, USA, 30331",False,False,False,False,False,False,False
08_us_delivery_station,190,Georgia,DAT9,5705 Campbellton Fairburn Rd,Atlanta,Georgia,30349,1007400,8,2020,,month,ee OC res,"5705 Campbellton Fairburn Rd, Building A, Union City, Atlanta, Georgia, USA, 30349",False,False,False,False,False,False,False
08_us_delivery_station,191,,DGE2,140 Commerce Ct,Rincon,Georgia,31326,9400,10,2018,,month,Delivery Station for Savannah,"140 Commerce Ct, Rincon, Georgia, USA, 31326",False,False,False,False,False,False,False
08_us_delivery_station,192,Georgia,DGE4,,,,31407,117000,7,2020,,month,Delivery Station OlallOl for Savannah,"1500 Crossgate Rd, Port Wentworth, Georgia, USA, VOA, 31407",False,False,False,False,False,False,False
08_us_delivery_station,193,Genta,,800 Anvil Block Road Forest Park,,Georgia,30294,221000,,,,none,Delivery Station for Forest Park / South East Atlanta Region.,"Gillem Logistics Center Building, 800 Anvil Block Road Forest Park, Georgia, USA, 30294",False,False,False,False,False,False,False
08_us_delivery_station,194,Georgia,,5000 Lanier Islands Parkway,Buford,Georgia,30518,815600,7,2020,,month,Delivery Station for Atlanta North.,"5000 Lanier Islands Parkway, Building 1, Buford, Georgia, USA, 30518",False,False,False,False,False,False,False
08_us_delivery_station,195,,,920 Logistics Parkway,Buford,Georgia,30518,301900,7,2020,,month,Delivery Station for Atlanta North.,"920 Logistics Parkway, Building 2, Buford, Georgia, USA, 30518",False,False,False,False,False,False,False
08_us_delivery_station,196,,DTG5,6945 Button Gwinnett Drive,Doraville,Georgia,30340,121000,8,2021,,month,Delivery Station for Atlanta North.,"6945 Button Gwinnett Drive, Doraville, Georgia, USA, 30340",False,False,False,False,False,False,False
08_us_delivery_station,197,,,6020 Shiloh Road,Alpharetta,Georgia,30005,,,,,none,Delivery Station for Duluth / NE Atlanta Delivery Station for Atlanta North. 3 buildings. Project A to Z.,"4000 Venture DriveDuluth, 6020 Shiloh Road, Alpharetta, Georgia, USA, 30005",False,False,False,False,False,False,False
08_us_delivery_station,198,Georgia a,,1942 Marietta Rd NW,Atlanta,Georgia,30318,220000,12,2024,,month,Delivery Station for Atlanta West Side. Project Revive.,"1942 Marietta Rd NW, Atlanta, Georgia, USA, 30318",False,False,False,False,False,False,False
08_us_delivery_station,199,,,5898 Osceola CourtMidland,,Georgia,31820,35000,,2025,,year,Delivery Station for Columbus GA Side.,"5898 Osceola CourtMidland, Georgia, USA, 31820",False,False,False,False,False,False,False
08_us_delivery_station,200,,,91-310 Hanua St,West O'ahu,Hawaii,96707,,,,,none,Delivery Station for West Role of facility to be confirmed.,"91-310 Hanua St, Kapolei, West O'ahu, Hawaii, USA, 96707",True,False,False,False,False,False,False
08_us_delivery_station,201,=:,,2101 Auiki St,Oahu,Hawaii,96819,,,,,none,Delivery Station for Oahu. Facility could have expanded role.,"2101 Auiki St., Sand Island, Oahu, Hawaii, USA, 96819",False,False,False,False,False,False,False
08_us_delivery_station,202,,DID1,1411 Third Ave N,Nampa,Idaho,83687,18000,10,2018,,month,Delivery Station for Boise,"1411 Third Ave N, Nampa, Idaho. USA. 83687",False,False,False,False,False,False,False
08_us_delivery_station,203,,DID2,6752 S Business Way,Boise,Idaho,83716,79600,,,,none,Delivery Station for Boise,"6752 S Business Way, Boise, idaho. USA. 83716",False,False,False,False,False,False,False
08_us_delivery_station,204,,,2660 W Fred Smith St,Meridian,Idaho,83642,,,,,none,Delivery Station for Meridian (Boise West) out to Fruitland. Delayed opening.,"2660 W Fred Smith St, Meridian, Idaho, USA, 83642",False,True,False,False,False,False,False
08_us_delivery_station,205,,WID1,3700 South Pioneer Driveldaho Falls,,Idaho,83402,107000,3,2023,,month,Rural Wagon Wheel Delivery Station for idaho Falls.,"3700 South Pioneer Driveldaho Falls, Idaho, USA, 83402",False,False,False,False,False,False,True
08_us_delivery_station,206,,WID2,Jerome,,Idaho,83338,50000,,,,none,Rural Station tor,"Jerome, Idaho, USA, 83338",False,False,False,False,False,False,False
08_us_delivery_station,207,,DCH2,8290 Austin Ave,Morton Grove,Morton Grove,60053,39300,7,2015,,month,Jerome ID. Sq ft is an estimate. Delivery Station for Chicago,"8290 Austin Ave, Morton Grove, USA. 60053",False,False,False,False,True,False,False
08_us_delivery_station,208,jie,DCH3,4500 Western Ave,Lisle,Lisle,60532,68000,8,2015,,month,Delivery Station for Chicago,"4500 Western Ave, Lisle , USA. 60532",False,False,False,False,False,False,False
08_us_delivery_station,209,,DCH5,2450 Northwest Parkway,Elgin,Illinois,60124,250800,10,2019,,month,Delivery Station for Chicago West Side,"2450 Northwest Parkway, Elgin, Illinois. USA. 60124",False,False,False,False,False,False,False
08_us_delivery_station,210,,DCH6,206 S. Pinnacle Drive,Romeoville,Illinois,60446,93000,,2019,,year,Delivery Station : for : Chicago West : Side,"206 S. Pinnacle Drive, Romeoville. Illinois. USA. 60446",False,False,False,False,False,False,False
08_us_delivery_station,211,jie nate,DCH8,1825 North 5th Ave,Melrose park,Illinois,60160,135000,7,2020,,month,"Delivery Station for Chicago Downtown; 3 Buildings largest is 252,000 sq ft","1825 North 5th Ave, Melrose park, Illinois, USA, 60160",False,False,False,False,False,False,False
08_us_delivery_station,212,nds,DIL1,2901 Boardwalk Drive,Champaign,Illinois,61822,50400,10,2018,,month,"Delivery Station for Champaign, IL","2901 Boardwalk Drive, Champaign, Illinois, USA, 61822",False,False,False,False,False,False,False
08_us_delivery_station,213,iss,DIL3,3507 W. 51st St,Chicago,Illinois,60632,316500,,2021,4,quarter,Delivery Station for Midway Airport area of sw Chicago. chicago.,"3507 W. 51st St, Gage Park, Chicago, Illinois, USA, 60632",False,False,False,False,False,False,False
08_us_delivery_station,214,,,808 Discovery Drive,West Chicago,Illinois,60185,145000,6,2020,,month,Delivery Delvery Station : for West : Chicago. Sq Ft is,"808 Discovery Drive, West Chicago, Illinois, linois, USA, 60185- 2061",False,False,False,False,False,False,False
08_us_delivery_station,215,iss,DIL7,3609-3639 Howard St,Skokie,Skokie,60076,237200,,2019,4,quarter,an estimate. Delivery Station for Skokie Region,"3609-3639 Howard St, Skokie, USA. 60076",False,False,False,False,False,False,False
08_us_delivery_station,216,,,3000 W 51st St,Chicago,Illinois,60632,,,,,none,"Delivery Station for Gage Park, IL. Sq Ft is an estimate.","3000 W 51st St, Gage Park, Chicago, Illinois, USA, 60632",False,False,False,False,True,False,False
08_us_delivery_station,217,,DLI4,3077 Gateway Commerce Center Drive South,Edwardsville,Illinois,62025,593100,5,2020,,month,Delivery Station for St. Louis North Region.,"3077 Gateway Commerce Center Drive South, Edwardsville. Illinois. USA. 62025-2815",False,False,False,False,False,False,False
08_us_delivery_station,218,nds,,5106 State Route 111,Pontoon Beach,Illinois,62040,100000,7,2020,,month,Delivery Station for St Louis East region. co Ft estimated.,"5106 State Route 111, Pontoon Beach, Illinois, USA, 62040",False,False,False,False,False,False,False
08_us_delivery_station,219,iss,DLN2,1500 S Laramie Ave,Cicero,Illinois,60804,227200,,,,none,Delivery Station for Chicago Cicero. 2 Buildings on site.,"1500 S Laramie Ave, Cicero, illinois, USA, 60804",False,False,False,False,False,False,False
08_us_delivery_station,220,,DLN3,1455 W Cellular Drive,Arlington Heights,Illinois,60004,214200,,2020,,year,Delivery Station for NW Chicago.,"1455 W Cellular Drive, Arlington Heights, Illinois, USA, 60004- 7810",False,False,False,False,False,False,False
08_us_delivery_station,221,jos,,315 South Hicks Road,Palatine,Illinois,60067,162000,9,2020,,month,Delivery Station for Chicago Pullman Delivery Station for Chicago Upper West Side,"10500 S Woodlawn Ave, 315 South Hicks Road, Palatine, Illinois, USA, 60067",False,False,False,False,False,False,False
08_us_delivery_station,222,,DXH5,3523 South Ashland Avenue,Chicago,Illinois,60609,260000,8,2021,,month,,"3523 South Ashland Avenue, McKinley Park, Chicago, Illinois, USA, 60609",False,False,False,False,False,False,False
08_us_delivery_station,223,,DXH6,3800 Finley Road,Downers Grove,Illinois,60515,504000,7,2020,,month,Delivery Station for Chicago West Side,"3800 Finley Road, Facility # 3, Downers Grove, Illinois, USA, 60515",False,False,False,False,False,False,False
08_us_delivery_station,224,,WIL14,1961 Edgewater Drive,North Pekin,Illinois,61554,,2,2023,,month,Rural Wagon Wheel Delivery Station for Peoria IL area.,"1961 Edgewater Drive, North Pekin, Illinois, USA, 61554",False,False,False,False,False,False,True
08_us_delivery_station,225,jos,,1201 Newton Drive,Champaign,Illinois,61822,,,,,none,Rural Wagon Wheel Delivery Station for Champaign IL,"1201 Newton Drive, Champaign, Illinois, USA, 61822",False,False,False,False,False,False,True
08_us_delivery_station,226,,,2800 S. 25th Ave,Chicago,Illinois,60155,271000,,,,none,Delivery Station for West Side Chicago / Broadview area.,"2800 S. 25th Ave., Broadview, Chicago, Illinois, USA, 60155",False,False,False,False,False,False,False
08_us_delivery_station,227,,,27 W 460 St. Charles Road,Winfield,Illinois,60190,,,,,none,Delivery Station for West Side Chicago / Carol Stream area. Not confirmed.,"27 W 460 St. Charles Road, Winfield, Illinois, USA, 60190",True,False,False,False,False,False,False
08_us_delivery_station,228,Illinois,,Bissell Road Koad and Dirksen Virksen Parkway,Springfield,Illinois,62702,71000,,2025,,year,. Station . ich: — 5d paige - ne,"Bissell Road Koad and Dirksen Virksen Parkway, Springfield, Illinois, USA, 62702",False,False,False,False,False,False,False
08_us_delivery_station,229,,,U.S. 6/Route 71 and Technology Drive,Ottawa,Illinois,61341,,,2025,,year,Rural Station tr tor Ottawa IL,"U.S. 6/Route 71 and Technology Drive, Ottawa, Illinois, USA, 61341",False,False,False,False,False,False,False
08_us_delivery_station,230,,DIN1,5850 W 80th St,Indianapolis,Indiana,46278,61800,11,2017,,month,Rural Wagon Wheel Delivery Station for Delivery Station for Indianapolis,"1600 N 45th St, Quincy, Illinois, 5850 W 80th St, Indianapolis, Indiana. USA. 46278",False,False,False,False,False,False,True
08_us_delivery_station,231,,DIN2,2100 E 15th Ave,Gary,Indiana,46402,77500,11,2018,,month,Delivery Station for Gary,"2100 E 15th Ave, Gary, Indiana, USA. 46402",False,False,False,False,False,False,False
08_us_delivery_station,232,,DIN3,5545 Chet Waggoner Court Suite 200,South Bend,Indiana,46628,84200,,,,none,"Delivery Station for South Bend, IN","5545 Chet Waggoner Court Suite 200, South Bend, Indiana, USA, 46628",False,False,False,False,False,False,False
08_us_delivery_station,233,,,1621 Collins Rd,Greenwood,Indiana,46143,,,,,none,Delivery Station for Southeast Indianapolis Area. Sq Ft is an estimate only.,"1621 Collins Rd, Greenwood, Indiana, USA, 46143-2114",False,False,False,False,True,False,False
08_us_delivery_station,234,,,8610 Avionics Dr,Indiana,Indiana,46809,450600,10,2020,,month,Delivery Station for Fort Wayne IN. Sq Ft is an estimate.,"8610 Avionics Dr. , Fort Wayne, Indiana, indiana, USA, 46809",False,False,False,False,True,False,False
08_us_delivery_station,235,indiane =,,7114 W. 200 N,Greenfield,Indiana,46140,539900,,,,none,Delivery Station for Greenfield IN.,"7114 W. 200 N., Greenfield, Indiana. USA. 46140",False,False,False,False,False,False,False
08_us_delivery_station,236,,DII3,8316 Allison Ave,Indianapolis,Indiana,46268,512700,,,,none,: Delivery Station for Indianapolis,"8316 Allison Ave, Indianapolis, Indiana. USA. 46268",False,False,False,False,False,False,False
08_us_delivery_station,237,,,9751 Massachusetts Drive,Crown Point,Indiana,46307,190000,8,2021,,month,ae ee egion,"9751 Massachusetts Drive, Merrillville, Crown Point, Indiana, USA, 46307",False,False,False,False,False,False,False
08_us_delivery_station,238,jo,,14831 Foundation Ave,Evansville,Indiana,47725,,,,,none,Rural Wagon Wheel Delivery Station for Evansville IN,"14831 Foundation Ave., Evansville, Indiana, USA, 47725",False,False,False,False,False,False,True
08_us_delivery_station,239,,WIN2,1451 Veterans Memorial Parkway ELafayette,,Indiana,47905,160000,,2023,,year,"Delivery Station for Lafayette, IN","1451 Veterans Memorial Parkway ELafayette, Indiana, USA, 47905",False,False,False,False,False,False,False
08_us_delivery_station,240,jo,,5 Cumberland Dr,Washington,Indiana,47501,,,,,none,Rural Wagon Wheel Delivery Station for Washington IN,"5 Cumberland Dr, Washington, Indiana, USA, 47501",False,False,False,False,False,False,True
08_us_delivery_station,241,,,Near the Munincipal Airport,Elkhart,Indiana,46514,180000,,2025,,year,"Delivery Station for Elkhart, IN","Near the Munincipal Airport, Elkhart. Indiana. USA. 46514",False,False,False,False,False,False,False
08_us_delivery_station,242,,,10355 S. Carlisle Street,Terre Haute,Indiana,47802,55000,,2025,1,quarter,Delivery Station for Terr Haute Region,"10355 S. Carlisle Street, Terre Haute. Indiana. USA. 47802",False,False,False,False,False,False,False
08_us_delivery_station,243,,DIA3,1301 E Gateway Drive,Building 5 Grimes,Iowa,50114,109800,4,2020,,month,Delivery Station for Des Moines,"1301 E Gateway Drive, Building 5 Grimes. lowa USA 50114",False,False,False,False,False,False,False
08_us_delivery_station,244,lowa,DIA4,2500 Heinz Road,lowa City,Iowa,52240,247600,4,2020,,month,Station; at former P&G building; Also serves as a,"2500 Heinz Road, lowa City, lowa, USA, 52240",False,False,False,False,False,False,False
08_us_delivery_station,245,lowa,WWI2,7200 Chavenelle Road,Dubuque,Iowa,52002,120000,,,,none,heavy/bulky delivery station. Delivery Station for North Des Moines Rural Wagon Wheel Delivery Station for region - deliver 60 miles in all,"7310 S.E. Crosswinds Drive, 7200 Chavenelle Road, Dubuque, lowa, USA, 52002",False,False,False,False,False,False,True
08_us_delivery_station,246,lowa,SIA2,6910 S.E. Four Mile Drive,Ankeny,Ys lowa,50021,157500,12,2024,,month,"irections,. panes: Eater Fresh / Delivery Station for Des Moines.","6910 S.E. Four Mile Drive, Ankeny. Ys lowa. USA. 50021",False,False,False,False,False,False,False
08_us_delivery_station,247,,WIO2,715 West Burlington Ave,Burlington,Iowa,52601,38600,10,2024,,month,"Same Day Senice Semice Within 45 Minute Drive Delivery Station for Burlington, IA.","715 West Burlington Ave., Ave.., Burlington, lowa, USA, 52601",False,False,False,False,False,False,False
08_us_delivery_station,248,fmf,,4400 S. Washington Avenue,Mason City,Iowa,50401,50000,,,,none,"Delivery Station for Mason City, IA.","4400 S. Washington Avenue, Mason City, lowa, USA, 50401",False,False,False,False,False,False,False
08_us_delivery_station,249,,,6417 Innovation Dr,Cedar Falls,Iowa,50613,,9,2024,,month,"Rural Wagon Wheel Delivery Station for Cedar Falls, IA. Project Panther.","6417 Innovation Dr, Cedar Falls, lowa, USA, 50613",False,False,False,False,False,False,True
08_us_delivery_station,250,,DMC3,4054 Powell Dr,Shawnee,Kansas,66226,170000,7,2020,,month,Delivery Station / Fresh. Sq Ft included in Delivery Station for Kansas City. Replaced pct. oct.,"4158 Powell Drive, Shawnee, 4054 Powell Dr, Shawnee, Kansas, USA, 66226",False,False,False,False,False,True,False
08_us_delivery_station,251,Kansas,DKS3,10800 Mill Creek Road,Lenexa,Kansas,66219,142800,6,2021,,month,Delivery Station for Lenexa.,"10800 Mill Creek Road, Olathe, Lenexa, Kansas, USA, 66219- 1358",False,False,False,False,False,False,False
08_us_delivery_station,252,,,829 S 81 Bypass,McPherson,Kansas,67460,,,,,none,"Rural Wagon Wheel Delivery Station for Rural Wagon Wheel Delivery Station for McPherson, KS area. Sq ft is an estimate.","4044 N. Toben, Wichita, 829 S 81 Bypass, McPherson, Kansas, USA, 67460",False,False,False,False,True,False,True
08_us_delivery_station,253,,DKY1,7240 Global Drive,Louisville,Kentucky,40258,83000,8,2017,,month,: Delivery Station : for Louisville ss,"7240 Global Drive, Louisville, Kentucky, USA, 40258",False,False,False,False,False,False,False
08_us_delivery_station,254,,DKY2,West Road,Lexington,Kentucky,40511,17000,,2018,,year,Delivery Station for Lexington,"West Road, Lexington, Kentucky, USA, 40511",False,False,False,False,False,False,False
08_us_delivery_station,255,,DKY5,1180 Newtown Pike,Lexington,Kentucky,40511,141000,,,,none,: Delivery Station for Lexington,"1180 Newtown Pike, Lexington, Kentucky, USA, 40511",False,False,False,False,False,False,False
08_us_delivery_station,256,Kentucky,DKY8,3208 E Blue Lick Road,Shepherdsville,Kentucky,40109,302500,7,2021,,month,Delivery Station for Louisville. Delayed : Delivery Station : for SE Louisuille ss / Shepherdsville Region.,"1231 Durrett Lane, Louisville, 3208 E Blue Lick Road, Shepherdsville, Kentucky, USA, 40109",False,True,False,False,False,False,False
08_us_delivery_station,257,,DKY9,7435 Industrial Rd,Florence,Kentucky,41042,107800,8,2024,,month,Delivery Station for Florence KY area.,"7435 Industrial Rd, Florence, Kentucky, USA, 41042",False,False,False,False,False,False,False
08_us_delivery_station,258,Kentucky,,2505 Ted Bushelman Blvd,Florence,Kentucky,41048,270000,,2025,,year,ould de a Detvery for Florence KY area. Role of facility,"2505 Ted Bushelman Blvd, Boone, Florence, Kentucky, USA. 41048",True,False,False,False,False,False,False
08_us_delivery_station,259,,,5501 Commerce Drive,Paducah,Kentucky,42001,72500,,2025,,year,Delivery Station for Paducah KY area.,"5501 Commerce Drive, Paducah, Kentucky, USA, 42001",False,False,False,False,False,False,False
08_us_delivery_station,260,Louisiana,DLB2,11100 Honore Lane,Baton Rouge,Louisiana,70809,111900,,,,none,Delivery Station for Baton Rouge.,"11100 Honore Lane, Baton Rouge, Louisiana, USA, 70809- 3918",False,False,False,False,False,False,False
08_us_delivery_station,261,,DNO1,5042 Bloomfield St,New Orleans,Louisiana,70121,100000,,2018,,year,Delivery Station for New Orleans,"5042 Bloomfield St, New Orleans. Louisiana. USA. 70121",False,False,False,False,False,False,False
08_us_delivery_station,262,Louisiana,DNO2,5733 Citrus Boulevard,Elmwood,Louisiana,70123,182000,6,2020,,month,Delivery Station for New Orleans,"5733 Citrus Boulevard, Elmwood, Louisiana, USA, 70123-1662",False,False,False,False,False,False,False
08_us_delivery_station,263,ss,,1914 Town Center Parkway,Slidell,Louisiana,70458,,,,,none,Delivery Station for Greater St. Tammany Parish area. Opening delayed to 2025.,"1914 Town Center Parkway, Slidell, Louisiana, USA, 70458",False,True,False,False,False,False,False
08_us_delivery_station,264,Louisiana,WLF2,3221 Veterans Memorial Boulevard,Abbeville,Louisiana,70510,134000,2,2024,,month,Delivery Station for Acadania LA region.,"3221 Veterans Memorial Boulevard, Abbeville, Louisiana, USA, 70510",False,False,False,False,False,False,False
08_us_delivery_station,265,Louisiana,,8028 8026 Shreve Park Dr,Shreveport,Louisiana,71129,87000,,2025,,year,Delivery Station for Shreveport LA region.,"8028 8026 Shreve Park Dr, Shreveport, Louisiana, USA, 71129",False,False,False,False,False,False,False
08_us_delivery_station,266,Louisiana,,Luffey Drive and I-20 N Frontage Road,Monroe,Louisiana,71291,56000,12,2024,,month,261038 northeast Louisiana.,"Luffey Drive and I-20 N Frontage Road , Monroe, Louisiana, USA, 71291",False,False,False,False,False,False,False
08_us_delivery_station,267,Louisiana,,Highway 1 at exit for Rapides Station Road,Boyce,Louisiana,71409,65000,,2025,,year,Delivery Station for Monroe across northeast Louisiana.,"Highway 1 at exit for Rapides Station Road, Boyce, Louisiana, LIGA USA. 71409",False,False,False,False,False,False,False
08_us_delivery_station,268,,,Running Hill Road West of Cummings Road,Scarborough,Maine,04106,140000,,2025,,year,ne onfirmed. Sq Ft is an estimate.,"Running Hill Road West of Cummings Road, Scarborough, Maine. USA. 04106",False,False,False,False,True,False,False
08_us_delivery_station,269,Maryland,DBA1,86 Alco Pl #98,Lansdowne,Maryland,21227,42000,1,2016,,month,Delivery Station for Baltimore MD,"86 Alco Pl #98, Lansdowne, Maryland, USA, 21227",False,False,False,False,False,False,False
08_us_delivery_station,270,Maryland,,5801 Columbia Park Road,Hyattsville,Maryland,20785,172200,,,,none,: Station for Washington De East egion,"5801 Columbia Park Road, Hyattsville, Maryland, USA, 20785-3828",False,False,False,False,False,False,False
08_us_delivery_station,271,Maryland,,16604 Industrial Lane,Williamsport,Maryland,21795,167300,7,2020,,month,"Delivery Station for Hagerstown, MD Region","16604 Industrial Lane, Williamsport, Maryland, USA, 21795",False,False,False,False,False,False,False
08_us_delivery_station,272,Maryland,,7021 Dorsey Road,Hanover,Maryland,21076,200300,8,2020,,month,: Delivery Station : for Hanover/Washington DC,"7021 Dorsey Road, Hanover, Maryland, USA, 21076-1553",False,False,False,False,False,False,False
08_us_delivery_station,273,Maryland,DDC2,861 E Gude Drive,Rockville,Maryland,20850,65000,4,2015,,month,Delivery Station for Washington DC,"861 E Gude Drive, Rockville, Maryland, USA, 20850",False,False,False,False,False,False,False
08_us_delivery_station,274,Maryland,DLD1,7659 Solley Rd,Glen Burnie,Maryland,21060,340000,8,2020,,month,: Delivery Station : for SE Baltimore Region,"7659 Solley Rd, Glen Burnie, Maryland, USA, 21060-8326",False,False,False,False,False,False,False
08_us_delivery_station,275,Maryland,DMD2,2203 Lakeside Boulevard,Edgewood,Maryland,21040,99100,10,2020,,month,Delivery Station for East Washington DC Delivery Station for Edgewood MD Region,"10100 Willowdale Rd, Lanham, 2203 Lakeside Boulevard, Edgewood, Maryland, USA, 21040-1140",False,False,False,False,False,False,False
08_us_delivery_station,276,Maryland,DMD5,2100 Van Deman St,Baltimore,Maryland,21224,72000,6,2021,,month,"Delivery Station for Bel Air, Edgewood MD Delivery Station for : Baltimore East Region","102 Fulfillment Drive, Edgewood, 2100 Van Deman St, Baltimore, Maryland, USA, 21224",False,False,False,False,False,False,False
08_us_delivery_station,277,Maryland,,7226 Preston Gateway Drive,Hanover,Maryland,21076,194000,6,2021,,month,Delivery Station for Baltimore SW Region,"7226 Preston Gateway Drive, Hanover, Maryland, USA, 21076",False,False,False,False,False,False,False
08_us_delivery_station,278,Maryland,DMD8,9 Jay Gould Court,Waldorf,Maryland,20602,191400,3,2021,,month,": Delivery Station : for St Charles, MD Region","9 Jay Gould Court, Waldorf, Maryland, USA, 20602",False,False,False,False,False,False,False
08_us_delivery_station,279,Maryland,,1000 Prince Georges Blvd,Upper Marlboro,Maryland,20774,276100,,,,none,sou gen ae,"1000 Prince Georges Blvd, Upper Marlboro, Maryland, USA, 20774-8705",False,False,False,False,False,False,False
08_us_delivery_station,280,Maryland,,14601 Sweitzer Ln,Laurel,Maryland,20707,150000,11,2021,,month,Delivery Station for Laurel/Washington DC NE Region,"14601 Sweitzer Ln, Laurel, Maryland, USA, 20707",False,False,False,False,False,False,False
08_us_delivery_station,281,Maryland Marytand,DDW7,10406 Tucker St,Beltsville,Maryland,20705,265400,11,2021,,month,Delivery Station for Beltsville/Washington DC NE Region,"10406 Tucker St, Beltsville, Maryland, USA, 20705-2201",False,False,False,False,False,False,False
08_us_delivery_station,282,,,3700 Forestville Rd,District Heights,Maryland,20747,,,,,none,Delivery Station for Forestville/District Heights Region. Delayed Opening.,"3700 Forestville Rd, District Heights, Maryland, USA, 20747",False,True,False,False,False,False,False
08_us_delivery_station,283,,DAS7,20 Colonial Road,Salem,Massachusetts,01970,148000,2,2024,,month,"Delivery Station for Salem, MA Region.","20 Colonial Road, Salem, Massachusetts. USA. 01970",False,False,False,False,False,False,False
08_us_delivery_station,284,Massachusetts,DAS8,110 Fordham Rd,Massachusetts,Massachusetts,01887,100200,7,2020,,month,Delivery Station for North Boston/Lawrence/Lowell MA Region,"110 Fordham Rd., Wilmington, Massachusetts, Massachusetts. USA, USA. 01887",False,False,False,False,False,False,False
08_us_delivery_station,285,Massachusetts,,50 Prestige Way,Plymouth,Massachusetts,02360,145000,6,2021,,month,ee gion.,"50 Prestige Way, Kingston, Plymouth, Massachusetts, USA, 02360",False,False,False,False,False,False,False
08_us_delivery_station,286,Massachusetts,DBC3,800 John Quincy Adams Road,Taunton,Massachusetts,02780,350300,,,,none,Delivery Station for Taunton MA Region,"800 John Quincy Adams Road, Taunton, Massachusetts, USA, 02780",False,False,False,False,False,False,False
08_us_delivery_station,287,Massachusetts,DBC6,100 Industrial Park Road,Hingham,Massachusetts,02043,149000,5,2022,,month,Delivery Station for South Boston Region,"100 Industrial Park Road, Hingham, Massachusetts, USA, 02043",False,False,False,False,False,False,False
08_us_delivery_station,288,Massachusetts,DBO1,135 American Legion Highway,Revere,Massachusetts,02151,830000,7,2020,,month,"Delivery Station for Revere, Boston, Winthrop and Chelsea. Sq Ft is an estimate only.","135 American Legion Highway, Suffolk, Revere, Massachusetts, USA, 02151",False,False,False,False,True,False,False
08_us_delivery_station,289,Massachusetts,DBO7,161 Lower Westfield Rd,Holyoke,Massachusetts,01040,145000,,2019,,year,OUI 3 BCR EGG Region,"161 Lower Westfield Rd, Holyoke, Massachusetts, USA, 01040",False,False,False,False,False,False,False
08_us_delivery_station,290,Massachusetts,DBOS9,30 Commerce Blvd,Middleborough,Massachusetts,02346,132300,8,2020,,month,"Delivery Station for Middleborough/Taunton MA Region. Building includes Dry, Chilled and Frozen space.","30 Commerce Blvd, Middleborough, Massachusetts, USA, 02346",False,False,False,False,False,False,False
08_us_delivery_station,291,Massachusetts,DCB4,750 Everett St,Norwood,Massachusetts,02062,162700,,,,none,Delivery Station for SW Boston.,"750 Everett St, Norwood, Massachusetts, USA, 02062- 2618",False,False,False,False,False,False,False
08_us_delivery_station,292,Massachusetts,,351 Maple Street,Bellingham,Massachusetts,02019,,,,,none,Delivery Station for Region SW of Boston and NW of Providence.,"351 Maple Street, Bellingham, Massachusetts, USA, 02019",False,False,False,False,False,False,False
08_us_delivery_station,293,,,151 Taylor Street,Littleton,Massachusetts,01460,,,,,none,"Delivery Station for Littleton, MA Region. Not yet confirmed.","151 Taylor Street, Littleton, Massachusetts, USA, 01460",True,False,False,False,False,False,False
08_us_delivery_station,294,Massachusetts,DKO3,Sis Summer Boston. Massachusetts,,Sis Summer Boston. Massachusetts,02210,,10,2020,,month,Delivery Station for Boston. Sq Ft Convention Center.,"Sis Summer Boston. Massachusetts, USA, 02210- 4719",False,False,False,False,False,False,False
08_us_delivery_station,295,,,,,,02151,,11,2023,,month,"unknown. Located at Delivery Station for Revere, Boston Region. Delayed Velayed Opening.","565 Squire Road, Revere, Massachusetts, USA, UOA, 02151",False,True,False,False,False,False,False
08_us_delivery_station,296,Massachusetts,DMH4,300 Dan Road,Canton,Massachusetts,02021,125300,7,2021,,month,Delivery,"300 Dan Road, Canton, Massachusetts, USA, 02021- 2848",False,False,False,False,False,False,False
08_us_delivery_station,297,Massachusetts,DTB2,125 Goddard Memorial Drive,Worcester,Massachusetts,01603,177000,5,2021,,month,"area. Delivery Station for Worcester, MA Region.","125 Goddard Memorial Drive, Worcester, Massachusetts, USA, 01603-1233",False,False,False,False,False,False,False
08_us_delivery_station,298,,DTB4,7 Neponset St,Worcester,Massachusetts,01606,121200,10,2024,,month,"Delivery Station for Worcester, MA Region replace the Greendale Mall. Delayed","7 Neponset St, Worcester, Massachusetts. USA. 01606",False,True,False,False,False,False,False
08_us_delivery_station,299,Massachusetts,DTB8,4400 Computer Drive,Westborough,Massachusetts,01581,156500,,,,none,a 9,"4400 Computer Drive, Westborough, Massachusetts, USA, 01581-1722",False,False,False,False,False,False,False
08_us_delivery_station,300,Michigan,PPT1,1400 E 10 Mile Road,Hazel Park,Michigan,48030,,9,2017,,month,Delivery Station for North Boston / Haverhill Delivery Station for Detroit North Side. Co- SMI1.,"25 Computer Drive, Haverhill, 1400 E 10 Mile Road, Hazel Park, Michigan, USA, 48030- 1263",False,False,False,False,False,False,False
08_us_delivery_station,301,,DDT2,11457 Hannon Rd,Romulus,Michigan,48174,80000,,2018,,year,located inside : Delivery Station : for Detroit South Side,"11457 Hannon Rd, Romulus, Michigan, USA, 48174",False,False,False,False,False,False,False
08_us_delivery_station,302,,DDT3,28415 Automation Blvd,Wixom,Michigan,48393,86700,3,2020,,month,Delivery Station for Detroit West Region. :,"28415 Automation Blvd, Wixom, Michigan, USA, 48393",False,False,False,False,False,False,False
08_us_delivery_station,303,Sagat,DDT4,7009 W. Mountain Hope Hwy,Lansing,Michigan,48917,231000,3,2020,,month,": Delivery Station for Lansing, MI","7009 W. Mountain Hope Hwy, Lansing, Michigan, USA, 48917",False,False,False,False,False,False,False
08_us_delivery_station,304,Michigan,,49000 Michigan AvenueCanton Township,,Michigan,48188,,10,2020,,month,een ron Ni Detroit Region. Sq Ft included in FC. Delivery Station for North Detroit Area. Sq Delivery Station for Detroit West / Anne,"1200 Featherstone Road, Pontiac 4938 6700 Lynch Road, Detroit, 49000 Michigan AvenueCanton Township, Michigan, USA, 48188",False,False,False,False,False,True,False
08_us_delivery_station,305,Michigan,DGR1,2935 Walkent Court NW,Grand Rapids,Michigan,49544,66300,7,2018,,month,Deli Station for Grand = ake i,"2935 Walkent Court NW, Walker, Grand Rapids, Michigan, USA, 49544",False,False,False,False,False,False,False
08_us_delivery_station,306,Michigan,DGR3,33600 Mound Road,Sterling Heights,Michigan,48310,569000,,,,none,Delivery Station for N Detroit/Sterling,"33600 Mound Road, Sterling Heights, Michigan, USA, 48310- 6526",False,False,False,False,False,False,False
08_us_delivery_station,307,Michigan,DGR6,3951 Trade Dr SE 1st Floor,Grand Rapids,Michigan,49508,908700,3,2020,,month,Heights Region. : : 9,"3951 Trade Dr SE 1st Floor, Kent, Grand Rapids, Michigan, USA, 49508-2499",False,False,False,False,False,False,False
08_us_delivery_station,308,Michigan,DGR8,3415 Northridge Drive NW,Grand Rapids,Michigan,49534,112000,,,,none,Station for NW Grand Rapids gion.,"3415 Northridge Drive NW, Walker, Grand Rapids. Michigan, USA, 49534",False,False,False,False,False,False,False
08_us_delivery_station,309,Michigan,WMI1,3280 Commerce Center Drive,Saginaw,Michigan,48601,86500,,,,none,ee : Delvery Staton for g gion.,"3280 Commerce Center Drive, Buena Vista Township, Saginaw, Michigan, USA, 48601",False,False,False,False,False,False,False
08_us_delivery_station,310,michigan,,2266 Northway Drive,Mount Pleasant,Michigan,48858,,,,,none,Rural Wagon Wheel Delivery Station. Sq Ft is an estimate.,"2266 Northway Drive, Mount Pleasant, Michigan, USA, 48858",False,False,False,False,True,False,True
08_us_delivery_station,311,Sagat,,780 N Van Dyke Rd,Bad Axe,Michigan,48413,17000,10,2021,,month,Rural Wagon Wheel Delivery Station for Lake Horn Region N. of Detroit.,"780 N Van Dyke Rd, Bad Axe, Michigan, USA, 48413",False,False,False,False,False,False,True
08_us_delivery_station,312,sus,,4700 Carpenter Road,Pittsfield Township,Michigan,48197,143000,,2025,,year,Delivery Station for Ann Arbor SE area. ae was delayed. Construction : start mid-,"4700 Carpenter Road, Pittsfield Township, Michigan, USA, 48197",False,True,False,False,False,False,False
08_us_delivery_station,313,Sagat,,West Commerce Drive,Blair Township,Michigan,48197,,,,,none,Rural Delivery Station for Traverse City area. Project Northstar. Not confirmed yet.,"West Commerce Drive, Blair Township, Michigan, USA, 48197",True,False,False,False,False,False,False
08_us_delivery_station,314,ae,,1689 Badger Parkway,Gaylord,Michigan,49735,42000,,2025,1,quarter,Rural Delivery Station for Northern Michigan.,"1689 Badger Parkway, Gaylord, Michigan, USA, 49735",False,False,False,False,False,False,False
08_us_delivery_station,315,,,4471 US 31 South,Traverse City,Michigan,49685,66000,,2025,,year,Rural Delivery Station for Traverse : City MI.,"4471 US 31 South, Traverse City, Michigan, USA, 49685",False,False,False,False,False,False,False
08_us_delivery_station,316,,DMP1,10750 89th Avenue,Maple Grove,Minnesota,55369,75700,,2019,,year,Delivery Station for Minneapolis/St. Paul,"10750 89th Avenue, Hennepin, Maple Grove , Minnesota, USA, 55369",False,False,False,False,False,False,False
08_us_delivery_station,317,meets,DMS1,2811 Beverly Drive,Eagan,Minnesota,55124,142000,,2016,,year,: Delivery Station for : Minneapolis/St. Paul,"2811 Beverly Drive , Eagan, Minnesota. USA. 55124",False,False,False,False,False,False,False
08_us_delivery_station,318,Minnecota,DMS2,6985 21st Ave S,Centerville,Minnesota,55038,206400,,2022,2,quarter,Delivery Station for Minneannlic/St Minneapolis/St. Parl Paul Delivery Station for Centerville MN Region. Project Banjo.,"3130 Lexington Avenue South, St St. Paul Paul, Minnecota Minnesota, LISA USA, 6985 21st Ave S, Centerville, Minnesota, USA, 55038",False,False,False,False,False,False,False
08_us_delivery_station,319,,,Boulder Avenue,Rosemount,Minnesota,55068,30000,,,,none,Delivery Station for Rosemount / South Minneapolis Region,"Boulder Avenue, Rosemount, Minnesota, USA, 55068",False,False,False,False,False,False,False
08_us_delivery_station,320,,,2302 Commonwealth Ave,Duluth,Minnesota,55808,54800,,2025,1,quarter,Rural Wagon Wheel Delivery Station for Duluth MN Region. Sq Ft is an estimate.,"2302 Commonwealth Ave, Duluth, Minnesota, USA, 55808",False,False,False,False,True,False,True
08_us_delivery_station,321,,,NE corner Hudson Road / Settlers Ridge Parkway,Woodbury,Minnesota,55129,,,,,none,Delivery Station for Saint Paul Region. Project Wrangler.,"NE corner Hudson Road / Settlers Ridge Parkway, Woodbury, Minnesota, USA, 55129",False,False,False,False,False,False,False
08_us_delivery_station,322,,,12692 Timberwood Dr,Baxter,Minnesota,56425,,,2025,,year,Rural Wagon Wheel Delivery Station for Baxter Region. Project Timber Wolf.,"12692 Timberwood Dr, Baxter, Minnesota, USA, 56425",False,False,False,False,False,False,True
08_us_delivery_station,323,,WMN2,4759 Heatherwood Road,St. Cloud,Minnesota,56301,400000,11,2021,,month,Rural Wagon Wheel Delivery Station for St. Cloud MN Region. Sq Ft is an estimate.,"4759 Heatherwood Road, St. Cloud, Minnesota, USA, 56301",False,False,False,False,True,False,True
08_us_delivery_station,324,meets,,1211 West Lincoln Ave,Fergus Falls,Minnesota,56537,,,,,none,Rural Wagon Wheel Delivery Station for Fergus Falls Region.,"1211 West Lincoln Ave., Fergus Falls, Minnesota, USA, 56537",False,False,False,False,False,False,True
08_us_delivery_station,325,,XMS2,1000 W 63rd St,Hattiesburg,Mississippi,39401,10000,11,2021,,month,Rural Wagon Wheel Delivery Station.,"1000 W 63rd St, Hattiesburg, Mississippi, USA, 39401-6367",False,False,False,False,False,False,True
08_us_delivery_station,326,,XMS4,46 Industrial Park Road,Lucedale,Mississippi,39452,,,,,none,MUS : tor Lucedale MS Region,"46 Industrial Park Road, Lucedale, Mississippi, USA, 39452",False,False,False,False,False,False,False
08_us_delivery_station,327,,WMS1,5915 1-55 North,Jackson,Mississippi,39206,146700,5,2023,,month,Delivery Station for Jackson MS.,"5915 1-55 North, Jackson, Mississippi, USA, 39206",False,False,False,False,False,False,False
08_us_delivery_station,328,Mississippi,WET1,115 Jack Wallace Blvd,Starkville,Mississippi,39759,50000,10,2024,,month,"Delivery Station for Starkville, MS","115 Jack Wallace Blvd, Starkville, Mississippi, USA, 39759",False,False,False,False,False,False,False
08_us_delivery_station,329,,,279 Jamie Whitton Drive,Saltillo,Mississippi,38866,96000,,2025,1,quarter,"Delivery Station for Tupelo, MS","279 Jamie Whitton Drive, Saltillo, Mississippi, USA, 38866",False,False,False,False,False,False,False
08_us_delivery_station,330,,DLI1,,,,63042,100000,,2017,3,quarter,: Delivery Station for St. Louis,"Building 4, 441 Hazelwood Logistics Center Drive, Hazelwood! Missouri USA: 63042",False,False,False,False,False,False,False
08_us_delivery_station,331,Missouri,DLI2,830 James S. McDonnell Blvd,Hazelwood,Missouri,63042,45000,,2019,,year,Delivery Station/Van Parking for St. Louis,"830 James S. McDonnell Blvd, Hazelwood, Missouri, USA, 63042",False,False,False,False,False,False,False
08_us_delivery_station,332,,,3950 NW Helena Road,Riverside,Missouri,64150,,,,,none,Delivery Station for Kansas City/Riverside Region. Sq ft is an estimate.,"3950 NW Helena Road, Riverside, Missouri, USA, 64150",False,False,False,False,True,False,False
08_us_delivery_station,333,,,12000 Spencer Rd,St. Peters,Missouri,63376,,,2024,,year,Delivery Station for St Louis/Hazelwood Delivery Station for St Louis/St. Peters Region. Project Smile.,"6201 Aviator Dr, Hazelwood, 12000 Spencer Rd, St. Peters, Missouri, USA, 63376",False,False,False,False,False,False,False
08_us_delivery_station,334,,,655 Assembly Pkwy,Fenton,Missouri,63026,,,,,none,Delivery Station for Kansas City East iy in) Sh Lent,"655 Assembly Pkwy, Pkwy. Fenton, Fenton. Missouri, USA, 63026-3408",False,False,False,False,False,False,False
08_us_delivery_station,335,,DMC2,3601 Enterprise Drive,Kansas City,Missouri,64129,70100,,2019,,year,Delivery Station/Van Parking : for Kansas City,"3601 Enterprise Drive , Kansas City, Missouri, USA, 64129",False,False,False,False,False,False,False
08_us_delivery_station,336,,,2400 N-E. Coronado Drive,Blue Springs,Missouri,64029,,,,,none,Delivery Station for Kansas City East Region by Blue Springs.,"2400 N-E. Coronado Drive, Blue Springs, Missouri, USA, 64029",False,False,False,False,False,False,False
08_us_delivery_station,337,,,3002 Prigmore Ave,Joplin,Missouri,64804,,2,2021,,month,Rural Wagon Wheel Delivery Station for Joplin MO,"3002 Prigmore Ave., Joplin, Missouri, USA, 64804",False,False,False,False,False,False,True
08_us_delivery_station,338,,WMO2,2960 N. Martin Ave,Springfield,Missouri,65803,,,,,none,Rural Wagon Wheel Delivery Station for MG,"2960 N. Martin Ave., Springfield, Missouri, USA, 65803",False,False,False,False,False,False,True
08_us_delivery_station,339,,WMO3,nes Baldridge Fue,Remand,Missouri,65010,49000,6,2022,,month,"Rural Wagon Wheel Delivery Station for Boonville, Montgomery City, Moberly and Jefferson :","nes Baldridge Fue, Remand, Missouri, USA, 65010",False,False,False,False,False,False,True
08_us_delivery_station,340,,WMT1,8720 Aluminum Rd,Missoula,Montana,59808,70900,3,2024,,month,City. Rural Wagon Wheel Delivery Station for Greater Missoula Region serving customers within a 50-mile radius,"8720 Aluminum Rd, Missoula, Garden City, Missoula, Montana, USA, 59808",False,False,False,False,False,False,True
08_us_delivery_station,341,,WMT2,Jackrabbit Lane between Frank Rd & West Cameron Bridge Rd,Belgrade,Montana,59714,53000,,2025,,year,Delivery Station for Belgrade. MT.,"Jackrabbit Lane between Frank Rd & West Cameron Bridge Rd, Belgrade, Montana, USA, 59714",False,False,False,False,False,False,False
08_us_delivery_station,342,,WMT3,6767 Tun Tavern Road,Billings,Montana,59101,39600,10,2024,,month,Rural Wagon Wheel Delivery Station for Greater Billings Region serving customers,"6767 Tun Tavern Road, Billings, Montana. USA. 59101",False,False,False,False,False,False,True
08_us_delivery_station,343,,DOM1,11650 South 154th Street,Omaha,Nebraska,68138,184800,9,2018,,month,within a 90-mile radius Delivery Station for Omaha,"11650 South 154th Street, Omaha. Nebraska. USA. 68138",False,False,False,False,False,False,False
08_us_delivery_station,344,,WNB2,4201 Gold Core Rd,Grand Island,Nebraska,68801,41500,6,2024,,month,Delivery Station for Omaha. Sq Ft is an Rural Wagon Wheel Delivery Station for 50- radius: ae Delivery Station for Grand,"9722 S 132nd St, Papillion, 4201 Gold Core Rd, Grand Island. Nebraska. USA. 68801",False,False,False,False,False,False,True
08_us_delivery_station,345,Nebraska,DLV1,Columbus,Las Vegas,Nevada,89118,50000,,2025,,year,Rural Wagon Wheel Delivery Station for 50- mile radius: Delivery Station for Columbus NB. Delivery Station for Las Vegas,"Columbus, Nebraska, USA 3165 W. Sunset Rd, Suite 102, Las Vegas, Nevada, USA, 89118",False,False,False,False,False,False,True
08_us_delivery_station,346,Nevada,,1200 E Alexander Road,North Las Vegas,Nevada,89030,,9,2020,,month,Delivery Station for North Las Vegas. Sq Ft is an estimate.,"1200 E Alexander Road, North Las Vegas, Nevada, USA, 89030",False,False,False,False,True,False,False
08_us_delivery_station,347,,DLV3,9740 N Virginia St,Reno,Nevada,89506,145600,,,,none,DLV3 is a Delivery Station for North Reno. HRN2 is a co-located Heavy/Bulky delivery,"9740 N Virginia St, Reno, Nevada. USA. 89506",False,False,False,False,False,True,False
08_us_delivery_station,348,Nevada,DLV4,11500 Bermuda Road,Henderson,Nevada,89052,147000,6,2021,,month,station. Delivery Station for Henderson.,"11500 Bermuda Road, Henderson, Nevada, USA, 89052-8780",False,False,False,False,False,False,False
08_us_delivery_station,349,Nevada,DLV6,6330 West Sunset Road,Las Vegas,Nevada,89118,190300,,,,none,Delivery Station for Las Vegas,"6330 West Sunset Road, Las Vegas, Nevada, USA, 89118- 3318",False,False,False,False,False,False,False
08_us_delivery_station,350,Nevada,DLV7,650 E Owens Ave,North Las Vegas,Nevada,89030,,,2021,,year,ear,"650 E Owens Ave., North Las Vegas, Nevada, USA, 89030-",False,False,False,False,False,False,False
08_us_delivery_station,351,nevada lie,,7154 7454 New River Parkway,Fallon,Nevada,68860,,,,,none,"is an estimate. Rural Wagon Wheel Delivery Station for 50- mile radius: Delivery Station for Fallon, NV Formerly BOS1. Opened as a jewelry FC in 2015 and transitioned to apparel footwear to support Zappos. Changed over to a Delivery","7154 7454 New River Parkway, Fallon, Nevada, USA, 688601 10 State Street, Nashua, New Hampshire, USA, 03063",False,False,False,False,False,False,True
08_us_delivery_station,352,New Hampshire,DNH2,400 Quality Drive,Hooksett,New Hampshire,03106,109500,9,2019,,month,Station for New England in 2018. Delivery Station for New Hampshire Region.,"400 Quality Drive, Hooksett, New Hampshire, USA, 03106",False,False,False,False,False,False,False
08_us_delivery_station,353,,DEW1,2 Empire Boulevard,Moonachie,New Jersey,07074,75000,5,2015,,month,Delivery Station for New Jersey,"2 Empire Boulevard, Moonachie, New Jersey, USA, 07074",False,False,False,False,False,False,False
08_us_delivery_station,354,,DEW2,630 Sullivan Rd,Elizabeth,New Jersey,07201,65000,9,2014,,month,Delivery Station for New Jersey,"630 Sullivan Rd, Elizabeth, New Jersey, USA, 07201",False,False,False,False,False,False,False
08_us_delivery_station,355,New Jersey,DEW5,10 Princess Rd,Trenton,New Jersey,08648,340400,8,2021,,month,Delivery Station for North Trenton NJ,"10 Princess Rd, Lawrenceville, Trenton, New Jersey, USA, 08648",False,False,False,False,False,False,False
08_us_delivery_station,356,,DJE1,8-B Court South,Edison,New Jersey,08817,289700,9,2020,,month,Delivery Station for : Edison NJ.,"8-B Court South, Edison, New Jersey, USA, 08817",False,False,False,False,False,False,False
08_us_delivery_station,357,New Jersey,DJE2,1250 Forest Pkwy,West Deptford,New Jersey,08066,496000,7,2020,,month,eee a 9,"1250 Forest Pkwy, Paulsboro, West Deptford, New Jersey, USA, 08066-1763",False,False,False,False,False,False,False
08_us_delivery_station,358,New Jersey,DJE3,2320 Center Square Road,Logan Township,New Jersey,08085,369000,8,2020,,month,: 9,"2320 Center Square Road, Logan Township, New Jersey, USA, 08085-1796",False,False,False,False,False,False,False
08_us_delivery_station,359,New Jersey,DJE5,1145 King Georges Post Road,Edison,New Jersey,08837,280000,8,2021,,month,: tis an estimate.,"1145 King Georges Post Road, Edison, New Jersey, USA, 08837",False,False,False,False,False,False,False
08_us_delivery_station,360,New Jersey,DJE6,295 Thomas McGovern Drive,Jersey City,New Jersey,07305,95800,8,2020,,month,Delivery Station for Jersey City NJ.,"295 Thomas McGovern Drive, Jersey City, New Jersey, USA, 07305 0/305",False,False,False,False,False,False,False
08_us_delivery_station,361,New Jersey,DJE9,2471 Old York Road - Building 1,Bordentown Township,New Jersey,08505,434300,,2021,,year,"Delivery Station for Bordentown, NJ Region.","2471 Old York Road - Building 1, Bordentown Township, New Jersey, USA, 08505",False,False,False,False,False,False,False
08_us_delivery_station,362,New Jersey,DJR1,200 Gregg St,Lodi,New Jersey,07644,200400,4,2021,,month,Delivery Station for Lodi NJ. Sq Ft is an Estimate.,"200 Gregg St., Lodi, New Jersey, USA, 07644",False,False,False,False,True,False,False
08_us_delivery_station,363,New Jersey,DJR3,235 Veterans Boulevard,Rutherford,New Jersey,07070,360000,,2023,4,quarter,"Delivery Station for Rutherford, NJ Region.","235 Veterans Boulevard, Rutherford, New Jersey, USA, 07070",False,False,False,False,False,False,False
08_us_delivery_station,364,,DJR5,670 Belleville Turnpike,Kearny,New Jersey,07032,211400,11,2020,,month,Delivery Station for Newark.,"670 Belleville Turnpike, Kearny, New Jersey, USA, 07032-4407",False,False,False,False,False,False,False
08_us_delivery_station,365,,DJR6,5 Logistics Drive,Kearny,New Jersey,07032,181400,8,2020,,month,Delivery Station for Newark.,"5 Logistics Drive, Kearny, New Jersey, USA, 07032-6537",False,False,False,False,False,False,False
08_us_delivery_station,366,,,600 Washington Ave,Carlstadt,New Jersey,07072,,10,2021,,month,Delivery Station for Teterboro/Hackensack Delivery Station for East Rutherford / North ny,"125 North Street, Teterboro, 600 Washington Ave, Carlstadt, New Jersey, USA, 07072-2902",False,False,False,False,False,False,False
08_us_delivery_station,367,,DJZ3,377 Roosevelt Ave,Carteret,New Jersey,07008,,9,2020,,month,Delivery Station for the Elizabeth / Woodbridge Township NJ region.,"377 Roosevelt Ave, Carteret, New Jersey, USA, 07008-3500",False,False,False,False,False,False,False
08_us_delivery_station,368,,DJZ4,50 Central Avenue,Kearny,New Jersey,07032,415500,8,2020,,month,Delivery Station for Newark,"50 Central Avenue, Kearny, New Jersey, USA, 07032-4603",False,False,False,False,False,False,False
08_us_delivery_station,369,,,429 Delancy St,Linden,New Jersey,07036,,2,2021,,month,Delivery Station for Newark NJ Area. Sq Ft Delivery Station for Linden NJ Area. Delayed opening.,"429 Delancy St., Newark, New 1800 Lower Road, Linden, New Jersey, USA, 07036-6512",False,True,False,False,False,False,False
08_us_delivery_station,370,,,1 Paddock St,Avenel,New Jersey,07001,185000,,,,none,Delivery Station for Woodbridge Township NJ Area,"1 Paddock St, Avenel, New Jersey, USA, 07001-1856",False,False,False,False,False,False,False
08_us_delivery_station,371,,DNJ1,380 Middlesex Ave,Carteret,New Jersey,07008,,8,2020,,month,HEW/1 is a Heavy Bulky Delivery Station for Sq Ft included in LGAT.,"380 Middlesex Ave, Carteret, New Jersey, USA, 07008-3446",False,False,False,False,False,True,False
08_us_delivery_station,372,New Jersey,DNU4,1251 Jumping Brook Road,1251 Jumping Brook Road,Tinton Falls,07753,113000,,2023,,year,"Delivery Station for Mahwah / Paterson NJ Delivery Station for Asbury Park, NJ Region. Delayed Opening.","555 Macarthur Blvd, Mahwah, 1251 Jumping Brook Road, Tinton Falls, USA, 07753",False,True,False,False,False,False,False
08_us_delivery_station,373,,,118 Moonachie Ave,Carlstadt,New Jersey,07072,,,,,none,Delivery Station for East Rutherford / North Bergen NJ,"118 Moonachie Ave, Carlstadt, New Jersey, USA, 07072",False,False,False,False,False,False,False
08_us_delivery_station,374,,,81 International Dr S,Budd Lake,New Jersey,07828,,9,2020,,month,Delivery Station for the Mount Olive Region of NJ; Formerly a Sam's Club store.,"81 International Dr S, Budd Lake, New Jersey, USA, 07828",False,False,False,False,False,False,False
08_us_delivery_station,375,New Jersey,DNK2,539 US-130,Hamilton Township,New Jersey,08620,72000,8,2021,,month,: estimate.,"539 US-130, Hamilton Township, New Jersey, USA, 08620",False,False,False,False,False,False,False
08_us_delivery_station,376,,,105 Avenue A,Dayonne,New Jersey,07002,188000,10,2020,,month,Delivery Velivery Station for Bergen Gergen Point NJ / Hudson County.,"105 Avenue A, Bayonne, Dayonne, New Jersey, USA, 07002-5268",False,False,False,False,False,False,False
08_us_delivery_station,377,New Jersey,DNK7,65 Baekeland Avenue,Middlesex,New Jersey,08846,420000,,,,none,: : pi teal,"65 Baekeland Avenue, Middlesex, New Jersey, USA, 08846-2607",False,False,False,False,False,False,False
08_us_delivery_station,378,New Jersey,DNK8,2341 State Route 66,Ocean Township,New Jersey,07712,93000,,2022,,year,ea Region.,"2341 State Route 66, Ocean Township, New Jersey, USA, 07712",False,False,False,False,False,False,False
08_us_delivery_station,379,,DYN5,10 Patton Drive,West Caldwell,New Jersey,07006,167900,,,,none,: Delivery Station for Newark NW Region.,"10 Patton Drive, West Caldwell, New Jersey, USA, 07006-6405",False,False,False,False,False,False,False
08_us_delivery_station,380,,DPP3,400 Delran Parkway,Delran,New Jersey,08075,192300,6,2024,,month,"Delivery Station for Delran, NJ Region.","400 Delran Parkway, Delran, New Jersey, USA, 08075-1248",False,False,False,False,False,False,False
08_us_delivery_station,381,New Newdersey Jersey,DEY6,6 Farrington Boulevard,Monroe Township,New Jersey,08831,301300,12,2021,,month,": Delivery Station for East Windsor/Freehold, NJ Region.","6 Farrington Boulevard, Monroe Township, New Jersey, USA, 08831",False,False,False,False,False,False,False
08_us_delivery_station,382,New Mexico New Mexico,XAQ1,2011 Industrial Park RdEspanola,,New Mexico,87532,22500,,2021,4,quarter,"Rural Wagon Wheel Delivery Station for Albuquerque, NM Region. Sq Ft is an estimate. Rural Wagon Wheel Delivery Station for NM","2011 Industrial Park RdEspanola, New Mexico, USA87532 2516 Camino Entrada, Santa 7300 Meridian PI NW, Albuquerque, New Mexico, USA, 87121",False,False,False,False,True,False,True
08_us_delivery_station,383,New Mexico,WQQ2,15480 Reservoir Road NW,Albuquerque,New Mexico,87121,,,2021,,year,ie Wagon NM ce nt eae uquerque co-located in,"15480 Reservoir Road NW, Albuquerque, New Mexico, USA. 87121",False,False,False,False,False,True,False
08_us_delivery_station,384,,,518 24th St,Alamogordo,New Mexico,88310,,,,,none,Rural Wagon Wheel Delivery Station for Alamogordo NM,"518 24th St, Alamogordo, New Mexico, USA, 88310",False,False,False,False,False,False,True
08_us_delivery_station,385,,WLC1,1733 : Buildtek Ct,Las Cruces,New Mexico,88005,15000,,2023,,year,Rural Wagon Wheel Delivery Station for El Paso North NM region. Sq Ft is an,"1733 : Buildtek Ct, Las Cruces, New Mexico. USA. 88005",False,False,False,False,False,False,True
08_us_delivery_station,386,New Mexico,,106 S. Browning Parkway,Farmington,New Mexico,87401,41300,,2025,,year,"estimate. Farmington, NM. Project Lobo.","106 S. Browning Parkway, Farmington, New Mexico, USA, 87401",False,False,False,False,False,False,False
08_us_delivery_station,387,,DNJ3,1300 Viele Avenue,Bronx,New York,10474,120800,,,,none,Delivery Station for Bronx,"1300 Viele Avenue, Bronx, New York. USA. 10474",False,False,False,False,False,False,False
08_us_delivery_station,388,,DAB3,10 Jupiter Lane,Colonie,New York,12205,123000,4,2020,,month,Delivery Station for Albany Region :,"10 Jupiter Lane, Colonie, New York. USA. 12205",False,False,False,False,False,False,False
08_us_delivery_station,389,New York,DAB4,1785 NY-5S,Amsterdam,New York,12010,53000,,,,none,Albany egion.,"1785 NY-5S, Florida, Amsterdam, New York, USA, 12010-8173",False,False,False,False,False,False,False
08_us_delivery_station,390,New York,DAB5,280 Richards Street,Brooklyn,New York,11231,156100,,,,none,Delivery Station for Red Hook Brooklyn.,"280 Richards Street, Red Hook, Brooklyn, New York, USA, 11231",False,False,False,False,False,False,False
08_us_delivery_station,391,New York,DAB8,100 Precision Drive,Shirley,New York,11967,110700,,,,none,"Station for Shirley, Long Island 9","100 Precision Drive, Brookhaven, Shirley, New York, USA, 11967-4716",False,False,False,False,False,False,False
08_us_delivery_station,392,New York,DAL1,75 Cohoes Ave,Troy,New York,12183,64000,,2017,,year,Delivery Station for Albany Region,"75 Cohoes Ave., Green Island Village, Troy, New York, USA, 12183",False,False,False,False,False,False,False
08_us_delivery_station,393,,DBK1,1 Bulova Avenue,Queens,New York,11377,83300,12,2018,,month,Delivery Station for Queens,"1 Bulova Avenue, Queens, New York. USA. 11377",False,False,False,False,False,False,False
08_us_delivery_station,394,,DBK4,55-15 Grand Avenue,Queens,New York,11378,250000,,,,none,Delivery Station with 4 stories for Queens.,"55-15 Grand Avenue, Maspeth, Queens. New York. York USA. 11378",False,False,False,False,False,False,False
08_us_delivery_station,395,,DBK6,2300 Linden Blvd,Brooklyn,New York,11208,100000,2,2024,,month,Delivery Station for Brooklyn.,"2300 Linden Blvd, Brooklyn, New York. USA. 11208-4844",False,False,False,False,False,False,False
08_us_delivery_station,396,New York,DBU1,800 Riverwalk Parkway,Tonawanda,New York,14150,117000,6,2020,,month,Delivery Station for Buffalo. Project Bruno.,"800 Riverwalk Parkway, Tonawanda, New York, USA, 14150-5815",False,False,False,False,False,False,False
08_us_delivery_station,397,ae,,6834 Kirkville Rd,Carle Place,New York,11514,,10,2020,,month,Delivery Station for Syracuse. Project Delivery Station for Hempstead NY / Long Island Area. Formerly a Waldbaum’s store.,"6834 Kirkville Rd, Dewitt, New 2 Westbury Ave., Carle Place, New York, USA, 11514",False,False,False,False,False,False,False
08_us_delivery_station,398,New York,DBU7,3920 Baview Bayview Road,Buffalo,New York,14219,183600,10,2023,,month,"Delivery Station for Orchard Park, Springville, 5s Lackawanna, and the City of","3920 Baview Bayview Road, Road. Hamburg, Buffalo. New York. USA. 14219",False,False,False,False,False,False,False
08_us_delivery_station,399,,DBU9,1 Mustang Drive,Colonie,New York,12047,115600,9,2022,,month,Buffalo. Delayed opening by 18 months. Delivery Station for Albany NY Region.,"1 Mustang Drive, Cohoes, Colonie. New York. USA. 12047",False,True,False,False,False,False,False
08_us_delivery_station,400,,DNY1,60 East 42nd St,New York,New York,10165,54300,9,2015,,month,Delivery Station for New York City,"60 East 42nd St, New York, New York. USA. 10165",False,False,False,False,False,False,False
08_us_delivery_station,401,,,1200 Zerega Ave,Bronx,New York,10462,97800,8,2021,,month,Delivery Station for Bronx NY.,"1200 Zerega Ave, Bronx, New York. USA. 10462-5415",False,False,False,False,False,False,False
08_us_delivery_station,402,New York,,49 Wireless Avenue,Hauppauge,New York,11788,64000,,2025,,year,: Under legal protest.,"49 Wireless Avenue, Hauppauge, New York, USA, 11788",False,False,False,False,False,False,False
08_us_delivery_station,403,New York,DYN3,66-26 Metropolitan Avenue,Queens,New York,11379,190000,,,,none,Delivery Station for Queens.,"66-26 Metropolitan Avenue, Middle Village, Queens, New York, USA, 11379",False,False,False,False,False,False,False
08_us_delivery_station,404,New York,DYN7,640 Columbia,Brooklyn,New York,11231,,9,2023,,month,Delivery Station for Red Hook Brooklyn.,"640 Columbia, Red Hook, Brooklyn, New York, USA, 11231",False,False,False,False,False,False,False
08_us_delivery_station,405,New York,,511 Barry Street,The Bronx,New York,10474,139700,,2022,,year,Delivery Station for Manhattan / Hunts Point / The Bronx. Refrigerated space. Plus 90.000 sq ft of parking space leased.,"511 Barry Street, Hunts Point, The Bronx, New York, USA, 10474-6601",False,False,False,False,False,False,False
08_us_delivery_station,406,,DRO1,330 Clay Road,Rochester,New York,14623,85800,,2018,1,quarter,Delivery Station for Rochester,"330 Clay Road, Rochester, New York. USA. 14623",False,False,False,False,False,False,False
08_us_delivery_station,407,New York,DRO2,1200 Lexington Avenue,Rochester,New York,14606,,,,,none,Eastman Business Park,"1200 Lexington Avenue, Greece, Rochester, New York, USA, 14606",False,False,False,False,False,False,False
08_us_delivery_station,408,New York New York,PXV4,200 & 400 Oritani Drive,Blauvelt,New York,10913,174000,11,2020,,month,Delivery Station for Nyack NY Area. 2 separate buildings. Delivery Station . for Newburgh NY Area,"200 & 400 Oritani Drive, Blauvelt, New York, USA, 10913- 4024 500 Hudson Valley Ave, ees New Windsor. New York. USA. 12553",False,False,False,False,False,False,False
08_us_delivery_station,409,New York,DYO2,1055 Bronx : River Avenue,Bronx,New York,10472,205400,1,2021,,month,Delivery Station for Bronx. Formerly leased by Jet.com as a Grocery e-commerce FC.,"1055 Bronx : River Avenue, Bronx. New York. USA. 10472",False,False,False,False,False,False,False
08_us_delivery_station,410,New York,DYR3,245 Roger's Way,Westhampton Beach,New York,11978,91000,,,,none,Building developed by Prologis. sou gen ecu,"245 Roger's Way, Westhampton Beach, New York, USA, 11978",False,False,False,False,False,False,False
08_us_delivery_station,411,,DYR7,717 Broadway Ave,Holbrook,New York,11741,147000,11,2021,,month,: Delivery Station for Central Long Island,"717 Broadway Ave, Holbrook, New York. USA. 11741-4905",False,False,False,False,False,False,False
08_us_delivery_station,412,New York,DYX2,526 Gulf Ave,Staten Island,New York,10314,,,,,none,nee included in LDJ5.,"526 Gulf Ave., Richmond, Staten Island, New York, USA, 10314-7120",False,False,False,False,False,True,False
08_us_delivery_station,413,New York,DYY4,12555 & 12595 Flatlands Avenue,Brooklyn,New York,11208,211000,6,2021,,month,,"12555 & 12595 Flatlands Avenue, Brooklyn, New York, USA, 11208",False,False,False,False,False,False,False
08_us_delivery_station,414,,,1500 Bassett Ave,Bronx,New York,10461,366000,5,2021,,month,Delivery Station for Bronx.,"1500 Bassett Ave, Bronx, New York. USA. 10461",False,False,False,False,False,False,False
08_us_delivery_station,415,,,EGG 566 Cuillf Gulf Ave Ave,Ctaton Staten leland Island,New York,10314,450000,6,2020,,month,: Delivery Station for 45-minute radius,"EGG 566 Cuillf Gulf Ave Ave., Ctaton Staten leland Island, New York. USA. 10314-7120",False,False,False,False,False,False,False
08_us_delivery_station,416,New York,DYY8,231 Saw Mill River Road,Hawthorne,New York,10532,153000,,2024,,year,"Deli hl Stati ' Westchester as well as Greenwich, CT","231 Saw Mill River Road, Hawthorne, New York, USA, 10532-1509",False,False,False,False,False,False,False
08_us_delivery_station,417,New York,DYY9,305 Robbins Lane,Oyster Bay,New York,11791,204000,8,2022,,month,"Delivery Station for Syosset, Long Island.","305 Robbins Lane, Syosset, Oyster Bay, New York, USA, 11791",False,False,False,False,False,False,False
08_us_delivery_station,418,New York,,Industry City,Brooklyn,New York,11232,,,,,none,tan ye confirmed.,"Industry City, Hunts Point, Brooklyn, New York, USA, 11232",False,False,False,False,False,False,False
08_us_delivery_station,419,,,23-30 Borden Ave,Long Island City,New York,11101,100000,,2025,,year,Delivery Station for Melville/Long Island 5-Storey Delivery Station for Queens NY.,"1770 Walt Whitman Rd, 23-30 Borden Ave, Long Island City, New York, USA, 11101",False,False,False,False,False,False,False
08_us_delivery_station,420,,,136 Carlin Rd,Conklin,New York,13748,,11,2021,,month,Rural Wagon Wheel Delivery Station for Binghamton NY Region.,"136 Carlin Rd., Conklin, New York, USA, 13748",False,False,False,False,False,False,True
08_us_delivery_station,421,New York,WNY3,6823 Industrial Park Road,Bath,New York,14861,80000,9,2022,,month,Rural Wagon Wheel Delivery Station for Bath / Elmira NY Region. (Rural Frankfort / Utica NY Region.,"6823 Industrial Park Road, Bath, New York, USA, 148610 120 Business Park Drive, Frankfort, New York, USA, 43340",False,False,False,False,False,False,True
08_us_delivery_station,422,,WNY4,1159 Co Rd 24,Granville,New York,12832,90000,,2023,3,quarter,Rural Wagon Wheel Station for Granville NY VT Region.,"1159 Co Rd 24, Granville, New York, USA, 12832",False,False,False,False,False,False,True
08_us_delivery_station,423,New York,,,,,11598,235200,,,,none,: : i Mla parang 7 P 7 9:,"253-51 Rockaway Boulevard, North Woodmere, Queens, New York, USA, UOA, 11598",False,False,False,False,False,False,False
08_us_delivery_station,424,North Carolina,DLT1,3830 Parrott Drive,Charlotte,North Carolina,28244,160200,3,2017,,month,Delivery Station for Charlotte,"3830 Parrott Drive, Charlotte, North Carolina. USA. 28244",False,False,False,False,False,False,False
08_us_delivery_station,425,North Carolina,DLT2,7929 National Service Road,High Point,North Carolina,27235,66800,,,,none,: : Greensboro i Winston: aem,"7929 National Service Road, Colfax, High Point, North Carolina, USA, 27235",False,False,False,False,False,False,False
08_us_delivery_station,426,North Carolina,,413 Goodman Road,Concord,North Carolina,28027,178000,11,2020,,month,Delivery Station for NE Charlotte / Concord NC Region.,"413 Goodman Road, Concord, North Carolina, USA, 28027",False,False,False,False,False,False,False
08_us_delivery_station,427,North Carolina,DLT6,1610 Old Greensboro Road,Kernersville,North Carolina,27284,68000,10,2020,,month,Delivery Station for Winston-Salem.,"1610 Old Greensboro Road, Kernersville, North Carolina, USA, 27284",False,False,False,False,False,False,False
08_us_delivery_station,428,North Carolina,DLT7,6495 Franz Warner Parkway,Whitsett,North Carolina,27377,93800,7,2021,,month,Delivery Station for Greensboro East Region.,"6495 Franz Warner Parkway, Whitsett, North Carolina, USA, 27377",False,False,False,False,False,False,False
08_us_delivery_station,429,North Carolina,DLT8,9817 Old Stateville Road,Charlotte,North Carolina,28078,141300,8,2021,,month,Delivery Station for North Charlotte NC Region. To be confirmed.,"9817 Old Stateville Road, Charlotte, North Carolina, USA, 28078",False,False,False,False,False,False,False
08_us_delivery_station,430,North Carolina,DRT3,4520 Bullock Farm Rd,Raleigh,North Carolina,27610,128800,12,2024,,month,Delivery Station for Raleigh NC Region. :,"4520 Bullock Farm Rd, Raleigh, North Carolina. USA. 27610",False,False,False,False,False,False,False
08_us_delivery_station,431,North Carolina,DRT4,394 Fanning Fields Rd,Mills River,North Carolina,98759,112000,,,,none,Se / endersonville rea.,"394 Fanning Fields Rd, Mills River, North Carolina, USA, 98759-4610",False,False,False,False,False,False,False
08_us_delivery_station,432,North Carolina,DRT7,1201 N Greenfield Parkway,Garner,North Carolina,27529,136400,5,2021,,month,Delivery Station for Raleigh NC Region.,"1201 N Greenfield Parkway, Garner, North Carolina, USA, 27529",False,False,False,False,False,False,False
08_us_delivery_station,433,North Carolina,DRT8,1275 Person St,Durham,North Carolina,27703,410000,7,2020,,month,Delivery Station for Durham.,"1275 Person St, Durham, North Carolina. USA. 27703",False,False,False,False,False,False,False
08_us_delivery_station,434,North Carolina,DRT9,1000 Innovation Avenue,Cary,North Carolina,27560,146700,7,2020,,month,sou oy ecu,"1000 Innovation Avenue, Morrisville, Cary, North Carolina, USA, 27560-8596",False,False,False,False,False,False,False
08_us_delivery_station,435,,,324 Industrial Park Rd,Franklin,North Carolina,28734,,,,,none,"Rural Wagon Wheel Delivery Station for Macon County / Franklin, NC region.","324 Industrial Park Rd, Franklin, North Carolina, USA, 28734",False,False,False,False,False,False,True
08_us_delivery_station,436,North Carolina,DCD6,4226 Beam Road,Charlotte,North Carolina,28217,256000,,,,none,Delivery Station for Charlotte Airport Region. :,"4226 Beam Road, Charlotte, North Carolina. USA. 28217",False,False,False,False,False,False,False
08_us_delivery_station,437,North Carolina,,McNair Rd & Commerce Center Drive,Tarboro,North Carolina,27886,77200,,2025,,year,"Delivery station for Tarboro, NC region.","McNair Rd & Commerce Center Drive, Tarboro, North Carolina, USA, 27886",False,False,False,False,False,False,False
08_us_delivery_station,438,North Carolina),,1005 Dunn Road,Fayetteville,North Carolina,28312,80000,11,2022,,month,Rural Wagon Wheel Delivery Station for Rural Wagon Wheel Delivery Station for Fayetteville NC Region.,"1302 Enterprise Blvd, Kinston, 1005 Dunn Road, Fayetteville, North Carolina, USA, 28312",False,False,False,False,False,False,True
08_us_delivery_station,439,North Carolina,,Southridge Parkway and Gastonia Parkway,Bessemer City,North Carolina,28016,180000,,2025,,year,ee ir CharlottelGastonia egion.,"Southridge Parkway and Gastonia Parkway, Bessemer City, North Carolina, USA, 28016",False,False,False,False,False,False,False
08_us_delivery_station,440,North Carolina,,Near Acme Way,Wilmington,North Carolina,27610,142000,,2026,1,quarter,Raleigh NC Region. roject,"Near Acme Way, Pender Commerce Park, Wilmington, North Carolina, USA, 27610",False,False,False,False,False,False,False
08_us_delivery_station,441,North Carolina,,1301 Sand Hill Road,Enka Village,North Carolina,98728,,,2025,,year,eae On IE nN Regions To be confirmed. On hold until further notice.,"1301 Sand Hill Road, Enka Village, North Carolina, USA, 98728",False,False,False,False,False,False,False
08_us_delivery_station,442,North Carolina,,85 Exchange Park,Kannapolis,North Carolina,29084,198400,,2025,,year,"Delivery Station for Kannapolis, NC Area.","85 Exchange Park, Kannapolis, North Carolina. USA. 29084",False,False,False,False,False,False,False
08_us_delivery_station,443,North Dakota,WND1,700 Main Ave East,West Fargo,North Dakota,58078,63000,5,2021,,month,Fargo ND,"700 Main Ave East, West Fargo, North Dakota, USA, 58078",False,False,False,False,False,False,False
08_us_delivery_station,444,North Dakota,WND2,Highway 22 and 30th Street SW,Dickinson,North Dakota,58601,30000,,,,none,Rural Wagon Wheel Station Staten tor Dickenson ND,"Highway 22 and 30th Street SW, Dickinson, North Dakota, USA, 58601",False,False,False,False,False,False,True
08_us_delivery_station,445,North Dakota,WND4,East Minot,Grand Forks,North Dakota,58201,,10,2024,,month,Rural Wagon Wheel Delivery Station for Rural! Wagon Wheel Delivery Station for Grand Forks ND,"East Minot, Minot, North 1150 S. 46th Street, Grand Forks, North Dakota, USA, 58201",False,False,False,False,False,False,True
08_us_delivery_station,446,,DCL1,26555 Bluestone cS Blvd,Euclid,Ohio,44132,80000,3,2017,,month,Delivery Station for Cleveland,"26555 Bluestone cS Blvd., Euclid, Ohio. USA. 44132",False,False,False,False,False,False,False
08_us_delivery_station,447,fom Ohio,DCL2,ae Read. a Picton Parkway and Pickle Road,Akron,Ohio,44312,44600,7,2025,,month,Delivery Station for Akron region Delivery Station for Southeast Akron area.,"ae Read. a Picton Parkway and Pickle Road, Springfield Township, Akron, Ohio, USA, 44312",False,False,False,False,False,False,False
08_us_delivery_station,448,,DCL3,12111 DeBartolo Drive,North Jackson,Ohio,44451,43200,6,2019,,month,Delivery Station : for Youngstown region,"12111 DeBartolo Drive, North Jackson. Ohio. USA. 44451",False,False,False,False,False,False,False
08_us_delivery_station,449,,DCL4,24800 Miles Road,Bedford Heights,Ohio,44146,,9,2020,,month,"Delivery Station for Bedford Heights, Cleveland Area.","24800 Miles Road, Bedford Heights, Ohio, USA, 44146",False,False,False,False,False,False,False
08_us_delivery_station,450,fom fom,DCL5,10801 Madison Ave,Cleveland,Ohio,44102,168800,,2020,4,quarter,Delivery Station for Toledo Area. Delivery Station for Cleveland West Area.,"ene i. a Road, Toledo, 10801 Madison Ave., Cudell, Cleveland. Ohio. USA. 44102",False,False,False,False,False,False,False
08_us_delivery_station,451,fom,DCL9,3880 Lockbourne Industrial Parkway,Columbus,Ohio,43207,40000,7,2022,,month,Delivery Station for SW Cleveland OH Area. Delivery Station for Columbus,"bho Usa at ri Brooklyn, 3880 Lockbourne Industrial Parkway, Columbus, Ohio, USA, 43207",False,False,False,False,False,False,False
08_us_delivery_station,452,fom,DCM2,1930 Composite Drive,Kettering,Ohio,45420,87000,8,2019,,month,Delivery Station for Dayton region,"1930 Composite Drive, Kettering, Ohio, USA, 45420",False,False,False,False,False,False,False
08_us_delivery_station,453,,DCM3,43500 Victory Parkway,Solon,Ohio,44139,434000,7,2020,,month,Delivery Station for Cleveland SE Area.,"43500 Victory Parkway, Glenwillow, Solon, Ohio, USA, 44139",False,False,False,False,False,False,False
08_us_delivery_station,454,,DCM6,6201 Collings Drive,Rickenbacker,Ohio,43137,1000000,7,2020,,month,"Delivery Station for Columbus OH East ee Staten ee mater ockbourne, Columbus ORF Area. rea.","8591 Mink St SW, Pataskala, 6201 Collings Drive, Lockboume, Rickenbacker , Ohio. USA. 43137",False,False,False,False,False,False,False
08_us_delivery_station,455,,DCM7,6465 Busch Boulevard,Columbus,Ohio,43229,94300,5,2021,,month,Delivery Station for Columbus North Region.,"6465 Busch Boulevard, Columbus, Ohio, USA, 43229- 1755",False,False,False,False,False,False,False
08_us_delivery_station,456,joo,DCN1,,,,45011,259800,4,2017,,month,Delivery Station for Cincinnati ae,"4250 Port Union Rd, Fairfield, Ohio. USA. ERIE 45011",False,False,False,False,False,False,False
08_us_delivery_station,457,joo,DCN2,510 Sunbury Road,Columbus,Ohio,43219,300000,4,2021,,month,: Delivery Station for Columbus East Region.,"510 Sunbury Road, Columbus, Ohio. USA. 43219-2949",False,False,False,False,False,False,False
08_us_delivery_station,458,joo,,3191 River Rd,Cincinnati,Ohio,45204,,,,,none,Delivery Station for Cincinnati West; Could also be Amazon Fresh,"3191 River Rd, Cincinnati, Ohio, USA, 45204",False,False,False,False,False,False,False
08_us_delivery_station,459,,,Intersection of Interstate 77 and Pershing Avenue,Cleveland,Ohio,44127,121000,,2025,,year,Delivery Station for Cleveland South Region,"Intersection of Interstate 77 and Pershing Avenue, Cleveland, Ohio, USA, 44127",False,False,False,False,False,False,False
08_us_delivery_station,460,,,20801 Miles Road,North Randall,Ohio,44128,300000,,2025,,year,Delivery Station for SE Cleveland OH Area. Assumed to be a delivery station.,"20801 Miles Road, North Randall, Ohio, USA, 44128",False,False,False,False,False,False,False
08_us_delivery_station,461,Ohio,,,,,44805,87000,,2025,,year,Delivery Station for Ashland OH Area.,"NW corner of Wells Road & U.S. Route 250., Ashland, Ohio, LISA USA, AARNS 44805",False,False,False,False,False,False,False
08_us_delivery_station,462,,DGF2,Perkins-Jones Road NE,Bazetta Township,Ohio,44483,167800,,2025,,year,Deilvery Station for Youngstown OH Area. Project Penguin.,"Perkins-Jones Road NE, Bazetta Township, Ohio, USA, 44483",False,False,False,False,False,False,False
08_us_delivery_station,463,,DWO1,9309 Cincinnati Dayton Rd,West Chester,Ohio,45069,143000,,2021,,year,Delivery Station for Cincinnati OH area.,"9309 Cincinnati Dayton Rd, West Chester, Ohio, USA, 45069",False,False,False,False,False,False,False
08_us_delivery_station,464,,DWO6,3134 Lightner Road,Vandalia,Ohio,45377,141000,9,2023,,month,Delivery Station for Dayton OH area. Delayed opening.,"3134 Lightner Road, Vandalia, Ohio, USA, 45377",False,True,False,False,False,False,False
08_us_delivery_station,465,Oklahoma,WOH1,13510 E 59th St,Tulsa,Oklahoma,74134,100000,11,2019,,month,"Rural Wagon Wheel Delivery Station for Findlay, Wapakoneta, Lima, and most of West Central and Northwest Ohio Delivery Station for Tulsa","ee Ave, Findlay, ‘Chie, 13510 E 59th St, Tulsa, Oklahoma. USA. 74134",False,False,False,False,False,False,True
08_us_delivery_station,466,Oklahoma,DOK3,6101 SW 44th St,Oklahoma City,Oklahoma,73179,121700,9,2020,,month,Delivery Station for SW Oklahoma City,"6101 SW 44th St, Oklahoma City, Oklahoma, USA, 73179",False,False,False,False,False,False,False
08_us_delivery_station,467,Oklahoma,DOK4,6801 S Air Depot Blvd,Oklahoma City,Oklahoma,73135,312100,6,2020,,month,Delivery Station for SE Oklahoma City,"6801 S Air Depot Blvd, Oklahoma City, Oklahoma, USA, 73135-5905",False,False,False,False,False,False,False
08_us_delivery_station,468,Oklahoma,DOK6,5200 S. 49th W Ave,Tulsa,Oklahoma,74107,146300,8,2023,,month,Delivery Station for Tulsa.,"5200 S. 49th W Ave, Tulsa, Oklahoma. USA. 74107",False,False,False,False,False,False,False
08_us_delivery_station,469,,,2108 N Ash St,Ponca City,Oklahoma,74601,21900,,2021,,year,"Rural Wagon Wheel Delivery Station for Rural Wagon Wheel Delivery Station for Ponca City, OK area.","1717 S Broadway St, Grove, 2108 N Ash St, Ponca City, Oklahoma, USA, 74601",False,False,False,False,False,False,True
08_us_delivery_station,470,,,3623 Northstar Drive,Stillwater,Oklahoma,74075,,,,,none,"Rural Wagon Wheel Delivery Station for Stillwater, OK area. Sq ft is an estimate.","3623 Northstar Drive, Stillwater, Oklahoma, USA, 74075",False,False,False,False,True,False,True
08_us_delivery_station,471,Oklahoma,XWI5,1201 Sooner Trend Road,ED Oklahoma,Oklahoma,73701,10600,4,2022,,month,= eas Rural eS Wagon ace Wheel a eee Delivery Se! eae Station ee for Enid OK.,"1201 Sooner Trend Road, ED OEE Enid, ED Oklahoma, Oklahoma. USA, USA. 73701",False,False,False,False,False,False,False
08_us_delivery_station,472,Soe,,Steven W. Taylor Industrial Park near junction of Highway 375 and Highway 31,McAlester,Oklahoma,74501,,,,,none,"Delivery Station for McAlester, OK Area. Sq Ft is an estimate.","Steven W. Taylor Industrial Park near junction of Highway 375 and Highway 31, McAlester, Oklahoma, USA, 74501",False,False,False,False,True,False,False
08_us_delivery_station,473,,DPD1,3610 NW St Helens Rd,Portland,Oregon,97210,89500,1,2016,,month,Delivery Station for Portland,"3610 NW St Helens Rd, Portland, Oregon, USA, 97210",False,False,False,False,False,False,False
08_us_delivery_station,474,,,1001 N Schmeer Road,Portland,Oregon,97217,,11,2021,,month,"Delivery Station for Portland OR, Region on Portland Meadows site","1001 N Schmeer Road, Portland, Oregon, USA, 97217",False,False,False,False,False,False,False
08_us_delivery_station,475,,DPD4,21409 SW 115th Ave,Tualatin,Oregon,97062,227000,,2019,4,quarter,Delivery Station : for Portland South Region,"21409 SW 115th Ave., Tualatin, Oregon, USA, 97062",False,False,False,False,False,False,False
08_us_delivery_station,476,Oregon,,15000 N. Lombard Street,Portland,Oregon,97203,,,,,none,onion,"15000 N. Lombard Street, Portland, Oregon, USA, 97203- 6814",False,False,False,False,False,False,False
08_us_delivery_station,477,,,5475 Gaffin Rd SE,Salem,Oregon,97317,,2,2020,,month,"Ft included in PDX6. Delivery Station for Portland Salem, OR Region. Project Expedite.","5475 Gaffin Rd SE, Salem, Oregon, USA, 97317",False,False,False,False,False,True,False
08_us_delivery_station,478,Oreaon g,,3791 Table Rock Road,Central Point,Oregon,97502,87000,9,2024,,month,"ea Delivery yma Station een for mn Fairview (Portland) poop lp) OR Delivery Station for Portland OR West Rural Wagon Wheel Delivery Station for Central Point, OR","3108 ee NE 230th Ave, ee ce Fairview, ee 4230 NE Huffman St, Hillsboro, 3791 Table Rock Road, Central Point, Oregon, USA, 97502",False,False,False,False,False,False,True
08_us_delivery_station,479,g,,6250 Altamont Drive,Klamath Falls,Oregon,97603,20000,12,2024,,month,"Rural Wagon Wheel Delivery Station for Klamath Falls, OR","6250 Altamont Drive, Klamath Falls, Oregon, USA, 97603",False,False,False,False,False,False,True
08_us_delivery_station,480,,,2595 Brodhead Rd,Bethlehem,Pennsylvania,18020,71600,,,,none,Delivery Station for Allentown/Bethlehem PA,"2595 Brodhead Rd., Bethlehem, Pennsylvania, USA. 18020",False,False,False,False,False,False,False
08_us_delivery_station,481,Pennsylvania,DAE3,2150 North Park Drive,Hazle Township,Pennsylvania,18202,70000,,,,none,Delivery Station for Hazleton PA Region,"2150 North Park Drive , Hazle Township, Pennsylvania, USA, 18202",False,False,False,False,False,False,False
08_us_delivery_station,482,Pennsylvania,DAE7,833 E Pittsburgh McKeesport Bld,North Versailles,Pennsylvania,15137,141400,8,2023,,month,ees ee ona PTO) yee,"833 E Pittsburgh McKeesport Bld, North Versailles, Pennsylvania, USA, 15137",False,False,False,False,False,False,False
08_us_delivery_station,483,Pennsylvania,,53 West Germantown Pike,East Norriton,Pennsylvania,19401,102000,,2025,,year,Delivery Station for West Philadelphia Region. Formerly a Walmart Store. Delayed Opening by 1 year.,"53 West Germantown Pike, East Norriton, Pennsylvania, USA, 19401-1513",False,True,False,False,False,False,False
08_us_delivery_station,484,Pennsylvania,DDP2,2400 S Weccacoe Ave,Philadelphia,Pennsylvania,19148,283500,,,,none,Delivery Station for North Philadelphia Delivery Station for South Philadelphia,"2900 Grant Ave, Philadelphia, 2400 S Weccacoe Ave, Philadelphia, Pennsylvania, USA, 19148-4222",False,False,False,False,False,False,False
08_us_delivery_station,485,Pennsylvania,DDP3,6901 Elmwood Ave,Philadelphia,Pennsylvania,19142,140000,,,,none,Delivery Station for S. Philadelphia / Elmwood Park Area. Delayed Opening since 2021.,"6901 Elmwood Ave, Philadelphia, Pennsylvania, USA, 19142",False,True,False,False,False,False,False
08_us_delivery_station,486,Pennsylvania .,DDP5,6 6300 3UU Bristol Dristol Pike,Levittown,Pennsylvania,19057,149200,12,2020,,month,. Delivery Station . for . Levittown Region. .,"6 6300 3UU Bristol Dristol Pike, Fike, Levittown, Pennsylvania, USA, 19057",False,False,False,False,False,False,False
08_us_delivery_station,487,Pennsylvania,DDP7,3750 State Road,Bensalem Township,Pennsylvania,19020,235200,7,2020,,month,Delivery Station for NE Philadelphia Area.,"3750 State Road, Bensalem Township, Pennsylvania, USA, 19020",False,False,False,False,False,False,False
08_us_delivery_station,488,Pennsylvania,DDP9,3025 Meeting House Rd,Philadelphia,Pennsylvania,19154,207400,,2020,,year,Delivery Station for NE Philadelphia,"3025 Meeting House Rd, Philadelphia, Pennsylvania, USA, 19154",False,False,False,False,False,False,False
08_us_delivery_station,489,,DEW4,2251 Cabot Blvd W,Langhorne,Pennsylvania,19047,104100,8,2017,,month,Delivery Station for Philadelphia,"2251 Cabot Blvd W, Langhorne, Pennsylvania, USA, 19047",False,False,False,False,False,False,False
08_us_delivery_station,490,Pennsylvania,DPH1,4219 Richmond Street,Philadelphia,Pennsylvania,19137,65500,,2015,,year,Delivery Station for Philadelphia,"4219 Richmond Street, Bridesburg, Philadelphia, Pennsylvania, USA, 19137",False,False,False,False,False,False,False
08_us_delivery_station,491,Pennsylvania,DPH2,500 American Avenue,King of Prussia,Pennsylvania,19406,133600,,2017,,year,Delivery Station for Philadelphia,"500 American Avenue, King of Prussia, Pennsylvania, USA, 19406",False,False,False,False,False,False,False
08_us_delivery_station,492,Pennsylvania,DPH6,2001 Gehman Road,Towamencin,Pennsylvania,19438,98000,7,2019,,month,Delivery Station for Philadelphia,"2001 Gehman Road, Harleysville, Towamencin, Pennsylvania, USA, 19438",False,False,False,False,False,False,False
08_us_delivery_station,493,Pennsylvania,DPH7,10 Industrial Road,Elizabethtown,Pennsylvania,17022,81000,8,2019,,month,Station WEE,"10 Industrial Road, Conewago Industrial Park, Elizabethtown, Pennsylvania, USA, 17022",False,False,False,False,False,False,False
08_us_delivery_station,494,Pennsylvania,DPH8,7575 Brewster Ave,Philadelphia,Pennsylvania,19153,165000,4,2020,,month,Delivery Station for SW Philadelphia,"7575 Brewster Ave, Philadelphia, Pennsylvania, USA, 19153-3206",False,False,False,False,False,False,False
08_us_delivery_station,495,Pennsylvania,DPH9,,,,19428,120000,11,2021,,month,Delivery Station for NE Philadelphia.,"1103 - 1113 Ridge Pike, Conshohocken, Plymouth 19428",False,False,False,False,False,False,False
08_us_delivery_station,496,,,760 Moore Rd,King of Prussia,Pennsylvania,19406,,,,,none,Role of Facility TBD. Office Bldg. will likely be converted to Delivery Station.,"760 Moore Rd, King of Prussia, Pennsylvania, USA, 19406",True,False,False,False,False,False,False
08_us_delivery_station,497,,,7125 Grayson Rd,Harrisburg,Pennsylvania,17411,300000,7,2021,,month,Delivery Station for Harrisburg PA Region. :,"7125 Grayson Rd, Harrisburg, Pennsylvania, USA, 17411",False,False,False,False,False,False,False
08_us_delivery_station,498,,DPL3,200 Capital Lane,Middletown,Pennsylvania,17057,400100,8,2021,,month,Delivery Station for : Harrisburg PA Region.,"200 Capital Lane, Middletown, Pennsylvania, USA, 17057-5526",False,False,False,False,False,False,False
08_us_delivery_station,499,Pennsylvania,DPL4,1 Geoffrey Road,Morrisville,Pennsylvania,19030,442900,6,2021,,month,Delivery Station for Trenton South Region.,"1 Geoffrey Road, Fairless Hills, Morrisville, Pennsylvania, USA, 19030",False,False,False,False,False,False,False
08_us_delivery_station,500,Pennsylvania,DPL7,1156 Four Star Drive,Rapho Township,Pennsylvania,17552,413900,4,2023,,month,Delivery Station for Lancaster PA Region.,"1156 Four Star Drive, Mount Joy, Rapho Township, Pennsylvania, USA, 17552",False,False,False,False,False,False,False
08_us_delivery_station,501,Pennsylvania,DPL8,5185 Crackersport Road,Allentown,Pennsylvania,18104,640300,8,2021,,month,Delivery Station for Allentown.,"5185 Crackersport Road, Allentown, Pennsylvania, USA, 18104",False,False,False,False,False,False,False
08_us_delivery_station,502,Pennsylvania,DPL9,575 Research Drive,Pittston Township,Pennsylvania,18640,403000,8,2021,,month,Delivery Station for Scranton.,"575 Research Drive, Pittston Township, Pennsylvania, USA, 18640",False,False,False,False,False,False,False
08_us_delivery_station,503,,DPP1,501 North Drive,Sewickley,Pennsylvania,15143,70000,6,2018,,month,Delivery Station for Pittsburgh,"501 North Drive, Sewickley, Pennsylvania, lee ee USA, 15143",False,False,False,False,False,False,False
08_us_delivery_station,504,,DPP2,700 Ramona Ave,Philadelphia,Pennsylvania,19120,94000,1,2021,,month,Delivery Station for North Philadelphia Area.,"700 Ramona Ave, Philadelphia, Pennsylvania, USA, 19120",False,False,False,False,False,False,False
08_us_delivery_station,505,Pennsylvania,DPP7,179 McClaren Road,Findlay Township,Pennsylvania,15108,115000,,,,none,Delivery Station for Pittsburgh Region.,"179 McClaren Road, Coraopolis, Findlay Township, Pennsylvania, USA, 15108-7752",False,False,False,False,False,False,False
08_us_delivery_station,506,Pennsylvania,DPP9,27 51st Street,Pittsburgh,Pennsylvania,15201,321600,,2024,,year,Delivery Station for Pittsburgh / Lawrenceville Area. Under protest. Project delayed.,"27 51st Street, Lawrenceville, Pittsburgh, Pennsylvania, USA, 15201",False,True,False,False,False,False,False
08_us_delivery_station,507,Pennsylvania,,13200 Townsend Road,Philadelphia,Pennsylvania,19154,65900,,2025,,year,Delivery Station for NE Philadelphia,"13200 Townsend Road, Philadelphia, Pennsylvania, USA, 19154",False,False,False,False,False,False,False
08_us_delivery_station,508,Pennsylvania,,3101 Pleasant Valley Blvd,Altoona,Pennsylvania,16602,20000,5,2023,,month,Delivery Station for Altoona region.,"3101 Pleasant Valley Blvd., Altoona, Pennsylvania, USA, 16602",False,False,False,False,False,False,False
08_us_delivery_station,509,,,Lionville Station Road and the Pennsylvania Turnpike I76,Chester Springs,Pennsylvania,19425,440000,,,,none,Delivery Station not confirmed yet. Sq Ft is an estimate.,"Lionville Station Road and the Pennsylvania Turnpike I76, Chester Springs, Pennsylvania, . USA, 19425",True,False,False,False,True,False,False
08_us_delivery_station,510,_ Pennsylvania,WWS1,776 Saegers Station Rd,Montgomery,Pennsylvania,17752,60000,8,2022,,month,Rural Wagon a Wheel : Delivery Station for P,"776 Saegers Station Rd, Montgomery, Pennsylvania, . USA, 17752",False,False,False,False,False,False,False
08_us_delivery_station,511,Pennsylvania,WEE1,2424 West 23rd Street,Erie,Pennsylvania,16506,112500,7,2021,,month,ae,"2424 West 23rd Street, Millcreek Township, Erie, Pennsylvania, USA, 16506",False,False,False,False,False,False,False
08_us_delivery_station,512,PehisyWania,,Youngstown,,Pennsylvania,15650,,,2028,,year,Rural Wagon Wheel Delivery Hub for Youngstown PA region,"Youngstown, Pennsylvania, USA, 15650",False,False,False,False,False,False,True
08_us_delivery_station,513,,,Warren,,Pennsylvania,16365,,,,,none,Rural Wagon Wheel Delivery Hub for Bradford PA region,"Warren, Pennsylvania, USA, 16365",False,False,False,False,False,False,True
08_us_delivery_station,514,,,Bradford,,Pennsylvania,16701,,5,2024,,month,Rural Wagon Wheel Delivery Hub for Bradford PA region,"Bradford, Pennsylvania, USA, 16701",False,False,False,False,False,False,True
08_us_delivery_station,515,,,Warren,,Pennsylvania,16365,,,,,none,Rural Wagon Wheel Delivery Hub for Bradford PA region,"Warren, Pennsylvania, USA, 16365",False,False,False,False,False,False,True
08_us_delivery_station,516,Pennsynania,,Youngstown,,Pennsylvania,15650,,,,,none,Rural Wagon Wheel Delivery Hub for Youngstown PA region,"Youngstown, Pennsylvania, USA, 15650",False,False,False,False,False,False,True
08_us_delivery_station,517,,,Off the PR-22 Highway,Dorado,Puerto Rico,00646,100000,,2025,3,quarter,First Delivery Station for Puerto Rico.,"Off the PR-22 Highway, Dorado, Puerto Rico. USA. 00646",False,False,False,False,False,False,False
08_us_delivery_station,518,Rhode Island,DRI1,115 Dupont Drive,Providence,Rhode Island,02907,76700,9,2019,,month,Delivery Station for Providence,"115 Dupont Drive, Providence, Rhode Island. USA. 02907",False,False,False,False,False,False,False
08_us_delivery_station,519,South Carolina,DSC1,9801 Highway 78,Ladson,South Carolina,29456,17200,,2018,4,quarter,Delivery Station for Charleston,"9801 Highway 78, Ladson, South Carolina. USA. 29456",False,False,False,False,False,False,False
08_us_delivery_station,520,South Carolina,DSC2,1631 Old Dunbar Road,Cayce,South Carolina,29172,17000,,2018,4,quarter,: Delivery Station for Columbia,"1631 Old Dunbar Road, Cayce, South Carolina. USA. 29172",False,False,False,False,False,False,False
08_us_delivery_station,521,South Carolina :,DSC3,744 Frontage Road,Greenville,South Carolina,29611,150000,,2018,4,quarter,Delivery Station for Greenville :,"744 Frontage Road, Greenville, South Carolina USA. 29611",False,False,False,False,False,False,False
08_us_delivery_station,522,South Carolina,DSC4,7409 Magi Road,Hanahan,South Carolina,29410,91800,,2019,,year,Delivery Station for North Charleston,"7409 Magi Road, Hanahan, South Carolina. USA. 29410",False,False,False,False,False,False,False
08_us_delivery_station,523,South Carolina,,N Williston Rd,Florence,South Carolina,29506,117000,,2025,,year,"Delivery Station for Florence, SC","N Williston Rd, Florence, South Carolina. USA. 29506",False,False,False,False,False,False,False
08_us_delivery_station,524,South Carolina,,237 Jedburg Road,,South Carolina,29483,158300,,2025,,year,Delivery Station for Summerville SC,"Building 2, 237 Jedburg Road, South Carolina, USA, 29483",False,False,False,False,False,False,False
08_us_delivery_station,525,South Carolina,,Fairview Street Extension,Fountain Inn,South Carolina,29644,,,2026,,year,an,"Fairview Street Extension, Fountain Inn, South Carolina, USA, 29644",False,False,False,False,False,False,False
08_us_delivery_station,526,South Dakota.,WSD1,820 East 60th Street N,Sioux Falls,South Dakota,57104,,5,2024,,month,station tr Sioux Falls SD,"820 East 60th Street N, Sioux Falls, South Dakota, USA, 57104",False,False,False,False,False,False,False
08_us_delivery_station,527,South Dakota.,WSD2,,,,57701,40000,,2025,,year,Rural Wagon Wheel Delivery Station for Rapid City SD,"479 East Mall Court, Box Elder, Rapid City, South Dakota, USA} 57701",False,False,False,False,False,False,True
08_us_delivery_station,528,Tennessee,DNA4,3140 Victory Ridge Cove,North Memphis,Tennessee,38128,181500,,,,none,Delivery Station for North side of Memphis,"3140 Victory Ridge Cove, Raleigh, North Memphis, Tennessee, USA, 38128-2718",False,False,False,False,False,False,False
08_us_delivery_station,529,Tennessee,DNA6,3001 Knoxville Center Dr,Dr. Knoxville,Tennessee,37924,213900,,,,none,Delivery Station for Knoxville. Knoxville Formerly East Towne Mall. Opening was delayed 24 months from 2022 to 2024.,"3001 Knoxville Center Dr., Dr. Knoxville, Tennessee, USA, 37924",False,True,False,False,False,False,False
08_us_delivery_station,530,Tennessee,,Robert C. Jackson Drive at 321,Maryville,Tennessee,37801,142900,,2025,,year,: DelNety INetyet confirmed.,"Robert C. Jackson Drive at 321, Maryville, Tennessee, USA, 37801",False,False,False,False,False,False,False
08_us_delivery_station,531,Tennessee,DTN4,3347 Pearson,Memphis,Tennessee,38118,103000,,,,none,Delivery Station for Memphis,"3347 Pearson, Lamar, Memphis, Tennessee, USA, 38118",False,False,False,False,False,False,False
08_us_delivery_station,532,,,710 Myatt Drive,Madison,Tennessee,37115,116200,8,2021,,month,"Delivery Station for Madison, TN/ orth side of Nashville","710 Myatt Drive, Madison, Tennessee, USA, 37115",False,False,False,False,False,False,False
08_us_delivery_station,533,,,342 Mason Rd,La Vergne,Tennessee,37086,,,,,none,"Delivery Station for South Nashville, TN. Project Watson. Sq Ft is an estimate.","342 Mason Rd, La Vergne, Tennessee, USA, 37086",False,False,False,False,True,False,False
08_us_delivery_station,534,Tennessee,DTN8,1000 Richard Petty Way,lebanon: Tannesses:,lebanon: Tannesses:,37090,600200,9,2020,,month,"Delivery Station for Lebanon/Nashville, TN region.","1000 Richard Petty Way, lebanon: Tannesses: USA. 37090",False,False,False,False,False,False,False
08_us_delivery_station_part2,0,Tennessee,,7260 Goodlett Farms Parkway,Memphis,Tennessee,38016,141400,,2025,,year,Delivery Station for Memphis,"7260 Goodlett Farms Parkway, Cordova, Memphis, Tennessee, USA, 38016",False,False,False,False,False,False,False
08_us_delivery_station_part2,1,Tennessee,,Highway 223 and Lager Lane,Jackson,Tennessee,38301,65000,,2025,,year,Delivery : Jackson? radius.,"Highway 223 and Lager Lane , Jackson, Tennessee, USA, 38301",False,False,False,False,False,False,False
08_us_delivery_station_part2,2,,DAU1,4616-6 West Howard Lane,Austin,Texas,78728,116500,4,2015,,month,"Delivery Station for Austin, TX","4616-6 West Howard Lane, Austin. Texas. USA. 78728",False,False,False,False,False,False,False
08_us_delivery_station_part2,3,,DAU2,7000 Metropolis Dr,Austin,Texas,78744,160000,9,2019,,month,"Delivery Station for South Austin, TX","7000 Metropolis Dr, Building Ill, Austin. Texas. USA. 78744",False,False,False,False,False,False,False
08_us_delivery_station_part2,4,,DAU5,14801 Campo Del Sol Parkway,Buda Texas,Buda Texas,78610,305800,,2020,4,quarter,"Delivery Station for South Austin, TX","14801 Campo Del Sol Parkway, Buda Texas USA 78610",False,False,False,False,False,False,False
08_us_delivery_station_part2,5,Texas,DAU7,3150 Chisholm Trade Road,Round Rock,Texas,78681,180700,,2020,,year,"Delivery Station for North Austin, TX","3150 Chisholm Trade Road, Round Rock, Texas, USA, 78681-2050",False,False,False,False,False,False,False
08_us_delivery_station_part2,6,Texas,DDA1,12401 North Stemmons Fwy,Farmers Branch,Texas,75234,183000,,2015,,year,Delivery Station for Dallas,"12401 North Stemmons Fwy, Farmers Branch , Texas, USA, 75234",False,False,False,False,False,False,False
08_us_delivery_station_part2,7,,,3838 W Miller Road,Garland,Texas,75041,200000,,,,none,: Delivery Station for Dallas,"3838 W Miller Road, Garland, Texas. USA. 75041",False,False,False,False,False,False,False
08_us_delivery_station_part2,8,Texas,DDA3,4601 Gold Spike Drive,Fort Worth,Texas,76106,,12,2016,,month,Delivery Station for Fort Worth Market Co-located in DAL6,"4601 Gold Spike Drive, Fort Worth, Texas, USA, 76106",False,False,False,False,False,True,False
08_us_delivery_station_part2,9,,,8901 Forney Rd,Dallas,Texas,75227,419600,,,,none,Delivery Station for Dallas East region,"8901 Forney Rd, Dallas, Texas, USA. 75227",False,False,False,False,False,False,False
08_us_delivery_station_part2,10,,,3700 San Jacinto Dr,Fort Worth,Texas,76126,,,,,none,Delivery Station for Fort Worth West Region. Sq Ft is an estimate.,"3700 San Jacinto Dr, Fort Worth, Texas, USA, 76126",False,False,False,False,True,False,False
08_us_delivery_station_part2,11,,DDF1,1303 Ridgeview Drive,Lewisville,Texas,75057,256000,6,2020,,month,Delivery Station : for Northwest Dallas Region,"1303 Ridgeview Drive, Lewisville, Texas. USA. 75057",False,False,False,False,False,False,False
08_us_delivery_station_part2,12,Texas,DDF2,12809 Eastgate Drive,Mesquite,Texas,75181,145300,,,,none,ee egion.,"12809 Eastgate Drive, Balch Springs, Mesquite, Texas, USA, 75181-2032",False,False,False,False,False,False,False
08_us_delivery_station_part2,13,,DDF5,15501 N Beach St,Roanoke,Texas,76262,219000,,,,none,Delivery Station for Mansfield / Fort Worth Delivery Station for Fort Worth.,"651 Klein Tools Blvd., Mansfield, 15501 N Beach St, Denton, Roanoke. Texas. USA. 76262",False,False,False,False,False,False,False
08_us_delivery_station_part2,14,,,2400 Centennial Drive,Arlington,Texas,76011,,,,,none,Delivery Station for Fort Worth East / Arlington Region,"2400 Centennial Drive, Arlington, Texas, USA, 76011",False,False,False,False,False,False,False
08_us_delivery_station_part2,15,,DDX6,16399 Gateway Drive,Frisco,Texas,75035,201500,8,2020,,month,Delivery Station for Dallas NE / McKinney Delivery Station for Dallas North Region,"1398 Industrial Blvd, McKinney, 16399 Gateway Drive, Frisco, Texas. USA. 75035",False,False,False,False,False,False,False
08_us_delivery_station_part2,16,Texas,DDX7,1101 Gateway Blvd,Forney,Texas Texas,75126,200000,8,2020,,month,Delivery Station for Dallas West/ Forney Region,"1101 Gateway Blvd, Forney, Texas Texas. USA. 75126",False,False,False,False,False,False,False
08_us_delivery_station_part2,17,,DHO1,11720 N Gessner Rd,Building & Houstan,Taxes:,77064,155400,,2016,,year,Delivery Station for Houston Market,"11720 N Gessner Rd, Building & Houstan. Taxes: USA. 77064",False,False,False,False,False,False,False
08_us_delivery_station_part2,18,,DHO2,Brasada ae Drive,Houston,Texas,77085,120000,,2018,,year,Delivery Station for Houston Market,"Brasada ae Drive, Houston, Texas, USA. 77085",False,False,False,False,False,False,False
08_us_delivery_station_part2,19,,DHO3,9155 Derrington Road,Houston,Texas,77064,368500,,2021,,year,Delivery Station for NVWV Houston Region :,"9155 Derrington Road, Houston, Texas. USA. 77064",False,False,False,False,False,False,False
08_us_delivery_station_part2,20,,DHO4,5615 W. Fuqua St,Houston,Texas,77085,78700,,2019,,year,Delivery Station for Houston Market,"5615 W. Fuqua St. , Houston, Texas. USA 77085",False,False,False,False,False,False,False
08_us_delivery_station_part2,21,,DHO5,28420 West Ten Blvd,Katy,Texas,77494,81100,12,2019,,month,: Delivery Station for Houston Market Delivery Station for Houston West Market,"875 S. Lockwood Drive, Houston. Texas. 28420 West Ten Blvd, Katy, Texas. USA. 77494",False,False,False,False,False,False,False
08_us_delivery_station_part2,22,,DHO8,11311 N. Gessner Drive,Houston,Taxas,77064,141400,,2021,,year,: Delivery Station : for NVWV Houston Region,"11311 N. Gessner Drive, Houston. Taxas. USA. 77064",False,False,False,False,False,False,False
08_us_delivery_station_part2,23,Texas,DHX1,3031 S. Sam Houston Parkway E,Houston,Texas,77032,200400,10,2020,,month,Delivery Station for Houston N / Airport Area,"3031 S. Sam Houston Parkway E, Southpoint Building 7, Houston. Texas. USA. 77032- 3222",False,False,False,False,False,False,False
08_us_delivery_station_part2,24,,DHX3,12900 W Airport Road,Sugar Land,Texas,77478,299700,6,2020,,month,Delivery Station for SW Houston Region,"12900 W Airport Road, Sugar Land. Texas. USA. 77478",False,False,False,False,False,False,False
08_us_delivery_station_part2,25,WEES,DHX4,22300 Northcrest Drive,Spring,Texas,77389,219000,,,,none,Delivery Station for NW Houston/Spring Region,"22300 Northcrest Drive, Spring, Texas, USA, 77389",False,False,False,False,False,False,False
08_us_delivery_station_part2,26,Texas,DHX5,1102 State Highway 161,Grande Prairie,Texas,75051,322800,7,2020,,month,: Delivery Station : for Grande Prairie sus / Dallas Region,"1102 State Highway 161, Grande Prairie, Texas, USA, 75051",False,False,False,False,False,False,False
08_us_delivery_station_part2,27,Texas,,9851 Fallbrook Pines Dr,Houston,Texas,77064,111000,5,2018,,month,Delivery Station for NW Houston,"9851 Fallbrook Pines Dr, #150, Houston, Texas, USA, 77064- 3329",False,False,False,False,False,False,False
08_us_delivery_station_part2,28,,WPT2,550 Harper Drive,Paris,Texas,75460,48000,,,,none,": Delivery Station for Paris, Texas","550 Harper Drive, Paris, Texas, USA. 75460",False,False,False,False,False,False,False
08_us_delivery_station_part2,29,Texas,HHO3,ee Ranch,,Texas,77365,140700,12,2024,,month,and | Put for,"ee Ranch, Texas, USA, 77365",False,False,False,False,False,False,False
08_us_delivery_station_part2,30,exes,,7491 Rankin Road,Humble,Texas,77396,,12,2024,,month,up sublease. Delivery Station for Humble & NE Houston Texas,"7491 Rankin Road, Building 1, Humble, Texas, USA, 77396",False,False,False,False,False,False,False
08_us_delivery_station_part2,31,,DSX1,6422 E Campus Drive,San Antonio,Texas,78247,20000,7,2018,,month,Delivery Station for San Antonio Northeast,"6422 E Campus Drive, San Antonio. Texas. USA. 78247",False,False,False,False,False,False,False
08_us_delivery_station_part2,32,,DSX3,1120 N. Foster Road,San Antonio,Texas,78219,54000,,2019,,year,Delivery Station for San Antonio East,"1120 N. Foster Road, San Antonio. Texas. USA. 78219",False,False,False,False,False,False,False
08_us_delivery_station_part2,33,Texas,DSX5,11503 South Interstate 35,San Antonio,Texas,78073,219000,10,2021,,month,Delivery Station for San Antonio Southwest,"11503 South Interstate 35, Von Ormy, San Antonio, Texas, USA, 78073",False,False,False,False,False,False,False
08_us_delivery_station_part2,34,,,11602 Tech Com Drive,San Antonio,Texas,78233,,,,,none,Delivery Station for San Antonio. Sq Ft is an estimate.,"11602 Tech Com Drive, San Antonio, Texas, USA, 78233",False,False,False,False,True,False,False
08_us_delivery_station_part2,35,,DSXX9,1150 Schwab Rd,New Braunfels,Texas,78132,409700,9,2021,,month,Delivery Station for San Antonio.,"1150 Schwab Rd, Schertz, New Braunfels. Texas. USA. 78132",False,False,False,False,False,False,False
08_us_delivery_station_part2,36,Texas,,4886 N Loop 1604 W,San Antonio,Texas,78216,141000,,2025,,year,Delivery Station for San Antonio. To be ee po,"4886 N Loop 1604 W, San West Avenue and Wurzbach Parkway, San Antonio, Texas, USA, 78216",False,False,False,False,False,False,False
08_us_delivery_station_part2,37,Texas pores,,New Caney,,Texas,77357,150000,,2025,,year,"|_ Delivery Station for North Houston / New Caney Region. Not confirmed yet. Delivery Station for Austin Region. Project not yet confirmed. Site will have a warehouse, distribution center, data center,","New Caney, Texas, USA, 77357 2801 County Rd 172, Round Rock, Texas, USA, 76681",True,False,False,False,False,False,False
08_us_delivery_station_part2,38,Texas,,Centerpoint Boulevard and Benchmark Street,Amarillo,Texas,79108,30000,,,,none,and electrical substation. Delivery Station for Amarillo TX Region.,"Centerpoint Boulevard and Benchmark Street, Amarillo, Texas, USA, 79108",False,False,False,False,False,False,False
08_us_delivery_station_part2,39,,,1500 N US 281,Stephenville,Texas,76401,45000,,2025,,year,mm Delivery mea Station ef for ee Stephenville ee ee TX ee Region. :,"1500 N US 281, Stephenville, Texas. USA. 76401",False,False,False,False,False,False,False
08_us_delivery_station_part2,40,,,Production Boulevard,Tyler,Texas,75708,140000,,2025,4,quarter,Delivery Station for Tyler and East Texas,"Production Boulevard, Wichita Center Church Road, Tyler, Texas. USA. 75708",False,False,False,False,False,False,False
08_us_delivery_station_part2,41,exes,,4975 Gulf Freeway,La Marque,Texas,77568,,9,2021,,month,Delivery Station for South East Houston / La Marque Area.,"4975 Gulf Freeway, La Marque, Texas, USA, 77568",False,False,False,False,False,False,False
08_us_delivery_station_part2,42,Texas,WIX2,3002 E Municipal Drive,Lubbock,Texas,79403,171800,5,2021,,month,Rural Wagon Wheel Delivery Station for Rural Wagon Wheel Delivery Station for TX,"307 S Grandview Ave, Odessa, 3002 E Municipal Drive, Lubbock, Texas, USA, 79403",False,False,False,False,False,False,True
08_us_delivery_station_part2,43,,,1121 Fulwiler Rd,Abilene,Texas,79603,,,,,none,Rural Wagon Wheel Delivery Station for Abilene Area.,"1121 Fulwiler Rd, Abilene, Texas, USA, 79603",False,False,False,False,False,False,True
08_us_delivery_station_part2,44,Texas,,4301 W Military Highway,McAllen,Texas,78503,92500,12,2021,,month,Rural Wagon Wheel Delivery Station for McAllen TX,"4301 W Military Highway, McAllen, Texas, USA, 78503",False,False,False,False,False,False,True
08_us_delivery_station_part2,45,Texas,WTX5,9333 State Highway 44,Corpus Christi,Texas,78406,137500,3,2022,,month,Reel orpus waist Nea.,"9333 State Highway 44, Robstown, Corpus Christi, Texas, USA, 78406",False,False,False,False,False,False,False
08_us_delivery_station_part2,46,,,3850 Venture Drive,San Angelo,Texas,76905,,12,2024,,month,Rural Wagon Wheel Delivery Station for San Angelo TX Region.,"3850 Venture Drive, San Angelo, Texas, USA, 76905",False,False,False,False,False,False,True
08_us_delivery_station_part2,47,Utah,DUT1,2291 S. Commerce Center Drive,West Valley City,Utah,84120,93000,7,2017,,month,Delivery Station for Salt Lake City Market,"2291 S. Commerce Center Drive, Suite 400, West Valley City, Utah, USA, 84120",False,False,False,False,False,False,False
08_us_delivery_station_part2,48,,,1222 S. 500 East,American Fork,Utah,84003,,9,2020,,month,Delivery Station for South Salt Lake City/Orem/Provo,"1222 S. 500 East, American Fork, Utah, USA, 84003-3394",False,False,False,False,False,False,False
08_us_delivery_station_part2,49,Utah,DUT3,620 South 5700 West,Salt Lake City,Utah,84104,383900,7,2020,,month,ee Ota ae est region,"620 South 5700 West , West Valley City, Salt Lake City, Utah, USA, 84104",False,False,False,False,False,False,False
08_us_delivery_station_part2,50,etal,,7001 New Bingham Highway,West Jordan,Utah,84081,,11,2021,,month,Delivery Station for West Jordan / Salt Lake City Region. Sq Ft is an estimate.,"7001 New Bingham Highway, West Jordan, Utah, USA, 84081",False,False,False,False,True,False,False
08_us_delivery_station_part2,51,,,989 W Center Street,North Salt Lake,Utah,94054,201100,8,2021,,month,Delivery Station for North Salt Lake : City,"989 W Center Street, North Salt Lake. Utah USA. 94054-2912",False,False,False,False,False,False,False
08_us_delivery_station_part2,52,pun,,1748 West 700 North,Marriott- Slaterville,Utah,84404,,,,,none,Delivery Station for North Salt Lake City. Project delayed 2 years to 2024.,"1748 West 700 North, Marriott- Slaterville, Utah, USA, 84404 64404",False,True,False,False,False,False,False
08_us_delivery_station_part2,53,Virginia,PPC3,5617 Industrial Drive,Springfield,Virginia,22151,,,2017,,year,aa OG Market,"5617 Industrial Drive, Suite A, Springfield, Virginia, USA, USA. 22151-4410",False,False,False,False,False,False,False
08_us_delivery_station_part2,54,a,DDC4,44301 Mercure Circle,Sterling,Virginia,20166,106000,,2019,1,quarter,Delivery Station : for Washington DC Market,"44301 Mercure Circle, Sterling, Virginia, USA, 20166",False,False,False,False,False,False,False
08_us_delivery_station_part2,55,,DDC9,5533 Wellington Rd,Gainesville,Virginia,20155,75000,3,2021,,month,"Delivery Station for Manassas, VA Region :","5533 Wellington Rd, Gainesville, Virginia, USA, 20155-1614",False,False,False,False,False,False,False
08_us_delivery_station_part2,56,Virginia,DOR1,1920 Campostella Rd,Chesapeake,Virginia,23324,76000,10,2016,,month,Delivery Station for Chesapeake,"1920 Campostella Rd, Chesapeake, Virginia, USA, 23324",False,False,False,False,False,False,False
08_us_delivery_station_part2,57,vena,,1400 Sewells Point Rd,Norfolk,Virginia,23502,168700,6,2021,,month,Delivery Station for Norfolk Region. :,"1400 Sewells Point Rd, Norfolk, Virginia, USA, 23502",False,False,False,False,False,False,False
08_us_delivery_station_part2,58,Virginia,DOR3,210 W Mercury Boulevard,Newport News,Virginia,23669,111600,8,2021,,month,rah PCN. IS,"210 W Mercury Boulevard, Hampton, Newport News, Virginia, USA, 23669-2513",False,False,False,False,False,False,False
08_us_delivery_station_part2,59,,,1601 Bellwood Rd,Richmond,Virginia,23237,321000,5,2020,,month,Delivery Station for Richmond VA,"1601 Bellwood Rd., Richmond, Virginia, USA, 23237",False,False,False,False,False,False,False
08_us_delivery_station_part2,60,Virginia,DVA3,181 Centreport Pkwy,Fredericksburg,Virginia,22406,200300,,2021,,year,Delivery VA Region.,"181 Centreport Pkwy, Stafford, Fredericksburg, Virginia, USA, 22406",False,False,False,False,False,False,False
08_us_delivery_station_part2,61,Virginia,DVA5,11900 Balls Ford Rd,Manassas,Virginia,20109,167900,3,2021,,month,"Delivery Station for Manassas, VA Region","11900 Balls Ford Rd, Building 2, Manassas, Virginia, USA, 20109-2484",False,False,False,False,False,False,False
08_us_delivery_station_part2,62,,,245 Thomas Road,Bristol,Virginia,24201,,9,2021,,month,Rural Wagon Wheel Delivery Station for Bristol VA,"245 Thomas Road, Bristol, Virginia, USA, 24201",False,False,False,False,False,False,True
08_us_delivery_station_part2,63,,,2712 W Main St,Waynesboro,Virginia,22980,,,,,none,Rural Wagon Wheel Delivery Station for Waynesboro VA,"2712 W Main St, Waynesboro, Virginia, USA, 22980",False,False,False,False,False,False,True
08_us_delivery_station_part2,64,,,182 Johns Manville Dr,Edinburg,Virginia,22624,,9,2021,,month,Rural Wagon Wheel Delivery Station. Sq Ft is an estimate.,"182 Johns Manville Dr, Edinburg, Virginia, USA, 22624",False,False,False,False,True,False,True
08_us_delivery_station_part2,65,,XCV5,461 N Main St,Kilmarnock,Virginia,22482,27000,,,,none,Rural Wagon Wheel Delivery Station.,"461 N Main St, Kilmarnock, Virginia, USA, 22482",False,False,False,False,False,False,True
08_us_delivery_station_part2,66,Virginia,,NW corner of Russell Branch Parkway and Ashburn Village Boulevard,Ashburn,Virginia,20147,,,,,none,Delivery Station for the Sterling VA region. Not confirmed yet.,"NW corner of Russell Branch Parkway and Ashburn Village Boulevard, Doulevard, Ashburn, Virginia, USA, 20147",True,False,False,False,False,False,False
08_us_delivery_station_part2,67,,,2002 Blue Hills Drive N.E,Roanoke,Virginia,20147,,10,2024,,month,Delivery Station for the Roanoke VA region. Project Tinker.,"2002 Blue Hills Drive N.E., N_E., Roanoke, Virginia, USA, 20147",False,False,False,False,False,False,False
08_us_delivery_station_part2,68,Virginia,DRC6,2201 Harpers Road,Virginia Beach,Virginia,23454,219000,10,2024,,month,Delivery Station for Virginia Beach Region. Sq SqFtis Ft is an estimate.,"2201 Harpers Road, Virginia Beach, Virginia, USA, 23454",False,False,False,False,False,False,False
08_us_delivery_station_part2,69,Washington,DSE2,6705 East Marginal Way South,Seattle,Washington,98108,,,2075,,year,"meat Seattle Downtown, Georgetown","6705 East Marginal Way South, Seattle , Washington, USA, USA. 98108",False,False,False,False,False,False,False
08_us_delivery_station_part2,70,Washington,DSE5,1101 SW 16th St,Renton,Washington,98057,138000,10,2017,,month,Delivery Station for Redmond to Puyallup/Tacoma; emphasis on Eastside,"1101 SW 16th St, Renton, Washington, USA, 98057",False,False,False,False,False,False,False
08_us_delivery_station_part2,71,es,DSE7,2201 140th Ave E,Sumner,Washington,98390,,,,,none,"going as far East as Snoqualmie DSE7 is a Delivery Station for South Seattle; Sumner, Kent, Olympia and east to Greenwater. HBF5/9 is a co-located","2201 140th Ave E, Sumner, Washington, USA, 98390",False,False,False,False,False,True,False
08_us_delivery_station_part2,72,Washington,DSE8,7555 Airport Way SW,Bremerton,Washington,98312,117400,,2020,,year,Heavy/Bulky Delivery Station. Delivery : Staton : Stallonifor Bremerton region: Facility not confirmed.,"7555 Airport Way SW, Bremerton, Washington, USA, 98312",True,False,False,False,False,False,False
08_us_delivery_station_part2,73,,,9274 2871 2 S ANInA 102nd Street,Tukwila,Washington,98168,202500,8,2021,,month,Delivery Station for South Seattle.,"9274 2871 2 S ANInA 102nd Street, Tukwila, Washington, USA, 98168",False,False,False,False,False,False,False
08_us_delivery_station_part2,74,,DWAS5,23226 Witte Rd SE,Maple Valley,Washington,98038,112100,10,2021,,month,: Delivery Station for Seattle East Region.,"23226 Witte Rd SE, Maple Valley, Washington, USA, 98038",False,False,False,False,False,False,False
08_us_delivery_station_part2,75,,DWA6,22001 84th Ave S,Kent,Washington,98032,691900,,,,none,"Delivery Station for Sumner, WA.","22001 84th Ave S, Kent, Washington, USA, 98032-1962",False,False,False,False,False,False,False
08_us_delivery_station_part2,76,Washington,HBF6,5509 Military Road East,Puyallup,Washington,98375,145400,8,2021,,month,: station : fer Sq Ft is an estimate.,"5509 Military Road East, Puyallup, Washington, USA, 98375",False,False,False,False,True,False,False
08_us_delivery_station_part2,77,,DWAS9,3711 142nd Ave E,Sumner,Washington,98390,370100,,,,none,"Delivery Station for Sumner, WA.","3711 142nd Ave E, Sumner, Washington, USA. 98390-9605",False,False,False,False,False,False,False
08_us_delivery_station_part2,78,,DWS4,315 Shuksan Way,Everett,Washington,98203,145100,11,2021,,month,"Facility has two pickup canopies totaling 50,000 sq ft.","315 Shuksan Way, Everett, Washington, USA, 98203",False,False,False,False,False,False,False
08_us_delivery_station_part2,79,Washington,DWS5,6617 Associated Blvd,Everett,Washington,98203,167600,9,2024,,month,Delivery Station and Logistics center for Amazon's broadband satellite network. Project Kuiper.,"6617 Associated Blvd, Building B, Everett, Washington, USA, 98203",False,False,False,False,False,False,False
08_us_delivery_station_part2,80,Washington,DWX3,6050 E Marginal Way S,Seattle,Washington,98108,500000,7,2020,,month,Delivery Station for South Side Seattle.,"6050 E Marginal Way S, Seattle, Washington, USA, 98108-3235",False,False,False,False,False,False,False
08_us_delivery_station_part2,81,Washington,DSW3,12163 Bay Ridge Drive,Burlington,Washington,98233,111900,8,2024,,month,"Delivery Station for Burlington, WA Area. Opening delayed from Spring 2022 - Sep 2024.","12163 Bay Ridge Drive, Burlington, Washington, USA, 98233",False,True,False,False,False,False,False
08_us_delivery_station_part2,82,Washington,,14802 Spring St SW,Lakewood,Washington,98439,470000,10,2021,,month,"Delivery Station for Lakewood, Tacoma, WA Area.","14802 Spring St SW, Lakewood, Washington, USA, 98439",False,False,False,False,False,False,False
08_us_delivery_station_part2,83,Washington,DSK4,12315 W McFarlane Rd,Airway Heights,Washington,99001,187000,,2023,3,quarter,DSK4 is a Delivery Station for Spokane. HGE2 is a co-located Heavy/Bulky Delivery Station.,"12315 W McFarlane Rd, Airway Heights, Washington, USA, 99001",False,False,False,False,False,True,False
08_us_delivery_station_part2,84,V¥ Washington,,6100 N.E. 147th Avenue,Vancouver,VY Washington,98682,80000,,2025,,year,Delivery Statienitor Vaneoiver WA. Net confirmed yet.,"6100 N.E. 147th Avenue, Vancouver, VY Washington, USA, 98682",False,False,False,False,False,False,False
08_us_delivery_station_part2,85,,,5802 North Capitol Ave,Pasco,Washington,99301,,,,,none,"Delivery Station for Pasco, WA Area. Project Hawk.","5802 North Capitol Ave., Pasco, Washington, USA, 99301",False,False,False,False,False,False,False
08_us_delivery_station_part2,86,Washington,WWG5,3485 NE Trident Way,East Wenatchee,Washington,98802,43700,,2024,,year,"Rural Wagon Wheel Delivery ier Wenatchee, Chelan, Leavenworth.","3485 NE Trident Way, East Wenatchee, Washington, USA, 98802",False,False,False,False,False,False,True
08_us_delivery_station_part2,87,Washington,,501 Keys Road,Yakima,Washington,98901,90000,,,,none,eure ee anima es region,"501 Keys Road, Building C, Terrace Heights, Yakima, Washington, USA, 98901",False,False,False,False,False,False,False
08_us_delivery_station_part2,88,Washington,,2100 S. Airport Road,Port Angeles,Washington,98363,34500,,2025,4,quarter,: Delivery stallion Port Angeles WA region. Project Olympic. :,"2100 S. Airport Road, Port Angeles, Washington, USA, 98363",False,False,False,False,False,False,False
08_us_delivery_station_part2,89,Wisconsin,DML1,3935 W. Mitchell St,Milwaukee,Wisconsin,53125,50000,2,2016,,month,Delivery Station for Milwaukee,"3935 W. Mitchell St., Milwaukee, Wisconsin, USA, 53125",False,False,False,False,False,False,False
08_us_delivery_station_part2,90,: Wisconsin,DML2,N53 W24700 Corporate Circle,sussex,Wisconsin,53089,110000,7,2020,,month,Delivery Station for Milwaukee; Expanded to 199 Sq Ft in July 2019 Delivery Station for Appleton Region,"N53 W24700 Corporate Circle, sussex, Wisconsin, USA, 53089] w6331 Wally Way, Greenville, Wisconsin. USA. 64942-8119",False,False,False,False,False,False,False
08_us_delivery_station_part2,91,Wisconsin,DML4,4250 120th Ave,Kenosha,Wisconsin,53144,748300,7,2020,,month,Delivery Station for Milwaukee/Kenosha.,"4250 120th Ave, Building 1, Kenosha, Wisconsin, USA, 53144",False,False,False,False,False,False,False
08_us_delivery_station_part2,92,Wisconsin,DML6,11800 W. Burleigh St,Wauwatosa,Wisconsin,53222,540000,,2022,,year,Delivery Station for NW Milwaukee Region,"11800 W. Burleigh St., Wauwatosa, Wisconsin, USA, 53222",False,False,False,False,False,False,False
08_us_delivery_station_part2,93,Wisconsin,DML8,1925 Grandview Parkway,Sturtevant,Wisconsin,53177,145400,6,2021,,month,Delivery Station for South Milwaukee Region,"1925 Grandview Parkway, Sturtevant, Wisconsin, USA, 53177",False,False,False,False,False,False,False
08_us_delivery_station_part2,94,Wisconsin,DWI4,3650 Milwaukee Street,Madison,Wisconsin,53714,116200,,2020,4,quarter,Delivery Station for Madison WI.,"3650 Milwaukee Street, Madison, Wisconsin, USA, 53714",False,False,False,False,False,False,False
08_us_delivery_station_part2,95,:,,1945 Prairie Lane,Eau Claire,Wisconsin,54703,,,,,none,Rural Wagon Wheel Delivery Station for Eau Claire Region.,"1945 Prairie Lane, Eau Claire, Wisconsin, USA, 54703",False,False,False,False,False,False,True
08_us_delivery_station_part2,96,,,3003 Airport Road,La Crosse,Wisconsin,54603,,,,,none,Rural Wagon Wheel Delivery Station for LaCrosse Region.,"3003 Airport Road, La Crosse, Wisconsin, USA, 54603",False,False,False,False,False,False,True
08_us_delivery_station_part2,97,:,,7007 County Road J,Weston,Wisconsin,54476,,,,,none,Rural Wagon Wheel Delivery Station for Wausau WI Region.,"7007 County Road J, Weston, Wisconsin, USA, 54476",False,False,False,False,False,False,True
08_us_delivery_station_part2,98,,,1949 Pyrite Road,Casper,Wyoming,82604,,10,2024,,month,Rural Wagon Wheel Delivery Station for Casper WY Region.,"1949 Pyrite Road, Casper, Wyoming, USA, 82604",False,False,False,False,False,False,True
08_us_delivery_station_part2,99,Wivonin yoming,,3851 East 2nd Street,Gillette,Wyoming,82718,,10,2024,,month,Rural Wagon Wheel Delivery Station for Gillette WY Region.,"3851 East 2nd Street, Gillette, Wyoming, USA, 82718",False,False,False,False,False,False,True
09_us_delivery_heavy_bulky,0,Alabama,HBM3,2501 Third Place West,Birmingham,Alabama,35204,46200,,,,none,ee Se irmingham for products 60 to 00 pounds. d,"2501 Third Place West, Building 20, Birmingham, Alabama, USA. 35204",False,False,False,False,False,False,False
09_us_delivery_heavy_bulky,1,,HPX4,3333 S. 7th St,Phoenix,Arizona,85040,,9,2019,,month,HPX1 is a Heavy/Bulky Delivery Station for Phoenix. Sq Ft included in SAZ1.,"3333 S. 7th St., Phoenix, Arizona, USA, 85040-1182",False,False,False,False,False,True,False
09_us_delivery_heavy_bulky,2,Arizona,HPX2,3 Ave,,Arizona,85043,,3,2021,,month,Heavy/Bulky Delivery Station for Phoenix West for products 60 to 300 pounds. Sq Ft AZA4.,"3 Ave, Arizona, USA, 85043",False,False,False,False,False,False,False
09_us_delivery_heavy_bulky,3,Arizona,HPX3,1343 N. Colorado St,Gilbert,Arizona,85233,120700,,,,none,included in Station for for aa,"1343 N. Colorado St., Building 2, Maricopa, Gilbert, Arizona, USA, 85233",False,False,False,False,False,True,False
09_us_delivery_heavy_bulky,4,,,5990 S. Country Club Rd,Tucson,Arizona,85706,,,,,none,Heavy/Bulky Delivery Station for Tucson for products 60 to 300 pounds.,"5990 S. Country Club Rd., Tucson, Arizona, USA, 85706",False,False,False,False,False,False,False
09_us_delivery_heavy_bulky,5,,,7300 N Silverbell Rd,Tucson,Arizona,85743,,,,,none,HTC2 is a Heavy/Bulky Delivery Station that is co-located within DAZ9.,"7300 N Silverbell Rd, Tucson, Arizona, USA, 85743",False,False,False,False,False,True,False
09_us_delivery_heavy_bulky,6,raranises,,400 Sharkey Drive,Maumelle,Arkansas,72211,,11,2020,,month,Heavy/Bulky Delivery Station for Little Rock for products 60 to 300 pounds.,"400 Sharkey Drive, Maumelle, Arkansas, USA, 72211",False,False,False,False,False,False,False
09_us_delivery_heavy_bulky,7,California,HCA3,3334 North San Fernando Road,Buidling E,Los Angeles,90065,,,2020,,year,peed ee Sten ngeles. 2g Ft are in,"3334 North San Fernando Road, Buidling E, Los Angeles, USA, 90065-1417",False,False,False,False,False,False,False
09_us_delivery_heavy_bulky,8,po,,5119 District Blvd #100,Vernon,California,90058,,,,,none,Heavy/Bulky Delivery Station for Los Angeles. Sq Ft included in LAX6.,"5119 District Blvd #100, Vernon, California, USA, 90058-5512",False,False,False,False,False,True,False
09_us_delivery_heavy_bulky,9,California,,1350 N. MacArthur Drive,Tracy,California,95304,,,2020,,year,Heavy/Bulky Delivery Station for San Francisco Bay Area. Sq Ft : included in OAKE.,"1350 N. MacArthur Drive, Tracy, California. USA. 95304-9370",False,False,False,False,False,True,False
09_us_delivery_heavy_bulky,10,California,,455 Valley Dr,Brisbane,California,94005,,,2020,,year,Heavy/Bulky Delivery Station for San Francisco . Bay Area. Sq Ft included in SJCS9.,"455 Valley Dr, Brisbane, California USA. 94005-1209",False,False,False,False,False,True,False
09_us_delivery_heavy_bulky,11,sp.,,5650 Dolly Ave,anaheim,California,90621,,,2021,,year,HLA1 is a Heavy/Bulky Delivery Station. SqFt included in DLA2.,"5650 Dolly Ave, Buena Park, anaheim, California, USA, 90621",False,False,False,False,False,True,False
09_us_delivery_heavy_bulky,12,California,,21420 Needham Ranch Parkway,Santa Clarita,California,91321,97400,3,2021,,month,ee P pounds.,"21420 Needham Ranch Parkway, Building 6, , Santa Clarita, California, USA, 91321",False,False,False,False,False,False,False
09_us_delivery_heavy_bulky,13,California,HLA3,24208 San Michele Rd,Moreno Valley,California,92551,,,,,none,Heavy/Bulky Delivery Station for Los Angeles for products 60 to 300 pounds. Sq,"24208 San Michele Rd, Moreno Valley, California, USA, 92551-",False,False,False,False,False,False,False
09_us_delivery_heavy_bulky,14,California,,9561 : : Ue oa 14100 Alton Parkway,Irvine,California,92618,,3,2021,,month,Ft included in ONT6. Heavy/Bulky Delivery Station for Moreno Valley Area for products 60 to 300 pounds. Sq Ft included in LGB9. Heavy/Bulky Delivery Station for Irvine Area for products 60 to 300 pounds.,"9561 : : Ue oa 14100 Alton Parkway, Irvine, California, USA, 92618",False,False,False,False,False,True,False
09_us_delivery_heavy_bulky,15,po California,HSD1,4370 Jutland Drive,San Diego,California,92117,,,2021,2,quarter,Heavy/Bulky Delivery Station for San Diego for products 60 to 300 pounds. Sq Ft is an,"4370 Jutland Drive, San Diego, California USA. 92117",False,False,False,False,False,False,False
09_us_delivery_heavy_bulky,16,,,8150 Airway Rd,San Diego,California,92154,,,,,none,estimate. Heavy/Bulky Delivery Station for San Diego for products 60 to 300 pounds.,"8150 Airway Rd, San Diego, California, USA, 92154",False,False,False,False,False,False,False
09_us_delivery_heavy_bulky,17,California,HSF2,44051 Osgood Rd,Fremont,California California,94539,70200,3,2020,,month,Heavy/Bulky Delivery Station for Fremont/San Jose for products 60 to 300,"44051 Osgood Rd, Fremont, California California, USA. 94539",False,False,False,False,False,False,False
09_us_delivery_heavy_bulky,18,California,HSF3,4800 Midway Rd,California,California,95688,,5,2021,,month,pounds. HSF3 is a co-located heavy/Bulky Delivery Station. Sq Ft in SMFT. SMF7.,"4800 Midway Rd, Vacaville, California, Califomia, USA, 95688-9602",False,False,False,False,False,True,False
09_us_delivery_heavy_bulky,19,California,XLX2,sabe Airport Way,/Manteea,California,95336,,10,2021,,month,Manteca fer bor products te 200-200 pounds ‘x Ft SCK3.,"sabe Airport Way, Manteca. /Manteea, California, USA, 95336-8696",False,False,False,False,False,False,False
09_us_delivery_heavy_bulky,20,,,3523 S Northpointe Dr,Fresno,California,93725,,,,,none,are included in Heavy/Bulky Delivery Station for Fresno for products 60 to 300 pounds,"3523 S Northpointe Dr, Fresno, California, USA, 93725",False,False,False,False,False,True,False
09_us_delivery_heavy_bulky,21,po,,3015 E Ana St,Compton,California,90221,15000,11,2022,,month,Heavy/Bulky Delivery Station for Los Angeles for products 60 to 300 pounds,"3015 E Ana St, Compton, Compton, California, USA, 90221",False,False,False,False,False,False,False
09_us_delivery_heavy_bulky,22,Colorado Colorado,HDE1,Tak ee 65 Holmes Road,Newington,Connecticut,06615,,5,2021,,month,HDE1 is a heavy/bulky delivery station for Denver for products between 60 - 300 Lbs. Sq Ft included in DENS. HDE2 is a heavy/bulky delivery station for Denver for products between 60 - 300 Lbs. Sq Ft included within DENT. Heavy/Bulky Delivery Station for Hartford for products 60 to 300 pounds,"Tak ee 65 Holmes Road, Newington, Connecticut, USA, 06615",False,False,False,False,False,True,False
09_us_delivery_heavy_bulky,23,Delaware,,1500 Johnson Way,New Castle,Delaware,19720,,,,,none,Heavy/Bulky Delivery Station for Greater Wilmington Area. Sq Ft included in DPH4.,"1500 Johnson Way, New Castle, Delaware, USA, 19720",False,False,False,False,False,True,False
09_us_delivery_heavy_bulky,24,Florida,HJX1,2780 Lloyd Road,West Jacksonville,Florida,32964,,,,,none,eat Jacksonville for products 60 to 300 pounds,"2780 Lloyd Road, West Jacksonville, Florida, USA, 32964",False,False,False,False,False,False,False
09_us_delivery_heavy_bulky,25,Plena,,8792 Ely Road,Pensacola,Florida,32514,,,,,none,Heavy/Bulky Delivery Station for Pensacola for products 60 to 300 pounds,"8792 Ely Road, Pensacola, Florida, USA, 32514",False,False,False,False,False,False,False
09_us_delivery_heavy_bulky,26,Florida,HMI1,1900 NW 132nd Place,Miami,Florida,33182,,2,2020,,month,HMI1 is a Heavy/Bulky Delivery Station for Miami for products 60 to 300 pounds.,"1900 NW 132nd Place , Doral, Miami, Florida, : USA, 33182-1920 '",False,False,False,False,False,False,False
09_us_delivery_heavy_bulky,27,Florida,HMI2,dd enh Ave,Miami,Florida,33166,78800,4,2021,,month,Sq Ft included in MIAS. HMI2 is a Heavy/Bulky Delivery Station for Miami Airport area for products 60 to 300 Ft ;,"dd enh Ave, Building sags 8, Miami, Florida, USA, 33166",False,False,False,False,False,True,False
09_us_delivery_heavy_bulky,28,,,901 West Landstreet Road,Orlando,Florida,32824,,,,,none,pounds. Sq is an estimate. Heavy/Bulky Delivery Station for Orlando for products 60 to 300 pounds,"901 West Landstreet Road, Orlando, Florida, USA, 32824",False,False,False,False,False,False,False
09_us_delivery_heavy_bulky,29,Plena,,8050 Vista Reserve,Orlando,Florida,32829,,,,,none,Heavy/Bulky Delivery Station for Orlando for products 60 to 300 pounds,"8050 Vista Reserve, Orlando, Florida, USA, 32829",False,False,False,False,False,False,False
09_us_delivery_heavy_bulky,30,Florida,HPB1,6729 Belverdere Rd,Palm Beach,Florida,33413,146300,3,2020,,month,Delivery Station for Palm Beach for products 60 to 300 pounds,"6729 Belverdere Rd, Building 5, Palm Beach, Florida, USA, 33413",False,False,False,False,False,False,False
09_us_delivery_heavy_bulky,31,Florida,HPB2,14490 Corporate Road North,Jupiter,Florida,33478,,,,,none,Heavy/Bulky Delivery Station for Miami for products 60 to 300 pounds. Fo-located in FC PBI2.,"14490 Corporate Road North, Jupiter, Florida, USA, 33478",False,False,False,False,False,False,False
09_us_delivery_heavy_bulky,32,,,7916 Drew Circle,Fort Myers,Florida,33967,,,,,none,Heavy/Bulky Delivery Station for Ft Meyers for products 60 to 300 pounds,"7916 Drew Circle, Fort Myers, Florida, USA, 33967",False,False,False,False,False,False,False
09_us_delivery_heavy_bulky,33,Florida Florida,HTP1,9799 International Ct N,St. Petersburg,Florida,33716,192200,3,2021,,month,Delivery Station for St. Petersburg for products 60 to 300 pounds Heavy/Bulky Delivery Station for Ocala for products 60 to 300 pounds. Sq Ft is,"9799 International Ct N, St. Petersburg, Florida, USA, 33716-) 4807 ee ou Re, Ocala, Florida, USA, 34475",False,False,False,False,False,False,False
09_us_delivery_heavy_bulky,34,Georgia,,3185 Fayetteville Rd SE,Atlanta,Georgia,30316,,,,,none,included in TPA6. Heavy/Bulky Delivery Station for Atlanta for products 60 to 300 pounds,"3185 Fayetteville Rd SE, Atlanta, Georgia, USA, 30316",False,False,False,False,False,True,False
09_us_delivery_heavy_bulky,35,Georgia,HAT2,pues Ae Austell,,Georgia,30168,158900,6,2021,,month,Heavy/Bulky Delivery Station for West Side of Atlanta for products 60 to 300 pounds.,"pues Ae Austell, Georgia, USA, 30168",False,False,False,False,False,False,False
09_us_delivery_heavy_bulky,36,Georgia,HAT9,2201 Thornton Road,Lithia Springs,Georgia,30122,,,2020,,year,Sq Ft is an estimate. Heavy/Bulky Delivery Station for Atlanta for products 60 to 300 pounds. Sq Ft included,"2201 Thornton Road, Lithia Springs, Georgia, USA, 30122- 3895",False,False,False,False,True,False,False
09_us_delivery_heavy_bulky,37,Georgia,HGA3,2160 Breckenridge Blvd Suite 100,Lawrenceville,Georgia,30043,,,2020,,year,in ATL8.,"2160 Breckenridge Blvd Suite 100, Lawrenceville, Georgia, USA, 30043",False,False,False,False,False,False,False
09_us_delivery_heavy_bulky,38,Georaia,HSA1,2367 Tremont Rd,Savannah,Georgia,31405,20000,4,2021,,month,Heavy/Bulky Delivery Station for Savannah for products 60 to 300 nounds pounds. Soa Sq Ft is an,"2367 Tremont Rd, Savannah, Georgia, USA, 31405",False,False,False,False,False,False,False
09_us_delivery_heavy_bulky,39,,,3920 E Lanark St,Meridian,Idaho,83642,,,,,none,estimate. Heavy/Bulky Delivery Station for Boise for products 60 to 300 pounds,"3920 E Lanark St, Meridian, Idaho, USA, 83642",False,False,False,False,False,False,False
09_us_delivery_heavy_bulky,40,,,2350 S Wood St,Chicago,Illinois,60608,,5,2020,,month,Heavy/Bulky Delivery Station for Chicago for products 60 to 300 pounds.,"2350 S Wood St, Chicago, Illinois, USA, 60608",False,False,False,False,False,False,False
09_us_delivery_heavy_bulky,41,,,540 Frontenac Road,Naperville,Illinois,60504,,,,,none,Heavy/Bulky Delivery Station for West Chicago for products 60 to 300 pounds.,"540 Frontenac Road, Naperville, Illinois, USA, 60504",False,False,False,False,False,False,False
09_us_delivery_heavy_bulky,42,,HIL3,30260 Graaskamp Blvd,Wilmington,Illinois,60461,,8,2020,,month,"HIL3 is a Heavy/Bulky Delivery Station for Wilmington, IL Region. Sq Ft included in","30260 Graaskamp Blvd, Wilmington, Illinois, USA, 60461- 2007",False,False,False,False,False,True,False
09_us_delivery_heavy_bulky,43,,HLU1,3931 Lakeview Corporate Dr,Edwardsville,Illinois,62025,,,,,none,Sort ae q,"3931 Lakeview Corporate Dr, Edwardsville, Illinois, USA, 62025-2801",False,False,False,False,False,False,False
09_us_delivery_heavy_bulky,44,,HIN1,6057 Churchman Bypass Road,Indianapolis,Indiana,46203,,6,2020,,month,Delivery Station for Indianapolis for products 60 to 300 pounds.,"6057 Churchman Bypass Road, Indianapolis, Indiana, USA, 46203",False,False,False,False,False,False,False
09_us_delivery_heavy_bulky,45,,HIN2,19 Bob Glidden Blvd,Whiteland,Indiana,46184,,,,,none,HIN2 isa heavy/bulky delivery station. Sq Ft MQJ2.,"19 Bob Glidden Blvd., Whiteland. Indiana. USA. 46184- 9108",False,False,False,False,False,False,False
09_us_delivery_heavy_bulky,46,,,3507 Olive Road,South Bend,Indiana,46628,17200,5,2021,,month,is included in HIN3 is a heavy/bulky delivery station for Bend. Sq Ft is an Estimate.,"3507 Olive Road, Suite F, South Bend, Indiana, USA, 46628",False,False,False,False,True,True,False
09_us_delivery_heavy_bulky,47,,HLO3,4677 Peter Schickel Way NE,Georgetown,Indiana,47122,,8,2023,,month,ee Ge INE sortation center,"4677 Peter Schickel Way NE, Georgetown, Indiana, USA, 47122",False,False,False,False,False,False,False
09_us_delivery_heavy_bulky,48,,,200 SE 37th Street,Grimes,Iowa,50111,,,,,none,HDS1 is a Heavy/Bulky Delivery Station for Des Moines. Sq Ft is an estimate.,"200 SE 37th Street, Grimes, lowa, USA, 50111",False,False,False,False,True,False,False
09_us_delivery_heavy_bulky,49,Kansas,HMC1,27200 West 157th Street,New Century,Kansas,66031,,,2020,4,quarter,Heavy/Bulky Delivery Station; Sq ft included 3 Ft MCI7.,"2500 Heinz Road, lowa City, 27200 West 157th Street, New Century, Kansas, USA, 66031- 4414",False,False,False,False,False,False,False
09_us_delivery_heavy_bulky,50,feo,HMC3,2361 South Withers Road,Liberty,Missouri,64068,,4,2023,,month,Sq included in HMC3 is a Heavy/Bulky Delivery Station. So Sa Ft included in MCI3.,"2361 South Withers Road, Liberty, Missouri, USA, 64068",False,False,False,False,False,True,False
09_us_delivery_heavy_bulky,51,,HMC9,4158 Powell Drive,kansas,Kansas,66226,,,2021,,year,HMC9 is a Heavy/Bulky Delivery Station. Sq SqFt Ft included in MCI8.,"4158 Powell Drive, Shawnee, kansas, Kansas, USA, 66226",False,False,False,False,False,True,False
09_us_delivery_heavy_bulky,52,Kentucky,HCN1,3521 Point Pleasant Road,Hebron,Kentucky,41048,,3,2020,,month,Delivery Station for Cincinnati OH Area: AMXL Heavy/Bulky White Glove Service Sq Ft included in IVSB,"3521 Point Pleasant Road, Unit 2, Hebron, Kentucky, USA, 41048",False,False,False,False,False,True,False
09_us_delivery_heavy_bulky,53,,,4302 Chefs Way,Louisville,Kentucky,40218,,,,,none,Heavy/Bulky Delivery Station for Louisville for products 60 to 300 pounds.,"4302 Chefs Way, Louisville, Kentucky, USA, 40218",False,False,False,False,False,False,False
09_us_delivery_heavy_bulky,54,_ Lousiana ata,,10057 Airline Hwy; Building 2,St Rose,Louisiana,70087,,,,,none,AMXL Heavy/Bulky White Glove Service Delivery Station for New Orleans.,"10057 Airline Hwy; Building 2, St Rose, Louisiana, USA, 70087",False,False,False,False,False,False,False
09_us_delivery_heavy_bulky,55,Maryland,HBA1,iD Aberdeen. Maryland,,iD Aberdeen. Maryland,21001,,6,2020,,month,Heavy/Bulky Delivery Station for Aberdeen for products 60 to 300 pounds. Sq Ft XUSP.,"iD Aberdeen. Maryland, USA, 21001-4042",False,False,False,False,False,False,False
09_us_delivery_heavy_bulky,56,Maryland,HBA2,3510 Washington Blvd,Halethorpe,Maryland,21227,23500,5,2021,,month,included in for products 60 to 300 pounds.,"3510 Washington Blvd, Halethorpe, Maryland, USA, 21227",False,False,False,False,False,True,False
09_us_delivery_heavy_bulky,57,Marviand Massachusetts,HBA3,sa as ed 350 Revolutionary Drive,East Taunton,Massachusetts,02718,74500,5,2024,,month,Heavy/Bulky Delivery Station for Hagerstown for products 60 to 300 pounds. Co-located in HGR2. XLX1 is a Flex Driver station. products 60 to 300 pounds.,"sa as ed 350 Revolutionary Drive, East Taunton, Massachusetts, USA, 02718",False,False,False,False,False,True,False
09_us_delivery_heavy_bulky,58,,HBO2,34 Market St,Everett,Massachusetts,02150,20000,,2023,,year,Heavy/Bulky Delivery Station for Boston for products 60 to 300 pounds. Sq Ft is an,"34 Market St, Everett, Massachusetts. USA. 02150",False,False,False,False,False,False,False
09_us_delivery_heavy_bulky,59,Michigan,HDT2,12795 Premier Center Court,Plymouth,Michigan,48170,50000,3,2020,,month,"estimate. Delivery Station for Plymouth/Detroit, Ml Area. AMXL Heavy/Bulky White Glove Service.","12795 Premier Center Court, Plymouth, Michigan, USA, 48170",False,False,False,False,False,False,False
09_us_delivery_heavy_bulky,60,Michigan,HDT3,33701 Prescott St,Romulus,Michigan,48174,,8,2021,,month,Heavy/Bulky Delivery Station for Detroit for products 60 to 300 pounds. Sq Ft included in DTW3.,"33701 Prescott St, Huron Township, Romulus, Michigan, USA, 48174",False,False,False,False,False,True,False
09_us_delivery_heavy_bulky,61,,HGR1,5199 68th ST SE,Grand Rapids,Michigan,49316,40500,5,2021,,month,"Delivery Station for Grand Rapids, MI Area: a Heavy/Bulky White : Glove Service. Sq","5199 68th ST SE, Grand Rapids, Michigan, USA, 49316",False,False,False,False,False,False,False
09_us_delivery_heavy_bulky,62,,HMS1,6105 Trenton Lane N,Plymouth,Minnesota,55113,,3,2020,,month,"tis an estimate. Delivery Station for Plymouth, Ml Area: Avo. Heavy/Bulky White Glove Senice","6105 Trenton Lane N, Plymouth, Minnesota, USA, 55113",False,False,False,False,False,False,False
09_us_delivery_heavy_bulky,63,,HMS2,9800 217th Street West,Lakeville,Minnesota,55044,,,,,none,Heavy/Bulky Delivery Station for Lakeville MN for products 60 to 300 pounds. Co- located in MSP6.,"9800 217th Street West, Lakeville, Minnesota, USA, 55044-5076",False,False,False,False,False,False,False
09_us_delivery_heavy_bulky,64,,HLU2,15704 Westport Commerce Dr #400,Maryland Heights,Missouri,63146,20000,,2022,,year,a sa pt a Grr is estimated.,"15704 Westport Commerce Dr #400, Maryland Heights, Missouri, USA, 63146",False,False,False,False,False,False,False
09_us_delivery_heavy_bulky,65,Nebraska,,5606 ~VVV Nw Lindbergh yt Dr. ee,ee Omaha,Nebraska,68110,,,,,none,Delivery Station Gwe for ye Heavy/Bulky rey merchandise for Omaha.,"5606 ~VVV Nw Lindbergh yt Dr. ee , ee Omaha, Nebraska, USA, 68110",False,False,False,False,False,False,False
09_us_delivery_heavy_bulky,66,,HLV1,3777 Marion Drive,Las Vegas,Nevada,89115,125000,,2021,3,quarter,Delivery Station for Heavy/Bulky merchandise for Las Vegas. Sq Ft is an,"3777 Marion Drive, Las Vegas, Nevada USA. 89115",False,False,False,False,False,False,False
09_us_delivery_heavy_bulky,67,Nevada,,1316 Capital Blvd,Reno,Nevada,89502,,,,,none,estimate. Delivery Station for Heavy/Bulky merchandise for Reno.,"1316 Capital Blvd., Reno, Nevada, USA, 89502",False,False,False,False,False,False,False
09_us_delivery_heavy_bulky,68,Nevada,HRN2,9754 N Virginia St,Reno,Nevada,89506,,8,2024,,month,Heavy/Bulky Delivery Station for Reno. Co- in DLV3.,"9754 N Virginia St, Reno, Nevada, USA, 89506",False,False,False,False,False,False,False
09_us_delivery_heavy_bulky,69,,,100 Forge Way,Rockaway,New Jersey,07866,,,,,none,Heavy/Bulky Delivery Station for Parsippany area for products 60 to 300 pounds.,"100 Forge Way, Rockaway, New Jersey, USA, 07866",False,False,False,False,False,False,False
09_us_delivery_heavy_bulky,70,New Jersey,HEW4,343 Cranbury Half Acre Rd,East Windsor,New Jersey,08512,,3,2021,,month,: : station i ia ae,"343 Cranbury Half Acre Rd, East Windsor, New Jersey, USA, 08512-3253",False,False,False,False,False,False,False
09_us_delivery_heavy_bulky,71,New Jersey,HNE1,2205 State Route 27,Edison,New Jersey,08817,,8,2020,,month,Heavy/Bulky Delivery Station for Edison NJ for products 60 to 300 pounds. Sq Ft included in LGAS.,"2205 State Route 27, Middlesex, Edison, New Jersey, USA, 08817-3313",False,False,False,False,False,True,False
09_us_delivery_heavy_bulky,72,New Jersey,HPH1,1225 Forest Parkway West,Deptford,New Jersey,08066,354100,3,2020,,month,Heavy Bulky Philadelphia for products 60 to 300 pounds,"1225 Forest Parkway West, Deptford, New Jersey, USA, 08066",False,False,False,False,False,False,False
09_us_delivery_heavy_bulky,73,,,30B Post Road,Colonie,New York,12205,,,,,none,"Heavy/Bulky Delivery Station for Albany, NY for products 60 to 300 pounds.","30B Post Road, Colonie, New York, USA, 12205",False,False,False,False,False,False,False
09_us_delivery_heavy_bulky,74,New York,,139 W Jericho Turnpike,Huntington Station,New York,11746,6300,,2018,2,quarter,Delivery Station for Long Island Area: AMXL Heavy/Bulky White Glove Service. Sq Ft included in UNY4.,"139 W Jericho Turnpike, Huntington Station, New York, USA, 11746",False,False,False,False,False,True,False
09_us_delivery_heavy_bulky,75,,HNY2,1 Railroad Place,Maspeth,New York,11378,,,,,none,Delivery Station for Queens Area. AMXL,"1 Railroad Place, Maspeth, New York, USA, 11378",False,False,False,False,False,False,False
09_us_delivery_heavy_bulky,76,new,,5 Warehouse Lane,Elmsford,New York,10523,100000,2,2021,,month,"Heavy/Bulky Delivery Station for Elmsford, NY for products 60 to 300 pounds.","5 Warehouse Lane, Elmsford, New York, USA, 10523",False,False,False,False,False,False,False
09_us_delivery_heavy_bulky,77,New Jersey,HNY4,eae New Jersey,,eae New Jersey,07074,,,2021,,year,Heavy/Bulky Delivery Station for NJ for products 60 to 300 pounds. Sq Ft included DEW1.,"eae New Jersey, USA, 07074",False,False,False,False,False,False,False
09_us_delivery_heavy_bulky,78,New York,HRO1,1777 E Henrietta Rd,Rochester,New York,14623,286700,,,,none,in Delvery Station for penester,"1777 E Henrietta Rd, East Henrietta, Rochester, New York, USA, 14623",False,False,False,False,False,False,False
09_us_delivery_heavy_bulky,79,New York,HSY1,6804 Manlius Center Road,Syracuse,New York,13057,12000,,,,none,or products 60 to pounds.,"6804 Manlius Center Road, Dewitt, Syracuse, New York, USA. 13057",False,False,False,False,False,False,False
09_us_delivery_heavy_bulky,80,North Carolina,,S522 Ra,(Charlotte,North Carolina,28269,,3,2020,,month,Delivery Station for Charlotte Area: AMXL Heavy/Bulky White Glove Service: Ft UNC3,"S522 Ra, (Charlotte, North Carolina, USA, 28269",False,False,False,False,False,False,False
09_us_delivery_heavy_bulky,81,North Carolina,HCL2,12220 Carolina Logistics Drive,Charlotte,North Carolina,28134,,,,,none,Sq included in een arome. SQ rt,"12220 Carolina Logistics Drive, Pineville, Charlotte, North Carolina, USA, 28134",False,False,False,False,False,True,False
09_us_delivery_heavy_bulky,82,North Carolina,HRD1,1805 TW Alexander Drive,Durham,North Carolina,27703,,3,2020,,month,Delivery Station for Durham Area: AMXL Heavy/Bulky White Glove Service: Sq Ft included in RDU5,"1805 TW Alexander Drive, Durham, North Carolina, USA, 27703-8389",False,False,False,False,False,True,False
09_us_delivery_heavy_bulky,83,North Carolina,HRD2,8685 Independence Parkway,Twinsburg,Ohio,44087,52000,,2020,1,quarter,Delivery Station for Durham Area: AMXL Heavy/Bulky White Glove Senice. Heavy/Bulky Delivery Station for Cleveland for products 60 to 300 pounds. Sq Ft,"805 South a Briggs Avenue, pa North Carolina, : USA, 8685 Independence Parkway, Twinsburg, Ohio, USA, 44087- 1971",False,False,False,False,False,False,False
09_us_delivery_heavy_bulky,84,,,23371 Aurora Road,Bedford Heights,Ohio,44146,,,,,none,included in CLES. Heavy/Bulky Delivery Station for Cleveland for products 60 to 300 pounds.,"23371 Aurora Road, Bedford Heights, Ohio, USA, 44146",False,False,False,False,False,True,False
09_us_delivery_heavy_bulky,85,,HDY1,45 Lau Parkway,Englewood,Ohio,45315,417600,10,2021,,month,Delivery Station for Dayton Area. AMXL Heavy/Bulky White Glove Service.,"45 Lau Parkway, Englewood, Ohio, USA, 45315-8754",False,False,False,False,False,False,False
09_us_delivery_heavy_bulky,86,Oklahoma,HOK1,1414 S. Council Road,Oklahoma City,Oklahoma,73128,,3,2020,,month,Heavy/Bulky Delivery Station for Oklahoma City for products 60 to 300 pounds. Sq Ft included in OKC5,"1414 S. Council Road, Oklahoma City, Oklahoma, USA, 73128",False,False,False,False,False,True,False
09_us_delivery_heavy_bulky,87,Oklahoma,,2407S. : Oklahoma City,,Oklahoma,73179,60000,,,,none,Heavy/Bulky Delivery Station for Oklahoma City for products 60 to 300 pounds. Sq Ft OKC5,"2407S. : Oklahoma City, Oklahoma, USA, 73179",False,False,False,False,False,False,False
09_us_delivery_heavy_bulky,88,,,33468 Eagle Rd,Tangent,Oregon,97389,,,,,none,included in Heavy/Bulky Delivery Station for Portland OR for products 60 to 300 pounds.,"33468 Eagle Rd, Bldg 40, Tangent, Oregon, USA, 97389",False,False,False,False,False,True,False
09_us_delivery_heavy_bulky,89,Oregon,HPD1,15000 N. Lombard Street,Mien Oregon,mein LICA,97203,,,2020,,year,Heavy/Bulky Delivery Station for Portland OV OR Lee for products mt CH 60 4p to DAD 300 pounds. Sq a. ms. Ft,"15000 N. Lombard Street, Portland, Mien Oregon, mein LICA USA, 97203- 6614",False,False,False,False,False,False,False
09_us_delivery_heavy_bulky,90,Oregon,HIO2,1250 NW Swigert Way,Troutdale,Oregon,97060,,8,2018,,month,included in PDX6. Heavy/Bulky Delivery Station for Portland OR for products 60 to 300 pounds. Sq Ft,"1250 NW Swigert Way, Troutdale, Oregon, USA, 97060- 9614",False,False,False,False,False,True,False
09_us_delivery_heavy_bulky,91,Pennsylvania,HPH2,120 W Pumping Station Rd,Quakertown,Pennsylvania,18951,57200,,,,none,included in PDX9. : Ae Se elivery Station for Allentown Area.,"120 W Pumping Station Rd, Quakertown, Pennsylvania, USA. 18951",False,False,False,False,False,True,False
09_us_delivery_heavy_bulky,92,Pennsylvania,HPH9,298 1st Avenue,Covington Township,Pennsylvania,18424,,,2020,,year,Heavy/Bulky Delivery Station for Scranton Region for products 60 to 300 pounds. Sq Ft included in AVP2.,"298 1st Avenue, Gouldsboro, Covington Township, Pennsylvania, USA, 18424-9492",False,False,False,False,False,True,False
09_us_delivery_heavy_bulky,93,Pennsylvania,HVP1,45 Valley View Drive,Jessup,Pennsylvania,18434,,,,,none,: See ae,"45 Valley View Drive, Lackawanna, Jessup, Pennsylvania, USA, 18434",False,False,False,False,False,False,False
09_us_delivery_heavy_bulky,94,Pennsylvania,HPT1,4800 McClaren Woods Dr,Findlay Township,Pennsylvania,15108,115500,8,2020,,month,oniproduets 9 pounds:,"4800 McClaren Woods Dr, Coraopolis, Findlay Township, Pennsylvania, USA, 15108",False,False,False,False,False,False,False
09_us_delivery_heavy_bulky,95,Tennessee,HBN1,10 Parkway,,Tennessee,37217,40000,3,2020,,month,Heavy/Bulky Delivery Station for Nashville for products 60 to 300 pounds. Ft STN1.,"10 Parkway, Tennessee, USA, 37217-2830",False,False,False,False,False,False,False
09_us_delivery_heavy_bulky,96,Tennessee,HBN2,1701 Lebanon Pike Circle,Lebanon,Tennessee,37210,90000,4,2022,,month,Sq included in Heavy/Bulky Delivery Station for Nashville for products 60 to 300 pounds. Sq Ft included in STN1.,"1701 Lebanon Pike Circle, Lebanon, Tennessee, USA, 37210",False,False,False,False,False,True,False
09_us_delivery_heavy_bulky,97,Tennessee,HCT2,4400 Ammicola Hwy,Chattanooga,Tennessee,37406,14000,2,2021,,month,Heavy/Bulky Delivery Station for Chattanooga for products 60 to 300 pounds. Sq Ft is an estimate.,"4400 Ammicola Hwy, Chattanooga, Tennessee, USA, 37406",False,False,False,False,True,False,False
09_us_delivery_heavy_bulky,98,,,4825 Lumber Lane,Knoxville,Tennessee,37921,,2,2021,,month,Heavy/Bulky Delivery Station for Knoxville for products 60 to 300 pounds.,"4825 Lumber Lane, Knoxville, Tennessee, USA, 37921",False,False,False,False,False,False,False
09_us_delivery_heavy_bulky,99,Tennessee,HME2,4477 Winchester Road,Memphis,Tennessee,38118,38400,,,,none,Heavy/Bulky Delivery Station for Memphis for products 60 to 300 pounds. Sq Ft is an estimate.,"4477 Winchester Road, Memphis, Tennessee, USA, 38118",False,False,False,False,True,False,False
09_us_delivery_heavy_bulky,100,,,5811 Trade Center Dr,Austin,Texas,78744,,,,,none,Heavy/Bulky Delivery Station for Austin for products 60 to 300 pounds.,"5811 Trade Center Dr., Bldg 10, Austin, Texas, USA, 78744",False,False,False,False,False,False,False
09_us_delivery_heavy_bulky,101,Texas,,306 Airline Drive #300,Coppell,Texas,75019,,,,,none,Heavy/Bulky Delivery Station for Dallas for products 60 to 300 pounds.,"306 Airline Drive #300, Coppell, Texas, USA, 75019",False,False,False,False,False,False,False
09_us_delivery_heavy_bulky,102,,,9186 Van Horn Dr,Dallas,Texas,75241,,,,,none,Heavy/Bulky Delivery Station for Dallas for products 60 to 300 pounds.,"9186 Van Horn Dr, Dallas, Texas, USA, 75241",False,False,False,False,False,False,False
09_us_delivery_heavy_bulky,103,,,2701 West Bethel Road,Coppell,Texas,75019,,,,,none,Heavy/Bulky Delivery Station for Fort Worth. Sq Ft included in FTW2.,"2701 West Bethel Road, Coppell, Texas, USA, 75019",False,False,False,False,False,True,False
09_us_delivery_heavy_bulky,104,Texas,HHO2,Texas,,Texas,77040,,3,2020,,month,Heavy/Bulky Delivery Station for Houston for products 60 to 300 pounds. Co-Located in TX?,"Texas, USA, 77040",False,False,False,False,False,True,False
09_us_delivery_heavy_bulky,105,Texas,HTX1,4221 Way Out West Drive #200,Houston,Texas,77092,,,,,none,Heavy/Bulky Delivery Station for Houston for products 60 to 300 pounds. Sq Ft included,"4221 Way Out West Drive #200, Houston, Texas, USA, 77092- 1455",False,False,False,False,False,False,False
09_us_delivery_heavy_bulky,106,,,3660 Thousand Oaks Dr,San Antonio,Texas,78247,,,2020,,year,in UTX3. Heavy/Bulky Delivery Station for San Antonio for products 60 to 300 pounds,"3660 Thousand Oaks Dr, San Antonio, Texas, USA, 78247",False,False,False,False,False,False,False
09_us_delivery_heavy_bulky,107,exes,,4825 Eisenhauser Rd,San Antonio,Texas,78218,,,,,none,Heavy/Bulky Delivery Station for San Antonio for products 60 to 300 pounds,"4825 Eisenhauser Rd, Bldg 7, San Antonio, Texas, USA, 78218",False,False,False,False,False,False,False
09_us_delivery_heavy_bulky,108,Texas,,1346 Fortuna Rd,Marcos,Texas,78666,,9,2024,,month,Heavy/Bulky De Delivery Station for San Marcos for products 60 to 300 pounds. 7 Sq,"1346 Fortuna Rd , San Marcos, Marcos. Texas. USA. 78666",False,False,False,False,False,False,False
09_us_delivery_heavy_bulky,109,Virginia,HDC1,355 N. John Glenn Road,Springfield,Virginia,22151,,,2020,4,quarter,Ft included in SAT6. HSL1 is a Heavy/Bulky Delivery Station for salt Lake City. Sq Ft included in SLC3.,"355 N. John Glenn Road, Salt hans Utah, Der 6885 Commercial Dr, Springfield, Virginia, USA, 22151-4202",False,False,False,False,False,True,False
09_us_delivery_heavy_bulky,110,Viraini nginia Virginia,HRC1,4949 Commerce Road . oy Richmond. > Virginia. WS USA. 23234 1 7421 Central Business Park Drive,Norfolk,Virginia,23320,,,2020,,year,Heavy/Bulky Delivery Station for Richmond for products 60 to 300 pounds. Sq Ft included in RIC3. XLX4 is a flex driver station. Dewey tation products 60 to 300 pounds,"4949 Commerce Road . oy Richmond. > Virginia. WS USA. 23234 1 7421 Central Business Park Drive, Norfolk, Virginia, USA, 23320",False,False,False,False,False,True,False
09_us_delivery_heavy_bulky,111,Virginia,HVB2,103 Industrial Drive,Suffolk,Virginia,23435,60000,1,2022,,month,Heavy/Bulky Delivery Station for Norfolk for products 60 to 300 pounds,"103 Industrial Drive, Suffolk, Virginia, USA, 23435",False,False,False,False,False,False,False
09_us_delivery_heavy_bulky,112,,,21320 84th Ave S,Kent,Washington,98032,,,,,none,Heavy/Bulky Delivery Station for Seattle for products 60 to 300 pounds,"21320 84th Ave S, Kent, Washington, USA, 98032",False,False,False,False,False,False,False
09_us_delivery_heavy_bulky,113,,HBF3,607 Riverside Rd,Everett,Washington,98201,,10,2019,,month,HBF3 is a Heavy/Bulky Delivery Station for Seattle. Sq ft included in SWAI.,"607 Riverside Rd, Everett, washington, USA, 98201-1206",False,False,False,False,False,True,False
09_us_delivery_heavy_bulky,114,:,,2201 140th Ave E,Sumner,Washington,98390,,,,,none,HBF4 is a Heavy/Bulky Delivery Station for HBF5 is a Heavy/Bulky Delivery Station for South Seattle. Sq Ft are included in DSE7.,"6311 36th Ave West, Everett, 2201 140th Ave E, Sumner, Washington, USA, 98390",False,False,False,False,False,True,False
09_us_delivery_heavy_bulky,115,Washington,HBF6,5509 Military Road East,Puyallup,Washington,98375,,12,2024,,month,HBF6 is co-located in DWA/.,"5509 Military Road East, Puyallup, Washington, USA, 98375",False,False,False,False,False,True,False
09_us_delivery_heavy_bulky,116,veashington,,6300 Glenwood Ave,Everett,Washington,98203,,9,2021,,month,"Assumed to be a Heavy/Bulky Delivery Station for Tacoma, WA.","6300 Glenwood Ave, Everett, Washington, USA, 98203",False,False,False,False,False,False,False
09_us_delivery_heavy_bulky,117,Wisconsin,HMK1,11211 Burlington Road,Kenosha,Wisconsin,53144,,,,,none,HWAQ2 is a Delivery Station for Heavy/Bulky Heavy/Bulky Delivery Station for Milwaukee for products 60 to 300 pounds. Sq Ft included in MKE5 Sortation Center.,"20529 24th Ave S, Seatac, 11211 Burlington Road, Kenosha, Wisconsin, USA, 53144-7449",False,False,False,False,False,True,False
09_us_delivery_heavy_bulky,118,Wisconsin,HMK2,5004 Tradewinds Parkway,Madison,Wisconsin,53178,36000,3,2020,,month,Delivery Station for Madison for products 60 to 300 pounds,"5004 Tradewinds Parkway, Madison, Wisconsin, USA, 53178",False,False,False,False,False,False,False
09_us_delivery_heavy_bulky,119,Wisconsin,HMK3,5739 Green Valley Ct,Oshkosh,Wisconsin,54904,25200,5,2021,,month,: WI for products 60 to 300 pounds,"5739 Green Valley Ct., Oshkosh, Wisconsin, USA, 54904",False,False,False,False,False,False,False
09_us_delivery_heavy_bulky,120,oe,HMK4,16555 W Small Rd,New Berlin,Wisconsin,53151,,,,,none,HMK4 is a Heavy/Bulky Delivery Station for Milwaukee HMK9 is a XL Sorting Center co-located in the building,"16555 W Small Rd, New Berlin, Wisconsin, USA, 53151",False,False,False,False,False,True,False
10_row_fulfillment_center,0,Canada,YYC1,,,,,600000,,,,none,Small Sortable and ambient food,"293069 Colonel Robertson Way, Balzac, Calgary, Alberta, Canada, T4A",False,False,False,False,False,False,False
10_row_fulfillment_center,1,Canada Canada,YYC6,,,,,1036000,,2023,4,quarter,Amazon Robotics FC for Small Sortable Products. Project Maverick. : Large Non-Sortable. Project Violin.,"1C6 ee cee Calgary, Alberta, Canada, T2C 5G2 9705 68 St SE, Calgary, Alberta, Canada. T2C 5V8",False,False,False,False,False,False,False
10_row_fulfillment_center,2,Canada,YEG1,,,,,4000000,8,2020,,month,YEG1 is a Large Non-Sortable: HEG1 is a co-located,"1440 39 Ave, Nisku, Alberta, Canada, T9E 0B4",False,False,False,False,False,True,False
10_row_fulfillment_center,3,Ganada,YEG2,,,,27383,650000,2,2023,,month,heavy/Bulky delivery station YEG2 is a 5-Storey Amazon Robotics FC for Small Sortable Products. YEG4 is Print on,"27383 92nd Avenue, Acheson, Alberta, Canada, T7X 5A6",False,False,False,False,False,False,False
10_row_fulfillment_center,4,Canada,YVR1,,,,,428500,5,2018,,month,Demand. Project Slingshot. Sortable and Non-Sortable. by 3PL Kuehne & agel. Small Sortable. Amazon's second fulfillment center in Canada ; is on Annacis Island,"1882 118th Avenue NE, Calgary, Alberta. CanadaT3K 0R1 a0 Delta, Island, British Columbia, Canada, V3M 5Y9",False,False,False,False,False,False,False
10_row_fulfillment_center,5,Canada Canada,YVR4,,,,,548000,7,2012,,month,(South of Vancouver) Non-Sortable and some small sortable. third fulfillment center : in Canada Small Sortable,"British Columbia, Canada, V3L 5H4 4189 Salish Sea Way, Tsawwassen, Delta, British Columbia, Canada, V4M",False,False,False,False,False,False,False
10_row_fulfillment_center,6,,YVR6,,,,,450000,,2025,1,quarter,FC for Vancouver market area.,"0B9 5213 North Fraser Way, Burnaby, British Columbia, Canada. V5J 5M1",False,False,False,False,False,False,False
10_row_fulfillment_center,7,Canada,YXX1,,,,16131,864000,,2025,1,quarter,New fulfillment center for New fulfillment center for Vancouver market area. Role of,"16131 Blundell Road, Richmond, 19300 Airport Way (Building 1), Pitt Meadows, British Columbia, Canada,",False,False,False,False,False,False,False
10_row_fulfillment_center,8,Canada Canada,YYZ4,,,,12724,521600,3,2020,,month,Facility TBD. Apparel/Soft Lines. Fulfillment operations in Canada were originally outsourced to a 3PL in June 2002.Amazon Canada Fulfillment Services Inc. was later launched in March 2011 in a former Loblaws/National Grocers building. Mixed Small and Large Sortable 4-Storey Automated Sma Sortable FC Including Dry Small Sortable FC 4-Storey Automated Small Sortable FC. Large Non-Sortable,"V3Y 1R5 6363 Millcreek Drive, Mississauga, Ontario, Canada, L5N 1L8 7995 Winston Churchill Boulevard, Brampton, Ontario, Canada, L6Y 524 8050 Heritage Road, Brampton, Ontario, Canada, L6Y 0C9 12724 Coleraine Dr, Bolton, Ontario, 6351 Steeles Avenue East, Scarborough North, Ontario, Canada, M1X 1N5 110 Aeropark BlvdMount Hope, Hamilton, Ontario, Canada, LOR 1W0 1VW0 13153 Peel Regional Road 150Caledon, Bolton, Ontario, Canada,",False,False,False,False,False,False,False
10_row_fulfillment_center,9,,YOWS3,,,,,1023300,,2021,4,quarter,Large Non-Sortable Large Non-Sortable. 5-Storey Small Sortable FC.,"L7E 3B2 789 Salem RoadAjax, Ontario, Canada. L1Z 0J2 5225 Boundary Road , Navan, Ottawa, Ontario. Canada. K4B 0L3 222 Citigate Drive, Barrhaven, Nepean, Ontario. Canada. K2J 6K7",False,False,False,False,False,False,False
10_row_fulfillment_center,10,Mexico,MEX1,,,,11884,208400,10,2023,,month,"Ground floor is 700,000 sq. ft.; 3 upper levels of 660,000 sq. ft. each allocated to robotics. Delayed opening by 1 year. XLFC Large Non-Sortable (extra- large distribution center) Sortable","11884 Sunset Drive, St. Thomas, Ontario, Canada, N5P 3T2 640 College Street East, Belleville, Ontario, Canada, K8N 426 3000 rue Louis A. Amos, Lachine, Prologis Park, Tres Rios, Edificio TR8, Av. Jorge Jimenez Cantu, Col. Exhacienda San Miguel , Cuautitlan",False,True,False,False,False,False,False
10_row_fulfillment_center,11,Mexico,MEX3,,,,54715,1076000,5,2018,,month,,"Izcalli, Estado de México, Mexico, 54715 Manzana 005, Cuautitlan Izcalli, Manzana 008, Municipio de Tepotzotlan, Estado de México,",False,False,False,False,False,False,False
10_row_fulfillment_center,12,Mexico,MEX6,,,,54607,,6,2021,,month,4-Storey Legacy Small Sortable FC. Reset/Expansion in 2014-,"Mexico, 54607 Exhacienda San Jose la TejaMunicipio de Tepotzotlan, Estado de México,",False,False,False,False,False,False,False
10_row_fulfillment_center,13,Mexico,GDL1,,,,54607,201500,,2020,,year,46 fashion and home.,"Mexico, 54607 Carr. Guadalajara - Chapala 9999, Zapote del Valle, Guadalajara, Jalisco,",False,False,False,False,False,False,False
10_row_fulfillment_center,14,Mexico,MTY1,,,,45672,226000,,,,none,Sortable,"Mexico, 45672 FlexparkLa Alameda, Jalisco, Mexico, Apodaca Technology Park, Blvd. Guadalupe 403, Apodaca, Monterrey,",False,False,False,False,False,False,False
10_row_fulfillment_center,15,Mexico,MTY2,,,,66627,389400,4,2024,,month,"Fulfillment Center for large products such as mattresses,","Nuevo Leon, Mexico, 66627 #20, arenes, Nuevo Leon, Mexico, 66603",False,False,False,False,False,False,False
10_row_fulfillment_center,16,Vege Vege,HMO3,,,,83297,415400,8,2021,,month,bicycles and kayaks. HMO3 is a fulfillment center. is a Delivery Station.,"Monterrey, Ave Mercury 2, Hermosillo, Sonora, Mexico, 83297",False,False,False,False,False,False,False
10_row_fulfillment_center,17,Mexico,BJX1,,,,37685,322800,6,2022,,month,"sortable FG for Sah Luis Potosi, Michoacan, Jalisco","Parque Industriel Leon-Bajio, Leon Guanajuato, Mexico, : 37685",False,False,False,False,False,False,False
10_row_fulfillment_center,18,Brazil Brazil,GRU6,,,,07776,538000,,2019,,year,and Aguascalientes; oa Role of facility and exact location TBD. Sq ft is an,"Avenida Ant6énio Candido Machado, no. 3100, Cajamar, Sdo Paulo, Brazil, 07776-415 Cajamar, Sao Paulo, Brazil",True,False,False,False,False,False,False
10_row_fulfillment_center,19,Brazil Brazil,GRU9,,,,07776,1076400,5,2022,,month,estimate. oa Role of facility TBD.,"Avenida Doutor Anténio Ant6nio Joao Jodo Abdalla no. 260, Bloco 400, Sala5, Cajamar, Sao Paulo, Brazil, 07776-700 Av. Dr. Antonio Jodo Abdalla, 2008, Vila Nova, Cajamar, Yucatan, Brazil,",True,False,False,False,False,False,False
10_row_fulfillment_center,20,Brazil oraz Brazil,REC3,,,,07776,230800,,,,none,Non-Sortable Small Sortable Small Sortable,"07776-700 Avenida Doutor Antonio Joao Abadalla 260, Cajamar, Sao Paulo, Brazil, 07776-700 Rodovia BR-101 Sul, No 3791, Bloco C, Galpao 5, Sala A, Cabo de Santo agostinho, Pernambuco, Brazil, 010 BR-101 - Distrito Industrial Santo Estevao, Cabo de Santo Agostinho,",False,False,False,False,False,False,False
10_row_fulfillment_center,21,Brazil,POA1,,,,72501,162300,11,2020,,month,Small Serable Small Sortable,"Pernambuco, Brazil, Av. Juiz Marco Tulio Isaac, Condominio Logistico - Vila Cristina, Betim, Belo Horizonte, Minas Gerais, Brazil, 7001 DF-290, 60, Santa Maria, Brasilia, Federal District, Brazil, 72501 Estr. da Pedreira, 64 - Pavilhao 5, Pedreira, Nova Santa Rita, Rio Grande",False,False,False,False,False,False,False
10_row_fulfillment_center,22,Brazil united Kingdom,LTN1,,,,92480,500000,10,2021,,month,"Small Sortable. Sq Ft is an estimate. Sortable/Nonsortable/Jewelry/ Watches; Originally a 220,000","do Sul, Brazil, 92480-000 Rod. 4° Anel ViarioMessejana, Itaitinga, Ceara, Brazil, Parque BarretoSao Joao de Meriti, Rio de Janeiro, Brazil, 25581-110 Badgers Rise, Ridgmont, Marston Gate, Bedfordshire, United Kingdom,",False,False,False,False,True,False,False
10_row_fulfillment_center,23,United Kingdom g United Kingdom,TN4,,,,,310100,10,2017,,month,sq. ft. fulfillment center 3-Storey Amazon Robotics Sortable Fulfillment Center with Sortation Center Fulfillment Center (LTN5) Make on Demand/Delivery Station for Bedfordshire (DLU1). LTN9 was,"MK43 0ZA Unit DC1 Prologis, Boscombe Road, Dunstable, Bedfordshire, United Kingdom, LU5 4TT Unit eave Prologis, : oe Road unstable, Bedfordshire, United LUS 4RW",False,False,False,False,False,False,False
10_row_fulfillment_center,24,United Kingdom,LTN7,,,,,407100,,2021,2,quarter,closed - Large Non-Sortable,"3 Kingdom, Unit 6, Bedford Commercial Park, Wootton, Bedford, Bedfordshire,",False,False,False,True,False,False,False
10_row_fulfillment_center,25,,CWL1,,,,,832000,,2007,,year,Shoes and Apparel,"United Kingdom, MK43 9ST Ffordd Amazon, Crymlyn Burrows, Skewen, Swansea Bay, South Wales,",False,False,False,False,False,False,False
10_row_fulfillment_center,26,g naa,EUK5,,,,,549800,,,,none,:,"United Kingdom, SA1 8QX Unit 1, Flaxley Road, Kingston Park, Peterborough, Cambridgeshire, United",False,False,False,False,False,False,False
10_row_fulfillment_center,27,United Kingdom,LBA2,,,,,1080800,7,2017,,month,: Non-Sortable.,"Kingdom, PE2 9EN SEN Unit 1, lport Avenue, New Rossington, Loversall, Doncaster, South Yorkshire,",False,False,False,False,False,False,False
10_row_fulfillment_center,28,,DSA6,,,,,550000,7,2024,,month,smal Sortable ee ‘razon Robotics,"United Kingdom, DN11 0BG Aire Valley Road, Gateway45, Leeds, West Yorkshire, United Kingdom, LS9 Plot 4, New Market Lane, Methley, Wakefield, Leeds, West Yorkshire,",False,False,False,False,False,False,False
10_row_fulfillment_center,29,King ‘United,EDI4,,,,,1000700,11,2011,,month,4-Storey Legacy Sortable FC. This facility replaced a smaller fulfillment center in Glenrothes which in November,"United KingdomL$26 9FT Way, Fife, Glenrothes, Scotland, United",False,False,False,False,False,False,False
10_row_fulfillment_center,30,Kingdom United Kingdom,BHX5,,,,,1000000,9,2016,,month,"opened 2005 and closed in November, 2011. Large Non-Sortable with an internal 4-Storey pick tower added in 2022. operated by 3PL XPO Logistics for Amazon (Non-Sortable) SPrcially F for Beer, Wine,","Unit 1, Robson Way, Ellistown, Coalville, Leicestershire, United Kingdom, LE67 1FB = ReyallOak Way Norn, ae United Unit 3, Waver Way, Rugby, Warwickshire, West Midlands, United",False,False,False,True,False,False,False
10_row_fulfillment_center,31,U,BHX7,,,,,532500,6,2021,,month,Pits Small Sortable Fulfillment Center,"Kingdom, CV23 OXF Unit 2, Hinckley Park, Avery Way, Hinckley, Leicestershire, United",False,False,False,False,False,False,False
10_row_fulfillment_center,32,United Kingdom Unit ed Kin U at g = U a ing do m Unit Ite Ki ° Uni United nite d Kin gd Kingdom 0 ™ Unite united d Kin gd om Uy united Kind om U Unie ing do gdo m Uni ted Ki ngdo Uni nk gdo m Uni ite Ki ng dom Uni ni nk om Uni ite d Ki ngd Uni in ited Ki in gdo m Uni n a pea,LCY2,,,,,40300,,2026,,year,S Small ma I an and dLi Light Small and Ligh Light t S mal and Li Light Small and Lig Light ht A ma Amazon Robotics otic Sm Small Sortable Fu Fulfillment e Center. née Thi This SIs is a 3P 3PL LN on- Non-Sortable ort ab le fa cil facility lity oP era operated db by yD H L/ DHL/Exel Ex ip gis Logistics tic Thi This his i is a 3P 3PL LN S Non-Sortable ort able faci cili It ogistics ed b y Y us en L s Thi is i IS a3 PL S ao ialty fulfi ll me ent ero per b Ge = 7 his is a 3P faci for Am on ti TT 3PL az on F re = ated b yG xo T His is 3P L N on ie ortab le faci cil ilit y 0 pe ra by Geo 4 S ae all y Am C. boti es onR Ro boti tics Sm all ort zon e Sm all So tab . Fe No nS orta F C. or ya ome o fa cili 5-S t Sm bel Liv er po ol Small ls ort Sortable a bl °,"Kingdom, LE10 3FF Unit 11 Orton Southgate Park, 10 Manasty Road, Peterborough, Cambridgeshire, United Kingdom, PE2 6UG - Unit 12 Overton == = Park, , 12 Holkham Road, erb Peterborough, u a Gambe mb ridg Cambridgeshire, eshi ne. Unit United ed Ki in gd Kingdom, — PE2 2 6TE F ou Foundry nd Poi Point, int Hal eb Halebank i Industrial rial E e Esa, Estate, Cheshire, shire ? F Foundry United ry ry Kin Lane, Kingdom, gdo m Widnes, ne WA s WA8 A 8 8YN SYN H ale Halebank ans Hou House, etal ick Pickerings eri R Road, Widnes, Cheshire, ir e United Kingdom, m, WAR WAS 8 87 8TZ N etw Network 0 House, s Middleton n G Grove, rov ©, Leeds, oes, Wet West Yorkshire, ir e United nited cog Kingdom, LS11 S11 5 5PX PX Melton elton Ww West 2 st Business Park, B ric Brickyard ky ard st Lane, North Ferriby, Fibs y; ¥ or Yorkshire and the the umb Humber, e r, Uni United ite Kingdom, 3 hiteh Whitehouse ou se Ind Industrial restr al E st Estate, Aston L Lane ane N North, Preston esto n Brook, Runcorn, Ch Cheshire, th, Uni United ted Kingdom, WA7 Ay 3 3BN BN Ru th Rutherford Drive, Par Park rk F Farm arm Sou South, ugh, nited Kin 8 Bui uildi a + PS 1.4 nW Eas M a gn a So U rw th, ast t Mid ands, nite = Kin gdo m LE 17 AXW a rtre ss W ay Su olk ark Bury St dm on ds u ffol k, Unite d Ki in gdo m a FQ Si gm na H ou se hri rist op he rM He d Ba sild on sex ni ite 0 m, : S S1 3E L A 63 0 e, D as ter .S aE Y or Uni nm ed in gd om 33E A S un an k La ine port C it A ne ha an che ste nit Ki ing 90 5AA O Gras bles lot 7 > O Ch tS e Vann, eshi hire Uni Kj Pp Grea — Av eOv a rH ult on, ch a nc he st er n ited an .B L5 1F J 29 G an de rl an e, B ar boro ugh Ch = ste rfie -E Mi idlan Ki ingd ome m 43 PZ Uni Ma LP Kn ow sle y; Knows stria sevaide ar k, Ki irkb y, Mer ys Unit ed om. 33 Uni 2 — Lond on Dis trib uti Pa Wi Wind Windrush Ro Road, ad , Tilb Tilbury, Essex, x United} ited",False,False,False,False,False,False,False
10_row_fulfillment_center,33,ingd Kingdom om gdo,LCY3,,,,,547000,,,,none,4 -S 4-Storey rey A ma Amazon Rob Robotics otic S Small ma Il So Sortable le F ulfill Fulfillment me nt,"Kingdom, am RM18 M1 7AN Uni Unit Soe 1, Powerhouse eD Drive, rive Lit Littlebrook, on art te Dartford, Essex, x United ited Kingdom, Non “DA DA1 1",False,False,False,False,False,False,False
10_row_fulfillment_center,34,U nite United d Kin Kingdom gd om U ed Ki om,BRS2,,,,,624500,,,,none,Cen Center. ter S ma Is orta ble. - Stor eyS ortab le ulfill Cente,"5XU Go Ide Goldcrest W a ys WaySevern ingdo B Beach, Bristol, , E Essex, Uni nit United Kingdom, BS35 4DJ J aa Unit 2, Symmetry oe Park, Lai ai Laines ne s W Way, ay South oth Marston, Mason, , Swindon, d on sya South outh Wes West, st",False,False,False,False,False,False,False
10_row_fulfillment_center,35,ingd Uni nit United ngdo Kingdom United ited,EMA2,,,,,900000,,,,none,4 St 4-Storey Amazon F R 0 Robotics Small Sortable ortable e FC,"United Kingdom, gdo m nS SN3 N 4DB DB Uni Unit it 1 11, 1 Wi ld Wilders ers Wa Way, y,K Urge Kegworth, orth : D ‘nad erb incom Eas t Mi on United nit ed ingde om 4 B Su Summit Pa Park, rk , Sh Sherwood at Wa Way Sou South, th. nsfi Mansfield, eld pote Sutton in Ashfield, eld,",False,False,False,False,False,False,False
10_row_fulfillment_center,36,Ki ng Kingdom d om g,EMA4,,,,,551000,,2020,,year,EMA3 is an Amazon Kariba FC (Amazon Basics line of products). 4-Storey Amazon Robotics Fulfillment Center. Replaced,"N otti in Nottinghamshire, hire , Uni United nited Kin Kingdom, NG NG17 4AP AP 10 An Oyster _ Road, Eastwood, ee Nottinghamshire, East Midlands, United Kingdom, NG16 3SA 24 Whitmoor Drive, Minworth, Sutton Coldfield, West Midlands, United",False,False,False,False,False,False,False
10_row_fulfillment_center,37,United Kingdom g naa,MME1,,,,,605400,4,2026,,month,BHX1 . eee Center. Timing is an estimate sis UES ye ame sortable,"Kingdom, B76 9AH Segro Logistics Park SLP Northampton, Plot 7, Courteenhall, Northampton, East Midlands, United Kingdom, NN7 2QA Symmetry Park, Kettering500, Unit 04, Kettering, East Midlands, United Kingdom, NN14 1FQ Building One, Symmetry Park, Morton Park Way, Darlington, Durham, North",False,False,False,False,False,False,False
10_row_fulfillment_center,38,,MME2,,,,,542500,,,,none,Conable,"East, United Kingdom, DL1 4BF Peat Edge Farm Tursdale Road, Bowburn, Darlington, Durham, North",False,False,False,False,False,False,False
10_row_fulfillment_center,39,mgeem United Kingdom United,NCL1,,,,,475000,9,2021,,month,Serer: Amazon Fresh Site - Operated by XPO Logistics Small Sortable Fulfillment,"East, United Kingdom, DH6 5NP 10 Northfield Dr, Milton Keynes, South East, United Kingdom, MK15 0DQ 17 Follingsby Lane, Follingsby Park South, Gateshead, y Tyne and Wear,",False,False,False,False,False,False,False
10_row_fulfillment_center,40,Kingdom naa,NCL2,,,,,642500,,2021,,year,Center. 4-Storey Small Sortable FC.,"North East, United Kingdom, NE10 8YA North Chapel LaneWynyard, Stockton- on-Tees, Billingham, North East,",False,False,False,False,False,False,False
10_row_fulfillment_center,41,ngcom United Kingdom United Kingdom ngcom Republic of,SNN5,,,,,27100,9,2024,,month,"ane ae by SPAMS: Menger Vendor Flex Plex site operated by London London City Bond. Beer, W Wine Spirits Spins: ay Vendor Kammac. Flex Beer, ste Wine, operated SPAMS: Spirits. by 4-Storey Legacy Small Sortable","United Kingdom, TS22 5TH Unit 34, First Avenue, Zone 2 , Deeside Industrial ParkDeeside, Wales, United el Kingdom, CH5 2NU ell LCB Eee Sawston Warehouse Unit E, Dales Manor Business Park, Grove RoadSawston, East, United Kingdom, CB22 3TJ M58 Skelmersdale, Gillibrands RdSkelmersdale, Rdskelmersdae, North West, United Kingdom, WN8 9TB Unit E, Baldonnell Busines Park, N7 (NAAS Road), Dublin, Republic of ireland. D22 V5R3",False,False,False,False,False,False,False
10_row_fulfillment_center,42,France,ORY4,,,,45772,538000,12,2019,,month,"Small Sortable, Apparel, Shoes, Watches, Hazmat, Pets - ome oma Il Sortable FC.","Péle 45 , 1401 Rue du Champ Rouge, Saran, Loiret, France, 45772 Avenue du Centre d’Essais en Vol Vol, Brétigny-sur-Orge, Ile-de-France,",False,False,False,False,False,False,False
10_row_fulfillment_center,43,France,MRS1,,,,91220,387400,,,,none,Small Sortable,"France France, 91220 Building ll, ZAC Les Portes de Provence, Montélimar, Dréme, France,",False,False,False,False,False,False,False
10_row_fulfillment_center,44,France,LYS1,,,,26200,451900,,,,none,og Sortable kis / Pama Food,"26200 Chalon, 1 Rue Amazon - ZAC du Parc d’Activité du Val de Bourgogne - , Sevrey, oe - ee Sadne-et-Loire,",False,False,False,False,False,False,False
10_row_fulfillment_center,45,France,LIL1,,,,71100,968400,,,,none,eee,"Bourgogne-Franche-Comté, France, 71100 1, Rue Amazon, Douai, Lauwin- Planque , Nord-Pas-de-Calais, France,",False,False,False,False,False,False,False
10_row_fulfillment_center,46,France France France,ETZ2,,,,59553,538000,9,2025,,month,ppare'. era construction P P - smal Il | eal,"59553 1, Avenue du Superbe Orénoque, ZAC Jules Vernes — Secteur Est, Boves, Somme, Hauts-de-France, France, 80440 299 Chemin de Champvallet, Colombier-Saugnieu, Alpes, France, 69124 1 rue de la croix de Lorraine, Augny, Moselle, Grand Est Region, France,",False,False,False,False,False,False,False
10_row_fulfillment_center,47,France,OAO3,,,,57685,538000,,2024,,year,y por.,"57685 71 Rue d'Ensisheim, Pulversheim, Mulhouse, Grand Est Region, France,",False,False,False,False,False,False,False
10_row_fulfillment_center,48,France France,XOR2,,,,68840,218700,7,2024,,month,eos 6 Non-Sortable operated by 3PL Geodis Logistics Facility stores large non- sortable and small sortable,"68840 Parc des Chénes Nord, 135, 9 Rue du Brisson Batiment, Satolas-et-Bonce, Auvergne-Rhéne-Alpes, France, 38290 370 ig des Gaulois. St S",False,False,False,False,False,False,False
10_row_fulfillment_center,49,France France France France France,XOS1,,,,80470,129100,6,2024,,month,products XOR6 stores large non-sortable and small sortable products. XFRK is Alcohol Spiritis. Operated by 3PL Geodis Logistics. Non-Sortable operated by ID Logistics Non-Sortable operated by 3PL ID Logistics. Geodis 2 Logistics aia Non-Sonable operated by 3PL RH GXO Logistics. NEP Replaced XFRH. on sonable operated tyes.,"Nouvelle-Aquitaine, France, 80470 Go Corbell, France, France, 91090 f 7 rue tue du Chrome, Savigny-le-Temple, savigny-le-lemple, lle-de-France, France, 77176 160 Rue de Corbehem, Brebiéres, Hauts-de-France, France, 62117 7 Rue des Quatre Routes, St. Quentin Fallavier, Auvergne-Rhéne-Alpes, Auvergne-Rh6éne-Alpes, France, 38070 Plot A, Parc d’activité de I'A5, Rue Denis Papin, Réau, le-de-France, lle-de-France, France, 77550 5 rue Henri Guillaumet - Aérodrome Chalons Vatry, Bussy-Lettrée, Grand",False,False,False,False,False,False,False
10_row_fulfillment_center,50,France,XCR2,,,,51320,1076000,,2024,,year,g - | operated By = Maersk. Role of facility TBD.,"Est Region, France, 51320 192 Parc d'Activités des Pierres Blanches, Denain, Hauts-de-France,",True,False,False,False,False,False,False
10_row_fulfillment_center,51,"corey, Germany",FRA3,,,,59220,1183600,9,2010,,month,yo ano Sortable Fashion,"France, 59220 Am Schloss Eichhof 1, Bad Hersfeld, Hessen, Germany, 36251 A Amazonstrasse 4 1, Obere Kiihnbach, Bad Hersfeld, Hessen, Germany,",False,False,False,False,False,False,False
10_row_fulfillment_center,52,Germany,LEJ1,,,,36251,807000,8,2006,,month,Non-Sortable facility.,"36251 Am Romig 5, Frankenthal, Pfalz, Amazonstrasse 1, Leipzig, Saxony, 04347",False,False,False,False,False,False,False
10_row_fulfillment_center,53,Germany,LEJ3,,,,,1291200,,2020,,year,Non-Sortable facility.,"Germany, Appendorfer Weg, Osterweddingen, Saxony, Germany,",False,False,False,False,False,False,False
10_row_fulfillment_center,54,Germany Germany,ERF1,,,,39171,667100,8,2024,,month,Small Sortable. Sq Ft is an estimate. Small Sortable.,"39171 Am Steingarten 2, Gera, Thuringia, Germany, 07554 5 Joseph-Meyer Strafe, Erfurt- Stotternheim, Thuringia, Germany,",False,False,False,False,True,False,False
10_row_fulfillment_center,55,,MUC3,,,,99195,1183600,,,,none,"Sortable, Selective Non- Hazmat, Grocery/ Pet","99195 Amazonstrasse1 / Zeppelinstrasse 2, Graben, Bavaria, 86836",False,False,False,False,False,False,False
10_row_fulfillment_center,56,,STR1,,,,75177,1183600,9,2012,,month,Non-Sortable and Grocery,"Germany, Amazonstrasse 1, Pforzheim, Baden- Germany, 75177",False,False,False,False,False,False,False
10_row_fulfillment_center,57,Germany Germany,CGN1,,,,89522,570300,4,2022,,month,"STR2 is a Large Non-Sortable HTR2 is a co-located Heavy/Bulky Delivery Station Sortable, Haz Mat, Grocery","Wiirttemberg, Oggenhauser 151, Heidenheim an der Brenz, Baden- Wirttemberg, Germany, 89522 Amazonstrasse 1 / Industriepark A61, Kobern-Gondorf, Rhineland-Palatinate,",False,False,False,False,False,True,False
10_row_fulfillment_center,58,Germany,DUS6,,,,56330,1183600,9,2011,,month,"Sortable, Haz Mat. Sq Ft is an Fulfillment Center for 2023 not ea Relief Hub","Germany, 56330 Von-Miller-StraRe 24, Kaiserslautern, Steitzhof Industrial Park, Contwig, Borgwardstrasse 10, Winsen an der Amazonstrasse 1 / Alte Landstrasse, Rheinberg, North Rhine-Westphalia,",False,False,False,False,False,False,False
10_row_fulfillment_center,59,Germany,DTM1,,,,47495,1035700,,,,none,Non-Sortable & Sortable.,"Germany, 47495 Raiffeisenstrasse 7, Werne a.d_Lippe, North Rhine-Westphalia, Germany,",False,False,False,False,False,False,False
10_row_fulfillment_center,60,Germany,DTM3,,,,59368,418400,1,2017,,month,DTM3: Small Sortable & Large Products. EDEA: Small & Light,"59368 Warmbreitbandstrafe 3, Dortmund, North Rhine-Westphalia, Germany, 44145",False,False,False,False,False,False,False
10_row_fulfillment_center,61,Germany,DUS4,,,,,597200,,2019,,year,Small Sortable,"Hamburgring 10, Moenchengladbach- Rheindahlen, North Rhine-Westphalia,",False,False,False,False,False,False,False
10_row_fulfillment_center,62,Germany,PAD1,,,,41179,505700,7,2020,,month,Small Sortable. > =P Exports,"Germany, 41179 Aurea 10Rheda-Wiedenbriick, Oelde, North Rhine-Westphalia, Germany,",False,False,False,False,False,False,False
10_row_fulfillment_center,63,Germany,PAD2,,,,59302,550000,,2024,,year,globally. Small Sortable.,"59302 Industriepark LippeHorn-Bad Meinberg, North Rhine-Westphalia, Germany,",False,False,False,False,False,False,False
10_row_fulfillment_center,64,,NUE1,,,,32805,462700,5,2022,,month,4-Storey Small Sortable.,"32805 Amazonstrafse 1, Hof-Gattendorf, Bavaria, 95185",False,False,False,False,False,False,False
10_row_fulfillment_center,65,Germany,BRE2,,,,,559500,,2023,,year,4-Storey Small Sortable.,"Germany, Vechtaer 35, Meyelheide, Grofenkneten, Oldenburg, Lower",False,False,False,False,False,False,False
10_row_fulfillment_center,66,,BRE4,,,,26197,505700,5,2021,,month,Small Sortable.,"Saxony, Germany, 26197 Max-Naumann-Strasse 1, Achim, Bremen, 28832",False,False,False,False,False,False,False
10_row_fulfillment_center,67,Germany,HBE1,,,,15713,,,2018,,year,XDEA is Heavy/Bulky Non- Sortable facility (e.g. household appliances) operated by 3PL,"Germany, K6énigs Wusterhausen, Brandenburg, 15713",False,False,False,False,False,False,False
10_row_fulfillment_center,68,Samay Germany Germany Germany,XER2,,,,47167,79200,2,2019,,month,Ceva Logistics Small and Light products only (i.e. fit in an envelope) Small and Light. Samples. XDEB is Heavy/Bulky Non- Sortable facility operated by 3PL DHL BDEC is Small and Light XDEH is a Non-Sortable facility operated by 3PL Kthne + Nagel XFR2 is Inbound Cross Dock co- located in the same building since March 2021. eee ue,"Germany, Daimlerstrae 3, Duisberg, North Rhine-Westphalia, Germany, 47167 Heidestrasse 24, Meckenheim, North Rhine-Westphalia, Germany, 53340 ee Fuldatal 2, Ludwigsau OT Mecklar, 4 G 36251 Industriegebiet Alsberg, Betriebsstatte Rennerod , Rhineland-Palatinate, Germany, 56477 Mittelweserpark, Brakenhof, Unit 11, Estorf-Leeseringen, Rhineland-",False,False,False,False,False,False,False
10_row_fulfillment_center,69,Germany,XHA1,,,,31629,,,2024,,year,products facility operated by 3PL is a Non-Sortable facility operated by 3PL GEODIS Logistics Deutschland. HHH2 is a Heavy/Bulky Delivery,": Palatinate, Germany, 31629 Am Holz 3A, Neu Wulmstorf- Mienenbuettel, Niederlassung, Hamburg, Germany, 21629",False,False,False,False,False,False,False
10_row_fulfillment_center,70,Germany Germany G Samay ermany,XDU1,,,,96242,290500,,2016,4,quarter,Station Non-Sortable facility operated by 3PL Baur Vers and GmbH & Co KG Non-Sortable facility operated by 3PL DHL Solutions Non-Sortable facility operated by 3PL CEVA Logistics sas y Hermes Fulfillment Nose Non-Sortable facility operated,"SN Bavaria, Germany, 96242 Senator-Nolting-Hauff-StraBe 1-3, Bremen, Germany, 28197 In den Neuwiesen 18, KnillwaldHessen, Germany, 34593 Standort Léhne, Schillenbrink 4 - 6, Loehne, North Rhine-Westphalia, Germany, 32584 Bornwiese 1, Malsfeld, Hessen, Germany, 34323",False,False,False,False,False,False,False
10_row_fulfillment_center,71,Germany G ermany,XFR1,,,,53881,,7,2018,,month,Deutschland Non-Sortable facility operated by 3PL DHL Solutions age sis by 3PL DHL Solutions Non-Sortable facility operated by 3PL ID Logistics,"Barentsstrasse 24, Euskirchen, North Rhine-Westphalia, Germany, 53881 Groner Siekanger 2 & 3, (Building A /north & Building B South), Géttingen, Lower Saxony, Germany, 87081 am ammersbach, Hessen, G Germany,",False,False,False,False,False,False,False
10_row_fulfillment_center,72,Germany Germany Germany,XDR1,,,,63546,86000,6,2024,,month,XDEZ is a Non-Sortable facility Se XDU2 is an Inbound Receiving Center co-located : in the same building since March 2021. Role a Facility Not Known. Possibly a Seasonal or CrossDock Facility. Facility stores large non- sortable and small sortable,"63546 Im Lekkerland 2, Oberhausen , North Rhine-Westphalia, Germany, 46147 Hamburger Strasse 99, Niirnberg, Bavaria, ; Germany, 90451 Mittelweserpark, Brakenhof, Estorf- Leeseringen, Lower Saxony, Germany,",False,False,False,False,False,True,False
10_row_fulfillment_center,73,Germany Germany Germany Germany Germany Germany Italy,MXP3,,,,31629,100000,12,2024,,month,"products By Ree of facility not known. Possibly a Seasonal or CrossDock Facility. sis Operated by DHL. Large Non- Operated by ITG. Large Non- Sortable. Sq VU Ft. TL. is lo estimated. by DHL. Beer, Bee, Wine, anes Spirits. Sq Ft. is estimated. Operated by GXO. Large Non- Sortable. SalFt. isestimated: Vendor Flex site operated by amm Spedition. Beer, Wine, Spirits. = Sq Ft. is : estimated. Non-Sortable and Returns Processing. Facility expanded","31629 Steinauer Weg 7b, Aurach, Bavaria, Germany, 91589 Regioparkring 30, Moenchengladbach, aa Westphalia, Germany, Im Lekkerland 4, Oberhausen, North VE Rhine-Westphalia, Germany, “ry 46147 DHL Barentsstrasse 24, Euskirchen, North Rhine-Westphalia, Germany, 53881 Paul-Bertoli-Strae 5, Dormagen, Nene Westphalia, Germany, Bavaria, Germany, 90592 4 Via Rita Levi Montalcini, Area Industriale/Produttiva P.I.P., Vercelli,",False,False,False,False,False,False,False
10_row_fulfillment_center,74,Italy,MXP5,,,,13100,753200,11,2011,,month,"in 2022. Replaced a 323,000 sq ft facility was CES. San Giovanni that opened in : 2011. Sortable FC.","Piedmont, Italy, 13100 Strada Dogana Po, 2/Ubis , Castel San Giovanni : / Emilia = Romagna,",False,False,False,False,False,False,False
10_row_fulfillment_center,75,Italy,MXP6,,,,29015,541200,,2021,,year,April Also contains : a Amazon Fresh Operation. 4-Storey Small Sortable FC.,"Piacenza, Italy, 29015 Strada Provinciale 299 snc, Via Luigi Einauldi 9, Apognate, Novara, Italy,",False,False,False,False,False,False,False
10_row_fulfillment_center,76,,FCO2,,,,28100,,,,,none,Facility positioned on the Large Non-Sortable.,"28100 Via della Meccanica, SNC, 32, Passo Via Palianese Traversa 1, Civico 1, Colleferro, Roma, 00034",False,False,False,False,False,False,False
10_row_fulfillment_center,77,Italy,FCO5,,,,,500300,5,2022,,month,"Large Non-Sortable for oversized goods (washing machines,","Lazio, Italy, — a ay",False,False,False,False,False,False,False
10_row_fulfillment_center,78,ital ay,TRN1,,,,00040,645600,2,2018,,month,"refrigerators, mattresses) Li aie Smal one re IS. 2","00040 Strada Provinciale 90, 11, Torrazza, Piemonte, Torino, Italy, 10037",False,False,False,False,False,False,False
10_row_fulfillment_center,79,Italy,BLQ1,,,,,753200,,,,none,Demand for books TRNS role of facility TBD. 3PL omas sortable Fe with,"Interporto SITO, Str. Ottava, 4, Via Ipazia D’Alessandria 946, Castelguglielmo, San Bellino, Rovigo,",True,False,False,False,False,False,False
10_row_fulfillment_center,80,,BGY1,,,,45020,645600,8,2021,,month,integrated Delivery Station. Small Sortable. Sq ft is an 3-Storey Small Sortable FC.,"Italy, 45020 Viale Germania, 114, San Salvo, Strada Provinciale 98, Cividate al Piano, Bergamo, 24050",False,False,False,False,False,False,False
10_row_fulfillment_center,81,Italy Italy Italy ital ay Italy Italy Spain,XMP1,,,,60035,699400,7,2025,,month,"Small Sortable with Amazon Robotics. 3 Buildings; Not yet confirmed. Non-Sortable Fulfillment Center oe 3PL Geodis Logistics Non-Sortable Fulfillment Center run by 3PL Geodis Logistics S.P.A. Operated by ID Logistics. Role of Facility Unknown. Could be a crossdock facility. Sq Ft is an estimate. Non-Sortable Fulfillment Center run by 3PL Geodis Logistics spa Opening Year estimated. Role of Facility Unknown. Could be a crossdock facility. facility: Sq Ft is an estimate estimate. Sal =e - | Ex Expanded to 828,000 ft in Q1","Italy, Via Coppetella, 18, Jesi, Ancona, Italy, 60035 Meolo Motorway at the Mestre bypass, junction A4 and A27, Casale sul Sile, Treviso, Italy, 31021 Viale Maestri del Lavoro 990, Arqua : Polesine, Rovigo, Italy, 45031 ss a8 ae Tee pane, Zona Industriale Strada Per Silvano P, Casei Gerola, Pavia, Italy, 27050 Str. della Torre della Razza, 62,, , Piacenza, Italy, 29100 Marzano: Pavia, Italy, 27010 Avenida de Astronomia, 24, San Fernando de Henares, Madrid, Spain,",True,False,False,False,True,False,False
10_row_fulfillment_center,82,Spain,MAD6,,,,28830,1076000,,,,none,5046 sq 2016 Stocks ewimmina,"28830 Avenida de la lal Logistica , 12 13, Poliqnno Poligono Industrial La Veredilla Ill, Illescas,",False,False,False,False,False,False,False
10_row_fulfillment_center,83,Spain,MAD7,,,,45200,640000,,,,none,pers: Sortable Fulfillment Center.,"Toledo, Spain, 45200 Carretera antigua Madrid-Toledo 38D, Toledo, 45200",False,False,False,False,False,False,False
10_row_fulfillment_center,84,,MAD9,,,,28804,775000,10,2020,,month,Sortable Fulfillment Center.,"lllescas, Spain, Camino de los Afligidos, Alcala de Henares, Madrid, Spain, 28804",False,False,False,False,False,False,False
10_row_fulfillment_center,85,Spain,BCN1,,,,,677900,,,,none,Sortable Fulfillment Center.,"Avigunda De les Garrigues 6 - 8, El Prat de Llobregat, Barcelona,",False,False,False,False,False,False,False
10_row_fulfillment_center,86,Spain,BCN4,,,,08820,516500,10,2023,,month,Pantry Fulfillment Center ea sonable,"Catalonia, Spain, 08820 Carrer Ferro, 12, Castellbisbal, Barcelona, Catalonia, Spain, 08755 Poligono Logis Emporda, El Far d'Emporda, Figueras, Girona,",False,False,False,False,False,False,False
10_row_fulfillment_center,87,Spain,SVQ1,,,,17469,511100,,,,none,sonable,"Catalonia, Spain, 17469 Bulevar Agustin Nufiez Llanos s/n, Poligono La Isla, Dos Hermanas,",False,False,False,False,False,False,False
10_row_fulfillment_center,88,Spain,SVA2,,,,41703,634800,,2025,,year,Sortable Fulfillment Center for Badajoz Region and Portugal.,"Sevilla, Andalusia, Spain, 41703 06006",False,False,False,False,False,False,False
10_row_fulfillment_center,89,Spain,RMU1,,,,,500000,10,2022,,month,Opening delayed by 2 years 4-Storey Sortable Fulfillment Sortable Fulfillment Center.,"ontera de, Badajoz, Spain, Calle Panama 28, Onda, Valencia, Calle Isidro Vivancos Munoz, Parque Logistico del SuresteCorvera, Murcia,",False,True,False,False,False,False,False
10_row_fulfillment_center,90,Spain,OVD1,,,,30156,524600,,2024,,year,4-Storey Robotics Sortable Fulfillment Center for Oviedo to service Northern Northem Spain and,"Spain, 30156 : onan eee 33429",False,False,False,False,False,False,False
10_row_fulfillment_center,91,Spain :,SES1,,,,,107300,11,2021,,month,Portugal. Delayed opening ae since Sep 2022. SES1 is a SubSameDay Fulfillment Center in Madrid that,"Spain, pain: oy Av. de José AZ Garate, a 11, Coslada,",False,True,False,False,False,False,False
10_row_fulfillment_center,92,Spain,ZAZ1,,,,28823,559500,3,2023,,month,delivers orders in under 4 hours Sortable Fulfillment Center.,"Madrid, Sane Spain, Opa, 28823 Plataforma Logistica de Zaragoza Parcelas ALI-28 y ALI-29.2Zaragoza,",False,False,False,False,False,False,False
10_row_fulfillment_center,93,Spain Spain : Spain Czech Republic,XMA2,,,,50197,355200,6,2024,,month,Non-Sortable Fulfillment Center run by XPO Logistics egisties Non-Sortable Fulfillment Center run by Kuehne + Nagel Non-Sortable Fulfillment Center run by Geodis Logistics. Sq Ft : is an estimate. 4-Storey Small Sortable FC.,"Aragon, Spain, 50197 Avenida Rio Henares, 16, Alovera, Guadalajara, Spain, 19208 Dehesa de la Plata 1, Parcela 9 - Ctra. Nacional IV, km. 52, Ontigola, Toledo, Spain, 45340 Avenida de las Puntas, 10, Constanti Constanti, Tarragona, Spain, 43120 alle _ ona. =: Guadalajara, Spain, 19190 Panattoni Park Kojetin, Padlych hrdint",False,False,False,False,False,False,False
10_row_fulfillment_center,94,Poland,RO3,,,,,1328500,,2014,,year,is Pantry.,"Olommoue, CzschiRapublic. 752-01 ul. Czekoladowa 1, Bielany Wroclawskie, Dolnoslaskie, Poland, 55-040",False,False,False,False,False,False,False
10_row_fulfillment_center,95,Poland,WRO2,,,,,1022200,10,2014,,month,is Sortable.,"ul. Logistyczna 6, Bielany Wroclawskie, Dolnoslaskie, Poland,",False,False,False,False,False,False,False
10_row_fulfillment_center,96,Poland Boland,POZ1,,,,,645800,11,2019,,month,sonable,"55-040 Okmiany 3C, Okmiany, Bolestawiec, Lower Silesia, Poland, 59-225 ul. Poznanska 1d, Sady, Poland, 62- 080",False,False,False,False,False,False,False
10_row_fulfillment_center,97,Poland,POZ2,,,,,420000,9,2024,,month,4-Storey Small Sortable FC,"Chociule 100, Chociule, SwiebodzinPoland. 66-200",False,False,False,False,False,False,False
10_row_fulfillment_center,98,Poland Poland,KTW3,,,,72004,720900,8,2021,,month,3-Storey Small Sortable FC. Specialty Fulfillment Center for Apparel and Footwear 4-Storey Small Sortable FC,"Kolbaskowo 156, Kotbaskowo, Ssezacin. Poland: 72004 ul. Inwestycyjna 19, Sosnowiec, Katowice, Poland, 41-208 Bojkowska 80, Gliwice, Silesian Poland,",False,False,False,False,False,False,False
10_row_fulfillment_center,99,Poland,KTW5,,,,,567600,7,2024,,month,4-Storey Large Non-Sortable,"Voivodeship, 44-141 Gorzyczki, Silesian Voivodeship, Poland. 44-350",False,False,False,False,False,False,False
10_row_fulfillment_center,100,Poland,LCJ3,,,,,430400,,2021,,year,and LCJ4 each have half the building area.,"UL. MI. Jozefow 3 Akédz, Poland, PIG, 90-001",False,False,False,False,False,False,False
10_row_fulfillment_center,101,Poland Poland,XDR1,,,,55020,,,2022,,year,Non-Sortable FC operated by ID Logistics Poland u.l.. Non-Sortable FC operated by CEVA Logistics. Non-Sortable FC operated by ID Logistics Poland u.l.. ul. Sq SqFt Ft is an estimate.,"Logistyczna 4Starachowice, KrajkowPoland, 55020 Krzysztofa Kolumba 25Komorniki, WielkopolskiePoland, 62-052 ul. : Stowianska 13bZgorzelec, Poland, 59-900",False,False,False,False,False,False,False
10_row_fulfillment_center,102,Poland Poland,XWR3,,,,,100000,,2022,,year,Non-Sortable FC operated by ID Logistics Poland u.l.. Sq Ft is an estimate. Non-Sortable FC operated by ID aire Logistics Poland u.l.. Sq Ft is,"ul.Nowa Niedrzwica 58Przytoczna, Poland. 66-340 Energetyczna 12Krzyzowice- Wierzbica. Poland. 55-040",False,False,False,False,True,False,False
10_row_fulfillment_center,103,Sweden,XSE1,,,,,258200,,2021,3,quarter,an estimate. XSE1 is the first Nordic fulfillment center to be run by,"— Varnvagen 3, Eskilstuna, eee Stockholm, Sweden, 635 06",False,False,False,False,False,False,False
10_row_fulfillment_center,104,Japan Japan,NRT5,,,,,670300,11,2005,,month,"3PL Kuhne + Nagel Small Sortable. Replaces a 335,200 sq. ft. facility started in Nov. 2000 located 1 KM away : which was closed in 2005 Small Sortable & Returns center Large high-ticket items. Non- Fashion items such as bags and large items, shoes.","2-13-1 Shiohama, Ichikawa-shi, aL: Chiba, Japan, 272-0127 2036 Kamitakano, Yachiyo-shi, Chiba, 10-6-136 Asahigaoka, Tajimi-shi, Gifu, ages ee eee",False,False,False,True,False,False,False
10_row_fulfillment_center,105,,TYO2,,,,,778300,,,,none,Sortable/Non-Sortable. 4-Storey Small Sortable and Fashion FC.,"Ryoke, Kawaguchi-shi, Kamikiyoku, Kuki City, Saitama, 346-0033",False,False,False,False,False,False,False
10_row_fulfillment_center,106,Japan,TYO7,,,,,238900,,2021,3,quarter,5-Storey Small Sortable FC. Small Sortable. Sq Ft is an 5-Storey Small Sortable FC.,"Japan, 5-chome 23-62 Yotsuya, Fuchu-shi, 2-9-14 Suehirocho, Ome City, Tokyo, Japan, 198-0025 1-chome Nishi Interchange, Sakado- 85 MCUD Azamaetani, Ohazatsutsumisaki, Ageo-shi,",False,False,False,False,False,False,False
10_row_fulfillment_center,107,Japan,TYO8,,,,,270600,,2022,3,quarter,Small Sortable.,"Saitama, Japan, 362-8508 3532-10 Shiraudai, Tana, Chuo-ku, Sagamihara-shi, Kanagawa, Japan,",False,False,False,False,False,False,False
10_row_fulfillment_center,108,Japan,HND8,,,,,306700,8,2022,,month,"4-Storey Fashion, clothing, shoes, watches. Sq Ft is an estimate. : Electrical products (computers and monitors) and large products. Sq. Ft. is an estimate only. Small Sortable","252-0244 4-5 Hirosedai, Sayama-shi, ae axes Saitama, Japan, 350-1328 2-4-3 Hirosedai, Sayama-shi, Saitama, 68-1 Shinko, Mihama-ku, Chiba, 915 Aoyagi, Sayama-shi, Saitama, 2F 2-1-1 Kawajima, Kawashima-cho, Hiki-gun, Saitama, Japan, 350-0168 2970-3 Ishikawamachi, Hachioji-shi, 192-8560",False,False,False,False,True,False,False
10_row_fulfillment_center,109,Japan P Japan,FSZ1,,,,,650000,9,2016,,month,FSZ1: 5-Storey small sortable FC. Amazon's largest Japanese logistics facility FSZ8: Amazon Pantry Small Sortable. Sq 24 Ft : Estimated.,"Tokyo, Japan, 4 Chome 5-1 Ogimachi, Odawara-shi, Kanagawa, Japan, 250-0001 2-7-1 Komatsubara, Zama City, 3-14 Kitamimi, Takatsu-ku, : Kawasaki- shi, Kanagawa, Japan, 213-8516",False,False,False,False,False,False,False
10_row_fulfillment_center,110,mm Japan Japan Japan,TPF2,,,,,152400,8,2020,,month,"Small Sortable Large Non-Sortable Small Sortable. Sq. Ft. is an Amazon is on the 4th & 5th Floor of a 5-Storey Building Fashion items such as bags and large items, shoes. 6-Storey Small Sortable FC totaling 975,000 Sq Ft. 5-Storey Small Sortable FC totaling 1.1M Sq Ft. 5-Storey structure Mixed Small Sortable and Non- Sortable. Large Non-Sortable INON-oortabie","138-7 Chikko Hachimancho, Sakai-ku, Sakai-shi, Osaka, Japan, 590-0901 2-1-1 Midorigaoka, Daito-shi, Osaka, Japan, 574-0073 2-1 Matsushitacho, Ibaraki-shi, Osaka, 4-435 Tsudou, Fujiidera-shi, Osaka, Japan, 583-0037 1 Matsui Miyata, Kyotanabe-shi, Kyoto, Japan, 610-0342 21 Higashikaigancho, Amagasaki, Kansai, Japan, 660-0843 eee ‘erty, Japan, 507-8585 480 Amazon Nishiyoshimi, Yoshimi- chou, cnou, Hiki-gun, Saitama, saltama, Japan, 355- 399-",False,False,False,False,False,False,False
10_row_fulfillment_center,111,,TPF3,,,,,100000,,2017,,year,Large Non-Sortable,"0157 1-52-2 Shibocho, Takatsuki, Osaka, 569-0823",False,False,False,False,False,False,False
10_row_fulfillment_center,112,,TPF6,,,,,242000,,2017,,year,Large Non-Sortable,"Japan, 2-21 Amazon, Okudaosawa-chou, Inazawa-shi, Aichi, Japan, 492-8224 2-4-1 Matsuzakidai, Inzai-shi, Chiba, 270-1389",False,False,False,False,False,False,False
10_row_fulfillment_center,113,Japan,TPF9,,,,,279400,,2020,,year,Large Non-Sortable,"Japan, Landport Narashino 2F, 3 chome 7-2 Akanehama, Narashino-shi, Chiba,",False,False,False,False,False,False,False
10_row_fulfillment_center,114,vapan Japan Japan,HSG1,,,,,100000,5,2021,,month,Large Non-Sortable. Sq Ft is an Large Non-Sortable. Sq Ft is an large Large Non-Sortable. Non-Sortable Soa Sq Ft is an Large Non-Sortable. Sq Ft is an estimate. Large Non-Sortable. Sq Ft is an Large Non-Sortable. Sq Ft is an Large Non-Sortable,"Japan, 275-0024 3078-2 Nakazatojikoujyouji, Noda-shi, Chiba, Japan, 270-0237 100 Ishida , Isehara-shi, Kanagawa, ESR Toda, Toda 4-3 Niizominami, Niizominam) Toda-shi, Toda-shi. 1-1 Kaitori, Yawata-shi, Kyoto, Japan, 614-8302 362-1 Tsutsumisaki, Ageo-shi, 1512-1, Ukiya, lwatsuki-ku, Saitama- 3-1-3 Yayoigaoka, Tosu-Shi, Saga, 841-0005",False,False,False,False,True,False,False
10_row_fulfillment_center,115,Japan,TPX1,,,,,302100,,2021,,year,Small Sortable,"Japan, DPL Tsukuba Ami, -B 6-21-1 Amimachi Yoshiwara, Inashiki-gun,",False,False,False,False,False,False,False
10_row_fulfillment_center,116,Japan,TPZ1,,,,,25000,,2020,,year,Specialty. Dangerous Goods Inflammable Liquids. Sq Ft is an,"Ibaraki, Japan, 300-1161 2-4-3 Matsuzakidai, Inzai, Chiba, 306-0902",False,False,False,False,False,False,False
10_row_fulfillment_center,117,Japan Japan,TPZ4,,,,,25000,,2020,,year,estimate. Specialty. Dangerous Goods Inflammable Liquids. Sq Ft is an estimate. Specialty. Dangerous Goods Inflammable se Liquids. Sq Ft : is an estimate. Specialty. Dangerous Goods Inflammable Liquids. Sq Ft is an,"Japan, 12S Murctam, ial at Monrku, Hydgo, Kansai, Japan, 651-2241 Kazo PD Center 7 Nakanome, Kazo- shi, Saitama, Japan, 347-0124 LogiPlace-D Kawagoe 3-5-1-26 Nakadaiminami, Kawagoe-shi,",False,False,False,False,True,False,False
10_row_fulfillment_center,118,Japan Japan,QCB1,,,,,140200,,2022,,year,estimate. Specialty. Dangerous Goods Inflammable Liquids. Sq Ft is an : estimate. Small Sortable,"Saitama, Japan, 350-1150 = Japan, 277-0931 1603-1 Waseda, Nishifukai, Nagareyama-shi, Chiba, Japan, 270-",False,False,False,False,False,False,False
10_row_fulfillment_center,119,Japan Japan,XHD1,,,,,112800,,2022,,year,VJNA is Large Non-Sortable. VICT is meltable. Sq Ft is an estimate. oo Large Non-Sortable. Sq Ft is an estimate. Large Non-Sortable. Sq Ft is an Large Non-Sortable. Sq Ft is an estimate. Meltable Inventory. Sq Ft is an aol,"0107 1823 Amazon, = Fujigaya Kashiwa-shi, Chiba, Japan, 277-0931 Amazon VJNB, Goodman Kobe 3F, 65 Fukaehamamachi, Higashinada-ku, Kobe, Japan, 658-0023 5-18 1F Higashidacyo, Kadoma-shi, Osaka, Japan, 571-0034 935 Izumimucho, Tachikawa-shi, D Project Hiratsuka, 455-1 Ookami, Hiratsuka, Kanagawa, Japan, 254-0012 §-2-10 Nankohigashi, Suminoe-ku, Ishida 100, Mitsui Fudosan Logistics Park, Atsugi ll 1F, Isehara City,",False,False,False,False,True,False,False
10_row_fulfillment_center,120,Japan,XHD2,,,,,50000,,2021,,year,hi,"Kanagawa, Japan, 259-1116 4-9-37 Ryoke, Mitsui Fudosan Logistics Park, Kawaguchi-shi,",False,False,False,False,False,False,False
10_row_fulfillment_center,121,,DED1,,,,,251500,,2023,4,quarter,Mixed Sortable/Non-sortable.,"Saitama, Japan, 332-0004 Block B, Horizon Urban Logistics Park, Delhi , Village Khera Kalan &",False,False,False,False,False,False,False
10_row_fulfillment_center,122,Se ele,AMD1,,,,,74300,9,2094,,month,3PL AMXL site. Mixed Sortable/Non-sortable. Mixed Sortable/Non-sortable. Mixed Sortable/Non-sortable. Mixed Sortabie/Non-sortable.,"Delhi, India, 110 036 Omshree Industrial Park, Goalpara - Guwahati Rd, Rampur No.3, Rampur, Guwahati, Assam, India, 781 122 Guwahati, Assam, India Patna, Bihar, India Crystal Indus Logistics Park , National 8th, Survey No-78/79, Bhayla village, Bawla Taluka, District Ahmedabad, Gujarat, India, 382 220 Crystal Indus Logistics Park ,Unit No.10, National Highway 8th, Block No.70P, Resurvey No-923, Bhayla",False,False,False,False,False,False,False
10_row_fulfillment_center,123,India,AMD2,,,,,384200,,2021,,year,Sq Ft is an estimate. Mixed Sortable/Non-sortable.,"village, Bawla Taluka, District Ahmedabad, Gujarat, India, 382 220 Gallops Industrial Park 1Village Rajoda, Taluka Bavia, Gujarat, India,",False,False,False,False,True,False,False
10_row_fulfillment_center,124,,DEL4,,,,,496000,,2017,1,quarter,Canverted fom fom an an EC ete ie a 7 dedicated retums centre in D Dec Mixed Sortable/Non-sortable.,"382 220 Unit No. 1, Khewat/ Khata No: 373/ 400 Mustatil No. 31, Major District Road 132,, Village Tauru, Mewat, Haryana, India, 122 015 Jamalpur-Panchgaon Rd, Kharkari, India, 122 503",False,False,False,False,False,False,False
10_row_fulfillment_center,125,,DDE5,,,,,610000,,2021,1,quarter,Mixed Sortable/Non-sortable. Mixed Sortable/Non-sortable.,"Manesar, Haryana, Khasra No 26/0/2, Bhora EhoraiKelan, Kalan. Haryana, India, 122 413 Building 1, Emporium Industrial Parks India Pvt Ltd, ESR Sohna Logistics",False,False,False,False,False,False,False
10_row_fulfillment_center,126,India,DEX6,,,,,25000,7,2017,,month,Mixed Sortable/Non-sortable. Mixed Sortable/Non-sortable. 41st FC in India. Refrigerated 3PL Facility SDED Is now,"Pare Sohna, Haryana, India, 122 103 Plot No. 43, Block A, Mohan Cooperative Industrial Estate,Main Mathura Road, Badarpur, New Delhi, Delhi, India, 110 044 ndospace FVVS Industrial Parks P Ltd, Building No 2B, Pataudi-Kulana Road, MDR-132, Jhajjar, Haryana, ndia 4 10s Khasra No. 4/21, Pataudi Road, Sector 97, Jhund Gurgaon, India, 122 505 J-4, Block B-1, Mohan Cooperative Industrial Estate, Mathura Road, Badarpur, New Delhi, Delhi, India, 110",False,False,False,False,False,False,False
10_row_fulfillment_center,127,ee,BLR7,,,,,25100,2,2014,,month,Mixed Sortable/Non-sortable. Mixed Sortable/Non-sortable. Mixed!,"044 A-33, Mohan Cooperative Industrial Estate, Mathura Road, Badarpur, New Delhi, Delhi, India, 110 044 Delhi NCR, Delhi, India 38 & 39, Soukya Road, Kacharakanahalli, Hoskote Taluka, Bangalore Rural District, Karnataka, India, 560 067 Survey No. 524/1, 526/6 of Madivala Village, Anekal, Bengaluru, Karnataka,",False,False,False,False,False,False,False
10_row_fulfillment_center,128,,BLX1,,,,,323400,7,2020,,month,Small Sortable Fulfillment Center. Amazon's first SHLD non-3PL AMXL India. SBLB is transport P Large Non-Sortable FC/Transport Hub. : : aie,"India, 562 107 Bande Kodigehalli, Singhalli, Karnataka, India, 562 149 NDR Vanshil Warehouse Park, NH16, Mumbai Road, Surikhali, Raghudebpur, West Bengal, India, 711322 Malur Whitefield Rd, Madanahalli, Karnataka, Karnataka. India, India. 563 160 MR11 Rd, Dewas Naka, Lasudia Mori, Indore, Madhya Pradesh, India, 453 771 774 Plot No H, Prathamesh Complex, Bhadwad Gaon , Sonale Village,",False,False,False,False,False,False,False
10_row_fulfillment_center,129,,BOM4,,,,,100000,5,2016,,month,Mixed Sortable/Non-sortable.,"Bhiwandi, Maharashtra, India, 421 302 WB-10/11, Renaissance Logistics Park, Vashere, Taluka, Bhiwandi,",False,False,False,False,False,False,False
10_row_fulfillment_center,130,,BOM7,,,,,404300,7,2018,,month,Mixed Sortable/Non-sortable.,"Maharashtra, India, 421 302 Renaissance Logistics Park, Kaylan- Sape Rd, Vashere, Taluka, Bhiwandi, Maharashtra, India, 421 302 NH-3, Mumbai - Nashik ExpyVashere, Taluka, Bhiwandi, Maharashtra, India,",False,False,False,False,False,False,False
10_row_fulfillment_center,131,,ISK1,,,,,374400,,2025,,year,Facility deal signed in Sep 2021,"421 302 ECD ESR RBhiwandi Bhiwandi Logistics Park Park, Kalyan- Sape Rd, Village Talavali Taluka,",False,False,False,False,False,False,False
10_row_fulfillment_center,132,,NAG1,,,,,47300,7,2017,,month,by) age 3PL FC operated by Adani,"Bhiwandi, Maharashtra, India, 421 302 W/H No 1-2, Saidhara Wareshouse and Logistics Park, Bhoirgaon, Maharashtra, India, 421 302 Building No: A4, Antariksha Logidrome, Padgha- Kalyan Sape, Dhiwandi District, Maharashtra, India, 421 101 Plot No. 3, Mihan, Khapri Village, MADC, Khapri, Nagpur, Maharashtra,",False,False,False,False,False,False,False
10_row_fulfillment_center,133,,PNQ3,,,,,393700,,,,none,Mixed Small/Large Sortable,"India, 441 108 Building No. B01, ESR Pune Estates Pvt LtdVillage Ambethan, Tal - Khed,",False,False,False,False,False,False,False
10_row_fulfillment_center,134,jie,JPX1,,,,,62400,10,2021,,month,Fulfillment Centre Mixed Sortable/Non-sortable. Heavy/Bulky/Appliance & Furniture EC. Mixed Sortable/Non-sortable.,"Varale, Pune, Maharashtra, India, 410 501 IndoSpace As Industrial Park Pvt Ltd, Gate 339,341Mahalunge Ingale, Pune, Maharashtra, India, 410 501 Nahar Logistics Park, Unit 1, Khewat Sahnewal, Punjab, : India, ; 141 Plot No. 128, Jhotwara Industrial Area, Jhotwara, Jaipur, Rajasthan, India, 302",False,False,False,False,False,False,False
10_row_fulfillment_center,135,jie India,MAA4,,,,,408200,,2021,2,quarter,3rd Party FC. SqFt is an estimate. Mixed Sortable/Non-sortable,"012 N.H.8, Bagru Rawan, Tehsil Sanganer, Bagru, Rajasthan, India, 303 007 Survey No.153-1 153-2226-2,229-2.230- Chettipalayam, Oratakuppai Village, Tamil Nadu, India, 641 201 Indospace as Industrial park Pvt Ltd, Survey No 139-157/2 , Durainallur Village, Puduvoyal Post, Ponneri",False,False,False,False,True,False,False
10_row_fulfillment_center,136,India,HYD3,,,,,31200,6,2017,,month,MAAS is a 3PL refrigerated warehouse UMA‘1 is the First Amazon India urban Fresh FC 3PL Seller Services FC operated by Central Warehousing Corporation,"Taluk, Thiruvallur District, Tamil Nadu, India, 601 206 No.1, Central Warehouse Corporation, 432. 132, Arcot Rd Rd, Ayyavupuram Ayyavupuram, Virugambakkam, Chennai, Tamil Nadu, India, 600 093 Thamaraipakkam RdPonneri Taluk, Thiruvallur District, Tamil Nadu, India, 602 024 2 Chinnasamy Naidu Road, Siddhapudur, Coimbatore, Tamil Nadu, India, 641 044 GMR Airport City, Survey No. 99/1 , Shamshabad, Telangana, India, 501",False,False,False,False,False,False,False
10_row_fulfillment_center,137,,HYD8,,,,,649000,,,,none,omer SO,"218 ESR GMR Industrial & Logistics Park, Building 3, Shamshabad, Telangana,",False,False,False,False,False,False,False
10_row_fulfillment_center,138,,LKO1,,,,,400000,10,2020,,month,¥ Small Sortable FC,"India, 501 218 Piro - Jagdishpur RdBhokapur, Sarai Sahjadi, Lucknow, Uttar Pradesh,",False,False,False,False,False,False,False
10_row_fulfillment_center,139,Australia,HCC3,,,,,78400,7,2024,,month,g 3PL FC operated by TCI Supply Chain Solutions ore Non,"India, 226 401 W/H No 1-2, Ghoramara, Rishra, Ghoramara, Rishra, Simla, West Bengal, India, 712 203 Industrial & Warehouse Park, Dankunibil, West Bengal, India, 712 310 29 National Drive, Dandenong South, Melbourne, Victoria, Australia, VIC",False,False,False,False,False,False,False
10_row_fulfillment_center,140,Australia,MEL5,,,,,398100,,,,none,sortable/Apparel FC. Mixed =,"3175 103 Palm Springs Rd, Ravenhall, Melbourne, Victoria, Australia, VIC",False,False,False,False,False,False,False
10_row_fulfillment_center,141,Australia Australia,BWU2,,,,,458100,12,2021,,month,"sortable/Apparel BWU1 is a fulfillment center; DNS1 is a Delivery Station co- located in the same building. Printo on Demand in same building. 4-Storey Robotics Sortable FC with total 2,152,000 sq ft","3023 23 Centenary Avenue, Moorebank, Sydney, New South Wales, Australia, NSW 2170 KempsiCreet, Sydney, New South Wales, Australia,",False,False,False,False,False,False,False
10_row_fulfillment_center,142,Australia,BWU6,,,,,359400,,2021,,year,including mezzanines. Also a Distaster Relief Hub. Large Non-Sortable FC.,"NSW 2178 Oakdale East Industrial Estate, Horsley Park, Sydney, New South",False,False,False,False,False,False,False
10_row_fulfillment_center,143,Australia sea,PER4,,,,,860800,11,2026,,month,"Large Non-Sortable FC for garden equipment, furniture and flat screen TVs FC for Perth replaced PER3 in","Wales, Australia, NSW 2175 Oakdale East Industrial Estate, Horsley ¥ Park, y Sydney, New South Wales, Australia, NSW 2175 2 Centurion Place, Jandakot Airport,",False,False,False,False,False,False,False
10_row_fulfillment_center,144,Australia Australia,XAU1,,,,,865000,8,2025,,month,"November 2023 Stocks health, household and personal care products, to electronics, books, gardening equipment and pantry staples ae ey will P open in 2025","Western Westem Australia, Australia, WA 6165 42-52 Export Street, Lytton, Brisbane, Queensland, Australia, QLD 4178 Craigieburn Logistics Estate, Craigieburn, Victoria, Australia, VIC 3064 26 Nina Link, Dandenong South, Melbourne, Victoria, Australia, VIC",False,False,False,False,False,False,False
10_row_fulfillment_center,145,Australia,XAU2,,,,,44700,,2019,,year,,"3175 Unit 2A, 5 Helles Avenue, Moorebank, Sydney, New South Wales, Australia,",False,False,False,False,False,False,False
10_row_fulfillment_center,146,Singapore United Arab,DXB2,,,,,69700,9,2021,,month,Small Sortable FC combined an delivery station for ingapore Soug warehouse in Dubai.,"NSW 2170 5B Toh Guan Road East, en Level 3, Units 1/2/3, Singapore, 608829 Al Quoz Industrial Area 3, Dubai,",False,False,False,False,False,False,False
10_row_fulfillment_center,147,United Arab,PXB3,,,,,,,,,none,Sortable/Non-sortable ‘Co Sortation Center.,"United Arab Emirates Logistic Complex, DLC, LC-1-W000, DLC-2-WE37, Dubai Logistics City,",False,False,False,False,False,False,False
10_row_fulfillment_center,148,Emirates United Arab Emirates,DXB4,,,,,251300,,2020,,year,located Largest FC in UAE. Amazon Warehouse in Dubai Logistics City operated by 3PL,"United Arab Emirates. 999044 Plot no# 597-595, Dubai Investment Park-2 , Dubai Logistics City, , United",False,False,False,False,False,False,False
10_row_fulfillment_center,149,United Arab Emirates,DXB5,,,,,305000,10,2022,,month,CEVA. DXB5 is a Small Sortable Fulfillment Center DXB8 is a Sortation Center (Co-,"Arab Emirates, 999041 4 World Central, Dubai South, United Arab Emirates,",False,False,False,False,False,False,False
10_row_fulfillment_center,150,Ses United Arab,DWC3,,,,,53900,5,2020,,month,located) Sortable/Non-Sortable Warehouse in Dubai South.,"Dubai South, United Arab Emirates",False,False,False,False,False,False,False
10_row_fulfillment_center,151,United Arab,AUH1,,,,,640000,,,,none,New Amazon small sortable fulfillment Dhabi,"Abu Dhabi Industrial City - Musaffah Abu Dhabi , United Arab",False,False,False,False,False,False,False
10_row_fulfillment_center,152,: Kuwatt Turkey Turkey Saudi Arabia,RUH2,,,,41480,538000,11,2024,,month,center in Abu Soug Sortable warehouse for Soug warehouse in Kuwait City. Sq Ft is an estimate. Small Sortable fulfillment center . . ee eee with P phased openings Pening from 2018- 2023 ec ¥ ¥ g ore sortable facility: sis an estimate. Heavy/Bulky Non-Sortable FC in,"mirates Flex ParkEl Shorouk, Cairo Sheikh Zayed Bin Sultan Al Nahyan Rd, Al-Ardiya, Kuwait Orhanli, Murathan Cd_, Tuzlalstanbul, Tavsanli mahallesi, > Komurcuoglu caddesi, eaddesi: No:13 Nord’, , GebzeKocaeli, Turkey, 41480 Inénii Mah. Giizeller OSB Fatih Sultan Mehmet Cad. No 15 , GebzeKocaeli, Turkey, 41400 Canici Caddesi, Saray Mahallesi, No: 9/1, KahramankazanAnkara, Turkey, 06980 Al-Mishal, Al Masheal, Riyadh, Saudi Arabia. 14328 7863",False,False,False,False,True,False,False
10_row_fulfillment_center,153,Saudi Arabia :,RUH3,,,,44273,21200,7,2017,,month,Riyadh. Soug warehouse in ss 5; Riyadh.,", AS Sali, Riyadh, Saudi Arabia, 44273 8075",False,False,False,False,False,False,False
10_row_fulfillment_center,154,Saudi Arabia,RUH6,,,,,21200,7,2017,,month,Soug warehouse in Riyadh.,"_ , AS Sali, Riyadh, Saudi Arabia,",False,False,False,False,False,False,False
10_row_fulfillment_center,155,Cadi Saudi Arahia Arabia ae,RUH7,,,,44973,17700,7,2017,,month,Bate Returns Facility,"44973 8075 7875 /875 Southern Ring Road, AS Sali,",False,False,False,False,False,False,False
10_row_fulfillment_center,156,Saudi Arabia,RUH8,,,,14275,,10,2022,,month,is a 5-Storey Small Sortable FC. RYDS is a co-,"Riyadh, Saudi Arabia, 14275 3161 Al Masheal, Riyadh, Saudi Arabia, : 14327",False,False,False,False,False,False,False
10_row_fulfillment_center,157,Saudi Arabia,YE23,,,,22311,250000,7,2021,,month,located sortation center Mixed sortable/Non-Sortable FC for Jeddah,"LogiPoint, Bonded & Re-export Zone, Jeddah Islamic Seaport, Jeddah, Saudi} 22311",False,False,False,False,False,False,False
10_row_fulfillment_center,158,Saudi Arabia,JED4,,,,,350000,,2025,,year,: Mixed sortable/Non-Sortable FC,"Arabia, LogiPoint, Bonded & Re-export Zone, Jeddah Islamic Seaport, Jeddah, Saudi}",False,False,False,False,False,False,False
10_row_fulfillment_center,159,. South Africa,XZA2,,,,22311,204200,,2024,,year,for Jeddah 3PL Small Sortable FC operated by CEVA Logistics Small Sortable FC for Cape Town,"Arabia, : 22311 Building 3, Eastport Logistics Park, R21 Expressway and R25 Witfontein, Ext 83, Kempton Park, Gauteng, South Africa, 1619 15 Freedom way, MilnertonCape Town, Western Cape, South Africa, 7441",False,False,False,False,False,False,False
11_row_sortation_delivery_air,0,Canada Canada Canada @anad anace Canada Canada Canada Canada Canada Canada Canada me Canada Canada Canada om Canada Canada Canada Canada @anad anace anada Mexico,YHM2,,,,13410,1000000,,2022,4,quarter,2 years to Sep. 2024. Region Sortation Center for Vancouver BC Region. Sortation Center for Toronto Sortation Center for East Toronto Region. Project Diamondback. YUL5 is a Sortation Center for Montreal QC Southern Region: HYU1is Heavy/Bulky Delivery Station. Sortation Center for Montreal QC Delivery Station for North Calgary Delivery Station for SE Calgary Delivery Station for Edmonton. Delivery Station for Edmonton. Delivery Station for Vancouver East / Pitt Meadows area. Delivery Station for Surrey BC 2-Storey Delivery Station for Vancouver market area. Delayed Opening. Multi-Storey Delivery Station for East Vancouver area. Delivery Station for Victoria BC and a 100 KM radius Delivery Station for Vancouver Burnaby area. Sq ftis ; an estimate. Rural Delivery Station for Nanaimo region. Sq ft is an estimate. Delivery ry Station for Vancouver/Delta area. Delivery Station for Winnipeg. Delivery Station for Halifax/Dartmouth Delivery Station for Toronto's Delivery Station for Mississauga run by Go Logistics Delivery Station for Etobicoke/ North Side of Toronto Delivery Station for Toronto's North Side ee es egion. Delivery Station for Whitby Region. of Toronto / Scarborough Delivery Station/Amazon Fresh for Region East of Toronto Airport. Delivery Station for Cambridge/Guelph Region. Delivery Station for Hamilton Delivery Station for Scarborough Region. Delivery Station for Brampton Delivery Station for Richmond Hill ON Region. Delivery Station for Brampton Region. Delivery Station for Mississauga Region. Delivery Station for Vaughan Region. Delivery Station for Vaughan Region. Delivery Station for Mississauga. Delivery Station for Kitchener / Waterloo Region. Delivery Station for London ON Delivery Station for London ON Nolivens Delivery Ctatinn Station far for Windsor- Essex region. Former home of a Chrysler truck-making facility. sas Delivery Station for Kingston ON Region. Likely run by a 3PL. Delivery Station for Scarborough Delivery Station for Ottawa East. Delivery Station for Ottawa. Dellvery Station 1 for Laval North of Montreal. Delivery Station 2 for Laval North Delivery Station for the Island of Montreal / West Island : Station 3 tor Laval North of Montreal. Role of Facility TBD but most likely a Delivery Station for Regina. Sq Ft is an estimate. : en: Delivery Station for Oakville Delivery Station for Scarborough Region. Delivery Station for Ottawa East co-located in DYT3 : sas Sonation Center: Facility relaunched in July 2022.,"140 Old Mill Road, Blair, Cambridge, Ontario, Canada, N3H ARE 292083 Crosspointe Rd, Rocky View County, Alberta, Canada, T4A 0S3 9385 200th Street, Langley City, British Columbia, Canada, V1M 3A7 7850 Heritage Road, Brampton, 5185 Garrard Road, Whitby, Ontario. Canada. L1M 1W6 5799 Route de L’‘Aéroport, Saint- Hubert, Québec, Canada, J3Y 8Y9 80 Rue Léon-Malouin, Coteau-du- 260231 Range Rd 293, Rocky View County, Alberta, Canada, T4A 0M9 7090 57th Street SE, Building C, Calgary, Alberta, Canada, T2C 5B1 3675 11th Street, Nisku, Alberta, 13410 102 Ave SW, Edmonton, Alberta. Canada. T6Y ON2 19100 Airport Way, Pitt Meadows, British Columbia, Canada, V3Y 2M5 18880 30th Avenue, Surrey, British 8351 Fraser Reach Court, Building 5, Burnaby, British Columbia, Canada, V3N 2V7 5636 272nd Street, Langley City, British Columbia, Canada, V4W 3X1 9899 McDonald Park Rd, Sidney, British Columbia, Canada, V8L 9788 Glenlyon Pkwy, Burnaby, British Columbia, Canada, V5J 58 2243 McGarrigle Rd, Nanaimo, British Columbia, Columbia. Canada, Canada. V9S 4M5 4MS5 7400 Vantage Way, Delta, Annacis Island, British Columbia, Canada, V4G 1C9 1001 Regent Avenue West, Winnipeg, Manitoba, Canada, R2C 4M2 180 Thornhill Drive, Dartmouth, Nova Scotia, Canada, B3B 1V3 3471B McNicoll Ave, Scarborough, 6469 Netherhart Rd, Mississauga, Ontario, Canada, L5T 1C3 77 Belfield Rd, Etobicoke, Ontario, Canada, M9W 1G6 600 Tesma Way, Vaughan, Concord, Ontario, Canada, L4K 5C2 1400 Squires Beach Road, Pickering, Ontario, Canada, L1W 4B9 1555 Wentworth Street, Whitby, Ontario, Canada, L1N 9T6 400 - 420 Nugget Avenue, Scarborough, Ontario, Canada, M1S 4J3 80 Enterprise Road, : Etobicoke, Ontario. Canada. M9W 4V6 125 Maple Grove Road, Cambridge, Ontario, Canada, N3H 4R7 869 Barton Street, Stoney Creek, 75 Venture Drive, Scarborough, Ontario, Canada, M1B 3E8 2300 North Park Drive, Brampton, 85 Vogell Road, Richmond Hill, Ontario, Canada, L4B 3P6 880 Avonhead Road, Mississauga, Ontario, Canada, L6J 225 6350 Cantay Road, Mississauga, Ontario, Canada, L5SR 4E2 50 Keyes Court, Vaughan, Ontario, Canada. L4H 4V6 51 Keyes Court, Vaughan, Ontario, Canada, L4L LAL 1A5 6305 Kateson Dr, Mississauga, Ontario. Canada. LSW 0H8 100 Shirley Ave, Kitchener, Ontario, Canada, N2B 2E1 580 Industrial Road, London, 2244 Huron Street, London, = Brive, Ontario, Canada, 4J5 111 Railway St, Kingston, Ontario, Canada, K7K 2L9 501 Consumers Road, North York, 2625 Sheffield, Ottawa, Ontario, Canada K1B 3V6 100 Legacy Road, Ottawa, Ontario, Canada. K1G 5TG 5555 rue Ernest-Cormier, Suite 200, Laval, Québec, Canada, H7C 289 3399 Francis Hughes, Laval, 1100 Rue Norman, Lachine, Québec, Canada, H8S 1A6 2700 Avenue Francis-Hughes, Laval, Québec, Canada, H7S2B9 Rotary Avenue, Regina Saskatchewan. Canada. S4P 372 1650 Brigantine Dr #300, Coquitlam, British Columbia, Canada, V3K 7B5 529 Michigan Dr, Oakville, Ontario, 1271 Tapscott Road, Scarborough, Ontario, Canada, M1X 1S9 139 2625 Sheffield, Ottawa, Ontario, Canada, K1B 3V6 Manzana 005, Cedros, Municipio de Tepotzotlan, Estado de México, Mexico, 54605",True,True,False,False,True,True,False
11_row_sortation_delivery_air,1,Vege Vege,MTY5,,,,66425,64700,10,2020,,month,Sortation Center. Opening year estimated.,"Calidad Total 13, Parque Industrial Barragan, San Nicolas de los Garza, Monterrey, Nuevo Leon, Mexico, 66425",False,False,False,False,False,False,False
11_row_sortation_delivery_air,2,: mexico,,,,,97390,,,,,none,"Sortation Center for cities of Mérida, Uman, Conkal, Kanasin, Progreso, Chuburna, Chelem, and Chicxulub Puerto.","Calle 48 No. 340, Fraccionamiento Ampliacion de la Ciudad Industrial, Municipio de Uman, Yucatan, Mexico, 97390",False,False,False,False,False,False,False
11_row_sortation_delivery_air,3,Mevicnon Mexico,TIJ1,,,,20652,344300,10,2024,,month,"Sortation center for Mexicali, Terate Tecate, FEncenada Ensenada and Plavasc Playas de Rosarito.","Camino Vecinal 20652, Murua Oriente Oriente, Titiana Tijuana, Raia Baja California California, Mexico, 22203",False,False,False,False,False,False,False
11_row_sortation_delivery_air,4,Mexico,QRO5,,,,76726,225800,,2022,,year,Sortation center for Querétaro.,"Building C01, Exeter Cantera Industrial Park, Pedro Escobedo, Querétaro, Mexico, 76726",False,False,False,False,False,False,False
11_row_sortation_delivery_air,5,,,,,,11130,,,,,none,tor’ Chihuahua:,"Av. de las Industrias 11130-17,",False,False,False,False,False,False,False
11_row_sortation_delivery_air,6,Mexico,DUU1,,,,31135,,,,,none,Station Sq Ft is an estimate.,"Revolucién, Chihuahua, Mexico, 31135",False,False,False,False,True,False,False
11_row_sortation_delivery_air,7,,,,,,66425,,10,2020,,month,Delivery Station for Monterrey co- located in MTY5.,"Calidad Total 13, Parque Industrial Barragan, San Nicolas de los Garza, Monterrey, Nuevo Leon, Mexico, 66425",False,False,False,False,False,False,False
11_row_sortation_delivery_air,8,Mexico,DMT3,,,,66367,46000,,2022,,year,ue Sq Ft is an estimate.,"Hacienda Sta. Maria 112, Santa Catarina, Nuevo Leon, Mexico, 66367",False,False,False,False,True,False,False
11_row_sortation_delivery_air,9,Mexico,DMT4,,,,67190,226000,,2022,,year,Delivery Station for Monterrey.,"Priv. Arturo Macias 504, San Cristobal, Guadalupe, Nuevo Leon, Mexico, 67190",False,False,False,False,False,False,False
11_row_sortation_delivery_air,10,Mexico,,,,,02120,12000,,,,none,ae a,"Cultura Nte. 12, San Martin Xochinahuac, Azcapotzalco, Ciudad de Mexico, Mexico, 02120",False,False,False,False,False,False,False
11_row_sortation_delivery_air,11,Mexico,DMX2,,,,54944,32800,,2017,,year,Delivery City: MEX5 role TBD. Sq Ft is an estimate. finaat,"El Fresno, Buenavista, Ciudad de México, Mexico, 54944",False,False,False,False,True,False,False
11_row_sortation_delivery_air,12,Mexico,DMX4,,,,09208,54000,,2018,,year,Delivery Station for Mexico City.,"Complejo Industrial Tecnoldgico, Iztapalapa, Ciudad de México, Mexico, 09208",False,False,False,False,False,False,False
11_row_sortation_delivery_air,13,Mexico,DMX6,,,,07850,13800,,,,none,Delivery Station for Mexico City.,"Ferrocarril Hidalgo Mejorana, Bondojito, Gustavo A. Madero, Ciudad de Mexico, Mexico, 07850",False,False,False,False,False,False,False
11_row_sortation_delivery_air,14,Mexico,DXX9,,,,06450,322800,,2023,,year,Delivery Station for Mexico City.,"C. del Fresno 376, Atlampa, Cuauhtémoc, Ciudad de México, Mexico, 06450",False,False,False,False,False,False,False
11_row_sortation_delivery_air,15,,DTL1,,,,50233,145900,,2019,,year,Delivery Station for Toluca.,"Manzana 008, Toluca, Ciudad de México. Mexico. 50233",False,False,False,False,False,False,False
11_row_sortation_delivery_air,16,Mexico,XMX2,,,,04010,3800,,2021,,year,Heavy/Bulky Delivery Station.,"Av. Miguel Angel de Quevedo 371, Romero de Terreros, Coyoacan, Ciudad de Mexico, Mexico, 04010",False,False,False,False,False,False,False
11_row_sortation_delivery_air,17,Mexico,XMX4,,,,05340,11900,,2021,,year,Heavy/Bulky Delivery Station,"Carr. México-Toluca 5214, La Rosita, El Yaqui, Cuajimalpa de Morelos, Ciudad de México, Mexico. 05340",False,False,False,False,False,False,False
11_row_sortation_delivery_air,18,Mexico,XMX7,,,,14000,3200,,2021,,year,Heavy/Bulky Delivery Station.,"Calle Belisario Dominguez 10, Tlalpan Centro, Ciudad de Mexico, Mexico, 14000",False,False,False,False,False,False,False
11_row_sortation_delivery_air,19,Mexico,XMX9,,,,04870,3200,,2021,,year,q,"Av. Division del Nte. 3630, Coapa, Espartaco, Coyoacan, Ciudad de México, Mexico, 04870",False,False,False,False,False,False,False
11_row_sortation_delivery_air,20,Mexico,DGD1,,,,45601,77700,10,2020,,month,Delivery Station for Guadalajara.,"San Sebastianito, Tlaquepaque, Guadalajara, Jalisco, Mexico, 45601",False,False,False,False,False,False,False
11_row_sortation_delivery_air,21,Mexico,DGD2,,,,45134,78800,,2020,,year,Delivery Station for Guadalajara.,"Av Dr. Angel Lejano 401, Modulo 5 Bodega 7-8, Los Robles, Zapopan, Guadalajara, Jalisco, Mexico, 45134",False,False,False,False,False,False,False
11_row_sortation_delivery_air,22,,DMJ1,,,,62760,,,,,none,Delivery Station for Guadalajara,"Vesta Park Guadalajara ILas Emiliano Zapata, Cuernavaca, temixco, Morelos, Mexico, 62760",False,False,False,False,False,False,False
11_row_sortation_delivery_air,23,Mexico,DCU2,,,,77500,11000,,2021,,year,Delivery Station.,"Parque Logistico APQ, Carretera Cancun Aeropuerto, Supermanzana 301 Manzana 8, 2° Etapa, 77500,",False,False,False,False,False,False,False
11_row_sortation_delivery_air,24,,,,,,77567,,,,,none,,"Cancun, Quintana Roo, Mexico, 77567",False,False,False,False,False,False,False
11_row_sortation_delivery_air,25,Mexico,DTJ1,,,,19400,51500,,2021,,year,Delivery Station.,"Av. del Aguila Real 19400, Baja Mag el Aguila, Tijuana, Baja California, Mexico, 22215",False,False,False,False,False,False,False
11_row_sortation_delivery_air,26,Mexico Mexico,DHM2,,,,76246,84600,,,,none,DHM2 is a Delivery Station. HMO3 is a co-located Heavy/Bulky Delivery Station Delivery Station.,"Parque Industrial Tecnoldgico de Queretaro, Querétaro, Mexico, 76246",False,False,False,False,False,True,False
11_row_sortation_delivery_air,27,Mexico,,,,,76000,89100,,2022,,year,ae tO,"Loma de Sangremal 108Sta Maria Magdalena, Santiago de Querétaro, Querétaro, Mexico, 76000",False,False,False,False,False,False,False
11_row_sortation_delivery_air,28,Mexico,DBJ2,,,,37660,50500,6,2022,,month,Delivery Station for Leon.,"Carr. Leon - Cueramaro 3202Le6n de los Aldama, Guanajuato, Mexico, 37660",False,False,False,False,False,False,False
11_row_sortation_delivery_air,29,Mexico,DVS1,,,,86280,25000,8,2022,,month,Delivery Station for Veracruz - Delivery Station for Villahermosa. Sq Ft is an,"Valente Diaz, Veracruz, Veracruz, WITAILYU, Tabasco, Tabasco, Mexico, 86280",False,False,False,False,False,False,False
11_row_sortation_delivery_air,30,Mexico,DVS2,,,,86265,47000,,,,none,estimate. Delivery Station for Villahermosa.,"Tabasco, Tabasco, Mexico, 86265",False,False,False,False,False,False,False
11_row_sortation_delivery_air,31,,,,,,78395,,1,2022,,month,Delivery Station for San Luis Potosi. Sq Ft is an estimate.,"Cto. México Mexico 105, Tres Naciones, San Luis Potosi, Mexico, 78395",False,False,False,False,True,False,False
11_row_sortation_delivery_air,32,Mexico,DTR1,,,,27279,23600,,,,none,oa,"Blvd. Carr. A, Blvr. Mieleras 52, Luis Horacio Salinas, Torreon, Coahuila, Mexico, 27279",False,False,False,False,False,False,False
11_row_sortation_delivery_air,33,:,DCI2,,,,80140,150400,,2023,,year,Delivery Station : for 5 Culiacan _,"Parque Indistriel Aeropuerto, Giilisean: Sinaloa: Mexico. 80140",False,False,False,False,False,False,False
11_row_sortation_delivery_air,34,Mexico,DMD1,,,,18587,10500,,2020,,year,Delivery Station for Mérida.,"Calle Sin Nombra 18587, Zona Industrial, Mérida, Yucatan, Mexico, 97300",False,False,False,False,False,False,False
11_row_sortation_delivery_air,35,Mexico,DMY4,,,,97302,57000,6,2024,,month,Delivery Station for Mérida.,"REMSA Parque Industrial 71, Parque Industrial, Mérida, Yucatan, Movicn Mexico, 97302",False,False,False,False,False,False,False
11_row_sortation_delivery_air,36,Brazil,,,,,07750,979300,,,,none,First sortation center in Brazil operated by 3PL Luft Solutions. Sq Ft is an estimate.,"Bairro Empresarial Gato Preto, Jordanesia, Cajamar, Yucatan, Brazil, 07750-000",False,False,False,False,True,False,False
11_row_sortation_delivery_air,37,Brazil,DRJ3,,,,22783,56900,,2021,,year,,"Estr. dos Bandeirantes, 1700 , Taquara, Rio de Janeiro, Brazil, 22783-117",False,False,False,False,False,False,False
11_row_sortation_delivery_air,38,Brazil Ee,DBH5,,,,07140,73700,,2021,,year,"Delivery Station for Minas Gerais. Delivery Station for Guarulhos, sao Paulo. Sq Ft is an Estimate","Rua Adelino Testi, 251 - Olhos D'Agua, Belo Horizonte, Minas Gerais. Brazil30390-070 Filbert GeraldoGuarulhos, Sao Paulo, Brazil, 07140-020",False,False,False,False,True,False,False
11_row_sortation_delivery_air,39,Brazil,DSP3,,,,06833,110200,5,2022,,month,is,"Rua Yanomani, 200, Jardim MagaliEmbu das Artes, Sao Paulo, Brazil, 06833-075",False,False,False,False,False,False,False
11_row_sortation_delivery_air,40,Brazil,DBZ1,,,,05095,62500,9,2022,,month,Delivery Station for Indaiatuba. Sq Ft is an Estimate. re = 5s,"Estr. Angela Trevisan Ciciliato, 200 - Galpao 2 - Jardim Oliveira Camargolndaiatuba, Sao Paulo, Brazil, Espace Center - Av. Emb. Macedo Soares, galpdo 28Vila Anastacio, Sao Paulo, Brazil, 05095-035",False,False,False,False,True,False,False
11_row_sortation_delivery_air,41,Brazil,,,,,05662,2600,,,,none,we aa re see,"R. Maj. José Marioto Ferreira, 12Paraisopolis, Sao Paulo, Brazil, 05662-020",False,False,False,False,False,False,False
11_row_sortation_delivery_air,42,,,,,,02675,20000,,2025,,year,Delivery Station for Sao Paulo. Delivery Station for Sao Paulo. Delivery Station for Sao = Paulo.,"Capao Redondo, Sao Paulo, Brazil Aricanduva, Sao Paulo, Brazil Brasilandia, Sao Paulo, Brazil, 02675-031",False,False,False,False,False,False,False
11_row_sortation_delivery_air,43,Brazil,DPB3,,,,58306,20000,,2025,,year,Delivery Station for Sao Paulo. Delivery Station for Sao Paulo. Delivery Station for Sao Paulo. oe q,"Grajau, Sao Paulo, Brazil Helidpolis, Sao Paulo, Brazil Carapicuiba, Sao Paulo, Brazil Av. Liberdade, 3655 - CentroBayeux, Paraiba, Brazil, 58306-000",False,False,False,False,False,False,False
11_row_sortation_delivery_air,44,,,,,,29135,20000,11,2022,,month,Delivery Station for Mangabeira. Sq Ft is an Estimate.,"Av. Guarapari - AreinhaViana, Espirito Santo, Brazil, 29135-000",False,False,False,False,True,False,False
11_row_sortation_delivery_air,45,"Brazil |e g United Kingdom United Kinad Kingdom g United g Kinadorn United 3 Kinadom United Kingdom . g : naa United Kingdom United Kingdom King United Kingdom Ba LInited 3 Kingdom United Ba ""9 United g inadom United Kingdom United Kingdom United Kingdom : a Tf ingdom United Kingdom g ANP Kingdom United ited Kingdom uni United nited Kingdom United Kingdom United Kingdom United Kingdom United Kingdom United Kingdom mee Kingdom United Kingdom Kinga . United | Kingdom United ! Kingdom United | nod Ki Kingdom United united iGnadem Kingdom Kingdom United Ki Kingdom ingdom Kingdom united Kinad gdom nied aan United Kingdom United United Kingdom United Kingdo Oa United Kingdom Kingdom uses Kinado gaom United Kingdom Aingaom = Kinad gdom United = ieee gdom Unit (United Kingdom i Kingdom m United ingdo Kingdom “ ingdo gdom gaom Uni a ited ngdo "" U nit ed Kin m a ingd 0 "" Uni it ed Kin gdo m om Uni ni gdo m Uni a ingd 0 m Uni ited Ki ngd aa oak ingd om U ae == ingd om Uni n Kn naa ingd d om U ni ae ted Ki ngdo do m Uni al ingd gd om U Uni Kinga nite d Kin ingd gdo 0 m - ited Ki ae ing ra m on Uni ted ngdo gd om ed in ad « ae d in g do cn dom Uni gdo m Uni ite d Ki in gd 0 m Uni ited Ki I ngdo Uni ite Ki gdom ae d « i m Uni a ingdo "" U ni ed Kin gdom Uy an ne gd 2 Uni ited Ki in Knee d gdo om m Unit Uni ~ as ngdom a Uni d iy oe ing d gdo 0 m U Unit ni ed Kin in gd om U Uni ed K in a inad om kin Unit ed Kin gdo m U rit ed Ki ngdo a 9 dom Uni d in oe gd nit Kind gdo m U ae ingdo Uni a m Uni “ m U nit = ran ado d in gdo Un ite d Ki ing do m U nit eo |_ Kin gd Kingdom om U nit United ed Ki Kingdom nade m united United in Kingdom gd nit United Kingdom = ae united d in Kingdom gd om U nit United King Kingdom “ U United ed Kin Kingdom gd om 4 a gf ae of Republic of : Republi reland France",DGO2,,,,75018,60000,,2022,4,quarter,"Delivery Station for Recife. Sq Ft is an Estimate. Delivery Station for Goiania. Station for Salvador. Sq Ft is an Estimate. Inbound Cross Dock/Receive Center that replenishes 16 FCs throughout UK and Europe Inbound Cross Dock for Midlands Sortation Center/Delivery Station/Transfer Point SXWV/2 is a Sortation Center; DXW2 and DXW3 are Delivery Stations SBS is a Sortation Center DBS2 is a co-located Delivery Station for Essex. HBS2 is a co-located Heavy/Bulky Delivery Station. Sortation Center/Delivery Station/Heavy Bulky Transfer Point Center Sortation Center Sortation Center Sortation Center/Delivery Station for Leicestershire. LBAS is a Sortation Center CDN is a sortation center. DDN1 is a Delivery Station Station. CST9 is a sortation center. NST1 ic a co-located Nelivery Station. HST1 is a delivery station for Heavy/Bulky 2 : ee oe ee oe a co-located Delivery Station. LBASY is a Sortation Center DSA7 is a co-located Delivery Station HSA7 is a co-located Heavy/Bulky Delivery Station Delivery Station for South London Delivery Station for South London Delivery Station for the Croydon Grid Staton er eybridge. Not yet confirmed. armed IS a Velivery otation tor East London: Amazon Delivery Station for Oxfordshire area : station Lanarkshire; Euro ed Central _ Delivery Station for Glas Glasgow Region en Delivery Station ; for Newcastle sule / S underland Delivery pelvery Station Station fi for or Sunderland Region. egion. . Sq Sq Ft Ft i is an estimate. Delivery Station for S Southampton outhampton Delivery Station for Southam Southampton pton Deli Delivery elivery Stati Station tality for in C . Leicestershire Replaced a facility in eluded Castle i Donington. Sq Ft included in "" “ Delivery Station for Notti SW Region Delivery Station for Kent Delivery Station for Preston/L ocated ' center. ail elivery Station for Essex . Delivery Station for Delivery Station fi with 3-storey v parkin g spaces Delivery Station for or Li Deliv ery Station i for Live rpool Deliv Station for Edinburgh : colland ey DBS2 S2 i is a Deli i Delivery Station f Essex Essex. HBS2 is s a HeavyiBulky Heavy/Bulk locati location on co-lo co-located. a Sq SqFt Ft included in Delivery ry Stati Station for Bri Bristol ristol . Delivery Station for Aberd Aberdeen, een. q ft is an estimate. Delivery Station for S Scotland colland Delivery ry S ation Station for lor B Belfast that replaced DBT2. First i micromobility ili hub with e-bikes. Beh) Station for Innor Rann Bann, Ireland egion : Delivery Station ; for West Yorkshire; Replaced DLS1 or Wakefield Region. Delivery Station/Sortation Cent for Doncaster Area. Sq Ft included in CDNY. Delivery Station/Sortation Center Midlands. aren Delivery Station for East Anglia Delivery Station for Bristol/Reading area i en area. Delivery Station for West London/Heathrow Area venter 0 0 Delivery Station for Orpi Region egion SE oe of London ss Rees S Station/Sortation on ent Center er of — oj live Delivery ry ati Station for or R Reading ing A Area ee Deli elivery i Station/Sortation ion C Center for Worcester a Area a oD Delivery Ne ly S tati tion/S Station/Sortation ort ati on C = Center nter for rN ew Newport pon Deli Calvary Be ys tat on station/Sortaton /So ation Canter for vt B rd ae shir e. Sq q Ft is in ud edi —— in L TNS D ali = Delivery ivery ; on/ Station/Sortation S ne Center nte for Bedfordshire. rds h DI G IG1 is a eliv Delivery very i n/So ita i tio Ce Center nte rf for or er arth | Lo nd andan on Area rea IG 1j a co-l oc at H eavyl /B ulk y D ent Stati at ion D = t elj ine ey ude di in n a S aie y.S q fi al Deli ami elive Pl wall ry ymo St uth i atio De n/S von ortati and tio Ce nter D N2 aD ae ta Ce nt er for E M2 i ne o-| oc ate is for he avy Ib ul ky andi ise deli liv e - pene ys Stat on/S tion Ce aE ast on d Ba rkin g ea Pp a rack ock 5 are eli 2 ivery Stati ation a D eliv Stati sates ort sac r for e st Sse Deli ys on/ S 0 rtati tion Ce nt er ac W. a | es D S ATi is ac o-| oc Deli on id S tati wi ithi AQ A Ti co-l oc He Bu Iky ery Statio n Deli live ation Sa atio We enter f fo Sy ves nch chester er: ae Sq Ft ane ial acil acility in XM2 C arg oe ike il ity y D Deli van eliv anche eee hes ster Seat ter tati R Re ion e fi gio gion or n. N E ~ 5 Pa a ck ag D 2 ry St Stati atio on f iis or i Li ivi an Scie ch est ter ere ar rea Deli liv ely ys Stati tati ion for B Bo 0 Ito Iton n/ / N W M an ch ene ster rRe ion eg gi on: on. Pa ac ck ka ge D eli liv e ry Ses en n f for or Ga twi ick a re a Deli el ive tati ons rtati abo ion nc C en eine? fo ln s tan nd d Sc om ans t Repl epl a plac ac ed DE EX1 D av e ry St Stat ion on fo for r She heffie ffie Id ld D 3 Stato tatinn n wi it vith & ee t mi icr 2 ub i in K for bik e saa el ect ric ans. D ele ys tati ion fi or W °y Deli very 5 tatio n fo rCa e D ee ys nee on f or N or h Si ide of ond on Deli live ati lon for De esi ide / S Liv vt er poo | D eli live ys t atio n fi Of Ip ich {Ss uffo Ik/ N Eee e gio n Deli el fo = utc ori al irs on qF t IS sti ma D eli ve or tati ton R gi r on D eli ry St Daron r ull IY ire R egion D elj tati in gham a 2 =s 5 tati for =F 7 In gha === m | Nortl rth ae R egion lon n D Deli el eliv oe St tati tio on n fo forR rR dite ten h Re gio n D Bel eli St = n fo r Bir rin ming ngh ha am Re raion D it ery St ati atio n rR Ru u aby / terw ort h egi gion ion D IV ivery atio ion nf r Harlo rlow w R Re egion. Deh liv stat station i — P nore a m ou th R Rego —— = se a ze r = lan t. elive ry St tati ion to i ; an ar ea S an pani ni ing ng orem fro m Srp Soo ort in t th sath w es tt ot he ts kirt irt of So uth a m pto on in the pa as aie ms an d Up up th fa Y e0 | a nd sbu the ort h Mu abot oor eli we atio nf or at nR e sof i Re pla ce s liv tion in Wi ick He avy! Bu ae Ik Deli S tati ation f or M anc he 4 u Iky D eliv e ys et tion twi ick A rea A az 0 nF sh/A H u b fi or Man a Am ee nen re sn ane New sh azo n Fr esh se N stle Am azo n sh IA for Li rpo ol A m fesh maz on Fre sh A nF res h/A Fre for Rot he rha m/She eld A fae & eure oy on F re sh or = A far Ha zone sh iM ma zon F re sh 0 chi Ire ar ee ea Am az mn Fr esh IF re ah Ww em bl ey Wembley/Northwest IN ort eet ior ond London on A m Amazon az coca sted Fr Fresh for Ene East tL 0 London; ndon: | C Co-located in LCY LCY1 1 A ma Amazon Fr Fresh es h for South W West London tendon: on ms ana Amazon.Fresh/Amazon resh ian azon F Fresh h A Fr Fresh for W West est Yorkshire maz on.F Amazon.Fresh/Amazon Ama aoe Fre Fresh sh fi for oie. Glasgow Ww A ama on Amazon.Fresh/Amazon IA m azo Fe Fresh ci; for Portsmouth ou th ar area mazon _ _ meshiAmazon Fresh of area : egion Delivery Station for NW Dublin Region ss Statin lreland Region Amazon Fresh Hub for Paris","Recife, Pernambuco, Brazil Hidrolandia, Aparecida de Goiania, Goids. Brazil75340-000 Salvador, Bahia, Brazil Plot 1, Lyons Park, Lyons Drive Allesley, Coventry, West Midlands, United Kingdom, CV5 9PF Site IP9, Toronto Way, Iport Ave New Rossington, Doncaster, South Yorkshire, United Kingdom, DN11 OBF Union square, Trafford Park, Fifth Avenue, Stretford, Manchester , United Kingdom, M17 1TN Unit A100 Brooklands Business Park, Vickers Drive Weybridge, Surrey, United Kingdom, KT13 0YU Poplar Way East, Cabot Park Avonmouth, Bristol, Essex, United Kingdom, BS11 0YH 62 Pottishaw Road, Bathgate, Scotland, United Kingdom, EH48 2FB Bark. James Swallow Way, Medway, Rochester, South East, United Kingdom, ME3 9GX Plot Flot 510, 91U, GLP, Magna Wiagna Park, Falk, Milton Wilton Keynes, South East, United Kingdom, MK17 8EW 365 Haydock Lane, Saint Helens, Merseyside, United Kingdom, WA11 0UZ Building GT257, Interlink Way East , Bardon Hill, Coalville, Leicestershire, United Kingdom, LE67 1LB Unit A, Redditch Gateway, Coventry Highway, Redditch, West Midlands, United Kingdom, B98 9AY Skelton Moor Way, Leeds, West Yorkshire, United Kingdom, LS9 OPS Unit 2A, Iport Avenue, Doncaster, South Yorkshire, United Kingdom, DN11 OBF eee Stanley Matthews Way, Trentham Midlands, United Kingdom, ST4 8ZR Lancashire Business Park, Spurrier Street, Farington, Leyland, Lancashire, United Kingdom, PR26 6TU Grovehall Lane, Knottingley, Wakefield, West Yorkshire, United Kingdom, WF11 0AE Units 2 - 4, Access 23, Purley Way, 4-8 Queensway, Croydon, Surrey, United Kingdom, CRO 4BD Peterwood Way, Beddington Farm Rd, Croydon, Surrey, United Kingdom, CRO 4UQ Trojan Way, Croydon, Surrey, United Kingdom, CRO 4XL Weybridge Business Park, Weybridge, Surrey, United Kingdom, KT15 2UP Unit 5 B - Prologis 5 Park, Twelvetrees Crescent, Bromley-by-Bow, London, United Kingdom, E3 3JG 3 Southam Road, Banbury, Oxfordshire, United Kingdom, OX16 DJ 10 Brittain Way, Mossend, Holytown, Motherwell, Scotland, United Ki Kingdom, ML1 4XJ Glasgow Busines Business sP Park, Springhill Drive ae South, Baillieston, Glasgow, gow, Scotland, cotland, Uni United nited Kingdom, G69 pa 6GE Cherry Blossom W Way, ay, Sunderland, Washington, ? Ty Tyne ne and Wear Wear, : United . Kingdom, SR5 3QZ — ollingsb Follingsby Wear Lane, Gateshead, ee Tyne and Wear, ? North East, ast, Uni United ited : Kingdom, NE10 8YE Unit 1, Strategic P Park ark Comines Way, ee Hedge nd, d Southampton, ae United nited Ki Kingdom, 4DA Unit 8 8, ? Hounsdown Business Pp Park, ark, eu Bulls Copse Rd, Southampton, n, South outh East, United Kingdom, $040 S040 9LR Building GT257, Interlink Way E East , Bardon eicestershi Leicestershire, Hill, Coalville Coalville, United Unked eae Kingdom, LE67 Plot 8. East Mid Kegworth Derb y, East Midl idlands, : United Kingdom, DE74 2BB 523 New Hyth Lane, Invecta Riverside United Kingdom, Lancashire Business P ea Spumier Street. Farington, Lancashire, United Ki ingdom, PR26 7 nit 4 . ea Road. ex. ; nited . Kingdom, S514 9AA Unit 1 Southgate Way, Ort Southgate, Peterborough Cambridgeshire, United Ki ingdom, PE? 6YG Unit 3, 3 W Hill, , Cambridgeshire, United PE7 3AG Venus 110 Horh ouse Lane Industrial Park Kirkby nowsl sley , Merseyside, United Kinc dom, L33 7RR Knowsley Industrial Park, V ls 110 Hornhouse Ln nowsley, Liverpool , Merse United Kingdom, L33 33 FKL =r ills Business Park. Bankh cotland. ae United South Ki Kingdom, Edinburgh , EH11 nae +i U Poplar Avonmouth, ee Way East East, Bristol, st, Cabot ee Essex, Park United Kingdom, gdom, BS11 S11 0YH WA VVA316 Warehouse, Western Approach Business Glau Park, Park. Severn oe Beach each, South Gloucestershire, oucestershi Bist Bristol, Esse x, United Kingdom, BS35 4BR Unit it 1, Cairnrobin Commercial ° Park, als Portlethen, Aberdeen Aberdeen, cotland, Unit United ited Kingdom, AB12 ea a : Riverside Distribution Riverside Ave, Dundee Dundee, coe cotland, United Kingdom, , D DD2 DBD2 1UR Musgrave Channel R Road, Titanic Quater 6995 6996 Belf Belfast, ast, Ireland Ireland, . United K Kingdom, ingdom, BT BT3 9WA , Eien Mahon Portadown, Craigavon, Ireland, United Kingdom, BT62 3EH Pp — One, , Logic Leods Distribution istribution Park, Leeds, West Yorkshire. United Kinadom. LS9 OPS Unit 2, Wakefield, United sett, Kingdom, Yorkshire WF5 and the 9TJ Humber, Unit 2A, Iport Avenue, Doncaster, South Verkshira. lWnited Gnade DN11 OBE Stanley Matthews Way, Trentham Lakes, Stoke-on-Trent. West Midlands, United Kingdom, ST4 8ZR 2 Caley Close, Sweet Briar Road Industrial Estate, Norwich, East Anglia, United Kingdom, NR3 2BU Unit 7, Stirling Road, South Marston a ParkSwi Swindon, South West. est, U United Kingdom, SN3 4TJ = nit B, Saxon Ave, G Northampton, East United Kingdom Prologis Business Park, Nine A West Drayton, aa ingdom, UB7 9FN 7 Crabtree e M Manorway N,Belvedere, London, United Kingdom, DA17 6AS Unit 1 & 2, Mighty, Cray Avenue, Orpington, London, United g Kingdom, gdom BRS BR5 3RT 1D xe R g, We West Berkshi shire, tits United gd Kingdom, 0 135 Brunel e a le Reading, ing, West Bon Berkshire, h ire United Kin Kingdom, ado RG7 4PL L i n gs Kingswood Ha Rd,Hampton L Lovett Uni D Droitwich, Ra Worcestershire, shire, , Unit United Unite acm gdom, m, We WR9 9 0QH on St. aM Modwen ume = Pa Park, rk. R Reevesland eu nt nal sta Estate, Newport, South as es, s, U United ingd Kingdom, NP19 4Q 4QZ Z Unit 7 DC2 Prol Prologis, — ae Boscombe om be Road, , Du usta Dunstable, le B ord Bedfordshire, ir e, Unit United se Kingdom, gdo LUS U 4RW RW Uni ayt re U Pa rk Du edfordshi rdshi re Ire, i United ited : Kingdom, ai LUS5 6JH H 7 78 ond Stocki sclén Uri ckingswat ited swat gswater Ki erL ingd Ln, n om Enfi , Enfield, EN eld 37 R L U S Parl ni rk, ey: A10 Vie ic cers fi B nited ro Ki Die, ingd —— W sB usi oybridg bide 43 3 ( 3 mar Ho use nbu E sto ver ory out h Uni ited Kin 6 oy erR d Rom for d _ Gr a Ess ex ,U nited Ki ng do m 03 A L 33 Ti mes Ro ad Ba rkin Es se X, nited Kin gdom 1 Q p r Froxim ait a C ent ral A ve nee ‘United t ck. ra Es SEX ed ‘nad ingd om 20: 3W No yL n, Wi ittle m pto n, es Su 76CU Ki In gdo m, Soh Wal al es Di istri vou nc entre > nent g nd ustri ve M arga m 2 0 on alb as ale an nite d in SA 13 PE G ro efi el n Let es ty notti tin Yotshe ire, Uni ited Ki n ado m, W F "" E Uni nio Sq uar e,T raffo Pa rk, Fi h oye Aven inte ue , ot Str r etfo ae M an anc ch real es ter Uni ited ed Ki Kin in .M 17 1 TN 2 216 16 Joh n Mi tor iln eA Ay. ve in gs gsw Ww ay ? Ro chd hdale le es st t _ Uni nited ted Ki el gd dom 16 4N AN G U 2 Fai 3 ee ild R Roa 0 ad d,O © rege ga So u South, th arri Kingdon Gane den aA 0 Cheshire shi 32 = U ni nit ited ed gd AS 5 Uy Uni it F2 2, 8H H “United fot L K at ax ingdo, W 5 Bolt BLE , M an Marches es e ter, ° Ur ite ed m, L5 LS Q U Uni 1 St ra en Pa ark i Copth opthe Cathe, _ Cr le a en outh E Ea ast st , Ki om om, H1 03 3J JY i Uni _E ier Exe ter er G Ga Noe tew wa a y i Lond Uni Unite 0 Road oad Ex =x rN ort a h E at t, nited dl ingd m, ,E X5 x5 2 D 20 201 1 U p we nt oe S She he fi ffi eld So ou th Y 0 rk hi Tes ited ed Ki i ngd om, a , S4 8A SAL L Ki ah c 1 dom, W N ie on don ite d in 10 0U P 4 nah inane em na b ae L i nite in gdo m 1 On $3 & AJ Sh e U Lo an a rlis le u ia, Ur Kingd do m C AG 5 T P R etai W at W ane aL E Lo on, i ited. in ae _ ae 2 the Airf e nite Se ana D 2 2 W ale , ingd 0 = H5 PF — Seog A ght bolle G on ate Road Ww nite E ae el tip e ™ Pa ' B p ar cE Ind Ge stat N ew Po nth Cc aa all > ited ingd om TRI 16 HZ Park ea yal Hou se Val ingdom a S Tae ull nwa Il, nite d Ki d am US 5N Pp Bri ick yard an eN 8 rth Ferri rrib y, Y re ne the H um ber _U ni te vo rot gd om , HU 14 3H 5 a ot 4 _M u ow p ar 7 a y Tr ys ele y, no ir mi In ? ree ed Ki ingd om B = Mi idw a Elli iot tW ay P B oa gham Uni nit ited ed Ki In gd om m aa H ed Rad e raR Ro oad ad ; M 00 n if M 0 oat at N ort h, h eae ed di tc h WwW e Mi idl ial and d Uni Unit ited ed Ki n gd gdo 0 m m, 9 98 89 9 EY U Uni n it H1 2 id in t P Mi inw vo oth, th, rth Sut utt Suton Satin C Cail Gnade ol an . dV B76 idl idla Ss S, nl te d ° gd 1AF AF 23 aw Ww a me a Par a k, k u tt te stot ort ioe Eas j land ds 5 , Uni n ite ited d gd 0 XR un i nited ed T Ki . we hird i ngd Av v om e,H arl CM en ow W, E 5A EAY MA We ex { ; 32 2 N Ne e ‘Gand av: va ae ee So E Ea st, U Uni d gdo om = O G S att rah e Unite We West, at P Poo 00 le 5 So ou uth st, ited ia Ki ngdo gdo m, m H1 16 Tn t3 Ne ae nd oad ae or R ae 0 mine ed =a d 22 OF J Pi acl oll ay Wa rey d. Esta irl Manchest e “er 8 FEI a y Boo 0 ed do 9B — 10 Man hield st els riv i ngd m or y a B Wa ame in ors 0 y neh A er, ole E ve nth Ave G ate sh ead e on Ty United ‘ned cre om NE 11 ony Sp eke H all In ial Est at eS pek a H all A ve pe ke, i iver p ool Unit King ad om _ (2 4 1 YH - Ic hem y Ww a y, Liv erp % ing do m ? L 33 7X N Uni n it 48 w ad R oth erh Yor Uni = 5 4 a ? Fri im ey Ca a 2 ing do m GUI 6 E —— W ch “WwW elwy yn G en y, Hi ord shi ,U n Ki iy, Kingdom, om AL? 1 1LT LT Uni Unit it 6, 0 Origin rigi gin Business Pp Park, Rains insf Rainsford or Rd, Won Wembley, L ond London, on U nit United ing Kingdom, dom NW10 wi0 07 7RS RS ae gis Pa rk Tw elv etre ° onde .B Gi ley -b Eas ondon. on 2 United ited Kingdom, E3 UG 3JG L Lee ee Rd Rd, Wi im Wimbledon, bled ant London, Uni United ite d Ki ingd Kingdom, a SW19 3WD WD ir 19 00 a 0 n, aaa United d Ki ngd Kingdom, B24 24 2 a vee Millennium iu mW Way, a y,L e Leeds, ed 3. W West est Yorkshire, shi ire JU nit United ed Ki ng Kingdom, do m LS11 ' 5A BAL L 7 75 5D Durham tha m S St, tG lasg Glasgow, 1 S Scotland, nd nit jee United ed Ki ing Kingdom, com G41 4 1AA 2-4 Talb Talbot mashes, Rd, d Far eh Fareham, am Ha Hampshire, shi re, nit United ed Kin Kingdom, gdom PO15 ‘ Uni Unit it 4 Inn OV. Innovation ation Wy Wy, Wo Woodhouse odhou se Mill, Sheffield, South Yorkshire, United Kingdom, $13 9AD Greenogue Business Park, Unit 527, Rathcoole, Dublin, Republic of Ireland, D24 XOON Northwest Logistics Park, Kilshane Avenue, Ballycoolin, Mitchelstown, Dublin, Republic of Ireland, D15 KXV0 Grange Upper, Annacotty Industrial Estate Limerick, Munster, Republic of Ireland. V94 V8D8 3 Boulevard Ney (19th), 3ieme Etage, Aubervilliers, Parislle-de- France, France, 75018",True,False,False,False,True,True,False
11_row_sortation_delivery_air,46,France,CDG7,,,,60300,591800,9,2020,,month,Inbound Cross Dock for Paris. :,"1 avenue Alain Boucher, Parc d'activites des Portes de Senlis, Garlic. France, 60300",False,False,False,False,False,False,False
11_row_sortation_delivery_air,47,,XCD1,,,,77380,,,,,none,IXD co-located with XFRS. Operated by 3PL GXO Logistics.,"50 Boulevard de Europe, Combs-la- villelle-de-France, France, 77380",False,False,False,False,False,True,False
11_row_sortation_delivery_air,48,France,XOR1,,,,77550,255600,,2022,,year,with Operated by 3PL GXO Logistics.,"Plot B, Parc d’activité de I'A5, Rue Denis Papin, Réaulle-de-France, France. 77550",False,False,False,False,False,False,False
11_row_sortation_delivery_air,49,=,CDG9,,,,69960,,,,,none,Sortation Center with co-located Delivery Station,"D16, Saint-Witz, Val-d'Oiselle-de- France, France, 69960",False,False,False,False,False,True,False
11_row_sortation_delivery_air,50,a,,,,,45520,,11,2016,,month,Sortation Center Included in,"150 rue des Vergers, Gidy, Loiret, France, 45520",False,False,False,False,False,True,False
11_row_sortation_delivery_air,51,France,,,,,59553,324500,,2017,,year,HEAL LU LILI,"2, Rue de la Plaine, Douai, Lauwin- Planque , Nord-Pas-de-Calais, France France, 59553",False,False,False,False,False,False,False
11_row_sortation_delivery_air,52,France,LYS8,,,,38290,354600,,2019,,year,Sortation Center,"91 Rue des Combes, Satolas-et- Bonce, Auvergne-Rh6éne-Alpes, France, 38290",False,False,False,False,False,False,False
11_row_sortation_delivery_air,53,France,LYS9,,,,69960,505000,,2020,,year,Sortation Sontation Center,"81 Rue Marcel Corbas, Auvergne-Rh6éne-Alpes, France, 69960",False,False,False,False,False,False,False
11_row_sortation_delivery_air,54,France,DNC1,,,,59262,129100,9,2017,,month,BVA9 is a Sortation Center. Nord and Pas-de-Calais regions.,"46 Rue de Corbeil, Lisses, lle-de- 1373 Rue des Hauts de Sainghin, Sainghin-en-Mélantois, Hauts-de- France. France, France. France, 59262 §9262",False,False,False,False,False,False,False
11_row_sortation_delivery_air,55,France,,,,,62210,,,2020,,year,Delivery Station for Lens. Sq ft is an estimate.,"1F Rue de l'Alouette, I'Alouette, Avion, Hauts- de-France, France, 62210",False,False,False,False,True,False,False
11_row_sortation_delivery_air,56,,,,,,02430,,3,2022,,month,Delivery Station for Saint- Quentin.,"7 Av. de l'Europe, Gauchy, Hauts- de-France, France, 02430",False,False,False,False,False,False,False
11_row_sortation_delivery_air,57,France,DRQ1,,,,62110,69200,,2022,,year,: : Sais an estimate.,"Rte Courcelles Beaumont, Hénin- Beaumont, Hauts-de-France, France. France, 62110",False,False,False,False,False,False,False
11_row_sortation_delivery_air,58,France,DRQ5,,,,69400,33800,,2022,,year,on Sq ft is an estimate.,"1050 Av. de Lossburg, Anse, Auvergne-Rh6éne-Alpes, France, 69400",False,False,False,False,True,False,False
11_row_sortation_delivery_air,59,France,,,,,26800,32000,,2022,,year,Valence: 24 is an estimate.,"9 Rue Laurent de Lavoisier, Portes- Auvergne-Rhéne- Alpes, France, 26800",False,False,False,False,False,False,False
11_row_sortation_delivery_air,60,France,DRA7,,,,69960,61100,,2022,,year,yon is an estimate.,"81-83 Rue Marcel Meérieux, Corbas, Auvergne-Rhéne-Alpes, France, 69960",False,False,False,False,False,False,False
11_row_sortation_delivery_air,61,France,,,,,75018,43000,6,2016,,month,Delivery Station with 2-hour service for Food for Paris Port de,"5 Bd Ney, Paris, France, 75018",False,False,False,False,False,False,False
11_row_sortation_delivery_air,62,France,DIF2,,,,94380,150500,,2017,,year,la Chapelle Sector Paris Sector,"36 Rue du Moulin Bateau, Bonneuil- sur Marne, Val-de-Marne, France, 94380",False,False,False,False,False,False,False
11_row_sortation_delivery_air,63,France,DIF3,,,,78140,139900,9,2018,,month,Paris Sector,"3 Rue Marcel Dassault, Vélizy- Villacoublay, lle-de-France, France, 78140",False,False,False,False,False,False,False
11_row_sortation_delivery_air,64,France,DIF4,,,,93150,107600,4,2017,,month,Paris Sector,"1 Rue Robert Brémond, Le Blanc- Mesnil, lle-de-France, France, 93150",False,False,False,False,False,False,False
11_row_sortation_delivery_air,65,France,DIF8,,,,77550,66000,,2022,,year,Delivery Station for Southeast Paris Sector,"Parc d'activité de Chanteloup, Batiment 8A, Moissy-Cramayel, de-France, France, 77550",False,False,False,False,False,False,False
11_row_sortation_delivery_air,66,France,,,,,69960,,,2021,,year,Delivery Station for Northeast Paris SE Sector. Sq Ft included CDG9.,"ee ieee France, France, 69960",False,False,False,False,False,False,False
11_row_sortation_delivery_air,67,,,,,,67100,53800,8,2017,,month,in Delivery Station for Strasbourg,"9 Rue Livio, Strasbourg, Grand Est region, France, 67100",False,False,False,False,False,False,False
11_row_sortation_delivery_air,68,France,DAO2,,,,90150,118400,7,2021,,month,Delivery Station for Metz Delivery Station for Fontaine Region,"171 Route de Thionville, Woippy, 120 Z de l'Aéroparc, Fontaine, Belfort, Bourgogne-Franche-Comté, France, 90150",False,False,False,False,False,False,False
11_row_sortation_delivery_air,69,France,,,,,68490,176100,,2022,,year,Delivery Station for Mulhouse.,"40 Rue du Jura, Ottmarsheim, Bourgogne-Franche-Comte, France, 68490",False,False,False,False,False,False,False
11_row_sortation_delivery_air,70,,,,,,31100,,9,2017,,month,Delivery Station for Toulouse Sud.,"124 Route d'Espagne, Langlade, Toulouse, Occitanie, France, 31100",False,False,False,False,False,False,False
11_row_sortation_delivery_air,71,France,DLP4,,,,66600,53800,,2022,1,quarter,Delivery Station for Perpignan.,"3 Av. Jacques de Vaucanson, Rivesaltes, Occitanie, France, 66600",False,False,False,False,False,False,False
11_row_sortation_delivery_air,72,France,DWP1,,,,13320,118400,12,2017,,month,Delivery Station for Toulouse Delivery Station for Marseille.,"21 Av. du Girou, Villeneuve-lés- Rue Paul Ricard, Bouc-Bel-Air, Provence-Alpes-Céte Provence-Alpes-Cate d'Azur, France, 13320",False,False,False,False,False,False,False
11_row_sortation_delivery_air,73,France,DWP7,,,,13015,10400,,2022,,year,Delivery Station for Marseille.,"522 Chem. de la Madrague-Ville, Marseille, Provence-Alpes-Céte d'Azur, France, 13015",False,False,False,False,False,False,False
11_row_sortation_delivery_air,74,France,DWP8,,,,83140,20000,,,,none,Delivery Station for Toulon,"ww 34 Rue eae de em l'Avenir, eee meee Six-Fours-les- Le Plages, Provence-Alpes-Cate d'Azur, France, 83140",False,False,False,False,False,False,False
11_row_sortation_delivery_air,75,France,DAR1,,,,69800,65600,,2018,,year,Delivery Station for Lyon,"913 av des Temps Moderne, Saint- Priest, Auvergne-Rhone-Alpes, France, 69800",False,False,False,False,False,False,False
11_row_sortation_delivery_air,76,France,DAR2,,,,74600,,10,2020,,month,Delivery Station for Annecy,"8 Chemin de Branchy 6, Seynod, Auvergne-Rh6éne-Alpes, France, 74600",False,False,False,False,False,False,False
11_row_sortation_delivery_air,77,France,,,,,42290,77800,,2022,,year,Delivery Station for Saint-Etienne ;,"22 Rue de la Mollanche, Sorbiers, Auvergne-Rh6éne-Alpes, France, 42290",False,False,False,False,False,False,False
11_row_sortation_delivery_air,78,France,DWL1,,,,21600,114100,,2022,2,quarter,Delivery Station for Nantes. Delivery Station for Dijon.,"Carquefou, France, Carquefou, aioe 8 Rue du 19 Mars 1962, Longvic, Bourgogne-Franche-Comte, France, 21600",False,False,False,False,False,False,False
11_row_sortation_delivery_air,79,France,DAC2,,,,64160,,10,2021,,month,Delivery Station for Pau Region.,"Z.A Berlanne, Rue de l'Ayguelongue, Morlaas, Nouvelle- Aquitaine, France, 64160",False,False,False,False,False,False,False
11_row_sortation_delivery_air,80,,DAC9,,,,33530,20000,,2023,,year,Delivery Station for Bordeaux Delivery Station for Bordeaux.,"Douanes Francaises, Bruges, 5 Quai Alfred de Vial, Bassens, Bordeaux. France. 33530",False,False,False,False,False,False,False
11_row_sortation_delivery_air,81,,DWB2,,,,29510,57000,,,,none,Delivery Station for Brest Region.,"Z Nord 6 des Pays Bas, Briec, Bretagne, France, 29510",False,False,False,False,False,False,False
11_row_sortation_delivery_air,82,,DWB9,,,,35000,40000,,2023,,year,Delivery Station for Rennes.Co- heavy/Bulky : Delivery,"35 Av. Chardonnet, Rennes, Bretagne, France, 35000",False,False,False,False,False,False,False
11_row_sortation_delivery_air,83,France,DAW3,,,,63460,39000,,2023,,year,tation. Delivery Station ENE for Clermont- EEE Ferrand.,"Route D19, EY, Combronde, Bretagne, iw, France, 63460",False,False,False,False,False,False,False
11_row_sortation_delivery_air,84,France,DND1,,,,76800,90000,,,,none,ee Station for Rouen and Ee gen regions.,"Chemin du, Rue du Petit Champ, Saint-Etienne-du-Rouvray, Normandy, France, 76800",False,False,False,False,False,False,False
11_row_sortation_delivery_air,85,France,DND2,,,,14370,60300,5,2022,,month,Delivery Station for Caen Region.,"Les Grandes Carriéres, Moult- Chicheboville, Normandy, France, 14370",False,False,False,False,False,False,False
11_row_sortation_delivery_air,86,France,DWV1,,,,45140,122900,,2019,,year,|e Iver for Tours and Le Mans.,"9 Rue de Monbary, Ormes, Centre-Val de Loire, France, 45140",False,False,False,False,False,False,False
11_row_sortation_delivery_air,87,France,DWV9,,,,37700,18700,,2022,,year,Delivery Station for Tours.,"79 Rue des Ateliers, Saint-Pierre- des-Corps, Centre-Val de Loire, France, 37700",False,False,False,False,False,False,False
11_row_sortation_delivery_air,88,Germany,UDE1,,,,10789,26900,5,2016,,month,Amazon Fresh Hub for Berlin,"Ku'damm Karree, Kurflirstendamm, Kurfiirstendamm, Berlin-Charlottenburg, Germany, 10789",False,False,False,False,False,False,False
11_row_sortation_delivery_air,89,Germany,UDE6,,,,13507,,,2018,,year,Amazon Fresh Hub for Berlin's Reinickendorf district. Sq Ft,"Afi ited Reinickendorf, : Borsigiurm ely 100, Germany, z : 13507 3607",False,False,False,False,False,False,False
11_row_sortation_delivery_air,90,Germany,UMU1,,,,81677,65200,,2018,,year,included in BER6. BERG. Amazon Fresh Hub for Munich,"Se ied Bavaria Germany, 81677",False,False,False,False,False,True,False
11_row_sortation_delivery_air,91,Germany,UHA1,,,,22525,41000,,2021,,year,Amazon Fresh Hub for Hamburg.,"156, Germany, 22525",False,False,False,False,False,False,False
11_row_sortation_delivery_air,92,Germany,DTM2,,,,44145,,,2018,,year,Inbound Cross Dock Facility built on a former steel production,"4, Rhine-Westphalia, Germany, 44145",False,False,False,False,False,False,False
11_row_sortation_delivery_air,93,German,EDE4,,,,58368,4484900,9,2010,,month,site (Hoesch AG). EDE4 opened in 2010 as is a Non-Sortable fulfillment center and was converted to a Delivery Center in 2018. EDE5 opened,"Wahrbrink 25/23, Werne, North Rhine-Westphalia, Germany, 58368",False,False,False,False,False,False,False
11_row_sortation_delivery_air,94,Germany,XSC1,,,,67661,430400,,,,none,in 2011 and is an inbound sortation center (IXD). XSC1 is a 3PL Operated non,"Hans-Geiger-Strasse 7, Kaiserslautern, Rhineland- Palatinate, Germany, 67661",False,False,False,False,False,False,False
11_row_sortation_delivery_air,95,,,,,,38350,,8,2022,,month,XDEQ is a 3PL operated sortation center.,"Zur Alten Molkerei 1, Helmstedt, Lower Saxony, Germany, 38350",False,False,False,False,False,False,False
11_row_sortation_delivery_air,96,Germany,,,,,04435,215200,,,,none,ps,"8, Leipzig/Halle Airport, Schkeuditz, Saxony, Germany, 04435",False,False,False,False,False,False,False
11_row_sortation_delivery_air,97,Germany,CGN9,,,,41541,352000,9,2018,,month,Sortation Center,"Grabenfeldstraf&e 1, Garbsen, Diisseldorfer Str. 118, Dormagen, North Rhine-Westphalia, Germany, 41541",False,False,False,False,False,False,False
11_row_sortation_delivery_air,98,Germany,DTM8,,,,47809,269000,,2017,,year,Sortation Center,"An der Romerschanze 19, Krefeld, North Rhine-Westphalia, Germany, 47809",False,False,False,False,False,False,False
11_row_sortation_delivery_air,99,cay,DTM9,,,,58454,236700,11,2021,,month,Automated Sortation Center,"30, Witten, North Rhine-Westphalia, Germany, 58454",False,False,False,False,False,False,False
11_row_sortation_delivery_air,100,Germany,MUC9,,,,86836,67600,9,2020,,month,aie campus as MUC3 operated by DHL,"10, Eggolsheim, PP Zeppelinstrasse 8, Graben, Bavaria Germany, 86836",False,False,False,False,False,False,False
11_row_sortation_delivery_air,101,Germany,MHG9,,,,63081,75000,10,2021,,month,3PL Sortation Center for Frankfurt Region. Sq Ft is an estimate.,"Ossenheimer Strafe 7, Kleinostheim, Bavaria Germany, 63081",False,False,False,False,True,False,False
11_row_sortation_delivery_air,102,cay,,,,,64331,,8,2021,,month,Sortation Center for Kassel 3PL Sortation Center operated by ID Logistics,"Mainzer Strafe 35, Gernsheim, Otto-Hahn-Strae 3, Wolfhagen, Max-Planck-StraBe 6, Weiterstadt, Hessen, Germany, 64331",False,False,False,False,False,False,False
11_row_sortation_delivery_air,103,Germany,,,,,13507,,,,,none,BER6 is Sortation Center; DBE1 is a delivery station; UDE1 is Amazon Fresh/Prime for the,"Am Borsigturm 100, Reinickendorf, Tegel, Berlin, Germany, 13507",False,False,False,False,False,False,False
11_row_sortation_delivery_air,104,cay,UDE6,,,,06184,69900,,,,none,se Reinickendoff Sead district. Sortation Center for Berlin Sortation Center for Halle Region.,"Am Mollenpfuhl 2, Schénefeld, Orionstrae 4, Kabelsketal, Saxony, Germany, 06184",False,False,False,False,False,False,False
11_row_sortation_delivery_air,105,Germany,RLG1,,,,18196,200000,,2024,1,quarter,Sortation Center for Rostock Region. Sq Ft is an estimate. Delayed Project.,"Gewerbepark Ostsee, Dummerstorf, Mecklenburg- Vorpommern, Germany, 18196",False,True,False,False,True,False,False
11_row_sortation_delivery_air,106,cece,,,,,85435,78500,,2023,,year,Sortation : Center for Munich.,"Am Kletthamer Feld 26, Erding- West, Bavaria, Germany, 85435",False,False,False,False,False,False,False
11_row_sortation_delivery_air,107,Germany,DMU1,,,,82140,66500,,2015,,year,Delivery Station for Munich,"Gewerbering 11, Multi Park 2 Olching, Halle 2, Kapellenweg 17, Bavaria, Germany, 82140",False,False,False,False,False,False,False
11_row_sortation_delivery_air,108,Germany,,,,,81677,,,2007,,year,Delivery Station and Amazon Fresh Hub for Munich,"Grasbrunner Strafe 18, Daglfing Munchen, Bavaria, Germany, 81677",False,False,False,False,False,False,False
11_row_sortation_delivery_air,109,,,,,,85368,,11,2020,,month,Delivery Station for Moosberg Region,"Degernpoint 7, Moosburg an der Isar,, Bavaria, Germany, 85368",False,False,False,False,False,False,False
11_row_sortation_delivery_air,110,,DMU5,,,,85748,34400,5,2022,,month,: Delivery Station for Munich North,"Dieselstrafe 32, Garching bei Manchen, Bavaria, Germany, 85748",False,False,False,False,False,False,False
11_row_sortation_delivery_air,111,Germany cron),DBE1,,,,12107,146200,6,2018,,month,DBE‘1 is a Delivery Station for Berlin's Reinickendorf district. Sq Ft included in BER6. Delivery Station : for Berlin,"See eee Porschestrafge 2-20, Berlin, Germany, 12107",False,False,False,False,False,True,False
11_row_sortation_delivery_air,112,Germany,DBE3,,,,15366,125900,,2020,,year,Region,"DigitalstraRe 2-6, P3 Logistic Park, Hoppegarten, Brandenburg, Germany, 15366",False,False,False,False,False,False,False
11_row_sortation_delivery_air,113,,,,,,65479,,10,2017,,month,Delivery Station for East Berlin. Delivery Station for Mainz/Frankfurt,"Burknersfelder Birknersfelder Str. 13, Berlin, Tiberstraf&e 2 Raunheim-Ménchhof , Hessen, Germany, 65479",False,False,False,False,False,False,False
11_row_sortation_delivery_air,114,oe,,,,,34593,,,,,none,"Delivery Station for Kassel, Géttingen, Marburg. Phase 1.","Schilfwiese, Knillwald, Hessen, Germany, 34593",False,False,False,False,False,False,False
11_row_sortation_delivery_air,115,Germany,DHE4,,,,61381,75000,,2021,4,quarter,Delivery Station for Bad Homburg Region. Sq Ft is an estimate.,"Max-Planck-Strae 34, Friedrichsdorf, Hessen, Germany, 61381",False,False,False,False,True,False,False
11_row_sortation_delivery_air,116,Germany,DHE6,,,,64331,90300,8,2022,,month,Delivery Staton fon Darmstadt Region.,"2-4, Weiterstadt, Hessen, Germany, 64331",False,False,False,False,False,False,False
11_row_sortation_delivery_air,117,Germany rary,,,,,34593,64600,10,2019,,month,Delivery Station for Kassel. Phase 2 Expansion.,"Schilfwiese, Knillwald, Hessen, Germany, 34593",False,False,False,False,False,False,False
11_row_sortation_delivery_air,118,Germany,,,,,68642,41300,,2020,,year,Delivery Station for Burstadt area.,"IndustriestraRe 16, Burstadt, Hessen, Germany, 68642",False,False,False,False,False,False,False
11_row_sortation_delivery_air,119,rary,,,,,63505,,,,,none,Delivery Station for Langenselbold/Hanau area.,"Am Weiher 8, Langenselbold, Hessen, Germany, 63505",False,False,False,False,False,False,False
11_row_sortation_delivery_air,120,Germany,DFQ9,,,,72411,12900,,2020,,year,Delivery Station for Hockenheim Deli Hechinasn area. Sq Ft is an estimate.,"Gleisstrafe 1, Hockenheim, Baden- Marc-Cain-Allee 21, Bodelshausen, Baden-Wirttemberg, Germany, 72411",False,False,False,False,True,False,False
11_row_sortation_delivery_air,121,Germany,,,,,61209,91500,,2025,,year,station Bad Nauheim Region. Deliver to 100 KM radius. Project on hold by,"Bundesstrabe 455, Grund- Schwalheim, Echzell, Hessen, Germany, 61209",False,False,False,False,False,False,False
11_row_sortation_delivery_air,122,Germany,,,,,68519,407600,,2025,,year,court order. Delivery Station for Viernheim region.,"Viernheim, Hessen, Germany, 68519",False,False,False,False,False,False,False
11_row_sortation_delivery_air,123,Germany,DCQ2,,,,59192,50200,,2020,,year,Deli Station for Berak area.,"Industriestra&e 20, Bergkamen, North Rhine-Westphalia, Germany, 59192",False,False,False,False,False,False,False
11_row_sortation_delivery_air,124,rary,DCQ3,,,,40721,41500,,2020,,year,Delivery Station for Hilden.,"Westring 3, Hilden, North Rhine- Westphalia, Germany, 40721",False,False,False,False,False,False,False
11_row_sortation_delivery_air,125,Germany,DCQ4,,,,50226,33000,,2020,,year,ry ir 9 W est area.,"Gottlieb-Daimler-StraBe, Frechen, North Rhine-Westphalia, Germany, 50226",False,False,False,False,False,False,False
11_row_sortation_delivery_air,126,,DCCQ7,,,,80939,37700,,2021,,year,Delivery Station for Munich North area.,"Ingolstadter Str. 172, Munchen, Bavaria, Germany, 80939",False,False,False,False,False,False,False
11_row_sortation_delivery_air,127,Germany,,,,,85586,,,2021,,year,Delivery Station for Munich East area.,"Schlemmer GmbH, Gruber Str. 48, Poing, Bavaria, Germany, 85586",False,False,False,False,False,False,False
11_row_sortation_delivery_air,128,Germany,,,,,44807,89300,3,2017,,month,Delivery Station for Dortmund/Essen/Disseldorf/Wup pertal Region :,"Meesmannstrage Meesmannstrae 101/106, Bochum, North Rhine-Westphalia, Germany, 44807",False,False,False,False,False,False,False
11_row_sortation_delivery_air,129,on,DNW2,,,,50769,100000,,2018,,year,: Delivery Station for Kéln Region,"Marconistrae 10 North Rhine-Westphalia, Germany, 50769",False,False,False,False,False,False,False
11_row_sortation_delivery_air,130,Germany,,,,,40221,117000,,2019,,year,ee SE SE a = Region egen,"Am Fallhammer 27 Dusseldorf, North Rhine-Westphalia, Germany, 40221",False,False,False,False,False,False,False
11_row_sortation_delivery_air,131,Germany,DNW4,,,,47059,113000,,2019,,year,3 egion,"Am Blumenkampshof 80 Duisburg, North Rhine-Westphalia, Germany, 47059",False,False,False,False,False,False,False
11_row_sortation_delivery_air,132,Germany,DNW6,,,,53881,77200,,2020,,year,Delivery Station for Troisdorf g,"Ziindorfer Weg 5 Troisdorf, North Procter-und-Gamble-StraBe, Euskirchen, North Rhine- Westphalia, Germany, 53881",False,False,False,False,False,False,False
11_row_sortation_delivery_air,133,,DNW8,,,,45141,161400,,2020,,year,Delivery Station for Eschweiler Delivery Station for Essen Region,"Alte Rodung 20, Eschweiler, North Pferdebahnstrafge 40, Essen, North Rhine-Westphalia, Germany, 45141",False,False,False,False,False,False,False
11_row_sortation_delivery_air,134,Germany,DNW9,,,,33719,64600,,2020,,year,Bevery an UIE Oldentrup Region,"Teltower Str. 15, Bielefeld- Oldentrup, North Rhine-Westphalia, Germany, 33719",False,False,False,False,False,False,False
11_row_sortation_delivery_air,135,ay,,,,,59425,,,,,none,Delivery Station for Dortmund/Unna Region,"Formerstrafge 8, Unna, North Rhine- Westphalia, Germany, 59425",False,False,False,False,False,False,False
11_row_sortation_delivery_air,136,,,,,,42389,,,,,none,Delivery Station for Wuppertal/Dusseldorf Region,"12, Wuppertal, North Rhine-Westphalia, Germany, 42389",False,False,False,False,False,False,False
11_row_sortation_delivery_air,137,cron),,,,,57462,,,,,none,Delivery Station for region East of Cologne.,"Eisenstra&e 2Wenden, North Rhine- Westphalia, Germany, 57462",False,False,False,False,False,False,False
11_row_sortation_delivery_air,138,Samay,,,,,47906,,,,,none,Delivery Station for Kempen Region,"Industriering O 93, Kempen, North Rhine-Westphalia, Germany, 47906",False,False,False,False,False,False,False
11_row_sortation_delivery_air,139,,DNX6,,,,48488,53200,,2020,3,quarter,Delivery Station for Paderborn Delivery Station Schittorf Region,"17, Paderborn, North DarwinstraBe 1, Emsbiiren, Lower Saxony, Germany, 48488",False,False,False,False,False,False,False
11_row_sortation_delivery_air,140,,,,,,44145,,,,,none,Delivery Station for Aachen / Delivery Station for Dortmund region. Sq Ft is an estimate.,"Avantisallee 101, Aachen, North Walzwerkstrae, Dortmund, North Rhine-Westphalia, Germany, 44145",False,False,False,False,True,False,False
11_row_sortation_delivery_air,141,Germany,DNM1,,,,31515,166800,,,,none,Delivery Station for Bramsche ee ee,"Igels Sand 10, Bramsche, Lower Adolf-Oesterheld-StraBe 32, Wunstorf, Hanover, Lower Saxony, Germany, 31515",False,False,False,False,False,False,False
11_row_sortation_delivery_air,142,Germany,,,,,36268,,,,,none,Delivery Station Brunswick Region,"Maria-Agnesi-Strae10, Lengede, Lower Saxony, Germany, 36268",False,False,False,False,False,False,False
11_row_sortation_delivery_air,143,Germany,DNM6,,,,49661,269000,,2020,3,quarter,Delivery Station for Emden Deli Station Station for Cl Gloppenburg b Region,"lV. Polderweg 18, Emden, Lower Brookweg 56, Emstekerfeld, Cloppenburg, Lower Saxony, Germany, 49661",False,False,False,False,False,False,False
11_row_sortation_delivery_air,144,ny,DNM7,,,,26419,90000,2,2021,,month,Delivery Station for Wilhelmshaven Region. Sq Ft is,"Im Jade-Weser-Park, Schortens, 26419",False,False,False,False,False,False,False
11_row_sortation_delivery_air,145,cron,,,,,31319,,,,,none,an estimate. Delivery Station for Hanover- Sehnde Region.,"Gretlade 1Hanover-Sehnde, Lower Saxony, Germany, 31319",False,False,False,False,False,False,False
11_row_sortation_delivery_air,146,Germany,DHB1,,,,28197,133400,,2020,,year,Delivery Station for Bremen Delivery Station for Bremen Region,"Amerikaring 2Bremerhaven, Erich-Kthlmann-Stra&e 9, Bremen, Germany, 28197",False,False,False,False,False,False,False
11_row_sortation_delivery_air,147,ny,,,,,28876,,,,,none,"Delivery Pues Station a? r for rT, Bremen Region. Delayed Opening.","A An d. A Autobahn , oT 29-33, ~*~ Oyten, Lower Saxony Germany, 28876",False,True,False,False,False,False,False
11_row_sortation_delivery_air,148,coy,,,,,38350,,,,,none,Delivery Station for Helmstedt Region. Sq Ft is an estimate.,"Helmstedt, Lower Saxony, Germany, 38350",False,False,False,False,True,False,False
11_row_sortation_delivery_air,149,Germany,DBW1,,,,68229,129100,,2018,,year,Seon Heidelberg and Ludwigshafen,"Steinzeugstra&e, Mannheim- Friedrichsfeld, Baden-Wirttemberg, Germany, 68229",False,False,False,False,False,False,False
11_row_sortation_delivery_air,150,Germany,DBW5,,,,79108,48500,,2020,,year,: : stalion Breisgau Region,"Blankreutestrafe 2, Freiburg im Breisgau, Baden-Wirttemberg Germany, 79108",False,False,False,False,False,False,False
11_row_sortation_delivery_air,151,Germany,DBW6,,,,71069,55000,,2021,,year,eae district,"Am Buchental 9, Sindelfingen, Baden-Wirttemberg Germany, 71069",False,False,False,False,False,False,False
11_row_sortation_delivery_air,152,Germany,DBW8,,,,88605,119400,,2020,4,quarter,Deli Station for Lak Constance Region.,"Tuttlinger Str. 6/1, Baden-Wiurttemberg, Germany, 88605",False,False,False,False,False,False,False
11_row_sortation_delivery_air,153,Germany,DSQ6,,,,30851,27200,12,2021,,month,Delivery Station for Mullheim Delivery Station for Herrenberg Delivery ry Station for Hanover North area.,"Otto-Hahn-Strae 15, Neuenburg 6, Herrenberg, Baden- Langenhagen, Lower Saxony, Germany, 30851",False,False,False,False,False,False,False
11_row_sortation_delivery_air,154,Germany,DSQ3,,,,77815,51400,,2022,,year,Deli ch: Station for H b area.,"2, Buhl, Baden-Wiurttemberg, Germany, 77815",False,False,False,False,False,False,False
11_row_sortation_delivery_air,155,conmany,DHH1,,,,24568,96800,,,,none,Delivery Station for Hamburg ee Delivery Station eee North ee Hamburg ne Region g,"antag Hamburg, ee Kirchenweg 2, eee Kaltkirchen-Nitzen, ee Schleswig-Holstein Germany, y 24568",False,False,False,False,False,False,False
11_row_sortation_delivery_air,156,Germany,DHH3,,,,93843,107600,,2021,,year,Bevery aon fone ead Oldesloe esloe region.,"Teichkoppel 1, Bad Oldesloe, Schleswig-Holstein, Germany, 3843 93843",False,False,False,False,False,False,False
11_row_sortation_delivery_air,157,Germany,DTH1,,,,99195,236700,9,2019,,month,iransshipment Region een,"5, Erfurt- Stotternheim, Thuringia, Germany, 99195",False,False,False,False,False,False,False
11_row_sortation_delivery_air,158,Germany,DSH4,,,,24794,83900,6,2020,,month,ee sca eae OO Region. egen:,"Winkelhérner Weg 3, Borgstedt, Rendsburg, Schleswig-Holstein, Germany, 24794",False,False,False,False,False,False,False
11_row_sortation_delivery_air,159,¥,,,,,86368,,,2020,4,quarter,Delivery Station for Nurnberg Delivery Station for Augsburg Region.,"Bremer Str. 105, Niirnberg, Bavaria, 15, Gersthofen, Bavaria, Germany, 86368",False,False,False,False,False,False,False
11_row_sortation_delivery_air,160,cron) Germany,DBY3,,,,96178,72100,,2021,4,quarter,Delivery Station for Ulm Region. Delivery Station for Nurnberg ter Pommersfelden Region.,"Beuthener Str. 43, Nurnberg, Gewerbegebiet Limbach 14, Pommersfelden, Bavaria, Germany, 96178",False,False,False,False,False,False,False
11_row_sortation_delivery_air,161,Germany,,,,,95445,30000,,,,none,Delivery Station for Nittenau Delivery Station for Bayreuth Region.,"Waltenrieder Str. 11, Nittenau, Am, Logistikpark 1, Bayreuth, Bavaria, Germany, 95445",False,False,False,False,False,False,False
11_row_sortation_delivery_air,162,Germany,DBX8,,,,89537,62400,,2022,3,quarter,Delivery Station for Oerlenbach Delivery Station for g Gienaenvan der 9,"An der Heide 8, Oerlenbach, Am Tannenwald 3, Giengen an der Brenz, Baden-Wirttemberg, Germany, 89537",False,False,False,False,False,False,False
11_row_sortation_delivery_air,163,Genrealy,,,,,94315,102200,,,,none,Delivery Station for Straubing region,"Europaring 41, Straubing, Bavaria, Germany, 94315",False,False,False,False,False,False,False
11_row_sortation_delivery_air,164,German,DBB1,,,,14542,96800,,2019,,year,Delivery Station for Potsdam West Region,"Am Magna Park 2, Werder, Havel, Brandenburg, Germany, 14542",False,False,False,False,False,False,False
11_row_sortation_delivery_air,165,,,,,,56566,,7,2020,,month,Delivery Station for Region North of Koblenz,"Rudolf-Diesel-Strae 2, Neuwied, Rhineland-Pfalz, Germany, 56566",False,False,False,False,False,False,False
11_row_sortation_delivery_air,166,,,,,,54311,,,,,none,Delivery Station for the Trier Region. Sq Ft is an estimate.,"DrosselstrafSe 1, Trierweiler, Rhineland-Pfalz, Germany, 54311",False,False,False,False,True,False,False
11_row_sortation_delivery_air,167,Germany,DRP4,,,,55459,162300,,2020,,year,SE Gs,"Albert-Schweitzer-StraBe 3, Grolsheim, Rhineland-Pfalz. Germany, 55459",False,False,False,False,False,False,False
11_row_sortation_delivery_air,168,Germany,DRP5,,,,67661,47800,,,,none,iter Station _,"Marie-Curie-StraBe 6, Kaiserslautern, Kalsersiautern, Rhineland- Rninelana- Palatinate, Germany, 67661",False,False,False,False,False,False,False
11_row_sortation_delivery_air,169,,,,,,67227,,,,,none,Delivery Station for Frankenthal Region near Mainz,"4, Frankenthal, Rhineland-Pfalz, Germany, 67227",False,False,False,False,False,False,False
11_row_sortation_delivery_air,170,Germany,DRP9,,,,66877,118400,,2021,,year,station for Region around Ramstein-Miesenbach,"IndustriestraRe 2, Ramstein- Miesenbach, Rhineland-Palatinate, Germany, Germany. 66877",False,False,False,False,False,False,False
11_row_sortation_delivery_air,171,Germany,DSY1,,,,04435,102200,,2021,3,quarter,Deli Delivery ely ci Station Station for Leipzi p2ig region.,"20, Schkeuditz, Saxony, Germany, 04435",False,False,False,False,False,False,False
11_row_sortation_delivery_air,172,ae,PSY2,,,,01561,968200,1,2020,,month,Delivery Station North of Dresden,"Am Mart, Germany, Lampertswalde, Meissen, Saxony, Germany, 01561",False,False,False,False,False,False,False
11_row_sortation_delivery_air,173,cron),DSY5,,,,04356,215200,,2020,4,quarter,Delivery Station for Leipzig. ss,"Am alten Flughafen 1, Leipzig, Saxony, Germany, 04356",False,False,False,False,False,False,False
11_row_sortation_delivery_air,174,,,,,,37154,,,,,none,Delivery Station for region East Delivery Station for Gottingen Region.,"Intersection of A7 and A2, Lehrte, Stirlingswiesen, Northeim, Saxony, Germany, 37154",False,False,False,False,False,False,False
11_row_sortation_delivery_air,175,cron,DSU1,,,,66333,134200,,2021,,year,Delivery Station for — Vélklingen.,"Kurt-Nagel-Stra&e 6, Valklingen, Saarland, Germany, 66333",False,False,False,False,False,False,False
11_row_sortation_delivery_air,176,cron),DAH1,,,,39126,69200,,2021,,year,Delivery Station for Magdeburg.,"Stegelitzer Str. 10a, Magdeburg, Saarland, Germany, 39126",False,False,False,False,False,False,False
11_row_sortation_delivery_air,177,Germany,DMV1,,,,18146,80000,9,2021,,month,Delivery Station for region. Sq Ft is,"Zim Rostock, Mecklenburg- Vorpommern, Germany, 18146",False,False,False,False,False,False,False
11_row_sortation_delivery_air,178,Germany,DMV3,,,,17034,101100,,2021,,year,Neubrandenburg : region.,"Am Kamp 2, Neubrandenburg, Mecklenburg-Vorpommern, Germany, 17034",False,False,False,False,False,False,False
11_row_sortation_delivery_air,179,Germany,HSN1,,,,06126,69900,,2021,3,quarter,Heavy/Bulky Delivery Station for Leipzig for products 60 to 300,"Porphyrstrafe 8 , Halle, Saale, Saxony, Germany, 06126",False,False,False,False,False,False,False
11_row_sortation_delivery_air,180,Germany,HSB1,,,,66459,12800,,2021,3,quarter,pounds. Heavy/Bulky Delivery Station for Homburg for products 60 to 300,"ees : Saarland, Germany, 66459",False,False,False,False,False,False,False
11_row_sortation_delivery_air,181,Austria gute : Austria ; Austria ite Netherlands me othorlande jg Belgium : oe : oe Italy,DVI1,,,,16122,105400,10,2024,,month,pounds. Amazon.Fresh and Delivery Station for Vienna; Includes Automated Miniload System Delivery Station for Liesing- Vienna. Delivery Station for Simmering- Vienna. Sq ft is an estimate. Delivery Station for Klagenfurt. Delivery Graz Delivery Station for Linz : Delivery Station : for Linz Delivery Station for Salzburg. Delivery Station for Vienna. Delivery Station for Amsterdam/Rozenburg Schipholam region (50 KM radius). : Delivery Station for Eastern Halland Delivery Station for Antwerp. 5- Storey parking lot structure as wail Delivery Station for Brussels. Delivery Station for Brussels. : Delivery Station for Brussels. Delivery Station for Brussels. Delivery Station for Brussels. Delivery Station for Brussels. First IXD facility for Italy,"Julius Raab 26, Wein, Mistelbach, Austria, 2203 Perfektastrae 71, Liesing , Wein, Austria, 1230 70, Simmering, Wein, Austria, 1110 Walter-Tollinger-StraBe 1, 9020 Klagenfurt am Worthersee, Austria, Klagenfurt, Worthersee, 8 Carinthia, Austria, 9020 VGP Park Graz, Halle C, Premstatten, Styria, Austria, 8141 Industriestrae Industriestra&e 21, Ansfelden, Oberdsterreich Oberésterreich . Austria. 4053 Am Kirchenholz 4, Hérsching, Oberdsterreich . Austria. 4063 Gewerbegebiet N 5, Stra walchen, Salzburg, Austria, 5204 Lilienfelder Str. ot 4, St. ot. Polten, Potten; Wein, Wein; Austria, 3100 Mactanweg 3, Pudongweg, Rozenburg, North Holland, The Netherlands, 1437 XL Business Park Twente, Newton, Almelo, Overijssel, Overissel, The Netherlands, 7609 Belgium, 2020 Schoondonkweg 16, Willebroek, Rue des Semailles 27, Flémalle, BrusselsBelgium, 4400 Z.4 Broekooi 170, Asse, BrusselsBelgium, 1730 Hoeikensstraat 50/52, Willebroek, Hartos Building, Forest, Brussels, Industrielaan 46, Schoten, Str. John Fitzgerald Kennedy, Spinetta Marengo, Alessandria, Italy, 16122",False,False,False,False,True,False,False
11_row_sortation_delivery_air,182,,UIT1,,,,20161,16100,11,2015,,month,Prime Amazon for Milano,"Via Aurelio Nicolodi, 10, Affori, Milano, Lombardy, Italy, 20161",False,False,False,False,False,False,False
11_row_sortation_delivery_air,183,Italy Italy,UIT2,,,,20090,46900,9,2024,,month,Prime Amazon for Roma for Torino: Torino; HPI7 is a Heavy/Bulky Delivery Station. Sortation Center for Lombardy,"Roma, Italy Via Enrico Mattei, 9Peschiera Borromeo, Lombardy, Italy20068 Str. _— Undicesima, ENE 7Rivalta di Neh Torino, Torino. Torino, Italy10040 ltaly10040 Via dell'Artigianato, 2, Rovido Industriale, Buccinasco, Milano, Lombardy, Italy, 20090",False,False,False,False,False,False,False
11_row_sortation_delivery_air,184,,,,,,24040,365800,,2018,3,quarter,Sortation Center for Milano region,"Via Gioacchino Rossini, Casirate Diadda, Bergamo, Italy, 24040",False,False,False,False,False,False,False
11_row_sortation_delivery_air,185,Italy,,,,,00054,860800,,2022,4,quarter,"Small Sortable. Project Downsized, Delayed and then cancelled.","Via Della Corona Boreale, 62, Vignole, Fiumicino, Lazio, Italy, 00054",False,True,True,False,False,False,False
11_row_sortation_delivery_air,186,Italy,BLQ8,,,,41057,430400,,2021,3,quarter,BLQ$ is a Fulfillment Center; IFCtlisa Sortation Center for,"Via Pelloni 5, San Rocco, Spilamberto, Modena, Italy, 41057",False,False,False,False,False,False,False
11_row_sortation_delivery_air,187,Italy,DPI3,,,,10144,126400,,2021,1,quarter,Modena region. Delivery Station for Torino West Delivery Station for Torino North Delivery Station for Turino West,"Viale Mahatma Gandhi, 25, Via Torino, 331, Brandizzo, Torino, Corso Canonico Giuseppe Allamano, Grugliasco, Torino, Italy, 10144",False,False,False,False,False,False,False
11_row_sortation_delivery_air,188,,,,,,15121,,,2022,,year,"Delivery Station for Alessandria, Asti and Cuneo Regions","Via Piave, 121/125, AlessandriaAlessandria, Italy, 15121",False,False,False,False,False,False,False
11_row_sortation_delivery_air,189,Italy,DLO1,,,,20139,43000,,,,none,g,"Via Vincenzo Toffetti, 108, Rogoredo, Porto di Mare, Milano , Lombardy, Italy, 20139",False,False,False,False,False,False,False
11_row_sortation_delivery_air,190,Italy,DLO3,,,,20875,59200,10,2018,,month,"Delivery Station for Milano North Delivery Station for north of Milan, the Bergamo area, the Bresciano, the Lodi area, reaching as far as the Cremona","Via B. Buozzi, Origgio, Varese, Via Galileo Galilei, 15, Burago di Molgora , Monza and Brianza, Italy, 20875",False,False,False,False,False,False,False
11_row_sortation_delivery_air,191,Italy,DLO4,,,,20090,,,2018,,year,area. Delivery Station for Milano South West Region; Sq Ft included in MXP8,"Via dell'Artigianato, 2, Rovido Industriale, Buccinasco, Milano, Lombardy, Italy, 20090",False,False,False,False,False,True,False
11_row_sortation_delivery_air,192,,DLO5,,,,25045,86100,9,2020,,month,Delivery Station for Brescia,"via Grazia Deladda, Castegnato, Brescia, Italy, 25045",False,False,False,False,False,False,False
11_row_sortation_delivery_air,193,Italy,,,,,20068,118400,,2020,4,quarter,: tof Borromeo (Milano) Region,"Via Luigi Galvani, 10 Peschiera Borromeo, Mezzate, Milano, Italy, 20068",False,False,False,False,False,False,False
11_row_sortation_delivery_air,194,Italy,,,,,20096,86100,9,2024,,month,Delivery Station for Milano West,"Via 1° Maggio, 21 Pioltello, Milano, Italy, 20096",False,False,False,False,False,False,False
11_row_sortation_delivery_air,195,tay,,,,,35010,,10,2017,,month,Delivery Station for Padua / Venice Region,"Via Spagna, Vigonza, Padua, Italy, 35010",False,False,False,False,False,False,False
11_row_sortation_delivery_air,196,,DVN3,,,,36100,85000,4,2021,,month,Delivery Station for Verona : Delivery Station for Vicenza,"Via Augusto Righi, 5, Verona, Viale Serenissima, 74, Vicenza, Veneto, Italy, 36100 ~w~VivVY",False,False,False,False,False,False,False
11_row_sortation_delivery_air,197,,DVN6,,,,31039,48400,4,2021,,month,Delivery Station for Marcon / : Delivery Station : for Riese Pio X,"Via Istituto Santa Maria della Pieta, Via E. Minato, 44, Riese Pio X, Treviso, Italy, 31039",False,False,False,False,False,False,False
11_row_sortation_delivery_air,198,Italy,DER1,,,,40056,93300,,2018,,year,ne ee g,"Via 2 Agosto 1980, 3, Area Produttiva Via Lunga, Crespellano, Bologna, Italy, 40056",False,False,False,False,False,False,False
11_row_sortation_delivery_air,199,Italy,DER3,,,,43122,118400,2,2020,,month,": a Delivery Station for Parma, Piacenza, Modena and Reggio sas :","Via P. Tosi, Santarcangelo di Ee Spip, Parma, Italy, 43122",False,False,False,False,False,False,False
11_row_sortation_delivery_air,200,,DERS5,,,,40012,86100,10,2021,,month,Emilia Region Delivery Station : for Bologna,"Via Due Scale, 999 Calderara di Reno, Bologna, Italy, 40012",False,False,False,False,False,False,False
11_row_sortation_delivery_air,201,Italy,DTC1,,,,50041,64600,,,,none,Delivery Station for Firenze,"Via Baldanzese, 186, Calenzano, Sesto Fiorentino, Firenze, Italy, 50041",False,False,False,False,False,False,False
11_row_sortation_delivery_air,202,,,,,,00146,,,,,none,Delivery Station for Pisa. Sq ft Delivery Station for Roma East Delivery Station for Roma South Delivery Station for Roma South Region (Municipio XIl/VIIl),"Via Enrica Calabresi, 18, Peroni/Buzzari Settecamini, Roma, Via Vaccareccia, 7, Pomezia, Via della Magliana, 375, Roma Magliana, Roma, Italy, 00146",False,False,False,False,False,False,False
11_row_sortation_delivery_air,203,Italy,DLZ4,,,,00065,161000,,2017,,year,Delivery Station Roma North Region,"Via Mola Saracena, Prato della Corte, Fiano Romano, Roma, Italy, 00065",False,False,False,False,False,False,False
11_row_sortation_delivery_air,204,tay,DLZ7,,,,00054,129100,,,,none,Delivery Station Roma East Delivery Station Roma North Ragion,"Via Renato Birolli, 19, Roma, Via del Perugino, 1, Fiumicino, Roma, Italy, 00054",False,False,False,False,False,False,False
11_row_sortation_delivery_air,205,Italy,DNP1,,,,80022,139900,4,2019,,month,eee on ance g,"Centro distribuzione Frattamaggiore- Arzano, C.so, S. D'Amato, 77, Arzano, Naples, Italy, 80022",False,False,False,False,False,False,False
11_row_sortation_delivery_air,206,,DPU1,,,,70032,95000,10,2020,,month,Delivery Station for Venice North Delivery Station for Udine and Delivery Station for Pescara Delivery Station for Puglia Region,"Via Maestri del Lavoro Fiume Via Porzus Paderno, Udine, Italy, Via Treviso, 10 San Giovanni Strada Provinciale 231, km2, 5 Bitonto, Bari, Italy, 70032",False,False,False,False,False,False,False
11_row_sortation_delivery_air,207,,DSG1,,,,09122,64600,,,,none,Delivery Station for all areas of Southem Sardinia.,"Via G. Nem Elmas, Cagliari, Sardinia, Italy, 09122",False,False,False,False,False,False,False
11_row_sortation_delivery_air,208,Italy,DSI1,,,,90124,86100,11,2021,,month,Delivery Station for Palermo.,"Via Enrico Mattei, Brancaccio District, Palermo, Sicily, Italy, 90124",False,False,False,False,False,False,False
11_row_sortation_delivery_air,209,,,,,,95121,,,2020,,year,"Delivery Station for Catania, Syracuse and Messina.","SP69i, Contrada Pantano d’Arci, Catania, Sicily, Italy, 95121",False,False,False,False,False,False,False
11_row_sortation_delivery_air,210,Italy ay,DLG1,,,,16152,57200,9,2020,,month,Delivery Station for Genoa and parts of La Spezia : and ae,"Corso Ferdinando Maria Perrone, 45 15, Genoa, Liguria, Italy, 16152",False,False,False,False,False,False,False
11_row_sortation_delivery_air,211,,,,,,36121,26300,12,2021,,month,"Alessandria. Delivery Station for Trento, Bolzano and neighboring areas","Via Innsbruck, 1, Localita Produttiva, Trentino, Italy, 36121",False,False,False,False,False,False,False
11_row_sortation_delivery_air,212,Italy,DLY1,,,,04012,37700,,2021,,year,"Delivery Station for Anzio , Latina , Formia : , Frosinone and","vee eae Latina, Latina, Italy, 04012",False,False,False,False,False,False,False
11_row_sortation_delivery_air,213,ie,,,,,60021,,,,,none,the surrounding areas. Delivery Station for Scaricalasino region in Ancona.,"Via della Sbrozzola, 16, Camerano, Ancona, Italy, 60021",False,False,False,False,False,False,False
11_row_sortation_delivery_air,214,Italy,HLZ1,,,,00131,47000,,2024,,year,Delivery Station for Perugia HSM1 is a Heavy/Bulky Delivery Station for Roma for products 60 300,"Via Santa Giuliana, Soccorso, 4, Roma, Roma, 00131",False,False,False,False,False,False,False
11_row_sortation_delivery_air,215,Italy,HER1,,,,40012,21000,4,2022,,month,to pounds. HER‘1 is a Heavy/Bulky Delivery Station for Bologna for products 60 to 300 pounds.,"Zona Art, Via Collodi Carlo, Via Pradazzo, 6, San Vitale Grande, Bologna, Italy, 40012",False,False,False,False,False,False,False
11_row_sortation_delivery_air,216,Spain,ZAZ8,,,,50196,388500,,2024,,year,Inbound Cross Dock (IXD). Facility put up for sublease in Dec 2023 before it opened.,"Centrovia de La Muela industrial estate , Zaragoza, Aragon, Spain, 50196",False,False,False,False,False,False,False
11_row_sortation_delivery_air,217,Spain,ZAZ9,,,,50197,,,2021,,year,Sortation Center,"Diseminado Cr Madrid Sector el Cisne, 9011, Zaragoza, Aragon, Spain, ; 50197",False,False,False,False,False,False,False
11_row_sortation_delivery_air,218,,BCN8,,,,08210,,9,2020,,month,,"Carrer Ca n’Alzina, 161, Sabadell, Barcelona, Catalonia Spain, 08210",False,False,False,False,False,False,False
11_row_sortation_delivery_air,219,,DMA1,,,,28096,55200,,,,none,Delivery Station for Madrid,"Calle Rachel Carson, 1, Getafe, 4-10 Calle de la Confianza, Getafe, Madrid, Spain, 28096",False,False,False,False,False,False,False
11_row_sortation_delivery_air,220,,,,,,28108,,9,2017,,month,,"11 Calle de Siete Picos , Alcobendas, Madrid, Spain, 28108",False,False,False,False,False,False,False
11_row_sortation_delivery_air,221,,DMA3,,,,28052,,,2018,,year,Delivery Station for Madrid,"Calle Pirotecnia, 32, Vicalvaro, Madrid, Spain, 28052",False,False,False,False,False,False,False
11_row_sortation_delivery_air,222,,,,,,28935,,12,2021,,month,Delivery Station for Madrid Region. Sq Ft is an estimate.,"Poligono Pau 5, 83P, Mostoles, Madrid, Spain, 28935",False,False,False,False,True,False,False
11_row_sortation_delivery_air,223,,,,,,28914,,,,,none,Delivery Station for Southwest Madrid Region,"Calle Pascal, 1, Leganés, Madrid, Spain, 28914",False,False,False,False,False,False,False
11_row_sortation_delivery_air,224,,,,,,28621,,,,,none,Delivery Station for Madrid Region. Sq Ft is an estimate.,"C. Holanda, 3, , Coslada, Madrid, Spain, 28621",False,False,False,False,True,False,False
11_row_sortation_delivery_air,225,Spain,DMA8,,,,28096,70000,8,2021,,month,Delivery Station for Madrid Region. Region. egion. Sq SqFt Ft is an estimate.,"Calle Rachel Carson, 13, , Madrid, Spain, pain, 28096",False,False,False,False,False,False,False
11_row_sortation_delivery_air,226,Spain,DMZ1,,,,28906,40000,,2021,,year,Delivery Station for Madrid on same campus as MAD8. Sq Ft : estimate.,"e ene ars Maud, Spain, palm, 28906",False,False,False,False,False,False,False
11_row_sortation_delivery_air,227,,,,,,08107,,10,2017,,month,is an Delivery Station for Martorelles nIBEN2,"1 Carrer Gorg, Martorelles, Barcelona, Catalonia Spain, 08107",False,False,False,False,False,False,False
11_row_sortation_delivery_air,228,,,,,,08191,,,,,none,"Delivery Station for Rubi, Sant Steve and Castellbisbal","Av. de Can Rosés, 9, Rubi, Barcelona, Catalonia Spain, 08191",False,False,False,False,False,False,False
11_row_sortation_delivery_air,229,Spain,DCT6,,,,43460,96800,,2021,1,quarter,Delivery Station for Girona Delivery Station for Tarragona North,"Carrer Onyar, 12, Riudellots de la Carrer D, 5, Alcover, Tarragona Spain, 43460",False,False,False,False,False,False,False
11_row_sortation_delivery_air,230,Spain,DCT7,,,,08110,145200,10,2021,,month,Delivery Station for Montcada. First automated Delivery Station in Spain.,"Carrer Fresser, Placita d’en Coll, Montcada y Reixach, Catalonia Spain, 08110",False,False,False,False,False,False,False
11_row_sortation_delivery_air,231,Spain Spain,DCT9,,,,43120,100000,4,2021,,month,Delivery Station far for NE Barcelona. Sq Ft is an estimate. Delivery Station for Barcelona. Delivery Station for Tarragona South out,"Carrer del Mestral, 1, Parets del Barcelona, Catalonia Spain, Carer de Santander, 71Sant AndreuCatalonia, Spain08020 Carrer d’ Austria, Tarragona, Catalonia, atalonia, Spain, Spain, 43120",False,False,False,False,True,False,False
11_row_sortation_delivery_air,232,Spain,DCZ4,,,,08100,111900,,2021,,year,Vallés area of Barcelona.,"Carrer de Facundo Bacardi, 10, Mollet del Valles, Catalonia, Spain, 08100",False,False,False,False,False,False,False
11_row_sortation_delivery_air,233,Spain,DAV3,,,,29004,50000,3,2024,,month,Delivery Station for Pedreguer. Delivery Station for Valencia. Delivery Station for Alicante and Medio Vinalopé. Delivery Station for Castellon de Delivery Station (Tent site) for Los Prados,"ne we an oD Picassent, Valenéla; Spain, Av. Euro, 4, Mercalicante, Poligono ora Espartal, Alicante, Spain, Avinguda Mediterrani, 106, Onda, Calle Ciro Alegria, 22, Los Prados, Malaga, Spain, 29004",False,False,False,False,False,False,False
11_row_sortation_delivery_air,234,Spain,DQA4,,,,41011,96800,,2020,2,quarter,Delivery Station for Sevilla,"Calle Esclusa, 4 (Puerto de Sevilla), Sevilla, Andalusia, Spain, 41011",False,False,False,False,False,False,False
11_row_sortation_delivery_air,235,Spain,DQA7,,,,11500,53400,,2020,,year,Delivery Station for Granada Delivery Station for Puerto Real Delivery Station for Puerto Real,"Grade Grain santaFe, Spain tt Av. Ingeniero Félix Sancho, 29, El Puerto de Santa Maria, Cadiz, Spain, 11500",False,False,False,False,False,False,False
11_row_sortation_delivery_air,236,,DQA8,,,,18130,96800,,,,none,Delivery Station for Granada,"Urbanizacion Suelo Urb Subs, 31B, Esctizar, Granada, Spain, 18130",False,False,False,False,False,False,False
11_row_sortation_delivery_air,237,Spain,DQB1,,,,48196,14300,,,,none,"Delivery Station for Bilbao, Cantabria, Duranguesado and","Poligono Ind. La Cruz., parcela P2- 10, Lezama, Bizkaia, Seam Spain, 48196",False,False,False,False,False,False,False
11_row_sortation_delivery_air,238,Spain,DQB2,,,,48510,96600,6,2019,,month,Gipuzkoa regions Delivery Station for the Basque country and the areas of Burgos and Cantabria.,"Poligono Industrial Trapaga-Ugarte, : Brat: Walle ee Trapaga-Trapagaran, Bilbao, Spain, : 48510",False,False,False,False,False,False,False
11_row_sortation_delivery_air,239,:,DZG1,,,,50180,67200,,2020,,year,Delivery Station for San Delivery Station for Vitoria- Delivery Station for Valladolid Delivery Station for Zaragoza,"Aranguren Pol., 8, Gipuzkoa, Arangutxi Kalea, 9, Gasteiz, Araba, Sean, Av. Miguel Servet, 42, Utebo, Zaragoza, Aragon, Spain, 50180",False,False,False,False,False,False,False
11_row_sortation_delivery_air,240,Spain,DZG2,,,,36400,98600,,2024,4,quarter,"Delivery Station for Zaragoza. Delivery Station for Cambre, La region. Sq Ft is an estimate. Delivery Station for O Porrifio, Vigo, Pontevedra Area","nan ; Span 4 Casal Budino, O Porrifio, Ponteverda, Spain, 36400",False,False,False,False,True,False,False
11_row_sortation_delivery_air,241,Spain,DGQ1,,,,15168,21100,,2020,,year,Delivery Station for A Corufia A rea,"Jardiland), Sada, A Corufia, La Corufia, Spain, 15168",False,False,False,False,False,False,False
11_row_sortation_delivery_air,242,Spain,PAS1,,,,30156,30000,,2019,3,quarter,Delivery Station for Asturias Delivery Station for Cartegna Heavy/Bulky Delivery Station for Cartegna Area. Sq Ft is an estimate.,"San Autovia de Murcia, Corvera, Murcia, Calle Isidro Vivancos Mufioz, Parque Logistico del Sureste, Corvera, Murcia, Spain, 30156",False,False,False,False,True,False,False
11_row_sortation_delivery_air,243,Spain,,,,,07199,14000,,2021,4,quarter,Delivery Station for Cartegna Delivery Station for Pal ama: Majorca.,"Pol. Ind. la Polvorista, Calle F, 6, , Carrer Can Gamundi, 20, Palma, llles Balears, Mallorca, Spain, 07199",False,False,False,False,False,False,False
11_row_sortation_delivery_air,244,Spain,,,,,33211,30000,,2025,,year,Delivery Station for Gijon. Sq ft is IS an estimate. Delayed Velayed opening.,"C. Joaquin Alfonso Diaz, Lloreda Industrial Estate, Tremafies, Asturias, Spain, 33211",False,True,False,False,False,False,False
11_row_sortation_delivery_air,245,,,,,,28045,,7,2016,,month,Hub tor’ Madnd,"Calle Hierro 21, District of reer rganzuela, Madrid Spain, 28045",False,False,False,False,False,False,False
11_row_sortation_delivery_air,246,,,,,,08029,,10,2016,,month,,"Carrer del Rosello 89, Eixample, Barcelona, Catalonia, Spain, 08029",False,False,False,False,False,False,False
11_row_sortation_delivery_air,247,,UES3,,,,28823,,,2017,,year,Amazon Fresh Hub for Barcelona,"Av. de la Industria, 18, Coslada, Madrid, Spain, 28823",False,False,False,False,False,False,False
11_row_sortation_delivery_air,248,Czech Republic Poland lanan Japan vn Japan Japan Japan Japan Japan Japan Japan Japan vs x vem vs Japan ve Japan om = sapan Japan Japan Japan Japan Japan Japan |= Japan Japan Japan Japan Japan P Japan Japan Japan Japan Japan = Japan Japan = = Japan Japan Japan Japan Japan Japan v2 |= Japan,LGJ2,,,,08040,10000,10,2024,,month,"Amazon Fresh Hub for Barcelona. Sq Ft is an Estimate. Facility Amazon Fresh Hub for south side of Tokyo Amazon Fresh Hub for Osaka. Amazon Fresh Hub for Toshima City, Tokyo. Sq Ft is an estimate. Amazon Fresh Hub for Mitaka, Tokyo. Sq Ft is an estimate. nn a Sq Ft included in HND6. Amazon Fresh Hub for Tokyo. Amazon Fresh Hub for Soja. Sq Ft is an estimate. SCY6 is a Sortation Center.DTK7 is a Delivery Station for Tokyo. Sq Ft is an estimate. Estimate. wortatien : Center. SqiFtisian Estimate. Nagoya: DHE XPress. Delivery Station for Nagoya. Deli Station Station for Ton N Nagoya. S Sq 29 ft is an estimate. Mini Delivery Station for Okazaki Delivery Station for Tsu. Mini gs Delivery Station for Nagano Mini gs ae Delivery Station for Nagano |e Yamanashi Mini Delivery Station for Mishima Mini Deli : Station anon f den a Mini ee Delivery Station for Toyama Mini Delivery Station for Suruga. Mini Delivery Station for Niigata- Delivery Station for Fukuoka. Hatsumara Building. Delivery Station for Fukuoka. Mapletree Chikushino Logistics Centre First Warehouse. Sq Ft estimated. Delivery Station for Minami Ward ee Delivery Station for Oita. Delivery Station for Kagoshima. Sq Ft is an estimate. Delivery Station for Nagasaki. Delivery Station for Hiroshima. Delivery Station for Grou P 9: Delivery Station for Osaka. Delivery Station for Osaka. Delivery Station for Osaka. Delivery Station for Kobe. Delivery Station for Osaka. Delivery Station for Osaka. : seston aitama Region. gion. Delivery Station for Tokyo Delivery Station for Yokohama Delivery Station for Tokyo Saitama Region. Delivery Station for Tokyo Saitama Region. Sq Ft is an estimate. Delivery Station for Yokohama station : for Funabash Delivery Station for Tokyo Saitama Region. Sortation Centerand Delivery Station for Yokohama AMZL Delivery Station for Ota City. Sq Ft is an estimate. ae Delivery station Tokye Port Region. TRC Building. ee DE egion. Delivery Station for Tokyo Koto City Region. Delivery Station for Tokyo Delivery Station for Tokyo eee awe i okyo In' Ini Delivery Station for Yokohama Delivery Station for Yokohama Region. : oe ee aiwa House Group Building. Delivery Station for Kanagawa Delivery Station for Ibaraki Station y hegion. : : Prefect Mini Delivery Station for Narita Mini Delivery Station for Kashiwa gs Egon.","2 Avinguda Numero 5, Barcelona, Catalonia Spain, 08040 K Amazonu 235, Dobroviz-Jene€, Praha, Czech Republic, 252-61 Pawlikowice 155, Pabianice (Lodz Agglomeration), £6déPoland, 95-200) §-2-14 Todoroki, Setagaya-ku, Tokyo Japan, 158-0082 3-10-2 Tagawa, Yodogawa-ku, 2-chome-16-11 Toshima City, Tokyo, Kant6d Japan, 171-0043 3-ch6me-2-38 Shinkawa, Mitaka, Tokyo, Japan, 181-0004 3-14 Kitamimi, Takatsu-ku, Kawasaki-shi, Kanagawa Japan, 213-8516 3 Chome-6-2 Rinkaicho, Edogawa Nagara, 4-1 , Soja-shi, Okayama Japan, 719-1111 Yashio, Tokyo Rail Gate EAST 1F, Shinagawa-ku, Tokyo Japan, 140-0003 3 Chome-2-54 Minowa, Higashiosaka, Osaka Japan, 578- 0914 2 Chome-1-15, 16 Kashiihamafuto, Higashi Ward, Fukuoka Japan, 813- 0018 Higashimatabeecho, 1-57-2, Minami Ward, Nagoya, Aichi Japan, 455-0801 2 Chome-2-7 Yanagidacho, Nakagawa Ward, Nagoya , Aichi Japan, 454-0907 Sagimiya-8-1 Hagiwaracho Hayashino, Ichinomiya, Aichi Japan, 491-0361 1 Chome-325 Namiki, Nakamura Ward, Nagoya, Aichi Japan, 453- 0856 Owake-6-1-2 Okazaki, Aichi Japan, 444-0951 915-1 Tarumi, Tsu, Mie, Kansai Japan, 514-0821 1240 Awasa, Chikuma, Nagano Japan, 387-0006 896 Hirookanomura, Shiojiri, Nagano Japan, 399-0702 1-chome-2-10 Ichiyama Mart Ikeda, Yamanashi, Kofu, Chibu Japan, 400-0064 31 Heiseidai, Mishima, Shizuoka, Chiibu Japan, 411-0042 300-2 Maisakacho Choju Shinden, Chuo Ward, Hamamatsu, Shizuoka, Chiibu Chabu Japan, 431-0212 1 ) — Zee —— — Chome-3-28 — Nishinagae, — ——- -— Toyama, ——_ — Chiibu Japan, 930-0975 = ch? Chr 8 Chome-4-48, Yoshizuka, Hakata Ward, Fukuoka Japan, 612-0041 329-22 Koga, Chikushino, Fukuoka Japan, 818-0047 1 Chome-66 Ryutsudanchi, Kumamoto, Minami Ward, Shikoku Japan, 862-0967 1 Chome-4-18 Nagano, Kokuraminami Ward, Kitakyushu, Fukuoka Japan, 800-0228 Oita, Kyushu Japan 3116-27 Nishibeppucho, Kagoshima, Kyushu Japan, 890- 0033 4 Chome-4-3, Ishiuchikita, Saeki Ward, Hiroshima Japan, 731-5109 3 Chome-1, Higashikariki 13 Jo, Higashi Ward, Sapporo, Hokkaido, Japan, 007-0033 2 Chome-7-9, Chikkoshinmachi, Nishi Ward, Sakai, Osaka, Japan, 592-8331 1 Chome-4-130, Nankonaka, Suminoe Ward, Osaka, Japan, 559- 0033 2 Chome-10-1, Shodaiotani, Hirakata, Osaka, Japan, 573-1153 1 Nagata Ward, Kobe, Hydgo, Kansai, Japan, 653-0045 1 Chome-5-1, Suehirocho, Amagasaki, Hydgo, Kansai, Japan, 660-0094 146-5 Kabatacho, Tenri, Nara , Japan, 632-0084 MFLP Kawaguchi 3F-4F, 4-9-37 Ryoke, Kawaguchi, Saitama Japan, 332-0004 3-2-16 Owada, Niiza-shi, Saitama 2-2-26 Namamugi, GLP Yokohama West Wing 3F, Tsurumi-ku, Yokohama, Kanagawa Japan, 230- 0052 4-3-76 Shinsonami, Toda City, Saitama Japan, 335-0026 3-4-1 Inter Minami, DPL Misato II 3rd floor, Misato City, Saitama Japan, 341-0042 412 Kawamukai-cho, DPL Shin- Yokohama 5F, Tsuzuki-ku, Yokohama, Kanagawa Japan, 224- 0044 2-4-7 Hamacho, MFLP Funabashi lll 2F, Funabashi City, Chiba, Japan, 273-0012 420 Tsutsumizaki, Landport Ageo Il, Ageo City, Saitama Japan, 362- 0054 775 Totsuka-cho, Totsuka-ku, Yokohama, Kanagawa Japan, 244- 0033 Heiwajima, Ota-ku, Tokyo Japan, 143-0006 6-1-1 Heiwajima, Ryutsu Center B Building 5F, Ota-ku, Tokyo Japan, 143-0006 §-23-62 Yotsuya, DPL Kunitachi Fuchu 4F, Fuchu-shi, Tokyo Japan, 183-0035 183-0088 X Frontier 6F 3-2-9 Shinsuna, Koto- ku, Tokyo Japan, 136-0075 7-30-1 Tsuruma, Machida-shi, Yokohama Japan, 194-0004 5 Chome-28-27Fuchu, Yotsuya, Tokyo, Japan183-0035 3-3-6 Yashio, Tokyo Rail Gate EAST 1F, 41F, Shinagawa-ku, Tokyo Japan, 140-0003 559-1 Ogami, DP Hiratsuka 1F, Hiratsuka City, Yokohama, Kanagawa Japan, 254-0012 Kanagawa, Yokohama Japan, 246- 0002 6 Chome-7-20 Koriyama, Taihaku- Ku, Sendai, Miyagi, Tohoku Japan, 989-0003 25-2 Sakuranomori, Tsukuba, 10-1 Takaonomori, DPL Yotsukaido , Yotsukaido City, Chiba, Japan, 284-0038 1 Chome-1 O-11, Gunma, Maebashi, Owatarimachi, Kanto, Japan, 371-0854 47-2 Oshimizu, Narita City, Chiba, japan, 286-0122 814-14 Fuse, Kashiwa, Chiba, 277-0825 565-5 Marubayashi, Nogi, Shimotsuga District, Tochigi, Japan, 329-0111",False,False,False,False,True,True,False
11_row_sortation_delivery_air_part2,0,vapan =,MMG3,,,,,5600,3,2022,,month,Mini Delivery Station for Aomori prefecture Mini Delivery Station for Hirosaki Mini ae Delivery Station for : Morioka.,"3 Chome-9-10 Ishido, Hachinohe, Aomori, Japan, 039-1165 263-1 Yamamoto , Namioka, 4 Chome-11-10 Kitaiioka, Morioka, Tohoku, 020-0857",False,False,False,False,False,False,False
11_row_sortation_delivery_air_part2,1,e OE Japan sapan China,UDL1,,,,,26100,11,2023,,month,Mini Delivery Station for Akita Delivery Station for Tokushima Mini Delivery Station for Takamatsu prefecture Mini Delivery Station for Ehime Mini Delivery Station for Kochi oe P Delivery Station for Okinawa Delivery Station for Okayama prefecture Forward Bonded Warehouse to consolidate freight and speed up transit time. Sq Ft is an estimate. Amazon Prime for Delhi,"Iwate, Japan, Furumichishimokawabata-220-11, ima Abita, Japan, 011-0911 23-19 Asahishinmachi, Takamatsu, Horiecho 2082-7, Matsuyama, Ehime, Japan, 799-2651 Hadaminamimachi, 2-41-6, Higashiokisu, Tokushima, 1 Chome-6-6, Minami Ward, Ryutsudanchi, Kumamoto, Japan, 862-0967 50-110 Yone, Tomigusuku, 192 Kume, Kita Ward, Okayama, japan701-0144 Ningbo, = Zhejiang, China Plot no 2022, Old Delhi Gurgaon Road, Gurugram, Haryana, India,",False,False,False,False,True,False,False
11_row_sortation_delivery_air_part2,2,,UDL2,,,,,10000,,,,none,Amazon Prime for Delhi,"122 015 G 7, Udyog Nagar, Peeragarhi Industrial Area, Mangolpuri, Delhi,",False,False,False,False,False,False,False
11_row_sortation_delivery_air_part2,3,,UDL4,,,,,10000,10,2017,,month,Amazon Prime for Delhi,"India, : 110 041 Pulbangas Metro Station, Roshnara RoadNew Delhi, Delhi, India, 110",False,False,False,False,False,False,False
11_row_sortation_delivery_air_part2,4,,UBL2,,,,,8200,,2017,,year,Amazon Prime for Karnataka,"007 Ananth Nagar, Phase 1, Kammasandra, Electronic City, Bengaluru, Kamataka, India, 560",False,False,False,False,False,False,False
11_row_sortation_delivery_air_part2,5,,UBL4,,,,,7000,,2017,,year,Amazon Prime for Karnataka,"100 No 12, Ayyappa Swamy Temple Road, Jai Jawan Nagar, Subbaiyapalya, Banaswadi,",False,False,False,False,False,False,False
11_row_sortation_delivery_air_part2,6,,UBO1,,,,,10000,,2017,,year,Or Amazon Prime for Maharashtra,"Bengaluru, Karnataka, India, 560 043 No 2 & 4, Behind Graphite India, Mahadevpura, Post, Doddanakundi Industrial Area 2, Doddanekundi. 86, Andheri - Kurla Rd, Gundavali, Andheri East, Mumbai,",False,False,False,False,False,False,False
11_row_sortation_delivery_air_part2,7,,UBO2,,,,,11800,,2017,,year,Amazon Prime for Maharashtra Amazon Prime for Maharashtra,"Maharashtra, India, 400 059 113 C/D, Govt. Industrial Estate, Dr. Babasaheb Ambedkar Road, Charkop Sec.1,, Maharashtra, India, 400 067 Universal Dyein, Narayan Nagar, LBS Marg, Ghatkopar, West,",False,False,False,False,False,False,False
11_row_sortation_delivery_air_part2,8,,UBO6,,,,,8800,,2017,,year,Amazon Prime for Navi Mumbai,"Maharashtra, India, 400 086 MIDC Industrial Area, Sanpada, Navi, Mumbai, Maharashtra, India,",False,False,False,False,False,False,False
11_row_sortation_delivery_air_part2,9,,UMA2,,,,,10000,5,2021,,month,Amazon Prime for Chennai,"400 706 Kaliagnar St, East Tambaram, Chennai, Tamil Nadu, India, 600",False,False,False,False,False,False,False
11_row_sortation_delivery_air_part2,10,India,UHY1,,,,,19200,,2017,,year,Amazon Prime for Chennai. Sq Ft included in MAAS. Amazon Prime for Hyderabad,"059 No.1, Central Warehouse Corporation, 132, Arcot Rd, Ayyavupuram, Virugambakkam, Chennai, Tamil Nadu, India, 600 093 8-1-366/1, Old Mumbai Hwy, Daulat Gulshan Colony, Janaki Naga Nagar Teli‘ Chowk;",False,False,False,False,False,True,False
11_row_sortation_delivery_air_part2,11,,UHY3,,,,,6000,,2017,,year,Amazon Prime for Hyderabad,"Colony, Hyderabad, Telangana, India, 500 008 Plot 64, ist Floor, H-NO 4-50/P- 1/64, Jayabheri Enclave, Ground Floor, Gachibowli,",False,False,False,False,False,False,False
11_row_sortation_delivery_air_part2,12,,UHY4,,,,,16400,,2017,,year,Amazon Prime for Hyderabad,"Hyderabad, Telangana, India, 500 032 Prism Rd, Financial District, Gowlidoddy, Nanakaramguda, 604",False,False,False,False,False,False,False
11_row_sortation_delivery_air_part2,13,,UDL3,,,,,6000,,2017,,year,Amazon Prime for Uttar Pradesh,"Hyderabad, Telangaria, India, 218 C-59, Block C, Sector 57, Noida, Pradesh. India. 201 301",False,False,False,False,False,False,False
11_row_sortation_delivery_air_part2,14,,BLR4,,,,,381409,,2021,,year,Recemng Center for Bengaluru region. SBCZ is co-located Amazon Transport. Becoming,"Uttar Logos Logistics Park, Bande Kodigehalli, Singahalli, Karnataka India, 562 149 Bhiwandi Padga, Bhiwandi Padga, Borivali Tarf Sonale, Maharashtra,",False,False,False,False,False,True,False
11_row_sortation_delivery_air_part2,15,,ISK3,,,,,269600,4,2022,,month,g Genter for,"India, 421 302 Survey No 45, Hissa No 4A, Savad Naka to Pise Dam, Pise, Village Aamne Post, Taluka Bhiwandi,",False,False,False,False,False,False,False
11_row_sortation_delivery_air_part2,16,,DED3,,,,,167000,,,,none,9 Se,"District Thane, Maharashtra, India, 421 302 Shail Embassy Logistics Parks, Block J2, Farukh Nagar, Gurugram,",False,False,False,False,False,False,False
11_row_sortation_delivery_air_part2,17,= India,DEL8,,,,,270000,,2021,1,quarter,ia DEL6 was the first Inbound Receiving Center in India Inbound Receiving g Center for Delhi region,"Haryana, India, 122 506 A Block, Sector 8, Noida, Uttar Pradesh, India, 201 301 Building 2, Emporium Industrial aa Logistics Park, On Sohna-",False,False,False,False,False,False,False
11_row_sortation_delivery_air_part2,18,India,BLT1,,,,,50400,,2020,1,quarter,g Sortation Center for Surat. Sortation Center for Sq Ft is an estimate. Sortation Center for Gurugram. Sortation Center for New Delhi Airport Sortation Center for Gurugram. Sortation Center for Gurugram. MNEA MDEA ic is a Xl XL Sortatinn Sortation Center for Gurugram. Sq ft is an estimate. Sortation Center for Bengaluru. Cementor Mumba eer: Center for Pune. Center for Nagpur. May Sortation Center for Punjab. Sortation Center for Jaipur. Sortation Center for Tamil Nadu Sortation Center for Hyderabad. Sortation Center for Hyderabad. Sq Ft is an estimate. Sortation Center for Kolkata. 3PL Delivery Station with grocery and d everyday essentials ‘al JPL art : Delivery Station Stauen : with id grocery SNS and everyday essentials tial Delivery Station with grocery and everyday essentials : ee Station with grocery and everyday essentials eee Staton : grocery and everyday essentials tial Delivery Station,"Ballabgarh Road, Sohna, Haryana, India, 122 103 Kamrej - Kadodara Rd, Valthan, Kamvrej, Gujarat, India, 394 310 Sarkhej-Bavia RdAhmedabad, Gujarat, India, 382 220 Imt ManesarFarukh Nagar, Gurugram, Haryana, India, 122 502 Airport Freight TerminalNew Delhi, Haryana, India, 110 037 Shail Embassy Logistics ParksFarukh Nagar, Gurugram, Haryana, India, 122 506 Jamalpur-Panchgaon Rd, Haryana jo 603 Indnenare Indospace ! Logistics Park Taoru, Building 300, Sehsaula Village, Haryana, India, 122 102 NH 207, Medi Mallasandra Post , Waa = 067 L.K. Spaces, Shree Rajlaxmi Textile ParkPogaon, Bhiwandi, Thane, Maharashtra, India, 421 302 B-400, At- Village Mahalunge IngleKhed Taluka, Maharashtra, India, 410 501 Plot No. 3, Mihan, Khapri Village, MADCKhapri, Nagpur, Maharashtra, India, 441 108 Doraha- Ludhiana bye pass road, near tibba pul, near mount Payal, Punjab, India, 141 421 DTA PHASE 2, Mahindra sez, Jaisinghpura, Neota, Bhankrota, Rajasthan, India, 302 037 Permalkoil St, Ayyavupuram, Virugambakkam, Chennai, Tamil Nadu, India, 600 093 Plot No 45/47, Phase IV, dia 502 320 Off Srisailam Highway, Kurmalguda, Telangana, India, 500 005 Lucknow, Uttar Pradesh, India Plot-42, Arrjaw Industrial & Warehouse ParkDankunibil, West Bengal, India712 310 SI SE EE Konena Agrahara, Bengaluru, Karnataka, India560 017 Phase 2, Tejaswini Nagar, Chandrasekarapura, Bengaluru, Karnataka, Kamataka. India, India. 560 076 Adarsh Palm Retreat, Bellandur, Bengaluru, Kamataka, India, 560 403 BTM Phase 1, Phase 2, Electronic City, Bengaluru, Kamataka, India, 560 100 B-70, Narasimha Layout, Nandini Layout, Bengaluru, Karnataka, India. 560 022 Sadaramangala Industrial Area, Kadugodi, Bengaluru, Karnataka,",False,False,False,False,True,False,False
11_row_sortation_delivery_air_part2,19,,BLT2,,,,,25000,,,,none,Delivery Station,"India, 560 067 Shantipura Main Rd, Phase 2, Electronic City, Bengaluru,",False,False,False,False,False,False,False
11_row_sortation_delivery_air_part2,20,,BLT3,,,,,40800,2,2020,,month,Delivery Station 3PL Delivery Station with yey Delivery Station for Pune Delivery Station for Pune Delivery Station for Pune Delivery Station for Pune Mumbai's First Large Delivery Station Delivery Station for Mumbai Delivery Station for the of,"Karnataka, India, 560100 No 2 & 4, Behind Graphite India, Mahadevpura, Post, Doddanakundi Industrial Area 2, Doddanekundi, Bengaluru, Karnataka, India, 560 048 ma ene irumalashettyhally, Koralur, Karnataka, India, 560 067 Pingale Wasti, Koregaon Park Annexe, Mundhwa, Pune, Maharashtra, India, 411 036 Phugewadi, Dapodi, Pimpri- Chinchwad, Maharashtra, India, 411 012 St Paul Church, Dhanvantari Colony, Wadgaon Sheri, Pune, Maharashtra, India, 411 014 Lohgaon Rd, Dadaji Vasti, Lohegaon, Pune, Maharashtra, India, 411 047 Plot D-131/132, MIDC, TTC Industrial Area, Shirawane, Nerul, 400 Navi 400706 706 Mumbai, ee Maharashtra, = -- - India, —-— 8 Pokharan Road, Subhash Nagar, Thane West, Thane, Maharashtra, India, 400 606 Financial District, Gachibowli ii Telangana, India, 500",False,False,False,False,False,False,False
11_row_sortation_delivery_air_part2,21,Australia,MEL8,,,,,20000,7,2024,,month,Gowldoddy district Hyderabad Delivery Station for the Howrah Sortation Center for Melbourne.,"032 Howrah, West Bengal, India Amaroo Business Park, Craigieburn, Melbourne, Victoria,",False,False,False,False,False,False,False
11_row_sortation_delivery_air_part2,22,Australia,DNS2,,,,,43000,,2021,,year,ee Station,"Australia, VIC 3062 Block X, 391 Regents, Park Rd, Regents Park, Sydney, New South",False,False,False,False,False,False,False
11_row_sortation_delivery_air_part2,23,Australia,XNS1,,,,,30000,,2021,,year,mazon rex. nex. Amazon Exchange Delivery Point for Sydney Airport Area.,"Wales, Australia, NSW 2143 Unit1B/30 Sir Joseph Banks St, Botany, Sydney, New South",False,False,False,False,False,False,False
11_row_sortation_delivery_air_part2,24,Australia,XNC1,,,,,12300,,,,none,Sq Ft is an estimate. Amazon,"Wales, Australia, NSW 2019 8 Laurio Place, Mayfield West, Newcastle, New South Wales,",False,False,False,False,True,False,False
11_row_sortation_delivery_air_part2,25,Australia,DVT1,,,,,33700,,2020,,year,ont oint for Newcastle Delivery Station for Melbourne.,"Auetralia Australia, NSW 9204 2304 649 Springvale Rd, Unit C, Mulgrave, Melbourne, Victoria,",False,False,False,False,False,False,False
11_row_sortation_delivery_air_part2,26,Australia Australis Australia,DWT1,,,,,19000,,2020,4,quarter,ee Station mazon nex. Delivery Station for Ravenhall. Delivery Station for Geelong. Amazon Flex. station foniPenh:,"Australia, VIC 3170 1 Mace Way, Tullamarine, Melbourne Airport, Victoria, Australia, VIC 3045 36-94 Westwood Dr, Dexus Ravenhall, Melbourne, Victoria, Australia, VIC 3023 60-80 N Shore Rd, ; Norlane ; Victoria, Australia, VIC 3214 20 Valentine Street, ; Kewdale Perth, Western Australia, Australia,",False,False,False,False,False,False,False
11_row_sortation_delivery_air_part2,27,Australia,DQD1,,,,,121400,,2021,1,quarter,is an estimate. Delivery Station for Brisbane.,"WA 6105 Unit 4/188 Holt St, Pinkenba, Brisbane, Queensland, Australia,",False,False,False,False,False,False,False
11_row_sortation_delivery_air_part2,28,Australia,DQD2,,,,,141000,6,2024,,month,Delivery Station for Brisbane.,"QLD 4008 164 Stradbroke St, Heathwood, Brisbane, Queensland, Australia,",False,False,False,False,False,False,False
11_row_sortation_delivery_air_part2,29,Australia,DQQ1,,,,,85300,10,2021,,month,Delivery Station for Adelaide.,"QLD 4110 27-30 Sharp CtCavan, Adelaide",False,False,False,False,False,False,False
11_row_sortation_delivery_air_part2,30,,XGC1,,,,,50000,,,,none,station i@eaet. Ft,"South Australia. Australia. SA 5094 Captain Cook DrArundel, Gold Coast, Queensland, Australia, QLD",False,False,False,False,False,False,False
11_row_sortation_delivery_air_part2,31,Singapore,DFE2,,,,,14000,10,2021,,month,Sq is an estimate. Delivery Station for Singapore.,"4214 2 Tanjong Penjuru Crescent, #03-",False,False,False,False,False,False,False
11_row_sortation_delivery_air_part2,32,Singapore,USG1,,,,,100000,7,2022,,month,SqFtis an estimate. Amazon Fresh Hub for Singapore,"01/02, Singapore, 608968 5B Toh Guan Road East, 2nd Floor,",False,False,False,False,False,False,False
11_row_sortation_delivery_air_part2,33,United Arab eee 272,PXB6,,,,,217500,,2021,,year,Amazon Fresh Hub for Singapore. Sq ft is an estimate. Amazon Fresh Hub for Dubai. Center run by CEVA,"Jurong East, Cast, Singapore, singapore, 608829 Near Upper Hokien Street , Singapore, 051531 9 15 Street, Al Quoz Industrial Area Plot number: TP10104C and TP10104D, National Industries",False,False,False,False,True,False,False
11_row_sortation_delivery_air_part2,34,mufates United Arab,DXB8,,,,,,,,,none,egstes DXB8 is a sortation center co-,"Park, Dubai, United Arab Emirates 4 World Central, Dubai South,",False,False,False,False,False,False,False
11_row_sortation_delivery_air_part2,35,Emirates United Arab Emirates Ss United Arab,DDB3,,,,,40800,11,2022,,month,located in DXB5 Delivery Station for Dubai South. Sq Ft is an estimate. : Delivery Station for,"United Arab Emirates Plot # 598-653, Dubai Investments Park, Dubai , United Arab Emirates 85th Street, Dubai Investments Park Dubai. Emirates",False,False,False,False,True,False,False
11_row_sortation_delivery_air_part2,36,United Arab,DDB4,,,,,40000,,,,none,Delivery Station for Dubai. Sq Ft,United Arab,False,False,False,False,False,False,False
11_row_sortation_delivery_air_part2,37,Emirates Ss United Arab,DDB6,,,,,54700,,2021,,year,is an estimate. Delivery Station for,"Ras Al Khor Industrial Area 3,",False,False,False,False,False,False,False
11_row_sortation_delivery_air_part2,38,United Arab Emirates United iS Arab =a,DAD2,,,,,50600,6,2022,,month,Delivery Station for Dubai. Delivery Station for Abu Dhabi,"Dubai. United Arab Emirates 22 Sth St, Al Quoz, Dubai , United Arab Emirates M-4, Office No 15G, Ground Floor, Global Ascent Business Center,",False,False,False,False,False,False,False
11_row_sortation_delivery_air_part2,39,' Ss United Arab United Arab Emirates Egypt,CAI5,,,,,220000,9,2023,,month,onto Delivery Station for Sharjah. Sq ft is an estimate. Sortation Center for Cairo,"Abu Dhabi, , United Arab Emirates 2 Al Meezan St, Abu Dhabi Industrial City, United Arab Emirates Hamriya Free Zone, Sharjah, United Arab Emirates 10th of Ramadan City 1, Al- Shargia Governorate 7067501, Egypt, Al-Sharqia Govemorate,",False,False,False,False,True,False,False
11_row_sortation_delivery_air_part2,40,Egypt,DAI3,,,,,20000,7,2021,,month,Delivery Station for Cairo. Sq Ft,"Egypt, 7067501 Cairo Governorate, Egypt",False,False,False,False,False,False,False
11_row_sortation_delivery_air_part2,41,Egypt,DAI4,,,,,19900,7,2021,,month,"SENET handling Nasr City, Heliopolis, Old Maadi, New Maadi,","Mohamed Zaki square, Al Hay Al Asher, El Mokattam, Cairo G 4440002",False,False,False,False,False,False,False
11_row_sortation_delivery_air_part2,42,Egypt,DGI7,,,,,20000,,,,none,"Mokattam, and Helwan. Delivery Station for Cairo East.","iit te Cairo Governorate, Egypt",False,False,False,False,False,False,False
11_row_sortation_delivery_air_part2,43,Egypt Egypt,DTT4,,,,,3500,,2021,3,quarter,gen: Delivery Station eee for ee North ee Cairo eee / Tanta,"Alexandria Agriculture Rd, Alexandria, New Alexandria Governorate, Egypt, Adshay-Abyar Road, Abyar, Kafr El Zayat, Gharbia Governorate, Egypt,",False,False,False,False,False,False,False
11_row_sortation_delivery_air_part2,44,Egypt Eavot gyP Egypt Egypt Egypt Turkey Gadi Saudi Arama) Saudi Arabia,DMM2,,,,34522,5000,2,2023,,month,"region. Delivery Station for North Cairo / Ismailia region. Sq Ft is an estimate. Delivery Station for Asyit region. Sq Ft is an estimate. ee eee re Delivery Station for Alexandria region: region, Sq = is an estinaes. Delivery Station for Banha / North Cairo region. Sq Ft is an estimate. Delivery lb Na Station : for Istanbul West. “24 Sq Ft is an estimate. RYD5 is a sortation center co- located in RUHS. Delivery Station for Dammam region. Sq Ft is an estimate. nt","6618050 El Sheikh Zayed, Ismailia 2, Ismailia Governorate, Egypt, 8363646 Asyut Al Gadida City, Assiut Governorate, Egypt, 2241474 Mansoura Qism 2, Saad Zaghloul, El Mansoura, Dakahlia Governorate, Egypt, 7661333 Alexandria ; , Egypt Banha , Egypt Akcaburgaz, 1584. Cd. No-29Gebze, Esenyurtlstanbul, Turkey,34522 Al Masheal, Riyadh, Saudi Arabia, 14377 2734 Abu Hafs Ibn Burd Street, Khalidiyah Janoubiyah Area, Dammam, Saudi Arabia, 32223 7276 Dammam, Saudi Arabia",False,False,False,False,True,False,False
11_row_sortation_delivery_air_part2,45,Saudi Arabia,DMK2,,,,,40000,,2023,,year,region. Sq Ft is an estimate. ee re ween,"8267 Jeddah highway - Prince Naif Street, Al Zaidi industrial City,",False,False,False,False,True,False,False
11_row_sortation_delivery_air_part2,46,Saudi Arabia,DJD1,,,,24346,16400,,2021,,year,egion. ls 8 Delivery Station for Riyadh. Sq Ft is an estimate. Station for Jeddah,"Makkah, Saudi Arabia, 24346 4394 7115 Al FanousAS Sali, Riyadh, Saudi Arabia14254 4101 Al Nakheel, 3269 Highway Ring RoadDistrict 6609Jeddah, Saudi",False,False,False,False,True,False,False
11_row_sortation_delivery_air_part2,47,Saudi Arabia,DAK1,,,,23241,20700,,2021,,year,egion. Sane Station for phe region:,"Arabia, 23241 Abha, Saudi Arabia, 62437",False,False,False,False,False,False,False
11_row_sortation_delivery_air_part2,48,Saudi Arabia Saudi Arabia Saudi Arabia Saudi Arabia,DME6,,,,49724,28100,,2024,,year,Delivery Station for Medina region. Sq Ft is an an estimate. estimat Sane pe Delivery Station for Buraydah region.,"7607 Maslamah Ibn al-Rabbab al- Shan, 5766, Madina, Saudi Arabia, 49724 Jazan, Saudi Arabia 7345, Buraydah, Al Qassim, Saudi Arabia, 52315 Al Hofuf, Saudi Arabia",False,False,False,False,False,False,False
