"Case Type",Region,"Case Number","Case Name",Status,"Date Filed","Date Closed","Reason Closed",City,"States & Territories","Employees on charge/petition",Allegations,Participants,Union,"Unit Sought",Voters
C,"Region 14, Saint Louis, Missouri",14-CA-394294,"Amazon.com Services LLC",Open,09/08/2026,,,Berkeley,MO,1000,"8(a)(1) Coercive Statements (Threats, Promises of Benefits, etc.)
8(a)(1) Concerted Activities (Retaliation, Discharge, Discipline)
8(a)(1) Interrogation (including Polling)
","Charged Party / Respondent, Legal Representative, Kuntz Harrison, Seyfarth Shaw LLP, 233 South Wacker Drive, Suite 8000, Chicago, IL, 60606, (310)597-1559
Charged Party / Respondent, Employer, Amazon.com Services LLC, Berkeley, MO, 63134
Charged Party / Respondent, Additional Service, Amazon.com Services LLC, Berkeley, MO, 63134
Charging Party, Individual
",,,
C,"Region 20, San Francisco, California",20-CA-394248,"Amazon.com Services, LLC.",Open,09/04/2026,,,"San Francisco",CA,128,"8(a)(5) Repudiation/Modification of Contract[Sec 8(d)/Unilateral Changes]
","Charging Party, Legal Representative, LEICHENGER ALEX, Beeson Tayer & Bodine, 492 Nine Street, Suite 350, Oakland, CA, 94607, (510)267-6323
Charged Party / Respondent, Employer, Amazon.com Services, LLC, San Francisco, CA, 94124
Charged Party / Respondent, Employer, Amazon.com Services, LLC, San Francisco, CA, 94124
Charging Party, Union, Teamsters Amazon National Negotiating Committee, International Brotherhood of Teamsters, Washington, DC, 20001
",,,
C,"Region 21, Los Angeles, California",21-CA-394084,"Amazon.com Services, LLC aka Amazon Logistics, LLC",Open,09/01/2026,,,"March Air Reserve Base",CA,100,"8(a)(1) Coercive Statements (Threats, Promises of Benefits, etc.)
8(a)(1) Interrogation (including Polling)
8(a)(1) Weingarten
","Charged Party / Respondent, Legal Representative, Cortes Eduardo, Seyfarth Shaw LLP, 601 S. Figueroa St., Ste. 3300, Los Angeles, CA, 90017, (213)270-9600
Charging Party, Legal Representative, Dickinson Julie, Bush Gottlieb, ALC, 801 N. Brand Blvd, Suite 950, Glendale, CA, 91203, (818)973-3228
Charged Party / Respondent, Legal Representative, Mirrafati Kamran, Seyfarth Shaw LLP, 2029 Century Park East, Suite 3500, Los Angeles, CA, 90067-3021, (310)201-5290
Charging Party, Legal Representative, Sollett Mathew, Bush Gottlieb, ALC, 801 No. Brand Blvd, Suite 950, Glendale, CA, 91203, (818)973-3230
Charging Party, Union, International Brotherhood of Teamsters, Washington, DC, 20001
Charged Party / Respondent, Employer, Amazon.com Services, LLC aka Amazon Logistics, LLC, March Air Reserve Base, CA, 92518
",,,
C,"Region 29, Brooklyn, New York",29-CA-394083,"Amazon.com Services, LLC",Open,08/31/2026,,,"Staten Island",NY,1000,"8(a)(3) Discharge (Including Layoff and Refusal to Hire (not salting))
8(a)(1) Concerted Activities (Retaliation, Discharge, Discipline)
","Charging Party, Legal Representative, Gladstone Aaron, Eisner Dictor & Lamadrid P.C., 39 Broadway, Suite 1540, New York, NY, 10006, (212)473-8700
Charged Party / Respondent, Legal Representative, Rogers Amber, Hunton Andrews Kurth LLP, 1445 Ross Avenue, Suite 3700, Dallas, TX, 75202, (214)468-3308
Charged Party / Respondent, Legal Representative, Larkin Kurt, Hunton Andrews Kurth LLP, 951 East Byrd Street, Richmond, VA, 23219, (804)788-8776
Charged Party / Respondent, Employer, Amazon.com Services Inc., Staten Island, NY, 10314
Charging Party, Union, Staten Island, NY, 10314
",,,
C,"Region 03, Buffalo, New York",03-CA-393763,Amazon,Open,08/27/2026,,,Rochester,NY,2500,"8(a)(1) Concerted Activities (Retaliation, Discharge, Discipline)
","Charged Party / Respondent, Legal Representative, Capell Ian, Seyfarth Shaw LLP, 620 Eighth Avenue, New York, NY, 10018, (212)218-5265
Charged Party / Respondent, Legal Representative, Silver Jason, Seyfarth Shaw LLP, 620 Eighth Ave, 32nd Floor, New York, NY, 10018, (212)218-5282
Charged Party / Respondent, Employer, Amazon, Rochester, NY, 14624
Charging Party, Individual
",,,
C,"Region 09, Cincinnati, Ohio",09-CA-393630,"FIRETEAM LOGISTICS AND AMAZON.COM SERVICES LLC",Open,08/24/2026,,,Kettering,OH,25,"8(a)(3) Discharge (Including Layoff and Refusal to Hire (not salting))
8(a)(1) Coercive Statements (Threats, Promises of Benefits, etc.)
","Charged Party / Respondent, Legal Representative, Stolzenbach Brian, Seyfarth Shaw LLP, 233 South Wacker Drive, Suite 8000, Chicago, IL, 60606, (312)460-5000
Charged Party / Respondent, Employer, Fireteam Logistics (and Amazon.com Services LLC as joint employer), Kettering, OH, 45420
Charging Party, Individual
",,,
C,"Region 27, Denver, Colorado",27-CA-392599,"Amazon.com Services, LLC and Amazon Logistics, Inc. (as an agent to and/or single employer with Amazon.com Services, LLC) (collectively “Amazon”), as a single and/or joint employer with its Delivery Service Partners Bear Logistics, LLC, Puma Logistics, LLC, Inyati, LLC, and Downtown Jerry, LLC",Open,08/11/2026,,,Aurora,CO,300,"8(a)(3) Discharge (Including Layoff and Refusal to Hire (not salting))
8(a)(1) Coercive Statements (Threats, Promises of Benefits, etc.)
","Charged Party / Respondent, Legal Representative, Davis Bryan, Ogletree, Deakins, Nash, Smoak & Stewart, PC, 34977 Woodward Avenue, Suite 300, Detroit, MI, 48009, (248)723-6169
Charged Party / Respondent, Legal Representative, Puckett Chris, Ogletree, Deakins, Nash, Smoak & Stewart, PC, 600 Peachtree St NE, Suite 4300, Atlanta, GA, 30308, (404)870-1705
Charging Party, Legal Representative, De Haro Hector, Bush Gottlieb, ALC, 801 N. Brand Blvd.,, Suite 950, Glendale, CA, 91203, (818)973-3260
Charged Party / Respondent, Legal Representative, Rich Jamie, Seyfarth Shaw LLP, 400 Capitol Mall, Suite 2300, Sacramento, CA, 95814, (916)498-7078
Charged Party / Respondent, Legal Representative, Ferrer John, Ogletree, Deakins, Nash, Smoak & Stewart, PC, 1909 K Street NW, Suite 1000, Washington, DC, 20006, (202)263-0268
Charging Party, Legal Representative, Dickinson Julie, Bush Gottlieb, ALC, 801 N. Brand Blvd, Suite 950, Glendale, CA, 91203, (818)973-3228
Charging Party, Legal Representative, Keng Samantha, Bush Gottlieb, ALC, 801 North Brand Blvd, Suite 950, Glendale, CA, 91203, (818)973-3203
Charged Party / Respondent, Employer, Amazon.com Services, LLC and Amazon Logistics, Inc. (as an agent to and/or single employer  with Amazon.com Services, LLC) (collectively “Amazon”), as a single and/or joint employer  with its Delivery Service Partners Bear Logistics, LLC, Puma Logistics, LLC, Inyati, LLC, and  Downtown Jerry, LLC, Aurora, CO, 80011
",,,
C,"Region 29, Brooklyn, New York",29-CA-392112,"Amazon.com Services, LLC",Open,07/24/2026,,,"Staten Island",NY,6000,"8(a)(3) Discharge (Including Layoff and Refusal to Hire (not salting))
8(a)(1) Concerted Activities (Retaliation, Discharge, Discipline)
","Charged Party / Respondent, Legal Representative, Rogers Amber, (214)468-3308
Charged Party / Respondent, Legal Representative, Larkin Kurt, Hunton Andrews Kurth LLP, 951 East Byrd Street, Richmond, VA, 23219, (804)788-8776
Charged Party / Respondent, Employer, Amazon.com Services, LLC, Staten Island, NY, 10314
Charging Party, Union, ALU-IBT Local 1, Staten Island, NY, 10314
",,,
C,"Region 03, Buffalo, New York",03-CA-391339,Amazon,Open,07/23/2026,,,Liverpool,NY,2000,"8(a)(5) Refusal to Furnish Information
","Charged Party / Respondent, Legal Representative, Dumbacher Robert, Hunton Andrews Kurth LLP, 600 Peachtree Street, N.E., Suite 3000, Atlanta, GA, 30308-2216, (404)888-4007
Charged Party / Respondent, Employer, Amazon, Liverpool, NY, 13090
Charging Party, Individual
",,,
C,"Region 28, Phoenix, Arizona",28-CA-391952,"Amazon Services, LLC",Open,07/23/2026,,,Goodyear,AZ,500,"8(a)(1) Concerted Activities (Retaliation, Discharge, Discipline)
","Charged Party / Respondent, Legal Representative, Kuntz Harrison, Seyfarth Shaw LLP, 233 South Wacker Drive, Suite 8000, Chicago, IL, 60606, (310)597-1559
",,,
C,"Region 28, Phoenix, Arizona",28-CA-391765,"Amazon Services LLC",Open,07/23/2026,,,Goodyear,AZ,250,"8(a)(1) Concerted Activities (Retaliation, Discharge, Discipline)
","Charged Party / Respondent, Legal Representative, Kuntz Harrison, Seyfarth Shaw LLP, 233 South Wacker Drive, Suite 8000, Chicago, IL, 60606, (310)597-1559
Charging Party, Legal Representative, Hippensteel Jacob, Hippensteel Law Firm, 1525 South Higley Road, Suite 104, Gilbert, AZ, 85296, (480)319-9091
Charging Party, Individual
Charged Party / Respondent, Employer, Amazon Services, LLC, Goodyear, AZ, 85338
",,,
C,"Region 29, Brooklyn, New York",29-CA-392517,"Amazon Logistics Inc. or Amazon.com Services LLC (collectively, “Amazon”), as a single and/or joint employer with its Amazon Delivery Service Partners, including Accuswift Logistics, LLC; Andiamo Logistics, Inc.; Atom Logistics, LLC; ASB Global, LLC; A-Team Delivers, LLC; Blue Cardinal Logistics, Inc.; BTK Rush, Inc.; Clear Logistics, LLC; C&T Logistics, LLC; DnA Logistics, Inc.; EY Parker Logistics, LLC; EZ Logistix, LLC; Fast Track Delivery, Inc.; HK Logistics, Inc.; Kavac Logistics, LLC; Metro Deliveries & Logistics, LLC; Molock’s Logistics, LLC; Next Stop Logistics, LLC; Paolino Logistics, LLC; Pure Deliver, LLC; Quick Trip Delivery, LLC; Satriano Logistics, LLC; Valuable Logistics, Inc. (collectively, “DSPs”), and the named DSPs individually",Open,07/22/2026,,,Maspeth,NY,100000,,"Charged Party / Respondent, Legal Representative, Stolzenbach Brian, Seyfarth Shaw, 233 South Wacker Drive, Suite 8000, Chicago, IL, 60606, (312)460-5000
Charged Party / Respondent, Legal Representative, Edmund Emma, Ogletree, Deakins, Nash, Smoak & Stewart, P.C., 301 Congress Avenue, Suite 1150, Austin, TX, 78701, (512)344-4700
Charged Party / Respondent, Legal Representative, Otovic James, Ogletree, Deakins, Nash, Smoak & Stewart, PC, 300 North Main Street, Suite 500, Greenville, SC, 29601, (864)240-5601
Charged Party / Respondent, Legal Representative, Ferrer John, Ogletree, Deakins, Nash, Smoak & Stewart, PC, 1909 K Street NW, Suite 1000, Washington, DC, 20006, (202)263-0268
Charging Party, Legal Representative, Dickinson Julie, Bush Gottlieb, ALC, 801 N. Brand Blvd, Suite 950, Glendale, CA, 91203, (818)973-3228
Charged Party / Respondent, Legal Representative, Keng Samantha, Bush Gottlieb, ALC, 801 N. Brand Blvd, Suite 950, Glendale, CA, 91203, (213)760-2207
Charged Party / Respondent, Employer, Metro Deliveries and Logistics, LLC, Los Angeles, CA, 90008
Charged Party / Respondent, Employer, Quick Trip Delivery, LLC, Victorville, CA, 92395
Charged Party / Respondent, Employer, Molock’s Logistics, LLC, Loganville, GA, 30052
Charged Party / Respondent, Employer, Next Stop Logistics, LLC, Glendale, CA, 91203
",,,
C,"Region 29, Brooklyn, New York",29-CB-391159,"International Brotherhood of Teamsters and its subordinate units (Amazon.com Services LLC)",Open,07/20/2026,,,Maspeth,NY,1000000,"8(b)(1)(A) Picketing/Strike Actions
","Charging Party, Legal Representative, Ostern David, Seyfarth Shaw LLP, 620 Eighth Avenue, 32nd Floor, New York, NY, 10018, (212)218-5500
Charging Party, Legal Representative, Silver Jason, Seyfarth Shaw LLP, 620 8th Avenue, 32nd Floor, New York, NY, 10018, (212)218-5282
Charged Party / Respondent, Legal Representative, Gutman Dickinson Julie, Bush Gottlieb, ALC, 801 North Brand Boulevard, Suite 950, Glendale, CA, 91203, (818)973-3228
Charged Party / Respondent, Legal Representative, Keng Samantha, Bush Gottlieb, a Law Corporation, 801 North Brand Blvd.,, Suite 950, Glendale, CA, 91203, (818)973-3203
Charged Party / Respondent, Legal Representative, Burden Willie, International Brotherhood of Teamsters, 25 Louisiana Avenue N.W., Washington, DC, (202)624-6800
Charging Party, Employer, Amazon.com Services LLC, Maspeth, NY, 11378
Charged Party / Respondent, Union, International Brotherhood of Teamsters, Teamsters Local 396, Covina, CA, 91724
Charged Party / Respondent, Union, International Brotherhood of Teamsters and its subordinate units, the Teamsters Amazon Division, the Teamsters Amazon National Negotiating Committee, Local 1932, San Bernardino, CA, 92410
Charged Party / Respondent, Union,  International Brotherhood of Teamsters, Local 804, Port Washington, NY, 11050
",,,
C,"Region 05, Baltimore, Maryland",05-CA-390944,"Amazon.com Services LLC (ORF4)",Open,07/20/2026,,,"Virginia Beach",VA,700,"8(a)(1) Concerted Activities (Retaliation, Discharge, Discipline)
","Charged Party / Respondent, Legal Representative, Sullivan C., Hunton Andrews Kurth LLP, 951 East Byrd Street, Richmond, VA, 23219-4074, (804)788-8399
Charged Party / Respondent, Legal Representative, Glasgow Ryan, Hunton Andrews Kurth LLP, 951 East Byrd Street, Richmond, VA, 23219, (804)788-8791
Charging Party, Individual
Charged Party / Respondent, Employer, Amazon.com Services LLC (ORF4), Virginia Beach, VA, 23454
",,,
C,"Region 27, Denver, Colorado",27-CA-390991,Amazon,Open,07/17/2026,,,Denver,CO,110,"8(a)(1) Concerted Activities (Retaliation, Discharge, Discipline)
8(a)(1) Coercive Actions (Surveillance, etc)
8(a)(1) Interrogation (including Polling)
8(a)(1) Coercive Rules
","Charged Party / Respondent, Legal Representative, Sanchez Karla, Seyfarth Shaw LLP, 233 South Wacker Drive, Suite 8000, Chicago, IL, 60606, (312)460-5000
Charging Party, Individual
Charged Party / Respondent, Employer, Amazon, Denver, CO, 80221
",,,
C,"Region 29, Brooklyn, New York",29-CA-390970,"Amazon Logistics Inc. or Amazon.com Services LLC (collectively, “Amazon”), as a single and/or joint employer with its Amazon Delivery Service Partners, including Activ Enterprises, LLC; Accuswift Logistics, LLC; Andiamo Logistics, Inc.; Atom Logistics, LLC; ASB Global, LLC; A-Team Delivers, LLC; Blue Cardinal Logistics, Inc.; BTK Rush, Inc.; Clear Logistics, LLC; C&T Logistics, LLC; DirectPro Logistics, LLC; DnA Logistics, Inc.; EY Parker Logistics, LLC; EZ Logistix, LLC; Fast Track Delivery, Inc.; HK Logistics, Inc.; Kavac Logistics, LLC; Metro Deliveries & Logistics, LLC; Molock’s Logistics, LLC; Next Stop Logistics, LLC; Paolino Logistics, LLC; Pure Deliver, LLC; Quick Trip Delivery, LLC; Satriano Logistics, LLC; Valuable Logistics, Inc. (collectively, “DSPs”), and the named DSPs individually",Open,07/14/2026,,,Maspeth,NY,900000,,"Charged Party / Respondent, Legal Representative, Stolzenbach Brian, Seyfarth Shaw, 233 South Wacker Drive, Suite 8000, Chicago, IL, 60606, (312)460-5000
Charged Party / Respondent, Legal Representative, Edmund Emma, Ogletree, Deakins, Nash, Smoak & Stewart, P.C., 301 Congress Avenue, Suite 1150, Austin, TX, 78701, (512)344-4700
Charged Party / Respondent, Legal Representative, Otovic James, Ogletree, Deakins, Nash, Smoak & Stewart, PC, 300 North Main Street, Suite 500, Greenville, SC, 29601, (864)240-5601
Charged Party / Respondent, Legal Representative, Silver Jason, Seyfarth Shaw LLP, 620 8th Avenue, 32nd Floor, New York, NY, 10018, (212)218-5282
Charged Party / Respondent, Legal Representative, Ferrer John, Ogletree, Deakins, Nash, Smoak & Stewart, PC, 1909 K Street NW, Suite 1000, Washington, DC, 20006, (202)263-0268
Charging Party, Legal Representative, Dickinson Julie, Bush Gottlieb, ALC, 801 N. Brand Blvd., Suite 950, Glendale, CA, 91203, (818)973-3228
Charging Party, Legal Representative, Keng Samantha, Bush Gottlieb, ALC, 801 North Brand Boulevard Suite 950, Glendale, CA, 91203, (818)973-3200
Charged Party / Respondent, Employer, A-Team Delivers, LLC, San Diego, CA, 92126
Charged Party / Respondent, Employer, BTK Rush, Inc., Springfield, IL, 62704
Charged Party / Respondent, Employer, Amazon DBK1 Facility, Woodside, NY, 11377
",,,
C,"Region 29, Brooklyn, New York",29-CA-390719,"Amazon Logistics Inc. or Amazon.com Services LLC (collectively, “Amazon”), as a single or joint employer with Amazon Delivery Service Partner Satriano Logistics, LLC (“STAA”)",Open,07/10/2026,,,Maspeth,NY,900,"8(a)(1) Coercive Actions (Surveillance, etc)
8(a)(1) Coercive Rules
8(a)(1) Concerted Activities (Retaliation, Discharge, Discipline)
","Charged Party / Respondent, Legal Representative, Silver Jason, Seyfarth Shaw LLP, 620 8th Avenue, 32nd Floor, New York, NY, 10018, (212)218-5282
Charging Party, Legal Representative, Lavenski Travis, Barnard Iglitzin & Lavitt LLP, 18 West Mercer St., Suite 400, Seattle, WA, 98119, (206)257-6032
Charged Party / Respondent, Employer, Amazon Logistics, Inc. and Amazon.com Services LLC, Maspeth, NY, 11378
Charged Party / Respondent, Employer, Satriano Logistics, LLC (“STAA”), Maspeth, NY, 11378
Charging Party, Union, Teamsters Amazon National Negotiating Committee, Washington, DC, 20001
",,,
C,"Region 25, Indianapolis, Indiana",25-CA-390037,Amazon.com,Open,07/06/2026,,,Davenport,IA,2356,"8(a)(1) Concerted Activities (Retaliation, Discharge, Discipline)
8(a)(4) Discharge (including Layoff and Refusal to Hire)
8(a)(4) Refusal to Reinstate Employee/Striker
8(a)(1) Coercive Rules
8(a)(4) Discipline
","Charged Party / Respondent, Legal Representative, Stolzenbach Brian, Seyfarth Shaw LLP, 233 South Wacker Drive, Suite 8000, Chicago, IL, 60606, (312)460-5000
Charged Party / Respondent, Employer, Amazon.com, Seattle, WA, 98108
Charging Party, Individual
",,,
C,"Region 31, Los Angeles, California",31-CA-390243,Amazon,Open,07/06/2026,,,"Santa Monica",CA,500,"8(a)(1) Coercive Actions (Surveillance, etc)
8(a)(1) Coercive Statements (Threats, Promises of Benefits, etc.)
8(a)(1) Concerted Activities (Retaliation, Discharge, Discipline)
8(a)(1) Interrogation (including Polling)
8(a)(3) Discipline
8(a)(4) Discipline
","Charged Party / Respondent, Legal Representative, Rogers Amber, Hunton Andrews Kurth LLP, 1445 Ross Avenue, Suite 3700, Dallas, TX, 75202, (214)468-3308
Charged Party / Respondent, Legal Representative, LARKIN KURT, Hunton Andrews Kurth LLP, 951 East Byrd Street, Suite 1300, Richmond, VA, 23219, (804)788-8776
Charged Party / Respondent, Legal Representative, Pratt Michael, Perkins Coie LLP, 500 North Akard Street, Suite 3300, Dallas, TX, 75201-3347, (214)259-4922
Charging Party, Union, Amazon Disability Union, Santa Monica, CA, 90404
",,,
C,"Region 05, Baltimore, Maryland",05-CA-389666,"Amazon - ORF3",Open,06/29/2026,,,Portsmouth,VA,2000,"8(a)(3) Discharge (Including Layoff and Refusal to Hire (not salting))
8(a)(1) Concerted Activities (Retaliation, Discharge, Discipline)
","Charged Party / Respondent, Legal Representative, Sullivan C. Randolph, Hunton Andrews Kurth LLP, 951 E. Byrd Street, Richmond, VA, 23219, (804)788-8399
Charged Party / Respondent, Legal Representative, Glasgow Ryan, Hunton Andrews Kurth LLP, 951 East Byrd Street, Richmond, VA, 23219, (804)788-8791
Charging Party, Union, Warehouse Life, Brooklyn, NY, 11201
Charging Party, Additional Service, Warehouse Life, Leonia, NJ, 07605
Charged Party / Respondent, Employer, Amazon - ORF3, Suffolk, VA, 23435
",,,
C,"Region 07, Detroit, Michigan",07-CA-389938,"Amazon.com Inc.",Closed,06/23/2026,08/05/2026,"Withdrawal Non-adjusted",Wixom,MI,100,"8(a)(1) Coercive Rules
","Charged Party / Respondent, Legal Representative, Sanchez Karla, Seyfarth Shaw LLP, 233 South Wacker Drive, Suite 8000, Chicago, IL, 60606, (312)460-5000
Charged Party / Respondent, Employer, Amazon.com inc., Seattle, WA, 98108-0683
Charging Party, Individual
",,,
C,"Region 05, Baltimore, Maryland",05-CA-389297,Amazon,Open,06/18/2026,,,Baltimore,MD,500,"8(a)(3) Discharge (Including Layoff and Refusal to Hire (not salting))
","Charged Party / Respondent, Legal Representative, Sanchez Karla, Seyfarth Shaw LLP, 233 S. Wacker Drive, Ste 8000, Chicago, IL, 60606, (312)460-5000
Charged Party / Respondent, Employer, Amazon, Baltimore, MD, 21226
",,,
C,"Region 31, Los Angeles, California",31-CA-388762,"Amazon.com Services, LLC and Amazon Logistics, Inc. (as an agent to and/or single employer with Amazon.com Services, LLC) (collectively “Amazon”)",Open,06/10/2026,,,"Santa Clarita",CA,2,"8(a)(3) Discharge (Including Layoff and Refusal to Hire (not salting))
8(a)(1) Concerted Activities (Retaliation, Discharge, Discipline)
8(a)(4) Discharge (including Layoff and Refusal to Hire)
","Charged Party / Respondent, Legal Representative, Kuntz Harrison, Seyfarth Shaw LLP, 233 South Wacker Drive, Suite 8000, Chicago, IL, 60606, (310)597-1559
Charging Party, Legal Representative, Dickinson Julie, Bush Gottlieb, ALC, 801 North Brand Boulevard, Suite 950, Glendale, CA, 91203, (818)973-3228
Charged Party / Respondent, Legal Representative, Mirrafati Kamran, Seyfarth Shaw LLP, 2029 Century Park East, Suite 3500, Los Angeles, CA, 90067-3021, (310)201-5290
Charged Party / Respondent, Employer, Amazon.com Services, LLC and Amazon Logistics, Inc., Seattle, WA, 98109
Charged Party / Respondent, Employer, Amazon.com Services, LLC and Amazon Logistics, Inc., Seattle, WA, 98109
Charged Party / Respondent, Employer, Amazon’s DAX8 Facility,  Palmdale, CA, 93551
Charged Party / Respondent, Employer, Amazon DPS5 Facility, Santa Clarita, CA, 91355
",,,
C,"Region 29, Brooklyn, New York",29-CA-388760,"Amazon Logistics, Inc. and Amazon.com Services LLC, and ASB Global, as a single employer and/ or as joint employers",Open,06/09/2026,,,Woodside,NY,58,"8(a)(1) Coercive Actions (Surveillance, etc)
8(a)(1) Interrogation (including Polling)
8(a)(1) Coercive Statements (Threats, Promises of Benefits, etc.)
8(a)(3) Changes in Terms and Conditions of Employment
","Charged Party / Respondent, Legal Representative, Ostern David, Seyfarth Shaw LLP, 620 Eighth Avenue, 32nd Floor, New York, NY, 10018, (212)218-5500
Charged Party / Respondent, Legal Representative, Smith Glenn, Seyfarth Shaw LLP, Seyfarth Shaw LLP, 620 Eighth Avenue, 31st Floor, New York, NY, 10018, (212)218-3502
Charging Party, Legal Representative, Hayes Ian, Hayes Dolce, 135 Delaware Avenue, Suite 502, Buffalo, NY, 14202, (716)608-3427
Charged Party / Respondent, Legal Representative, Silver Jason, Seyfarth Shaw LLP, 620 8th Avenue, 32nd Floor, New York, NY, 10018, (212)218-5282
Charged Party / Respondent, Employer, Amazon Logistics, Inc. and Amazon.com Services LLC, Maspeth, NY, 11378
Charged Party / Respondent, Employer, ASB Global LLC (“ASBG”), Brooklyn, NY, 11224
",,,
C,"Region 29, Brooklyn, New York",29-CA-388687,"Amazon Logistics, Inc. and Amazon.com Services LLC, and Fasttrack, as a single employer and/or as joint employers",Open,06/09/2026,,,Woodside,NY,155,"8(a)(1) Coercive Statements (Threats, Promises of Benefits, etc.)
8(a)(1) Concerted Activities (Retaliation, Discharge, Discipline)
8(a)(1) Coercive Actions (Surveillance, etc)
","Charged Party / Respondent, Legal Representative, Ostern David, Seyfarth Shaw LLP, 620 Eighth Avenue, 32nd Floor, New York, NY, 10018, (212)218-5500
Charging Party, Legal Representative, Hayes Ian, Hayes Dolce, 135 Delaware Avenue, Suite 502, Buffalo, NY, 14202, (716)608-3427
Charged Party / Respondent, Legal Representative, Silver Jason, Seyfarth Shaw LLP, 620 Eighth Ave, 32nd Floor, New York, NY, 10018, (212)218-5282
Charged Party / Respondent, Employer, Amazon Logistics, Inc. and Amazon.com Services LLC, Maspeth, NY, 11378
Charged Party / Respondent, Employer, Fasttrack
Charged Party / Respondent, Additional Service, Fasttrack
Charged Party / Respondent, Additional Service, Fasttrack
",,,
C,"Region 29, Brooklyn, New York",29-CA-388355,"Amazon Logistics Inc. or Amazon.com Services LLC (collectively, “Amazon”), as a single or joint employer with Amazon Delivery Service Partner Satriano Logistics, LLC (“STAA”)",Closed,06/04/2026,07/14/2026,"Dismissal Non-adjusted",Maspeth,NY,900,"8(a)(3) Discharge (Including Layoff and Refusal to Hire (not salting))
8(a)(1) Coercive Actions (Surveillance, etc)
8(a)(1) Coercive Rules
","Charged Party / Respondent, Legal Representative, Glass Benjamin, 211 King Street, Suite 200, Charleston, SC, 29401, (843)720-0863
Charged Party / Respondent, Legal Representative, Silver Jason, Seyfarth Shaw LLP, 620 8th Ave, 32nd Floor, New York, NY, 10018, (212)218-5282
Charging Party, Legal Representative, Lavenski Travis, Barnard Iglitzin & Lavitt LLP, 18 West Mercer St., Suite 400, Seattle, WA, 98119, (206)257-6032
Charged Party / Respondent, Legal Representative, Satriano Vincent, Satriano Logistics, LLC (“STAA”), DBK4, 55-15 Grand Ave., Maspeth, NY, 11378
Charged Party / Respondent, Employer, Amazon Logistics, Inc. and Amazon.com Services LLC, Maspeth, NY, 11378
Charging Party, Union, Teamsters Amazon National Negotiating Committee (TANNC), IBT, Washington, DC, 20001
",,,
C,"Region 21, Los Angeles, California",21-CA-388103,"Amazon.com Services, LLC aka Amazon Logistics, LLC",Open,06/02/2026,,,"March Air Reserve Base",CA,100,"8(a)(3) Discharge (Including Layoff and Refusal to Hire (not salting))
","Charging Party, Legal Representative, Dickinson Julie, Bush Gottlieb, ALC, 801 N. Brand Blvd, Suite 950, Glendale, CA, 91203, (818)973-3200
Charged Party / Respondent, Legal Representative, Mirrafati Kamran, Seyfarth Shaw LLP, 2029 Century Park East, Suite 3500, Los Angeles, CA, 90067-3021, (310)201-5290
Charging Party, Legal Representative, Sollett Mathew, Bush Gottlieb, ALC, 801 No. Brand Blvd, Suite 950, Glendale, CA, 91203, (818)973-3230
Charging Party, Legal Representative, Keng Samantha, Bush Gottlieb, ALC, 801 N. Brand Blvd., Suite 950, Glendale, CA, 91203, (818)973-3203
Charged Party / Respondent, Employer, Amazon.com Services, LLC aka Amazon Logistics, LLC, March Air Reserve Base, CA, 92518
Charging Party, Union, International Brotherhood of Teamsters, Washington, DC, 20001-2130
",,,
C,"Region 09, Cincinnati, Ohio",09-CA-388044,"AMAZON CMH3",Open,06/01/2026,,,Monroe,OH,1000,"8(a)(1) Concerted Activities (Retaliation, Discharge, Discipline)
","Charged Party / Respondent, Legal Representative, Vetter Brett, Seyfarth Shaw LLP, 233 South Wacker Drive, Suite 8000, Chicago, IL,  60606, (312)460-5000
Charged Party / Respondent, Legal Representative, Stolzenbach Brian, Seyfarth Shaw LLP, 233 S. Wacker Drive, Ste 8000, Chicago, IL, 60606, (312)460-5551
Charged Party / Respondent, Employer, Amazon CMH3, Monroe, OH, 45050
Charging Party, Individual
",,,
C,"Region 01, Boston, Massachusetts",01-CA-388015,Amazon,Open,05/29/2026,,,Boston,MA,5000,"8(a)(1) Concerted Activities (Retaliation, Discharge, Discipline)
","Charged Party / Respondent, Legal Representative, Rogers Amber, Hunton Andrews Kurth LLP, 1445 Ross Avenue, Suite 3700, Dallas, TX, 75202, (214)468-3308
Charged Party / Respondent, Legal Representative, Larkin Kurt, Hunton Andrews Kurth LLP, 951 East Byrd Street, Richmond, VA, 23219, (804)788-8776
Charged Party / Respondent, Employer, Amazon, Seattle, WA, 98109
Charging Party, Individual
",,,
C,"Region 10, Atlanta, Georgia",10-CA-387554,"Amazon.com Services LLC",Open,05/26/2026,,,Louisville,TN,500,"8(a)(1) Concerted Activities (Retaliation, Discharge, Discipline)
","Charged Party / Respondent, Legal Representative, Kpere-Daibo Dean, Constangy, Brooks, Smith & Prophete, LLP, 680 Craig Road, Suite 400, St. Louis, MI, 63141, (314)925-7266
Charged Party / Respondent, Employer, Amazon.com Services LLC, Louisville, TN, 37777
Charging Party, Individual
",,,
C,"Region 16, Fort Worth, Texas",16-CA-387793,"Amazon Flex",Open,05/22/2026,,,Alvin,TX,15000,"8(a)(1) Concerted Activities (Retaliation, Discharge, Discipline)
","Charged Party / Respondent, Legal Representative, Sanchez Karla, Seyfarth Shaw LLP, 233 S. Wacker Drive, Ste 8000, Chicago, IL, 60606, (312)460-5000
Charged Party / Respondent, Employer, Amazon Flex, Houston, TX, 77064
Charging Party, Individual
",,,
C,"Region 08, Cleveland, Ohio",08-CA-387150,"Amazon/Clear Blue",Open,05/18/2026,,,Toledo,OH,75,"8(a)(1) Concerted Activities (Retaliation, Discharge, Discipline)
","Charged Party / Respondent, Legal Representative, Davis Bryan, Ogletree, Deakins, Nash, Smoak & Stewart, PC, (248)723-6169
Charged Party / Respondent, Legal Representative, Ferrer John, Ogletree, Deakins, Nash, Smoak & Stewart, PC, 1909 K Street NW, Suite 1000, Washington, DC, 20006, (202)263-0268
Charged Party / Respondent, Legal Representative, Sanchez Karla, Seyfarth Shaw LLP, 233 S. Wacker Drive, Ste 8000, Chicago, IL, 60606, (312)460-5000
Charged Party / Respondent, Legal Representative, Harrington Lauren, Ogletree, Deakins, Nash, Smoak & Stewart, PLLC, 34977 Woodward Avenue, Suite 300, Birmingham, MI, 48009, (248)723-6164
Charged Party / Respondent, Employer, Amazon/Clear Blue, Toledo, OH, 43614
Charging Party, Individual
",,,
C,"Region 21, Los Angeles, California",21-CB-386871,"International Brotherhood of Teamsters and its subordinate units, the Teamsters Amazon Division, the Teamsters Amazon National Negotiating Committee, Teamsters Locals 63, 396, 705, 804, 1932, and 2875, and Amazon Labor Union-IBT Local 1 (Amazon.com Services LLC)",Open,05/12/2026,,,"Santa Fe Springs",CA,1000000,,"Charging Party, Legal Representative, Cortes Eduardo, Seyfarth Shaw LLP, 601 S. Figueroa St., Ste. 3300, Los Angeles, CA, 90017, (213)270-9600
Charged Party / Respondent, Legal Representative, Wojciechowski Jason, Bush Gottlieb,  ALC, 801 N. Brand Blvd., Suite 950, Glendale, CA, 91203, (818)973-3208
Charged Party / Respondent, Legal Representative, Wojciechowski Jason, Bush Gottlieb, ALC, 801 North Brand Blvd, Suite 950, Glendale, CA, 91203, (818)973-3208
Charged Party / Respondent, Legal Representative, Wojciechowski Jason, Bush Gottlieb, ALC, 801 North Brand Blvd, Suite 950, Glendale, CA, 91203, (818)973-3208
Charged Party / Respondent, Legal Representative, Wojciechowski Jason, Bush Gottlieb, ALC, 801 North Brand Blvd, Suite 950, Glendale, CA, 91203, (818)973-3208
Charged Party / Respondent, Legal Representative, Wojciechowski Jason, Bush Gottlieb, ALC, 801 North Brand Blvd, Suite 950, Glendale, CA, 91203, (818)973-3208
Charged Party / Respondent, Legal Representative, Wojciechowski Jason, Bush Gottlieb, ALC, 801 North Brand Blvd, Suite 950, Glendale, CA, 91203, (818)973-3208
Charged Party / Respondent, Legal Representative, Wojciechowski Jason, Bush Gottlieb, ALC, 801 North Brand Blvd, Suite 950, Glendale, CA, 91203, (818)973-3208
Charged Party / Respondent, Legal Representative, Wojciechowski Jason, Bush Gottlieb, ALC, 801 North Brand Blvd, Suite 950, Glendale, CA, 91203, (818)973-3208
Charged Party / Respondent, Legal Representative, Dickinson Julie, Bush Gottlieb, ALC, 801 N. Brand Blvd, Suite 950, Glendale, CA, 91203, (818)973-3228
",,,
C,"Region 21, Los Angeles, California",21-CA-386088,"Amazon.com Services, LLC aka Amazon Logistics, LLC",Closed,04/30/2026,05/11/2026,"Withdrawal Non-adjusted","March Air Reserve Base",CA,100,"8(a)(3) Discipline
","Charging Party, Legal Representative, Gutman Dickinson Julie, Bush Gottlieb, ALC, 801 North Brand Boulevard, Suite 950, Glendale, CA, 91203, (818)973-3228
Charged Party / Respondent, Legal Representative, Mirrafati Kamran, Seyfarth Shaw LLP, 2029 Century Park East, Suite 3500, Los Angeles, CA, 90067-3021, (310)201-5290
Charging Party, Legal Representative, Sollett Mathew, Bush Gottlieb, ALC, 801 No. Brand Blvd, Suite 950, Glendale, CA, 91203, (818)973-3230
Charging Party, Legal Representative, Keng Samantha, Bush Gottlieb, ALC, 801 North Brand Blvd, Suite 950, Glendale, CA, 91203, (818)973-3203
Charging Party, Union, International Brotherhood of Teamsters, Washington, DC, 20001
Charged Party / Respondent, Employer, Amazon.com Services, LLC aka Amazon Logistics, LLC, March Air Reserve Base, CA, 92518
",,,
C,"Region 29, Brooklyn, New York",29-CA-385950,"Amazon.com Services, LLC",Closed,04/27/2026,06/09/2026,"Withdrawal Non-adjusted","Staten Island",NY,5000,"8(a)(3) Discharge (Including Layoff and Refusal to Hire (not salting))
8(a)(1) Concerted Activities (Retaliation, Discharge, Discipline)
8(a)(4) Discharge (including Layoff and Refusal to Hire)
","Charged Party / Respondent, Legal Representative, Rogers Amber, Hunton Andrews Kurth LLP, 1445 Ross Avenue, Suite 3700, Dallas, TX, 75202, (214)468-3308
Charging Party, Legal Representative, Dickinson Julie, Bush Gottlieb, ALC, 801 N. Brand Blvd, Suite 950, Glendale, CA, 91203, (818)973-3200
Charged Party / Respondent, Legal Representative, Larkin Kurt, Hunton Andrews Kurth LLP, HUNTON ANDREWS KURTH LLP, 905 E BYRD ST., RICHMOND, VA, 23219, (804)788-8776
Charged Party / Respondent, Employer, Amazon.com Services LLC, Staten Island, NY, 10314
Charging Party, Union, Amazon Labor Union-International Brotherhood of Teamsters (ALU-IBT) Local 1, Washington, DC, 20001
",,,
C,"Region 21, Los Angeles, California",21-CA-385395,"Amazon.com Services, LLC and its agent Amazon Logistics, Inc. (collectively ""Amazon""), as a single and/or joint employer with its Delivery Service Partner Next Stop Logistics (""Next Stop"")",Open,04/22/2026,,,"South Gate",CA,75,,"Charged Party / Respondent, Legal Representative, Soveranez Elizabeth, Ogletree, Deakins, Nash, Smoak & Stewart, P.C., 2415 E. Camelback Road, Suite 800, Esplanade Center III, Phoenix, AZ, 85016, (602)778-3719
Charged Party / Respondent, Legal Representative, Jaber Fefe, Ogletree Deakins Nash Smoak & Stewart, PC, Pabst Boiler House, 1243 North 10th Street, Suite 200, Milwaukee, WI, 53205-2566, (414)755-8006
Charged Party / Respondent, Legal Representative, Ferrer John, Ogletree Deakins, 1909 K Street, N.W., Suite 1000, Washington, DC, 20006, (202)887-0855
Charging Party, Legal Representative, Dickinson Julie, Bush Gottlieb, ALC, 801 N. Brand Blvd, Suite 950, Glendale, CA, 91203, (818)973-3200
Charging Party, Legal Representative, Dickinson Julie, Bush Gottlieb, ALC, 801 N. Brand Blvd, Suite 950, Glendale, CA, 91203, (818)973-3200
Charged Party / Respondent, Legal Representative, Dumbacher Robert, Hunton Andrews & Kurth LLP, 600 Peachtree Street, NE, Suite 4100, Atlanta, GA, 30308-2217, (404)888-4007
Charged Party / Respondent, Legal Representative, Glasgow Ryan, Hunton Andrews Kurth LLP, 951 East Byrd Street, Richmond, VA, 23219, (804)788-8791
Charged Party / Respondent, Employer, Next Stop Logistics, LLC, Glendale, CA, 91203
Charging Party, Union, Teamsters Amazon National Negotiating Committee, Washington, DC, 20001
Charging Party, Union, International Brotherhood of Teamsters, Local 396, Covina, CA, 91724
",,,
C,"Region 31, Los Angeles, California",31-CB-385777,"International Brotherhood of Teamsters and its subordinate units, the Teamsters Amazon Division, the Teamsters Amazon National Negotiating Committee, Teamsters Locals 63, 396,705, 804, 1932, and 2875, and Amazon Labor Union-IBT Local 1 (Amazon.com Services LLC)",Open,04/22/2026,,,"Santa Clarita",CA,1000000,,"Charging Party, Legal Representative, Cortes Eduardo, Seyfarth Shaw LLP, 601 S. Figueroa St., Ste. 3300, Los Angeles, CA, 90017, (213)270-9600
Charged Party / Respondent, Legal Representative, Wojciechowski Jason, Bush Gottlieb, A Law Corporation, 500 N Central Ave Ste 800, Glendale, CA, 91203-3345, (818)389-8783
Charged Party / Respondent, Legal Representative, Wojciechowski Jason, Bush Gottlieb, ALC, 801 North Brand Blvd.,, Suite 950, Glendale, CA, 91203, (818)973-3208
Charged Party / Respondent, Legal Representative, Wojciechowski Jason, Bush Gottlieb, ALC, 801 North Brand Blvd.,, Suite 950, Glendale, CA, 91203, (818)973-3208
Charged Party / Respondent, Legal Representative, Wojciechowski Jason, Bush Gottlieb, ALC, 801 North Brand Blvd.,, Suite 950, Glendale, CA, 91203, (818)973-3208
Charged Party / Respondent, Legal Representative, Wojciechowski Jason, Bush Gottlieb, ALC, 801 North Brand Blvd.,, Suite 950, Glendale, CA, 91203, (818)973-3208
Charged Party / Respondent, Legal Representative, Wojciechowski Jason, Bush Gottlieb, ALC, 801 North Brand Blvd.,, Suite 950, Glendale, CA, 91203, (818)973-3208
Charged Party / Respondent, Legal Representative, Wojciechowski Jason, Bush Gottlieb, ALC, 801 North Brand Blvd.,, Suite 950, Glendale, CA, 91203, (818)973-3208
Charged Party / Respondent, Legal Representative, Wojciechowski Jason, Bush Gottlieb, ALC, 801 North Brand Blvd.,, Suite 950, Glendale, CA, 91203, (818)973-3208
Charged Party / Respondent, Legal Representative, Dickinson Julie, Bush Gottlieb, ALC, 801 N. Brand Blvd, Suite 950, Glendale, CA, 91203, (818)973-3228
",,,
C,"Region 21, Los Angeles, California",21-CA-385407,"Amazon.com Services, LLC and its agent Amazon Logistics, Inc. (collectively ""Amazon""), as a single and/or joint employer with its Delivery Service Partner Next Stop Logistics (""Next Stop"")",Open,04/22/2026,,,"South Gate",CA,75,,"Charged Party / Respondent, Legal Representative, Soveranez Elizabeth, Ogletree Deakins, 2415 E. Camelback Road, Suite 800, Esplanade Center III, Phoenix, AZ, 85016, (602)778-3719
Charged Party / Respondent, Legal Representative, Jaber Fefe, Ogletree Deakins Nash Smoak & Stewart, PC, Pabst Boiler House, 1243 North 10th Street, Suite 200, Milwaukee, WI, 53205-2566, (414)755-8006
Charged Party / Respondent, Legal Representative, Ferrer John, Ogletree Deakins, 1909 K Street, N.W., Suite 1000, Washington, DC, 20006, (202)887-0855
Charging Party, Legal Representative, Dickinson Julie, Bush Gottlieb, ALC, 801 N. Brand Blvd, Suite 950, Glendale, CA, 91203, (818)973-3200
Charging Party, Legal Representative, Dickinson Julie, Bush Gottlieb, ALC, 801 N. Brand Blvd, Suite 950, Glendale, CA, 91203, (818)973-3200
Charged Party / Respondent, Legal Representative, Dumbacher Robert, Hunton Andrews & Kurth LLP, 600 Peachtree Street, NE, Suite 4100, Atlanta, GA, 30308-2217, (404)888-4007
Charged Party / Respondent, Legal Representative, Glasgow Ryan, Hunton Andrews Kurth LLP, 951 East Byrd Street, Richmond, VA, 23219, (804)788-8791
Charged Party / Respondent, Employer, Next Stop Logistics, LLC, Glendale, CA, 91203
Charging Party, Union, Teamsters Amazon National Negotiating Committee, Washington, DC, 20001
Charging Party, Union, International Brotherhood of Teamsters, Local 396, Covina, CA, 91724
",,,
C,"Region 21, Los Angeles, California",21-CB-385271,"International Brotherhood of Teamsters and its subordinate units, the Teamsters Amazon Division, the Teamsters Amazon National Negotiating Committee, Teamsters Locals 63, 396,705, 804, 1932, and 2875, and Amazon Labor Union-IBT Local 1 (Amazon.com Services LLC)",Open,04/20/2026,,,"South Gate",CA,1000000,,"Charging Party, Legal Representative, Dieckman Alyson, Seyfarth Shaw, LLP, 999 3rd Avenue, Suite 4700, Seattle, WA, 98104, (206)393-4027
Charged Party / Respondent, Legal Representative, Wojciechowski Jason, Bush Gottlieb,  ALC, 801 N. Brand Blvd., Suite 950, Glendale, CA, 91203, (818)973-3208
Charged Party / Respondent, Legal Representative, Wojciechowski Jason, Bush Gottlieb,  ALC, 801 N. Brand Blvd., Suite 950, Glendale, CA, 91203, (818)973-3208
Charged Party / Respondent, Legal Representative, Wojciechowski Jason, Bush Gottlieb,  ALC, 801 N. Brand Blvd., Suite 950, Glendale, CA, 91203, (818)973-3208
Charged Party / Respondent, Legal Representative, Wojciechowski Jason, Bush Gottlieb,  ALC, 801 N. Brand Blvd., Suite 950, Glendale, CA, 91203, (818)973-3208
Charged Party / Respondent, Legal Representative, Wojciechowski Jason, Bush Gottlieb,  ALC, 801 N. Brand Blvd., Suite 950, Glendale, CA, 91203, (818)973-3208
Charged Party / Respondent, Legal Representative, Wojciechowski Jason, Bush Gottlieb,  ALC, 801 N. Brand Blvd., Suite 950, Glendale, CA, 91203, (818)973-3208
Charged Party / Respondent, Legal Representative, Wojciechowski Jason, Bush Gottlieb,  ALC, 801 N. Brand Blvd., Suite 950, Glendale, CA, 91203, (818)973-3208
Charged Party / Respondent, Legal Representative, Wojciechowski Jason, Bush Gottlieb,  ALC, 801 N. Brand Blvd., Suite 950, Glendale, CA, 91203, (818)973-3208
Charged Party / Respondent, Legal Representative, Dickinson Julie, Bush Gottlieb, ALC, 801 N. Brand Blvd, Suite 950, Glendale, CA, 91203, (818)973-3228
",,,
C,"Region 31, Los Angeles, California",31-CA-385269,"Amazon.com Services LLC",Open,04/20/2026,,,"San Bernardino",CA,1000,"8(a)(1) Coercive Statements (Threats, Promises of Benefits, etc.)
8(a)(1) Coercive Actions (Surveillance, etc)
","Charged Party / Respondent, Legal Representative, Raduechel Janine, Seyfarth Shaw LLP, 601 South Figueroa Street,, Suite 3300, Los Angeles, CA, 90017, (213)270-9725
Charging Party, Legal Representative, Gutman-Dickinson Julie, Bush Gottlieb,  ALC, 801 North Brand Blvd., Suite 950, Glendale, CA, 91203, (818)973-3228
Charged Party / Respondent, Legal Representative, Mirrafati Kamran, Seyfarth Shaw LLP, 2029 Century Park East, Suite 3500, Los Angeles, CA, 90067-3021, (310)201-5290
Charging Party, Legal Representative, Sollett Mathew, Bush Gottlieb, ALC, 801 No. Brand Blvd, Suite 950, Glendale, CA, 91203, (818)973-3230
Charging Party, Legal Representative, Wright Vanessa, Bush Gottlieb,  ALC, 801 No. Brand Blvd, Suite 950, Glendale, CA, 91203, (818)973-3228
Charging Party, Union, The International Brotherhood of Teamsters, Washington, DC, 20001
Charged Party / Respondent, Employer, Amazon.com Services LLC, San Bernardino, CA, 92346
Charged Party / Respondent, Employer, Amazon.com Services LLC, San Bernardino, CA, 92346
",,,
C,"Region 28, Phoenix, Arizona",28-CA-385759,"Amazon.com, LLC",Open,04/16/2026,,,Tucson,AZ,500,"8(a)(1) Concerted Activities (Retaliation, Discharge, Discipline)
","Charged Party / Respondent, Legal Representative, Stolzenbach Brian, Seyfarth Shaw LLP, 233 South Wacker Drive, Suite 8000, Chicago, IL, 60606, (312)460-5000
Charged Party / Respondent, Legal Representative, Tignor Elody, Seyfarth Shaw LLP, 233 South Wacker Drive, Suite 8000, Chicago, IL, 60606-6448, (817)821-5950
Charged Party / Respondent, Employer, Amazon.Com, LLC, Tucson, AZ, 85756
Charging Party, Individual
",,,
C,"Region 09, Cincinnati, Ohio",09-CA-384830,"AMAZON.COM SERVCES LLC",Open,04/08/2026,,,Hebron,KY,1000,"8(a)(1) Concerted Activities (Retaliation, Discharge, Discipline)
8(a)(1) Coercive Actions (Surveillance, etc)
","Charged Party / Respondent, Employer, Amazon.com Services LLC, Seattle, WA, 98109
Charging Party, Individual
",,,
C,"Region 21, Los Angeles, California",21-CB-384377,"International Brotherhood of Teamsters and its subordinate units, the Teamsters Amazon Division, the Teamsters Amazon National Negotiating Committee, Teamsters Local 63, 396, 705, 804, 1932, and 2875, and Amazon Labor Union-IBT Local 1 (Amazon.com Services LLC)",Open,04/07/2026,,,"Santa Fe Springs",CA,1000000,,"Charging Party, Legal Representative, Dieckman Alyson, Seyfarth Shaw, LLP, 999 3rd Avenue, Suite 4700, Seattle, WA, 98104, (206)393-4027
Charging Party, Legal Representative, Dieckman Alyson, Seyfarth Shaw, LLP, 999 3rd Avenue, Suite 4700, Seattle, WA, 98104, (206)393-4027
Charged Party / Respondent, Legal Representative, Gutman-Dickinson Julie, Bush Gottlieb,  ALC, 801 North Brand Blvd., Suite 950, Glendale, CA, 91203, (818)973-3228
Charged Party / Respondent, Legal Representative, Gutman-Dickinson Julie, Bush Gottlieb, ALC, 801 North Brand Blvd.,, Suite 950, Glendale, CA, 91203, (818)973-3228
Charged Party / Respondent, Legal Representative, Gutman-Dickinson Julie, Bush Gottlieb, ALC, 801 North Brand Blvd.,, Suite 950, Glendale, CA, 91203, (818)973-3228
Charged Party / Respondent, Legal Representative, Gutman-Dickinson Julie, Bush Gottlieb, ALC, 801 North Brand Blvd.,, Suite 950, Glendale, CA, 91203, (818)973-3228
Charged Party / Respondent, Legal Representative, Gutman-Dickinson Julie, Bush Gottlieb, ALC, 801 North Brand Blvd.,, Suite 950, Glendale, CA, 91203, (818)973-3228
Charged Party / Respondent, Legal Representative, Dickinson Julie, Bush Gottlieb, ALC, 801 N. Brand Blvd, Suite 950, Glendale, CA, 91203, (818)973-3200
Charging Party, Legal Representative, Mirrafati Kamran, Seyfarth Shaw LLP, 2029 Century Park East, Suite 3500, Los Angeles, CA, 90067-3021, (310)201-5290
Charging Party, Legal Representative, Mirrafati Kamran, Seyfarth Shaw LLP, 2029 Century Park East, Suite 3500, Los Angeles, CA, 90067-3021, (310)201-5290
",,,
C,"Region 21, Los Angeles, California",21-CA-384287,"Amazon.com Services, LLC and its agent Amazon Logistics, Inc. (collectively “Amazon”), as a single and/or joint employer with its Delivery Service Partner Kavac Logistics, LLC",Open,04/06/2026,,,"South Gate",CA,104,"8(a)(1) Coercive Statements (Threats, Promises of Benefits, etc.)
8(a)(1) Coercive Actions (Surveillance, etc)
8(a)(5) Refusal to Furnish Information
","Charged Party / Respondent, Legal Representative, Soveranez Elizabeth, Ogletree, Deakins, Esplanade Center, 2415 East Camelback Road, Suite 800, Phoenix, AZ, 85016, (602)778-3719
Charged Party / Respondent, Legal Representative, Jaber Fefe, Ogletree Deakins Nash Smoak & Stewart, PC, Pabst Boiler House, 1243 North 10th Street, Suite 200, Milwaukee, WI, 53205-2566, (414)755-8006
Charged Party / Respondent, Legal Representative, Ferrer John, Ogletree, Deakins, Nash, Smoak & Stewart, PC, 1909 K Street NW, Suite 1000, Washington, DC, 20006, (202)263-0268
Charging Party, Legal Representative, Gutman Dickinson Julie, Bush Gottlieb, ALC, 801 North Brand Boulevard, Suite 950, Glendale, CA, 91203, (818)973-3228
Charged Party / Respondent, Legal Representative, Mirrafati Kamran, Seyfarth Shaw LLP, 2029 Century Park East, Suite 3500, Los Angeles, CA, 90067-3021, (310)201-5290
Charged Party / Respondent, Employer, Kavac Logistics LLC, Fort Lauderdale, FL, 33309
Charging Party, Union, Teamsters Amazon National Negotiating Committee (TANNC), Washington, DC, 20001
",,,
C,"Region 21, Los Angeles, California",21-CB-384119,"International Brotherhood of Teamsters and its subordinate units, the Teamsters Amazon Division, the Teamsters Amazon National Negotiating Committee, Teamsters Locals 63, 396, 705, 804, 1932, and 2875, and Amazon Labor Union-IBT Local 1 (Amazon.com Services LLC)",Open,04/02/2026,,,"Mira Loma",CA,1000000,,"Charged Party / Respondent, Legal Representative, Dickinson Julie, Bush Gottlieb, ALC, 801 N. Brand Blvd, Suite 950, Glendale, CA, 91203, (818)973-3228
Charged Party / Respondent, Legal Representative, Dickinson Julie, Bush Gottlieb, ALC, 801 N. Brand Blvd, Suite 950, Glendale, CA, 91203, (818)973-3228
Charged Party / Respondent, Legal Representative, Dickinson Julie, Bush Gottlieb, ALC, 801 N. Brand Blvd, Suite 950, Glendale, CA, 91203, (818)973-3228
Charged Party / Respondent, Legal Representative, Dickinson Julie, Bush Gottlieb, ALC, 801 N. Brand Blvd, Suite 950, Glendale, CA, 91203, (818)973-3228
Charged Party / Respondent, Legal Representative, Gutman-Dickinson Julie, Bush Gottlieb,  ALC, 801 North Brand Blvd., Suite 950, Glendale, CA, 91203, (818)973-3228
Charged Party / Respondent, Legal Representative, Gutman-Dickinson Julie, Bush Gottlieb,  ALC, 801 North Brand Blvd., Suite 950, Glendale, CA, 91203, (818)973-3228
Charged Party / Respondent, Legal Representative, Gutman-Dickinson Julie, Bush Gottlieb,  ALC, 801 North Brand Blvd., Suite 950, Glendale, CA, 91203, (818)973-3228
Charged Party / Respondent, Legal Representative, Gutman-Dickinson Julie, Bush Gottlieb,  ALC, 801 North Brand Blvd., Suite 950, Glendale, CA, 91203, (818)973-3228
Charging Party, Legal Representative, Mirrafati Kamran, Seyfarth Shaw LLP, 2029 Century Park East, Suite 3500, Los Angeles, CA, 90067-3021, (310)201-5290
Involved Party, Legal Representative, Mirrafati Kamran, Seyfarth Shaw LLP, 2029 Century Park East, Suite 3500, Los Angeles, CA, 90067-3021, (310)201-5290
",,,
C,"Region 21, Los Angeles, California",21-CA-383496,"Amazon.com Services, LLC and its agent Amazon Logistics, Inc. (collectively “Amazon”), as a single and/or joint employer with its Delivery Service Partner Next Stop Logistics (“Next Stop”)",Open,03/24/2026,,,"South Gate",CA,70,"8(a)(1) Coercive Statements (Threats, Promises of Benefits, etc.)
","Charged Party / Respondent, Legal Representative, Cortes Eduardo, Seyfarth Shaw LLP, 601 S. Figueroa St., Ste. 3300, Los Angeles, CA, 90017, (213)270-9600
Charged Party / Respondent, Legal Representative, Soveranez Elizabeth, Ogletree, Deakins, Nash, Smoak & Stewart, P.C., 2415 E. Camelback Rd Ste 800, Phoenix, AZ, 85016, (602)778-3700
Charged Party / Respondent, Legal Representative, Ferrer John, Ogletree Deakins, 1909 K Street, N.W., Suite 1000, Washington, DC, 20006, (202)887-0855
Charging Party, Legal Representative, Gutman-Dickinson Julie, Bush Gottlieb,  ALC, 801 North Brand Blvd., Suite 950, Glendale, CA, 91203, (818)973-3228
Charged Party / Respondent, Legal Representative, Mirrafati Kamran, Seyfarth Shaw LLP, 2029 Century Park East, Suite 3500, Los Angeles, CA, 90067-3021, (310)201-5290
Charged Party / Respondent, Legal Representative, Browne Robert, Ogletree, Deakins, Nash, Smoak & Stewart, P.C., 695 Town Center Drive, Suite 1500, Costa Mesa, CA, 92626, (714)800-7984
Charged Party / Respondent, Employer, Amazon Logistics Inc. and Amazon.com Services LLC, South Gate, CA, 90280
Charged Party / Respondent, Employer, Next Stop Logistics, Glendale, CA, 91203
Charging Party, Union, Teamsters Amazon National Negotiating Committee (TANNC), Washington, DC, 20001
",,,
C,"Region 21, Los Angeles, California",21-CA-383497,"Amazon.com Services, LLC and its agent Amazon Logistics, Inc. (collectively “Amazon”), as a single and/or joint employer with its Delivery Service Partner C&T Logistics, LLC (“CTLG”)",Open,03/24/2026,,,"South Gate",CA,56,"8(a)(1) Coercive Statements (Threats, Promises of Benefits, etc.)
8(a)(1) Coercive Actions (Surveillance, etc)
8(a)(5) Refusal to Furnish Information
","Charged Party / Respondent, Legal Representative, Cortes Eduardo, Seyfarth Shaw LLP, 601 S. Figueroa St., Ste. 3300, Los Angeles, CA, 90017, (213)270-9600
Charged Party / Respondent, Legal Representative, Soveranez Elizabeth, Ogletree, Deakins, Nash, Smoak & Stewart, P.C., 2415 E. Camelback Rd Ste 800, Phoenix, AZ, 85016, (602)778-3700
Charged Party / Respondent, Legal Representative, Ferrer John, Ogletree Deakins, 1909 K Street, N.W., Suite 1000, Washington, DC, 20006, (202)887-0855
Charging Party, Legal Representative, Dickinson Julie, Bush Gottlieb, ALC, 801 N. Brand Blvd, Suite 950, Glendale, CA, 91203, (818)973-3200
Charged Party / Respondent, Legal Representative, Mirrafati Kamran, Seyfarth Shaw LLP, 2029 Century Park East, Suite 3500, Los Angeles, CA, 90067-3021, (310)201-5290
Charged Party / Respondent, Legal Representative, Browne Robert, Ogletree, Deakins, Nash, Smoak & Stewart, P.C., 695 Town Center Drive, Suite 1500, Costa Mesa, CA, 92626, (714)800-7984
Charging Party, Union, Teamsters Amazon National Negotiating Committee (TANNC), Washington, DC, 20001
",,,
C,"Region 28, Phoenix, Arizona",28-CA-382328,Amazon,Open,03/04/2026,,,Tempe,AZ,200,"8(a)(1) Coercive Statements (Threats, Promises of Benefits, etc.)
8(a)(1) Concerted Activities (Retaliation, Discharge, Discipline)
","Charged Party / Respondent, Legal Representative, Dumbacher Robert, Hunton Andrews & Kurth LLP, 600 Peachtree Street, NE, Suite 4100, Atlanta, GA, 30308-2217, (404)888-4007
Charged Party / Respondent, Legal Representative, Glasgow Ryan, Hunton Andrews Kurth LLP, 951 East Byrd Street, Richmond, VA, 23219, (804)788-8791
Charged Party / Respondent, Employer, Amazon, Tempe, AZ, 85284
Charging Party, Individual
",,,
C,"Region 21, Los Angeles, California",21-CA-382126,"Amazon.com Services, LLC aka Amazon Logistics, LLC",Open,03/02/2026,,,"March Air Reserve Base",CA,100,"8(a)(3) Discharge (Including Layoff and Refusal to Hire (not salting))
","Charging Party, Legal Representative, Dickinson Julie, Bush Gottlieb, ALC, 801 N. Brand Blvd, Suite 950, Glendale, CA, 91203, (818)973-3228
Charging Party, Legal Representative, Sollett Mathew, Bush Gottlieb, ALC, 801 No. Brand Blvd, Suite 950, Glendale, CA, 91203, (818)973-3230
Charged Party / Respondent, Legal Representative, Dumbacher Robert, Hunton Andrews Kurth LLP, 600 Peachtree St., N.E., Ste.4100, Atlanta, GA, 30308-2219, (404)888-4007
Charged Party / Respondent, Legal Representative, Glasgow Ryan, Hunton Andrews Kurth LLP, 951 East Byrd Street, Richmond, VA, 23219, (804)788-8791
Charging Party, Legal Representative, Keng Samantha, Bush Gottlieb, a Law Corporation, 801 North Brand Blvd.,, Suite 950, Glendale, CA, 91203, (818)973-3203
Charging Party, Legal Representative, Burden Willie, International Brotherhood of Teamsters, 25 Louisiana Avenue, N.W., Washington, CA, 20001, (202)624-6951
Charged Party / Respondent, Employer, Amazon.com Services, LLC aka Amazon Logistics, LLC, March Air Reserve Base, CA, 92518
Charging Party, Union, International Brotherhood of Teamsters, Washington, DC, 20001
",,,
C,"Region 29, Brooklyn, New York",29-CA-381680,"Amazon Logistics, Inc. and Amazon.com Services LLC, and ASB Global, as a single employer and/ or as joint employers",Open,02/20/2026,,,Woodside,NY,58,"8(a)(3) Discharge (Including Layoff and Refusal to Hire (not salting))
","Charged Party / Respondent, Legal Representative, Glass Benjamin, OGLETREE DEAKINS NASH SMOAK & STEWART P.C., 211 King Street, Suite 200, Charleston, SC, 29401, (843)720-0863
Charged Party / Respondent, Legal Representative, Ostern David, Seyfarth Shaw LLP, 620 Eighth Avenue, 32nd Floor, New York, NY, 10018, (212)218-5500
Charged Party / Respondent, Legal Representative, Shackelford Erin, OGLETREE, DEAKINS, NASH, SMOAK & STEWART, L.L.P., Truist Plaza, 401 Commerce Street, Suite 1200, Nashville, TN, 37219-2446, (615)254-1900
Charged Party / Respondent, Legal Representative, Smith Glenn, Seyfarth Shaw LLP, Seyfarth Shaw LLP, 620 Eighth Avenue, 31st Floor, New York, NY, 10018, (212)218-3502
Charging Party, Legal Representative, Hayes Ian, Hayes Dolce, 135 Delaware Avenue, Suite 502, Buffalo, NY, 14202, (716)608-3427
Charged Party / Respondent, Legal Representative, Silver Jason, Seyfarth Shaw LLP, 620 Eighth Ave, 32nd Floor, New York, NY, 10018, (212)218-5282
Charged Party / Respondent, Legal Representative, Ferrer John, Ogletree Deakins Nash Smoak & Stewart, PC, 1909 K Street NW, Suite 1000, Washington, DC, 20006-1134, (202)887-0855
Charged Party / Respondent, Employer, Amazon Logistics, Inc. and Amazon.com Services LLC, Woodside, NY, 11377
Charged Party / Respondent, Additional Service
",,,
C,"Region 08, Cleveland, Ohio",08-CA-381450,Amazon,Open,02/20/2026,,,Toledo,OH,300,"8(a)(1) Concerted Activities (Retaliation, Discharge, Discipline)
","Charged Party / Respondent, Legal Representative, Vetter Brett, (312)460-5000
Charged Party / Respondent, Legal Representative, Sanchez Karla, Seyfarth Shaw LLP, 233 S. Wacker Drive, Ste 8000, Chicago, IL, 60606, (312)460-5000
Charged Party / Respondent, Employer, Amazon, Toledo, OH, 43614
Charging Party, Individual
",,,
C,"Region 31, Los Angeles, California",31-CA-381661,"Amazon.com Services, LLC and Amazon Logistics, Inc. (an agent of, or single employer entity with Amazon.com Services) (collectively “Amazon”), as a single and/or joint employer with its Delivery Service Partner A-Team Delivers, LLC",Open,02/20/2026,,,Victorville,CA,49,,"Charged Party / Respondent, Legal Representative, Cortes Eduardo, Seyfarth Shaw LLP, 601 S. Figueroa St., Ste. 3300, Los Angeles, CA, 90017, (213)270-9600
Charged Party / Respondent, Legal Representative, Soveranez Elizabeth, Ogletree, Deakins, Nash, Smoak & Stewart, P.C., 2415 E. Camelback Road, Suite 800, Esplanade Center III, Phoenix, AZ, 85016, (602)778-3719
Charged Party / Respondent, Legal Representative, Edmund Emma, Ogletree, Deakins, Nash, Smoak & Stewart, P.C., 301 Congress Avenue, Suite 1150, Austin, TX, 78701, (512)344-4700
Charging Party, Legal Representative, Dickinson Julie, Bush Gottlieb, ALC, 801 N. Brand Blvd, Suite 950, Glendale, CA, 91203, (818)973-3200
Charged Party / Respondent, Legal Representative, Mirrafati Kamran, Seyfarth Shaw LLP, 2029 Century Park East, Suite 3500, Los Angeles, CA, 90067-3021, (310)201-5290
Charging Party, Legal Representative, Keng Samantha, Bush Gottlieb, ALC, 801 North Brand Blvd, Suite 950, Glendale, CA, 91203, (818)973-3203
Charging Party, Legal Representative, Wright Vanessa, Bush Gottlieb,  ALC, 801 No. Brand Blvd, Suite 950, Glendale, CA, 91203, (818)973-3228
Charging Party, Union, Teamsters Amazon National Negotiating Committee (TANNC), Washington, DC, 20001
Charged Party / Respondent, Employer, A-Team Delivers, LLC, Victorville, CA, 92392
Charged Party / Respondent, Employer, A-Team Delivers, LLC, San Diego, CA, 92126
",,,
C,"Region 09, Cincinnati, Ohio",09-CA-381552,AMAZON,Closed,02/17/2026,03/11/2026,"Dismissal Non-adjusted",Groveport,OH,200,"8(a)(1) Coercive Rules
","Charged Party / Respondent, Employer, Amazon, Groveport, OH, 43125
Charging Party, Individual
",,,
C,"Region 08, Cleveland, Ohio",08-CA-380887,"Amazon/Clear Blue",Closed,02/10/2026,02/13/2026,"Withdrawal Non-adjusted",Toledo,OH,80,"8(a)(1) Concerted Activities (Retaliation, Discharge, Discipline)
","Charged Party / Respondent, Legal Representative, Sanchez Karla, Seyfarth Shaw LLP, 233 South Wacker Drive, Suite 8000, Chicago, IL, 60606-6448, (312)460-5277
Charged Party / Respondent, Employer, Amazon/Clear Blue, Toledo, OH, 43614
Charging Party, Individual
",,,
C,"Region 04, Philadelphia, Pennsylvania",04-CA-380423,"Amazon Services",Closed,02/04/2026,04/17/2026,"Dismissal Non-adjusted",Conshohocken,PA,,"8(a)(1) Concerted Activities (Retaliation, Discharge, Discipline)
","Charged Party / Respondent, Legal Representative, Ostern David, Seyfarth Shaw LLP, 620 Eighth Avenue, 32nd Floor, New York, NY, 10018, (212)218-5500
Charged Party / Respondent, Legal Representative, Vento Joseph, Seyfarth Shaw LLP, 620 Eighth Avenue, 32nd Floor, New York, NY, 10018, (212)218-5548
Charged Party / Respondent, Employer, Amazon Services DPH9, Conshohocken, PA, 19428
Charging Party, Individual
",,,
C,"Region 19, Seattle, Washington",19-CA-380328,"Amazon.com Services LLC",Open,02/02/2026,,,"Four Corners",OR,1000,"8(a)(1) Concerted Activities (Retaliation, Discharge, Discipline)
","Charged Party / Respondent, Legal Representative, Dieckman Alyson, Seyfarth Shaw, LLP, 999 Third Ave., Ste 4700, Seattle, WA, 98104, (206)393-4037
Charged Party / Respondent, Legal Representative, Swedlow Daniel, Seyfarth Shaw LLP, 999 Third Avenue, Suite 4700, Seattle, WA, 98104-4041, (206)946-4940
Charged Party / Respondent, Employer, Amazon.com Services LLC, Woodburn, OR, 97301
Charging Party, Individual
",,,
C,"Region 02, New York, New York",02-CA-380621,"Amazon.com Services, LLC",Open,01/29/2026,,,"Rock Tavern",NY,800,"8(a)(1) Concerted Activities (Retaliation, Discharge, Discipline)
","Charged Party / Respondent, Legal Representative, Ostern David, Seyfarth Shaw LLP, 620 Eighth Avenue, 32nd Floor, New York, NY, 10018, (212)218-5500
Charged Party / Respondent, Legal Representative, Smith Glenn, Seyfarth Shaw LLP, Seyfarth Shaw LLP, 620 Eighth Avenue, 31st Floor, New York, NY, 10018, (212)218-3502
Charged Party / Respondent, Legal Representative, Silver Jason, Seyfarth Shaw LLP, 620 8th Avenue, 32nd Floor, New York, NY, 10018, (212)218-5282
Charging Party, Legal Representative, Dickinson Julie, Bush Gottlieb, ALC, 801 N. Brand Blvd, Suite 950, Glendale, CA, 91203, (818)973-3200
Charging Party, Legal Representative, Sollett Mathew, Bush Gottlieb, ALC, 801 No. Brand Blvd, Suite 950, Glendale, CA, 91203, (818)973-3230
Charging Party, Legal Representative, Wright Vanessa, Bush Gottlieb,  ALC, 801 No. Brand Blvd, Suite 950, Glendale, CA, 91203, (818)973-3228
Charging Party, Union, The International Brotherhood of Teamsters, Washington, DC, 20001
Charged Party / Respondent, Employer, Amazon.Com Services, LLC, Rock Tavern, NY, 12575
",,,
C,"Region 29, Brooklyn, New York",29-CA-380086,"Amazon Logistics Inc. and/or Amazon.com Services, LLC (collectively “Amazon”) as a single and/or joint employer with Amazon Delivery Service Partner (“DSP”) Cornucopia Logistics, LLC (“Cornucopia”)",Open,01/26/2026,,,Maspeth,NY,80,"8(a)(5) Refusal to Bargain/Bad Faith Bargaining (incl'g surface bargaining/direct dealing)
","Charged Party / Respondent, Legal Representative, Glass Benjamin, 211 King Street, Suite 200, Charleston, SC, 29401, (843)720-0863
Charged Party / Respondent, Legal Representative, Ostern David, Seyfarth Shaw LLP, 620 Eighth Avenue, 32nd Floor, New York, NY, 10018, (212)218-5500
Charged Party / Respondent, Legal Representative, Shackelford Erin, OGLETREE, DEAKINS, NASH, SMOAK & STEWART, L.L.P., Truist Plaza, 401 Commerce Street, Suite 1200, Nashville, TN, 37219-2446, (615)254-1900
Charged Party / Respondent, Legal Representative, Smith Glenn, Seyfarth Shaw LLP, Seyfarth Shaw LLP, 620 Eighth Avenue, 31st Floor, New York, NY, 10018, (212)218-3502
Charged Party / Respondent, Legal Representative, Silver Jason, Seyfarth Shaw LLP, 620 Eighth Ave, 32nd Floor, New York, NY, 10018, (212)218-5282
Charged Party / Respondent, Legal Representative, Ferrer John, Ogletree Deakins, 1909 K Street NW, Suite 1000, Washington, DC, 20006-1134, (202)887-0855
Charging Party, Legal Representative, Dickinson Julie, Bush Gottlieb, ALC, 801 North Brand Boulevard, Suite 950, Glendale, CA, 91203, (818)973-3228
Charging Party, Legal Representative, Keng Samantha, Bush Gottlieb, ALC, 801 North Brand Boulevard Suite 950, Glendale, CA, 91203, (818)973-3200
Charged Party / Respondent, Employer, Amazon Logistics, Inc. and Amazon.com Services LLC, Maspeth, NY, 11378
",,,
C,"Region 13, Chicago, Illinois",13-CA-379581,Amazon,Open,01/22/2026,,,Monee,IL,1000,"8(a)(1) Concerted Activities (Retaliation, Discharge, Discipline)
","Charged Party / Respondent, Legal Representative, Stolzenbach Brian, Seyfarth Shaw LLP, 233 South Wacker Drive, Suite 8000, Chicago, IL, 60606, (312)460-5000
Charging Party, Individual
Charged Party / Respondent, Employer, Amazon, Monee, IL, 60449
",,,
C,"Region 31, Los Angeles, California",31-CA-379567,"Amazon.com Services, LLC and Amazon Logistics, Inc. (as an agent to and/or single employe r with Amazon.com Services, LLC) (collectively “Amazon”), as a single and/or joint employer with its Delivery Service Partner Cali Shipping, Inc. (“Cali Shipping”)",Open,01/21/2026,,,"Santa Clarita",CA,100,"8(a)(1) Concerted Activities (Retaliation, Discharge, Discipline)
8(a)(3) Discipline
","Charged Party / Respondent, Legal Representative, Cortes Eduardo, Seyfarth Shaw LLP, 601 S. Figueroa St., Ste. 3300, Los Angeles, CA, 90017, (213)270-9600
Charged Party / Respondent, Legal Representative, Kuntz Harrison, Seyfarth Shaw LLP, 233 South Wacker Drive, Suite 8000, Chicago, IL, 60606, (310)597-1559
Charging Party, Legal Representative, De Haro Hector, Bush Gottlieb, ALC, 801 N. Brand Blvd.,, Suite 950, Glendale, CA, 91203, (818)973-3260
Charging Party, Legal Representative, Dickinson Julie, Bush Gottlieb, ALC, 801 N. Brand Blvd, Suite 950, Glendale, CA, 91203, (818)973-3200
Charged Party / Respondent, Legal Representative, Mirrafati Kamran, Seyfarth Shaw LLP, 2029 Century Park East, Suite 3500, Los Angeles, CA, 90067-3021, (310)201-5290
Charged Party / Respondent, Legal Representative, Lambros Michael, Ogletree, Deakins, Nash, Smoak & Stewart, P.C., Preston Commons West, 8117 Preston Road, Suite 500, Dallas, TX, 75225-6325, (214)987-3800
Charging Party, Legal Representative, Keng Samantha, Bush Gottlieb, a Law Corporation, 801 North Brand Blvd.,, Suite 950, Glendale, CA, 91203, (818)973-3203
Charging Party, Union, The International Brotherhood of Teamsters, Washington, DC, 20001
",,,
C,"Region 29, Brooklyn, New York",29-CA-380211,"Amazon.com Services, LLC",Open,01/16/2026,,,"Staten Island",NY,5000,"8(a)(3) Discharge (Including Layoff and Refusal to Hire (not salting))
8(a)(1) Concerted Activities (Retaliation, Discharge, Discipline)
8(a)(4) Discharge (including Layoff and Refusal to Hire)
","Charged Party / Respondent, Legal Representative, Rogers Amber, Hunton Andrews Kurth LLP, 1445 Ross Avenue, Suite 3700, Dallas, TX, 75202, (214)468-3308
Charging Party, Legal Representative, Gutman-Dickinson Julie, Bush Gottlieb,  ALC, 801 North Brand Blvd, Suite 950, Glendale, CA, 91203, (818)973-3228
Charged Party / Respondent, Legal Representative, Larkin Kurt, Hunton Andrews Kurth LLP, 951 East Byrd Street, Richmond, VA, 23219, (804)788-8776
Charging Party, Legal Representative, Keng Samantha, Bush Gottlieb, ALC, 801 North Brand Blvd, Suite 950, Glendale, CA, 91203, (818)973-3203
Charging Party, Union, Teamsters Amazon National Negotiating Committee (TANNC), Washington, DC, 20001
Charged Party / Respondent, Employer, Amazon.com Services LLC, Staten Island, NY, 10314
",,,
C,"Region 29, Brooklyn, New York",29-CA-379587,"Amazon Logistics, Inc. and Amazon.com Services LLC, and ASB Global, as a single employer and/ or as joint employers",Open,01/15/2026,,,Woodside,NY,58,"8(a)(1) Concerted Activities (Retaliation, Discharge, Discipline)
","Charged Party / Respondent, Legal Representative, Glass Benjamin, 211 King Street, Suite 200, Charleston, SC, 29401, (843)720-0863
Charged Party / Respondent, Legal Representative, Ostern David, Seyfarth Shaw LLP, 620 Eighth Avenue, 32nd Floor, New York, NY, 10018, (212)218-5500
Charged Party / Respondent, Legal Representative, Shackelford Erin, OGLETREE, DEAKINS, NASH, SMOAK & STEWART, L.L.P., Truist Plaza, 401 Commerce Street, Suite 1200, Nashville, TN, 37219-2446, (615)254-1900
Charged Party / Respondent, Legal Representative, Smith Glenn, Seyfarth Shaw LLP, 620 8th Avenue, 32nd Floor, New York, NY, 10018, (212)218-5500
Charging Party, Legal Representative, Hayes Ian, Creighton Johnsen & Giroux, 135 Delaware Ave., Ste. 502, Buffalo, NY, 14202, (716)854-0007
Charged Party / Respondent, Legal Representative, Silver Jason, 620 Eighth Avenue, 32nd Floor, New York, NY, 10018, (845)325-3443
Charged Party / Respondent, Legal Representative, Ferrer John, Ogletree Deakins, 1909 K Street, N.W., Suite 1000, Washington, DC, 20006, (202)887-0855
Charging Party, Union, Teamsters Amazon National Negotiating Committee (TANNC), Washington, DC, 20001
Charged Party / Respondent, Employer, Amazon Logistics, Inc. and Amazon.com Services LLC, Woodside, NY, 11377
",,,
C,"Region 09, Cincinnati, Ohio",09-CA-378776,"AMAZON.COM SERVICES LLC",Open,01/09/2026,,,Shepherdsville,KY,60,"8(a)(2) Domination
8(a)(5) Refusal to Furnish Information
8(a)(5) Refusal to Recognize
","Charged Party / Respondent, Legal Representative, Stolzenbach Brian, Seyfarth Shaw LLP, 233 South Wacker Drive, Suite 8000, Chicago, IL, 60606, (312)460-5000
Charging Party, Legal Representative, Rekowski Rachel, Herzfeld Suetholz Gastel Leniski & Wall PLLC, 600 Vine Street, Suite 2720, Cincinnati, OH, 45202, (513)381-2224
Charged Party / Respondent, Employer, Amazon.com Services LLC, Shepherdsville, KY, 40165
Charging Party, Union, The International Brotherhood of Teamsters, Washington, DC, 20001
",,,
C,"Region 21, Los Angeles, California",21-CA-378395,"Amazon.com Services, LLC aka Amazon Logistics, Inc. (""Amazon"")",Open,01/06/2026,,,"March Air Reserve Base",CA,600,"8(a)(5) Refusal to Bargain/Bad Faith Bargaining (incl'g surface bargaining/direct dealing)
","Charging Party, Legal Representative, Dickinson Julie, Bush Gottlieb, ALC, 801 N. Brand Blvd, Suite 950, Glendale, CA, 91203, (818)973-3200
Charged Party / Respondent, Legal Representative, Mirrafati Kamran, Seyfarth Shaw LLP, 2029 Century Park East, Suite 3500, Los Angeles, CA, 90067-3021, (310)201-5290
Charging Party, Legal Representative, Sollett Mathew, Bush Gottlieb, ALC, 801 No. Brand Blvd, Suite 950, Glendale, CA, 91203, (818)973-3230
Charging Party, Legal Representative, Keng Samantha, Bush Gottlieb, a Law Corporation, (818)973-3203
Charging Party, Union, Teamsters Amazon National Negotiating Committee (TANNC), Washington, DC, 20001
Charged Party / Respondent, Employer, Amazon.com Services, LLC aka Amazon Logistics, Inc. (""Amazon""), March Air Reserve Base, CA, 92518
Charged Party / Respondent, Additional Service, Amazon.com Services, LLC aka Amazon Logistics, Inc. (""Amazon""), March Air Reserve Base, CA, 92518
Charged Party / Respondent, Additional Service, Amazon.com Services, LLC aka Amazon Logistics, Inc. (""Amazon""), March Air Reserve Base, CA, 92518
",,,
C,"Region 29, Brooklyn, New York",29-CA-378239,"Amazon Logistics, Inc. and Amazon.com Services LLC, and  ASB Global, as a single employer and/or as joint employers",Open,12/31/2025,,,Woodside,NY,58,"8(a)(5) Refusal to Bargain/Bad Faith Bargaining (incl'g surface bargaining/direct dealing)
8(a)(5) Refusal to Recognize
","Charged Party / Respondent, Legal Representative, Glass Benjamin, OGLETREE DEAKINS NASH SMOAK & STEWART P.C., 211 King Street, Suite 200, Charleston, SC, 29401, (843)720-0863
Charged Party / Respondent, Legal Representative, Ostern David, Seyfarth Shaw LLP, 620 Eighth Avenue, 32nd Floor, New York, NY, 10018, (212)218-5500
Charged Party / Respondent, Legal Representative, Shackelford Erin, OGLETREE, DEAKINS, NASH, SMOAK & STEWART, L.L.P., Truist Plaza, 401 Commerce Street, Suite 1200, Nashville, TN, 37219-2446, (615)254-1900
Charging Party, Legal Representative, Hayes Ian, Hayes Dolce, 135 Delaware Avenue, Suite 502, Buffalo, NY, 14202, (716)608-3427
Charged Party / Respondent, Legal Representative, Ferrer John, Ogletree Deakins, 1909 K Street NW, Suite 1000, Washington, DC, 20006-1134, (202)887-0855
Charging Party, Union, Teamsters Amazon National Negotiating Committee, Washington, DC, 20001
Charged Party / Respondent, Employer, Amazon Logistics, Inc. and Amazon.com Services LLC, Woodside, NY, 11377
Charged Party / Respondent, Additional Service, ASB Global LLC (“ASBG”), Brooklyn, NY, 11224
",,,
C,"Region 29, Brooklyn, New York",29-CA-378207,"Amazon Logistics, Inc. and Amazon.com Services LLC, and  Fasttrack, as a single employer and/or as joint employers",Open,12/31/2025,,,Woodside,NY,155,,"Charged Party / Respondent, Legal Representative, Glass Benjamin, OGLETREE DEAKINS NASH SMOAK & STEWART P.C., 211 King Street, Suite 200, Charleston, SC, 29401, (843)720-0863
Charged Party / Respondent, Legal Representative, Ostern David, Seyfarth Shaw LLP, 620 Eighth Avenue, 32nd Floor, New York, NY, 10018, (212)218-5500
Charged Party / Respondent, Legal Representative, Shackelford Erin, OGLETREE, DEAKINS, NASH, SMOAK & STEWART, L.L.P., Truist Plaza, 401 Commerce Street, Suite 1200, Nashville, TN, 37219-2446, (615)254-1900
Charging Party, Legal Representative, Hayes Ian, Hayes Dolce, 135 Delaware Avenue, Suite 502, Buffalo, NY, 14202, (716)608-3427
Charged Party / Respondent, Legal Representative, Ferrer John, Ogletree Deakins, 1909 K Street NW, Suite 1000, Washington, DC, 20006-1134, (202)887-0855
Charging Party, Union, Teamsters Amazon National Negotiating Committee, Washington, DC, 20001
Charged Party / Respondent, Additional Service, Fasttrack
Charged Party / Respondent, Additional Service, Fasttrack
Charged Party / Respondent, Additional Service, Fasttrack
Charged Party / Respondent, Employer, Amazon Logistics, Inc. and Amazon.com Services LLC, Woodside, NY, 11377
",,,
C,"Region 14, Saint Louis, Missouri",14-CA-378011,"Amazon Fulfillment Center STL8",Open,12/30/2025,,,"Saint Peters",MO,1000,"8(a)(1) Concerted Activities (Retaliation, Discharge, Discipline)
","Charged Party / Respondent, Legal Representative, Kuntz Harrison, Seyfarth Shaw LLP, 233 South Wacker Drive, Suite 8000, Chicago, IL, 60606, (310)597-1559
Charged Party / Respondent, Employer, Amazon Fulfillment Center STL8, St. Peters, MO, 63376
Charging Party, Individual
",,,
C,"Region 10, Atlanta, Georgia",10-CA-377943,Amazon,Closed,12/29/2025,03/10/2026,"Dismissal Non-adjusted",Lebanon,TN,1000,"8(a)(1) Concerted Activities (Retaliation, Discharge, Discipline)
","Charged Party / Respondent, Legal Representative, Reed Rachael, Seyfarth Shaw LLP, 1075 Peachtree St NE, Suite 2500, Atlanta, GA, 30309-3958, (404)885-1500
Charged Party / Respondent, Legal Representative, Franco Samantha, Seyfarth Shaw LLP, 1075 Peachtree St NE, Atlanta, GA, 30309-3912, (404)885-1500
Charging Party, Individual
Charged Party / Respondent, Employer, Amazon, Lebanon, TN, 37090
",,,
C,"Region 21, Los Angeles, California",21-CB-377821,"International Brotherhood of Teamsters and its subordinate units, the Teamsters Amazon Division, the Teamsters Amazon National Negotiating Committee, Teamsters Locals 63, 396, 705, 804, 1932, and 2875, and Amazon Labor Unions-IBT Local 1 (Amazon.com Services LLC)",Open,12/23/2025,,,"March Air Reserve Base",CA,1000000,,"Charged Party / Respondent, Legal Representative, Dickinson Julie, Bush Gottlieb, ALC, 801 N. Brand Blvd, Suite 950, Glendale, CA, 91203, (818)973-3228
Charged Party / Respondent, Legal Representative, Dickinson Julie, Bush Gottlieb, ALC, 801 North Brand Boulevard, Suite 950, Glendale, CA, 91203, (818)973-3228
Charged Party / Respondent, Legal Representative, Dickinson Julie, Bush Gottlieb, ALC, 801 N. Brand Blvd, Suite 950, Glendale, CA, 91203, (818)973-3228
Charged Party / Respondent, Legal Representative, Dickinson Julie, Bush Gottlieb, ALC, 801 N. Brand Blvd, Suite 950, Glendale, CA, 91203, (818)973-3228
Charged Party / Respondent, Legal Representative, Dickinson Julie, Bush Gottlieb, ALC, 801 N. Brand Blvd, Suite 950, Glendale, CA, 91203, (818)973-3228
Charged Party / Respondent, Legal Representative, Dickinson Julie, Bush Gottlieb, ALC, 801 N. Brand Blvd, Ste. 950, Glendale, CA, 91203, (818)973-3228
Charged Party / Respondent, Legal Representative, Dickinson Julie, Bush Gottlieb, ALC, 801 N. Brand Blvd, Suite 950, Glendale, CA, 91203, (818)973-3228
Charged Party / Respondent, Legal Representative, Dickinson Julie, Bush Gottlieb, ALC, 801 N. Brand Blvd, Suite 950, Glendale, CA, 91203, (818)973-3200
Charging Party, Legal Representative, Mirrafati Kamran, Seyfarth Shaw LLP, 410 Terry Avenue North, Seattle, WA, 98109, (310)277-7200
Charging Party, Legal Representative, Fishelman Sage, Seyfarth Shaw LLP, 601 South Figueroa Street,, Suite 3300, Los Angeles, CA, 90017, (213)270-9730
",,,
C,"Region 03, Buffalo, New York",03-CA-377394,Amazon,Closed,12/17/2025,04/10/2026,"Withdrawal Non-adjusted",Buffalo,NY,100,"8(a)(1) Concerted Activities (Retaliation, Discharge, Discipline)
","Charged Party / Respondent, Legal Representative, Capell Ian, Seyfarth Shaw LLP, 620 Eighth Avenue, New York, NY, 10018, (212)218-5265
Charged Party / Respondent, Legal Representative, Silver Jason, Seyfarth Shaw LLP, 620 8th Ave, 32nd Floor, New York, NY, 10018, (212)218-5282
Charged Party / Respondent, Employer, Amazon, Buffalo, NY, 14219
Charging Party, Individual
",,,
C,"Region 29, Brooklyn, New York",29-CA-377452,"Amazon.com Services LLC",Closed,12/16/2025,07/09/2026,"Dismissal Non-adjusted","Staten Island",NY,6000,"8(a)(3) Discharge (Including Layoff and Refusal to Hire (not salting))
","Charged Party / Respondent, Legal Representative, Rogers Amber, Hunton Andrews Kurth LLP, 1445 Ross Avenue, Suite 3700, Dallas, TX, 75202, (214)468-3308
Charged Party / Respondent, Legal Representative, Larkin Kurt, Hunton Andrews Kurth LLP, 951 East Byrd Street, Richmond, VA, 23219, (804)788-8776
Charged Party / Respondent, Legal Representative, Glasgow Ryan, Hunton Andrews Kurth LLP, 951 East Byrd Street, Richmond, VA, 23219, (804)788-8791
Charging Party, Union, Amazon Labor Union-International Brotherhood of Teamsters, Local 1, Staten Island, NY, 10314
Charged Party / Respondent, Employer, Amazon.com Services LLC, Staten Island, NY, 10314
",,,
C,"Region 14, Saint Louis, Missouri",14-CA-377041,Amazon,Closed,12/15/2025,12/31/2025,"Dismissal Adjusted","Park City",KS,5000,"8(a)(1) Concerted Activities (Retaliation, Discharge, Discipline)
","Charged Party / Respondent, Legal Representative, Kpere-Daibo Dean, Constangy, Brooks, Smith & Prophete, LLP, 680 Craig Road, Suite 400, St. Louis, MO, 63141, (314)925-7267
Charged Party / Respondent, Employer, Amazon, Park City, KS, 67219
Charging Party, Individual
",,,
C,"Region 10, Atlanta, Georgia",10-CA-377450,Amazon,Closed,12/15/2025,01/29/2026,"Dismissal Non-adjusted",Concord,NC,1000,"8(a)(1) Concerted Activities (Retaliation, Discharge, Discipline)
","Charged Party / Respondent, Legal Representative, Kuntz Harrison, Seyfarth Shaw LLP, 233 South Wacker Drive, Suite 8000, Chicago, IL, 60606, (310)597-1559
Charged Party / Respondent, Employer, Amazon, Concord, NC, 28027
Charging Party, Individual
",,,
C,"Region 09, Cincinnati, Ohio",09-CA-376736,"AMAZON.COM SERVICES LLC",Closed,12/05/2025,01/07/2026,"Dismissal Non-adjusted",Shepherdsville,KY,60,"8(a)(1) Coercive Actions (Surveillance, etc)
8(a)(2) Domination
8(a)(5) Refusal to Bargain/Bad Faith Bargaining (incl'g surface bargaining/direct dealing)
8(a)(5) Refusal to Furnish Information
8(a)(5) Refusal to Recognize
","Charged Party / Respondent, Legal Representative, Stolzenbach Brian, Seyfarth Shaw LLP, 233 South Wacker Drive, Suite 8000, Chicago, IL, 60606, (312)460-5000
Charged Party / Respondent, Employer, Amazon.com Services LLC, Shepherdsville, KY, 40165
Charging Party, Union, Teamsters Amazon National Negotiating Committee (TANNC), Washington, DC, 20001
",,,
C,"Region 27, Denver, Colorado",27-CA-376287,Amazon,Closed,12/03/2025,01/05/2026,"Dismissal Non-adjusted","Grand Junction",CO,100,"8(a)(1) Concerted Activities (Retaliation, Discharge, Discipline)
","Charging Party, Legal Representative, Knorpp Clinton, Knorpp law, 101 S. 3rd Street, Ste 200, Grand Junction, CO, 81501, (970)812-3443
Charged Party / Respondent, Legal Representative, Rich Jamie, Seyfarth Shaw LLP, 400 Capitol Mall, Suite 2300, Sacramento, CA, 95814, (916)498-7078
Charging Party, Individual
Charged Party / Respondent, Employer, Amazon, Grand Junction, CO, 81506-7304
",,,
C,"Region 09, Cincinnati, Ohio",09-CA-376779,"AMAZON.COM SERVICES LLC D/B/A AMAZON AIR",Open,12/02/2025,,,Florence,KY,4500,"8(a)(3) Discharge (Including Layoff and Refusal to Hire (not salting))
8(a)(1) Concerted Activities (Retaliation, Discharge, Discipline)
","Charged Party / Respondent, Legal Representative, Cortes Eduardo, Seyfarth Shaw LLP, 601 S. Figueroa St., Ste. 3300, Los Angeles, CA, 90017, (213)270-9600
Charged Party / Respondent, Legal Representative, Rich Jamie, Seyfarth Shaw LLP, 400 Capitol Mall, Suite 2300, Sacramento, CA, 95814, (916)498-7078
Charging Party, Legal Representative, Rekowski Rachel, Herzfeld, Suetholz, Gastel, Leniski and Wall, PLLC, 600 Vine Street, Suite 2720, Cincinnati, OH, 45202, (513)381-2224
Charging Party, Union, General Drivers, Warehousemen and Helpers, Local Union No. 89, affiliated with the International Brotherhood of Teamsters, Louisville, KY, 40215
Charged Party / Respondent, Employer, Amazon.com Services LLC d/b/a Amazon Air, Florence, KY, 41042
",,,
C,"Region 27, Denver, Colorado",27-CA-375992,"Amazon.com Services LLC",Open,12/02/2025,,,Thornton,CO,3000,"8(a)(3) Changes in Terms and Conditions of Employment
8(a)(3) Discipline
","Charging Party, Legal Representative, Altis Daniel, Altis Law Firm, LLC, 600 Grant Street, Ste 825, Denver, CO, 80203, (720)724-8561
Charged Party / Respondent, Legal Representative, Rich Jamie, Seyfarth Shaw LLP, 400 Capitol Mall, Suite 2300, Sacramento, CA, 95814, (916)498-7078
Charged Party / Respondent, Employer, Amazon.com Services LLC, Thornton, CO, 80023
Charging Party, Individual
",,,
C,"Region 04, Philadelphia, Pennsylvania",04-CA-375845,Amazon,Open,11/28/2025,,,Ephrata,PA,1,"8(a)(1) Concerted Activities (Retaliation, Discharge, Discipline)
8(a)(1) Coercive Rules
8(a)(1) Coercive Statements (Threats, Promises of Benefits, etc.)
8(a)(1) Interrogation (including Polling)
","Charged Party / Respondent, Legal Representative, Capell Ian, Seyfarth Shaw LLP, 620 Eighth Avenue, New York, NY, 10018, (212)218-5265
Charged Party / Respondent, Legal Representative, Silver Jason, Seyfarth Shaw LLP, 620 8th Avenue, 32nd Floor, New York, NY, 10018, (212)218-5282
Charging Party, Individual
Charged Party / Respondent, Employer, Amazon Web Services, LLC, Seattle, WA, 98109
",,,
C,"Region 10, Atlanta, Georgia",10-CA-375472,Amazon,Closed,11/24/2025,12/10/2025,"Dismissal Non-adjusted",Jefferson,GA,4000,"8(a)(1) Coercive Statements (Threats, Promises of Benefits, etc.)
8(a)(1) Concerted Activities (Retaliation, Discharge, Discipline)
8(a)(1) Coercive Rules
8(a)(5) Refusal to Bargain/Bad Faith Bargaining (incl'g surface bargaining/direct dealing)
8(a)(2) Domination
","Charged Party / Respondent, Legal Representative, Sanchez Karla, Seyfarth Shaw LLP, 233 South Wacker Drive, Suite 8000, Chicago, IL, 60606, (312)460-5000
Charged Party / Respondent, Employer, Amazon, Jefferson, GA, 30549
Charging Party, Individual
",,,
C,"Region 21, Los Angeles, California",21-CB-375468,"International Brotherhood of Teamsters and its subordinate units, the Teamsters Amazon Division, the Teamsters Amazon National Negotiating Committee, Teamsters Locals 63, 396, 705, 804, 1932, and 2875, and Amazon Labor Union-IBT Local 1 (Amazon.com Services LLC)",Open,11/24/2025,,,Industry,CA,1000000,,"Charged Party / Respondent, Legal Representative, De Haro Hector, Bush Gottlieb, ALC, 801 N. Brand Boulevard, Suite 950, Glendale, CA, 91203, (818)973-3260
Charged Party / Respondent, Legal Representative, De Haro Hector, Bush Gottlieb, ALC, 801 N. Brand Boulevard, Suite 950, Glendale, CA, 91203, (818)973-3260
Charged Party / Respondent, Legal Representative, De Haro Hector, Bush Gottlieb, ALC, 801 N. Brand Boulevard, Suite 950, Glendale, CA, 91203, (818)973-3260
Charged Party / Respondent, Legal Representative, De Haro Hector, Bush Gottlieb, ALC, 801 N. Brand Boulevard, Suite 950, Glendale, CA, 91203, (818)973-3260
Charged Party / Respondent, Legal Representative, De Haro Hector, Bush Gottlieb, ALC, 801 N. Brand Boulevard, Suite 950, Glendale, CA, 91203, (818)973-3260
Charged Party / Respondent, Legal Representative, De Haro Hector, Bush Gottlieb, ALC, 801 N. Brand Boulevard, Suite 950, Glendale, CA, 91203, (818)973-3260
Charged Party / Respondent, Legal Representative, De Haro Hector, Bush Gottlieb, ALC, 801 N. Brand Boulevard, Suite 950, Glendale, CA, 91203, (818)973-3260
Charged Party / Respondent, Legal Representative, De Haro Hector, Bush Gottlieb, ALC, 801 N. Brand Boulevard, Suite 950, Glendale, CA, 91203, (818)973-3260
Charged Party / Respondent, Legal Representative, Wojciechowski Jason, Bush Gottlieb,  ALC, 801 N. Brand Blvd., Suite 950, Glendale, CA, 91203, (818)973-3208
Charged Party / Respondent, Legal Representative, Wojciechowski Jason, Bush Gottlieb,  ALC, 801 N. Brand Blvd., Suite 950, Glendale, CA, 91203, (818)973-3208
",,,
C,"Region 07, Detroit, Michigan",07-CA-375834,"Amazon.com Services LLC",Open,11/17/2025,,,Saginaw,MI,125,"8(a)(1) Concerted Activities (Retaliation, Discharge, Discipline)
","Charged Party / Respondent, Employer, Amazon.com Services LLC, Saginaw, MI, 48601
Charging Party, Individual
",,,
C,"Region 21, Los Angeles, California",21-CB-374907,"International Brotherhood of Teamsters and its subordinate units, the Teamsters Amazon Division, the Teamsters Amazon National Negotiating Committee, Teamsters Locals 63, 396, 705, 804, 1932, and 2875, and Amazon Labor Union-IBT Local 1 (Amazon.com Services LLC)",Open,11/17/2025,,,Temecula,CA,1000000,,"Charging Party, Legal Representative, Vetter Bret, Seyfarth Shaw LLP, 233 South Wacker Dr., Suite 8000, Chicago, IL, 60606, (312)460-5000
Charged Party / Respondent, Legal Representative, Wojciechowski Jason, Bush Gottlieb, ALC, 801 N. Brand Blvd., Suite 950, Glendale, CA, 91203, (818)973-3208
Charged Party / Respondent, Legal Representative, Wojciechowski Jason, Bush Gottlieb, ALC, 801 N. Brand Blvd., Suite 950, Glendale, CA, 91203, (818)973-3208
Charged Party / Respondent, Legal Representative, Wojciechowski Jason, Bush Gottlieb, ALC, 801 North Brand Blvd.,, Suite 950, Glendale, CA, 91203, (818)973-3208
Charged Party / Respondent, Legal Representative, Wojciechowski Jason, Bush Gottlieb, ALC, 801 No. Brand Blvd, Suite 950, Glendale, CA, 91203, (818)973-3208
Charged Party / Respondent, Legal Representative, Wojciechowski Jason, Bush Gottlieb, ALC, 801 No. Brand Blvd, Suite 950, Glendale, CA, 91203, (818)973-3208
Charged Party / Respondent, Legal Representative, Wojciechowski Jason, Bush Gottlieb, ALC, 801 No. Brand Blvd, Suite 950, Glendale, CA, 91203, (818)973-3208
Charged Party / Respondent, Legal Representative, Wojciechowski Jason, Bush Gottlieb, ALC, 801 No. Brand Blvd, Suite 950, Glendale, CA, 91203, (818)973-3208
Charged Party / Respondent, Legal Representative, Dickinson Julie, Bush Gottlieb, ALC, 801 North Brand Boulevard, Suite 950, Glendale, CA, 91203, (818)973-3228
Charged Party / Respondent, Legal Representative, Dickinson Julie, Bush Gottlieb, ALC, 801 N. Brand Blvd, Suite 950, Glendale, CA, 91203, (818)973-3200
",,,
C,"Region 10, Atlanta, Georgia",10-CA-374760,"MOLOCK's Logistics, Amazon Logistics Inc., and Amazon.com Services, LLC as joint employers",Open,11/13/2025,,,Atlanta,GA,50,"8(a)(1) Concerted Activities (Retaliation, Discharge, Discipline)
8(a)(3) Discharge (Including Layoff and Refusal to Hire (not salting))
","Charged Party / Respondent, Legal Representative, Vetter Bret, Seyfarth Shaw LLP, 233 South Wacker Dr., Suite 8000, Chicago, IL, 60606, (312)460-5000
Charging Party, Legal Representative, Braswell D. Marcus, Sugarman, Susskind, Braswell & Herrera, P.A., 150 Alhambra Circle, Suite 725, Coral Gables, FL, 33134, (305)529-2801
Charged Party / Respondent, Legal Representative, Edmund Emma, Ogletree, Deakins, Nash, Smoak & Stewart, P.C., 301 Congress Avenue, Suite 1150, Austin, TX, 78701, (512)344-4700
Charged Party / Respondent, Legal Representative, Ferrer John, Ogletree Deakins, 1909 K Street NW, Suite 100, Washington, DC, 20006, (202)263-0268
Charged Party / Respondent, Legal Representative, Sanchez Karla, Seyfarth Shaw LLP, 233 South Wacker Drive, Suite 8000, Chicago, IL, 60606, (312)460-5000
Charged Party / Respondent, Employer, MOLOCK's Logistics, Amazon Logistics Inc., and Amazon.com Services, LLC as joint employers, Loganville, GA, 30052
Charged Party / Respondent, Additional Service, MOLOCK's Logistics, Amazon Logistics Inc., and Amazon.com Services, LLC as joint employers, Atlanta, GA, 30340
Charging Party, Union, International Brotherhood of Teamsters, Washington, DC, 20005
",,,
C,"Region 28, Phoenix, Arizona",28-CA-377139,"Amazon.com Services Inc. (Fulfillment Center VGT1)",Open,11/10/2025,,,Henderson,NV,500,"8(a)(3) Discharge (Including Layoff and Refusal to Hire (not salting))
8(a)(1) Concerted Activities (Retaliation, Discharge, Discipline)
","Charged Party / Respondent, Legal Representative, Stolzenbach Brian, Seyfarth Shaw LLP, 233 South Wacker Drive, Suite 8000, Chicago, IL, 60606, (312)460-5000
Charged Party / Respondent, Legal Representative, Tignor Elody, Seyfarth Shaw LLP, 233 South Wacker Drive, Suite 8000, Chicago, IL, 60606-6448, (817)821-5950
Charged Party / Respondent, Employer, Amazon Fulfillment Center VGT1, Las Vegas, NV, 89115
Charging Party, Individual
",,,
C,"Region 02, New York, New York",02-CA-374897,"Amazon.com Services LLC-DYN9 Delivery Station",Closed,10/10/2025,02/17/2026,"Dismissal Non-adjusted",Bronx,NY,250,"8(a)(3) Discharge (Including Layoff and Refusal to Hire (not salting))
","Charged Party / Respondent, Legal Representative, Silver Jason, Seyfarth Shaw LLP, 620 8th Avenue, 32nd Floor, New York, NY, 10018, (212)218-5282
Charged Party / Respondent, Legal Representative, Weissman Margarita, Seyfarth Shaw LLP, 620 8th Avenue, Floor 33, New York, NY, 10018, (212)218-3376
Charged Party / Respondent, Employer, Amazon.com Services LLC-DYN9 Delivery Station, Bronx, NY, 10474
Charging Party, Individual
",,,
C,"Region 09, Cincinnati, Ohio",09-CA-374354,"AMAZON.COM SERVICES LLC AND ITS SUBSIDIARY, AMAZON AIR",Open,09/30/2025,,,Florence,KY,4500,"8(a)(3) Discharge (Including Layoff and Refusal to Hire (not salting))
","Charged Party / Respondent, Legal Representative, Rich Jamie, Seyfarth Shaw LLP, 400 Capitol Mall, Suite 2300, Sacramento, CA, 95814, (916)498-7078
Charged Party / Respondent, Legal Representative, Phillips John, Seyfarth Shaw LLP, 700 Milam Street, Suite 1400, Houston, TX, 77002-2812, (713)225-2300
Charging Party, Legal Representative, Rekowski Rachel, Herzfeld, Suetholz, Gastel, Leniski and Wall, PLLC, 600 Vine Street, Suite 2720, Cincinnati, OH, 45202, (513)381-2224
Charging Party, Union, General Drivers, Warehousemen and Helpers, Local Union No. 89, affiliated with the International Brotherhood of Teamsters, 3813 Taylor Boulevard, Louisville, KY, 40215, (502)368-5885
Charged Party / Respondent, Employer, Amazon.com Services LLC d/b/a Amazon Air, 460 Day One Dr, Florence, KY, 41042, (206)765-3538
",,,
C,"Region 01, Boston, Massachusetts",01-CA-373951,"Amazon.com Services LLC DCB8 Facility",Open,09/24/2025,,,Bellingham,MA,200,"8(a)(3) Discharge (Including Layoff and Refusal to Hire (not salting))
","Charging Party, Legal Representative, Sellers Adreanna, Murphy Anderson, PLLC, 1401 K Street NW, Suite 300, Washington, DC, 20005, (202)568-2857
Charged Party / Respondent, Legal Representative, Sanchez Karla, Seyfarth Shaw LLP, 233 S. Wacker Drive, Ste 8000, Chicago, IL, 60606, (312)460-5000
Charged Party / Respondent, Legal Representative, Sloan Matthew, Seyfarth Shaw LLP, 233 South Wacker Drive, Suite 8000, Chicago, IL, 60606, (312)460-5000
Charging Party, Union, American Postal Workers Union, AFL-CIO, Washington, DC, 20005
Charged Party / Respondent, Employer, Amazon.com Services LLC DCB8 Facility, Bellingham, MA, 02019
",,,
C,"Region 01, Boston, Massachusetts",01-CA-373958,"Amazon.com Services LLC DCB8 Facility",Open,09/24/2025,,,Bellingham,MA,200,"8(a)(3) Discharge (Including Layoff and Refusal to Hire (not salting))
","Charging Party, Legal Representative, Sellers Adreanna, Murphy Anderson, PLLC, 1401 K Street NW, Suite 300, Washington, DC, 20005, (202)568-2857
Charged Party / Respondent, Legal Representative, Sanchez Karla, Seyfarth Shaw LLP, 233 S. Wacker Drive, Ste 8000, Chicago, IL, 60606, (312)460-5000
Charged Party / Respondent, Legal Representative, Sloan Matthew, Seyfarth Shaw LLP, 233 South Wacker Drive, Suite 8000, Chicago, IL, 60606, (312)460-5000
Charging Party, Union, American Postal Workers Union, AFL-CIO, Washington, DC, 20005
Charged Party / Respondent, Employer, Amazon.com Services LLC DCB8 Facility, Bellingham, MA, 02019
",,,
C,"Region 31, Los Angeles, California",31-CA-373661,"Amazon.com Services, LLC aka Amazon Logistics, LLC",Open,09/17/2025,,,"San Bernardino",CA,1000,"8(a)(1) Concerted Activities (Retaliation, Discharge, Discipline)
8(a)(1) Coercive Rules
8(a)(3) Discharge (Including Layoff and Refusal to Hire (not salting))
","Charging Party, Legal Representative, Dickinson Julie, Bush Gottlieb, ALC, 801 N. Brand Blvd, Suite 950, Glendale, CA, 91203, (818)973-3228
Charging Party, Legal Representative, Sollett, Matthew, Bush Gottlieb, A Law Corporation, 801 N. Brand Blvd., Suite 950, Glendale, CA, 91203, (818)973-3230
Charged Party / Respondent, Legal Representative, Dumbacher Robert, Hunton Andrews Kurth LLP, 600 Peachtree Street, N.E., Suite 3000, Atlanta, GA, 30308-2216, (404)888-4007
Charged Party / Respondent, Legal Representative, Glasgow Ryan, Hunton Andrews Kurth LLP, 951 East Byrd Street, Richmond, VA, 23219, (804)788-8791
Charging Party, Legal Representative, Wright Vanessa, Bush Gottlieb,  ALC, 801 No. Brand Blvd, Suite 950, Glendale, CA, 91203, (818)973-3228
Charged Party / Respondent, Employer, Amazon.com Services LLC aka Amazon Logistics LLC,  San Bernardino, CA, 92346
Charging Party, Union, The International Brotherhood of Teamsters, Washington, DC, 20001
",,,
C,"Region 18, Minneapolis, Minnesota",18-CA-372820,Amazon,Closed,09/05/2025,09/19/2025,"Withdrawal Non-adjusted",Kenosha,WI,3000,"8(a)(1) Concerted Activities (Retaliation, Discharge, Discipline)
","Charged Party / Respondent, Legal Representative, Paterson Adrienne, Perkins Coie, LLP, 700 13th Street NW, Suite 800, Washington, DC, 20005-3960, (202)654-6275
Charged Party / Respondent, Legal Representative, Pratt Michael, Perkins Coie LLP, 500 North Akard Street, Suite 3300, Dallas, TX, 75201-3347, (214)259-4922
Charged Party / Respondent, Legal Representative, Hankins Richard, Perkins Coie LLP, 2699 Howell St., Suite 700, Dallas, TX, 75204, (214)259-4960
Charged Party / Respondent, Employer, Amazon, Kenosha, WI, 53144
Charging Party, Individual
",,,
C,"Region 19, Seattle, Washington",19-CA-372566,"Amazon.com Inc., a Corporation",Closed,09/02/2025,01/30/2026,"Dismissal Non-adjusted",Seattle,WA,1000000,"8(a)(1) Coercive Actions (Surveillance, etc)
8(a)(5) Refusal to Bargain/Bad Faith Bargaining (incl'g surface bargaining/direct dealing)
8(a)(5) Repudiation/Modification of Contract [Sec 8(d)/Unilateral Changes]
8(a)(3) Discharge (Including Layoff and Refusal to Hire (not salting))
8(a)(1) Concerted Activities (Retaliation, Discharge, Discipline)
","Charged Party / Respondent, Legal Representative, Paterson Adrienne, Perkins Coie, LLP, 700 13th Street NW, Suite 800, Washington, DC, 20005-3960, (202)654-6275
Charged Party / Respondent, Legal Representative, Pratt Michael, Perkins Coie LLP, 500 North Akard Street, Suite 3300, Dallas, TX, 75201-3347, (214)259-4922
Charged Party / Respondent, Legal Representative, Hankins Richard, Perkins Coie LLP, 2699 Howell St., Suite 700, Dallas, TX, 75204, (214)259-4960
Charged Party / Respondent, Employer, Amazon.com Inc., a Corporation, Seattle, WA, 98109
Charging Party, Individual
",,,
C,"Region 14, Saint Louis, Missouri",14-CA-372151,"Amazon Logistics",Closed,08/26/2025,12/01/2025,"Dismissal Non-adjusted",Hazelwood,MO,1000,"8(a)(1) Coercive Actions (Surveillance, etc)
","Charged Party / Respondent, Legal Representative, Kuntz Harrison, Seyfarth Shaw LLP, 233 South Wacker Drive, Suite 8000, Chicago, IL, 60606, (310)597-1559
Charged Party / Respondent, Employer, Amazon Logistics, Hazelwood, MO, 63042
Charging Party, Individual
",,,
C,"Region 29, Brooklyn, New York",29-CA-372194,"Amazon Logistics, Inc. and Amazon.com Services, LLC",Open,08/26/2025,,,Maspeth,NY,80,"8(a)(3) Discharge (Including Layoff and Refusal to Hire (not salting))
","Charged Party / Respondent, Legal Representative, Glass Benjamin, 211 King Street, Suite 200, Charleston, SC, 29401, (843)720-0863
Charged Party / Respondent, Legal Representative, Glass Benjamin, 211 King Street, Suite 200, Charleston, SC, 29401, (843)720-0863
Charged Party / Respondent, Legal Representative, Ferrer John, Ogletree Deakins, 1909 K Street, N.W., Suite 1000, Washington, DC, 20006, (202)887-0855
Charged Party / Respondent, Legal Representative, Ferrer John, Ogletree Deakins, 1909 K Street, N.W., Suite 1000, Washington, DC, 20006, (202)887-0855
Charging Party, Legal Representative, Dickinson Julie, Bush Gottlieb, ALC, 801 N. Brand Blvd., Suite 950, Glendale, CA, 91203, (818)973-3228
Charged Party / Respondent, Legal Representative, Adefehinti Kelvin, Ogletree, Deakins, Nash, Smoak & Stewart, P.C., 1909 K Street, N.W., Suite 1000, Washington, DC, 20006-1134, (202)263-0259
Charged Party / Respondent, Legal Representative, Adefehinti Kelvin, Ogletree, Deakins, Nash, Smoak & Stewart, P.C., 1909 K Street, N.W., Suite 1000, Washington, DC, 20006-1134, (202)263-0259
Charged Party / Respondent, Employer, Amazon Logistics, Inc. and Amazon.com Services, LLC, Maspeth, NY, 11378
Charged Party / Respondent, Employer, Cornucopia Logistics, LLC (“Cornucopia”), Maspeth, NY, 11378
",,,
C,"Region 28, Phoenix, Arizona",28-CA-373056,"Amazon.com Services LLC",Open,08/25/2025,,,"Las Vegas",NV,1000,"8(a)(1) Concerted Activities (Retaliation, Discharge, Discipline)
","Charged Party / Respondent, Legal Representative, Stolzenbach Brian, Seyfarth Shaw LLP, 233 South Wacker Drive, Suite 8000, Chicago, IL, 60606, (312)460-5000
Charged Party / Respondent, Legal Representative, Tignor Elody, Seyfarth Shaw LLP, 233 South Wacker Drive, Suite 8000, Chicago, IL, 60606-6448, (817)821-5950
Charged Party / Respondent, Employer, Amazon Fulfillment Center VGT1, Las Vegas, NV, 89115
Charging Party, Individual
",,,
C,"Region 06, Pittsburgh, Pennsylvania",06-CA-371525,Amazon,Closed,08/18/2025,08/28/2025,"Withdrawal Non-adjusted",Coraopolis,PA,120,"8(a)(1) Concerted Activities (Retaliation, Discharge, Discipline)
","Charged Party / Respondent, Legal Representative, Sanchez Karla, Seyfarth Shaw LLP, 233 South Wacker Drive, Suite 8000, Chicago, IL, 60606, (312)460-5000
Charged Party / Respondent, Employer, Amazon, Coraopolis, PA, 15108
Charging Party, Individual
",,,
C,"Region 09, Cincinnati, Ohio",09-CA-371939,"AMAZON.COM SERVICES LLC D/B/A AMAZON AIR",Open,08/18/2025,,,Florence,KY,4500,"8(a)(3) Discharge (Including Layoff and Refusal to Hire (not salting))
","Charged Party / Respondent, Legal Representative, Rich Jamie, Seyfarth Shaw LLP, 400 Capitol Mall, Suite 2300, Sacramento, CA, 95814, (916)498-7078
Charging Party, Legal Representative, Rekowski Rachel, Herzfeld, Suetholz, Gastel, Leniski and Wall, PLLC, 600 Vine Street, Suite 2720, Cincinnati, OH, 45202, (513)381-2224
Charged Party / Respondent, Employer, Amazon.com Services LLC d/b/a Amazon Air, Florence, KY, 41042
Charging Party, Union, General Drivers, Warehousemen and Helpers, Local Union No. 89, affiliated with the International Brotherhood of Teamsters, Louisville, KY, 40215
",,,
C,"Region 03, Buffalo, New York",03-CA-371456,"Amazon.com Services, LLC",Closed,08/15/2025,12/08/2025,"Withdrawal Non-adjusted","Hopewell Junction",NY,1000,"8(a)(1) Coercive Actions (Surveillance, etc)
","Charged Party / Respondent, Legal Representative, Silver Jason, Seyfarth Shaw LLP, 620 Eighth Ave, 32nd Floor, New York, NY, 10018, (212)218-5282
Charging Party, Legal Representative, Dickinson Julie, Bush Gottlieb, ALC, 801 N. Brand Blvd, Suite 950, Glendale, CA, 91203, (818)973-3200
Charging Party, Legal Representative, Sollett Mathew, Bush Gottlieb, ALC, 801 No. Brand Blvd, Suite 950, Glendale, CA, 91203, (818)973-3230
Charging Party, Legal Representative, Wright Vanessa, Bush Gottlieb,  ALC, 801 No. Brand Blvd, Suite 950, Glendale, CA, 91203, (818)973-3228
Charged Party / Respondent, Employer, Amazon.com Services, LLC, Hopewell Junction, NY, 12533
Charging Party, Union, International Brotherhood of Teamsters, Washington, DC, 20001
",,,
C,"Region 04, Philadelphia, Pennsylvania",04-CA-371316,Amazon.com,Closed,08/14/2025,02/19/2026,"Dismissal Non-adjusted",Middletown,DE,1000,"8(a)(1) Coercive Rules
","Charged Party / Respondent, Employer, Amazon.com, Middletown, DE, 19709
Charging Party, Individual
",,,
C,"Region 28, Phoenix, Arizona",28-CA-372572,Amazon.com,Open,08/11/2025,,,"Las Vegas",NV,1000,"8(a)(1) Concerted Activities (Retaliation, Discharge, Discipline)
8(a)(4) Discharge (including Layoff and Refusal to Hire)
8(a)(1) Coercive Rules
8(a)(4) Discipline
","Charged Party / Respondent, Legal Representative, Stolzenbach Brian, Seyfarth Shaw LLP, 233 South Wacker Drive, Suite 8000, Chicago, IL, 60606, (312)460-5000
Charged Party / Respondent, Legal Representative, Tignor Elody, Seyfarth Shaw LLP, 233 South Wacker Drive, Suite 8000, Chicago, IL, 60606-6448, (817)821-5950
Charged Party / Respondent, Employer, Amazon.com, Las Vegas, NV, 89115
Charging Party, Individual
",,,
C,"Region 28, Phoenix, Arizona",28-CA-372404,Amazon,Open,08/07/2025,,,"Prescott Valley",AZ,70,"8(a)(1) Concerted Activities (Retaliation, Discharge, Discipline)
8(a)(1) Coercive Rules
","Charging Party, Legal Representative, Isaac Elliot, Law Office of Elliot S. Isaac, P.C., 14820 North Cave Creek Road, Suite 3, Phoenix, AZ, 85032, (602)404-0099
Charged Party / Respondent, Legal Representative, Pratt Michael, Perkins Coie LLP, 500 North Akard Street, Suite 3300, Dallas, TX, 75201-3347, (214)259-4922
Charged Party / Respondent, Legal Representative, Smith Paul, Perkins Coie LLP, 1301 Second Avenue, Suite 4200, Seattle, WA, 98101-3099, (206)359-3817
Charged Party / Respondent, Employer, Amazon, Prescott Valley, AZ, 86314
Charging Party, Individual
",,,
C,"Region 28, Phoenix, Arizona",28-CA-372240,Amazon,Open,08/05/2025,,,Buckeye,AZ,200,"8(a)(1) Concerted Activities (Retaliation, Discharge, Discipline)
8(a)(1) Coercive Rules
","Charged Party / Respondent, Legal Representative, Paterson Adrienne, Perkins Coie, LLP, 700 13th Street NW, Suite 800, Washington, DC, 20005-3960, (202)654-6275
Charged Party / Respondent, Legal Representative, Pratt Michael, Perkins Coie LLP, 500 North Akard Street, Suite 3300, Dallas, TX, 75201-3347, (214)259-4922
Charged Party / Respondent, Employer, Amazon, Buckeye, AZ, 85396
Charging Party, Individual
",,,
C,"Region 25, Indianapolis, Indiana",25-CA-370677,"Amazon aka WIL1",Closed,08/04/2025,04/10/2026,"Dismissal Non-adjusted","North Pekin",IL,100,"8(a)(1) Coercive Rules
","Charged Party / Respondent, Legal Representative, Sanchez Karla, Seyfarth Shaw LLP, 233 S. Wacker Drive, Ste 8000, Chicago, IL, 60606, (312)460-5000
Charged Party / Respondent, Employer, Amazon aka WIL1, North Pekin, IL, 61554
Charging Party, Individual
",,,
C,"Region 21, Los Angeles, California",21-CA-370515,"Amazon.com Services, LLC and its agent Amazon Logistics, Inc. (collectively “Amazon”), as a single and/or joint employer with its Delivery Service Partner Metro Deliveries and Logistics, LLC (“Metro”)",Open,07/31/2025,,,Industry,CA,50,"8(a)(5) Refusal to Furnish Information
8(a)(5) Refusal to Recognize
","Charging Party, Legal Representative, De Haro Hector, Bush Gottlieb, ALC, 801 N. Brand Blvd.,, Suite 950, Glendale, CA, 91203, (818)973-3260
Charged Party / Respondent, Legal Representative, Otovic James, Ogletree, Deakins, Nash, Smoak & Stewart, PC, 300 North Main Street, Suite 500, Greenville, SC, 29601, (864)240-5601
Charged Party / Respondent, Legal Representative, Ferrer John, Ogletree Deakins, 1909 K Street NW, Suite 1000, Washington, DC, 20006-1134, (202)887-0855
Charging Party, Legal Representative, Dickinson Julie, Bush Gottlieb, ALC, 801 N. Brand Blvd, Suite 950, Glendale, CA, 91203, (818)973-3200
Charged Party / Respondent, Legal Representative, Mirrafati Kamran, Seyfarth Shaw LLP, 2029 Century Park East,, Suite 3500, Los Angeles, CA, 90067, (310)277-7200
Charging Party, Legal Representative, Keng Samantha, Bush Gottlieb, ALC, 801 North Brand Blvd, Suite 950, Glendale, CA, 91203, (818)973-3203
Charged Party / Respondent, Employer, Metro Deliveries and Logistics, LLC, Los Angeles, CA, 90008
Charging Party, Union, Teamsters Amazon National Negotiating Committee (TANNC), Washington, DC, 20001
",,,
C,"Region 03, Buffalo, New York",03-CA-370476,"Amazon.com Service, LLC",Closed,07/31/2025,05/14/2026,"Withdrawal Non-adjusted","Hopewell Junction",NY,1000,"8(a)(1) Coercive Actions (Surveillance, etc)
8(a)(3) Discipline
","Charged Party / Respondent, Legal Representative, Ostern David, Seyfarth Shaw LLP, 620 Eighth Avenue, 32nd Floor, New York, NY, 10018, (212)218-5500
Charging Party, Legal Representative, Dickinson Julie, Bush Gottlieb, ALC, 801 N. Brand Blvd, Suite 950, Glendale, CA, 91203, (818)973-3228
Charging Party, Legal Representative, Sollett Mathew, Bush Gottlieb, ALC, 801 No. Brand Blvd, Suite 950, Glendale, CA, 91203, (818)973-3230
Charging Party, Legal Representative, Wright Vanessa, Bush Gottlieb,  ALC, 801 No. Brand Blvd, Suite 950, Glendale, CA, 91203, (818)973-3228
Charged Party / Respondent, Employer, Amazon.com Services, LLC, Hopewell Junction, NY, 12533
Charging Party, Union, Teamsters Amazon National Negotiating Committee, International Brotherhood of Teamsters, Washington, DC, 20001-2198
",,,
C,"Region 09, Cincinnati, Ohio",09-CA-370087,"AMAZON.COM SERVICES LLC D/B/A AMAZON AIR",Open,07/23/2025,,,Florence,KY,4500,"8(a)(1) Concerted Activities (Retaliation, Discharge, Discipline)
8(a)(3) Discharge (Including Layoff and Refusal to Hire (not salting))
","Charged Party / Respondent, Legal Representative, Rich Jamie, Seyfarth Shaw LLP, 400 Capitol Mall, Suite 2300, Sacramento, CA, 95814, (916)498-7078
Charging Party, Legal Representative, Rekowski Rachel, Herzfeld, Suetholz, Gastel, Leniski and Wall, PLLC, 600 Vine Street, Suite 2720, Cincinnati, OH, 45202, (513)381-2224
Charged Party / Respondent, Employer, Amazon.com Services LLC d/b/a Amazon Air, Florence, KY, 41042
Charging Party, Union, General Drivers, Warehousemen & Helpers Local Union 89, affiliated with the International Brotherhood of Teamsters, Louisville, KY, 40215
",,,
C,"Region 16, Fort Worth, Texas",16-CA-369596,Amazon,Closed,07/18/2025,08/05/2025,"Dismissal Non-adjusted",Kyle,TX,500,"8(a)(1) Concerted Activities (Retaliation, Discharge, Discipline)
","Charged Party / Respondent, Legal Representative, PHILLIPS JOHN, 700 MILAM STREET, STE 1400, HOUSTON, TX, 77002-2812, (713)238-1832
Charged Party / Respondent, Employer, AMAZON, KYLE, TX, 78640
Charging Party, Individual
",,,
C,"Region 09, Cincinnati, Ohio",09-CA-369502,"AMAZON.COM SERVICES LLC D/B/A AMAZON AIR",Open,07/16/2025,,,Florence,KY,4500,"8(a)(3) Discharge (Including Layoff and Refusal to Hire (not salting))
8(a)(1) Concerted Activities (Retaliation, Discharge, Discipline)
","Charged Party / Respondent, Legal Representative, Vetter Brett, Seyfarth Shaw LLP, 233 South Wacker Drive, Suite 8000, Chicago, IL, 60606-6448, (312)460-5000
Charged Party / Respondent, Legal Representative, Rich Jamie, Seyfarth Shaw LLP, 400 Capitol Mall, Suite 2300, Sacramento, CA, 95814, (916)498-7078
Charging Party, Legal Representative, Rekowski Rachel, Herzfeld, Suetholz, Gastel, Leniski and Wall, PLLC, 600 Vine Street, Suite 2720, Cincinnati, OH, 45202, (513)381-2224
Charging Party, Union, General Drivers, Warehousemen and Helpers, Local Union No. 89, affiliated with the International Brotherhood of Teamsters, Louisville, KY, 40215
Charged Party / Respondent, Employer, Amazon.com Services LLC d/b/a Amazon Air, Florence, KY, 41042
",,,
C,"Region 16, Fort Worth, Texas",16-CA-369405,Amazon,Closed,07/15/2025,08/19/2025,"Dismissal Non-adjusted","San Antonio",TX,1000,"8(a)(1) Concerted Activities (Retaliation, Discharge, Discipline)
","Charged Party / Respondent, Legal Representative, Phillips John, Seyfarth Shaw LLP, 700 Milam Street, Suite 1400, Houston, TX, 77002-2812, (713)225-2300
Charged Party / Respondent, Employer, Amazon, San Antonio, TX, 78220
Charging Party, Individual
",,,
C,"Region 31, Los Angeles, California",31-CA-369059,"Amazon.com Services, LLC and its agent Amazon Logistics, Inc. (collectively ""Amazon""), as a single and/or joint employer with its Delivery Service Partner HK Logistics Inc.",Open,07/09/2025,,,Victorville,CA,60,"8(a)(1) Concerted Activities (Retaliation, Discharge, Discipline)
","Charged Party / Respondent, Legal Representative, Soveranez Elizabeth, Ogletree, Deakins, Nash, Smoak & Stewart, P.C., 2415 E. Camelback Road, Suite 800, Esplanade Center III, Phoenix, AZ, 85016, (602)778-3719
Charged Party / Respondent, Legal Representative, Edmund Emma, Ogletree, Deakins, Nash, Smoak & Stewart, P.C., 301 Congress Avenue, Suite 1150, Austin, TX, 78701, (512)344-4700
Charging Party, Legal Representative, De Haro Hector, Bush Gottlieb, a Law Corporation, 801 North Brand Boulevard, Suite 950, Glendale, CA, 91203, (818)973-3260
Charged Party / Respondent, Legal Representative, Ferrer John, Ogletree Deakins, 1909 K Street NW, Suite 1000, Washington, DC, 20006-1134, (202)887-0855
Charging Party, Legal Representative, Gutman Dickinson Julie, Bush Gottlieb, ALC, 801 North Brand Boulevard, Suite 950, Glendale, CA, 91203, (818)973-3228
Charged Party / Respondent, Legal Representative, Mirrafati Kamran, Seyfarth Shaw LLP, 2029 Century Park East, Suite 3500, Los Angeles, CA, 90067-3021, (310)201-5290
Charging Party, Legal Representative, Wright Vanessa, Bush Gottlieb,  ALC, 801 No. Brand Blvd, Suite 950, Glendale, CA, 91203, (818)973-3228
Charged Party / Respondent, Additional Service, HK Logistics Inc., Rancho Cucamonga, CA, 91739
Charged Party / Respondent, Additional Service, HK Logistics Inc., Rancho Cucamonga, CA, 91739
",,,
C,"Region 09, Cincinnati, Ohio",09-CA-369266,"AMAZON.COM SERVICES LLC D/B/A AMAZON AIR",Open,07/08/2025,,,Florence,KY,4500,"8(a)(1) Concerted Activities (Retaliation, Discharge, Discipline)
8(a)(3) Changes in Terms and Conditions of Employment
8(a)(1) Interrogation (including Polling)
8(a)(3) Discipline
","Charged Party / Respondent, Legal Representative, Rich Jamie, Seyfarth Shaw LLP, 400 Capitol Mall, Suite 2300, Sacramento, CA, 95814, (916)498-7078
Charging Party, Legal Representative, Rekowski Rachel, Herzfeld, Suetholz, Gastel, Leniski and Wall, PLLC, 600 Vine Street, Suite 2720, Cincinnati, OH, 45202, (513)381-2224
Charging Party, Union, International Brotherhood of Teamsters, General Drivers, Warehousemen, and Helpers, Local Union 89, Louisville, KY, 40215
Charged Party / Respondent, Employer, Amazon.com Services LLC d/b/a Amazon Air, Florence, KY, 41042
",,,
C,"Region 09, Cincinnati, Ohio",09-CA-368956,"AMAZON/UNBOUND EXPRESS",Open,07/08/2025,,,Florence,KY,50,"8(a)(1) Concerted Activities (Retaliation, Discharge, Discipline)
8(a)(1) Coercive Statements (Threats, Promises of Benefits, etc.)
8(a)(1) Coercive Actions (Surveillance, etc)
","Charged Party / Respondent, Legal Representative, Stolzenbach Brian, Seyfarth Shaw LLP, 233 South Wacker Drive, Suite 8000, Chicago, IL, 60606-6448, (312)460-5000
Charged Party / Respondent, Legal Representative, Walston David, Ogletree, Deakins, Nash, Smoak & Stewart, P.C., 420 20th Street North, Suite 1900, Birmingham, AL, 35203, (205)714-4405
Charged Party / Respondent, Legal Representative, Ferrer John, Ogletree Deakins, 1909 K Street, N.W., Suite 1000, Washington, DC, 20006, (202)887-0855
Charged Party / Respondent, Legal Representative, Reed Rachel, 1075 Peachtree St. NE, Suite 2500, Altanta, GA, 30309, (404)885-1500
Charged Party / Respondent, Employer, Unbound Express, Florence, KY, 41042
Charged Party / Respondent, Employer, Amazon, Florence, KY, 41042
Charging Party, Additional Service, Burlington, KY, 41005
",,,
C,"Region 09, Cincinnati, Ohio",09-CA-368933,AMAZON,Closed,07/02/2025,07/10/2026,"Withdrawal Non-adjusted",Hebron,KY,165,"8(a)(3) Discharge (Including Layoff and Refusal to Hire (not salting))
","Charged Party / Respondent, Legal Representative, Rich Jamie, Seyfarth Shaw LLP, 400 Capitol Mall, Suite 2300, Sacramento, CA, 95814, (916)498-7078
Charging Party, Legal Representative, Rekowski Rachel, Herzfeld, Suetholz, Gastel, Leniski and Wall, PLLC, 600 Vine Street, Suite 2720, Cincinnati, OH, 45202, (513)381-2224
Charged Party / Respondent, Employer, Amazon, Hebron, KY, 41048
Charging Party, Individual
",,,
C,"Region 29, Brooklyn, New York",29-CA-368077,"Amazon Logistics Inc. or Amazon.com Services LLC (collectively, “Amazon”), as a single or joint employer with  Pure Deliver, LLC (“Pure”)",Open,06/20/2025,,,Maspeth,NY,900,"8(a)(3) Discharge (Including Layoff and Refusal to Hire (not salting))
","Charged Party / Respondent, Legal Representative, Glass Benjamin, 211 King Street, Suite 200, Charleston, SC, 29401, (843)720-0863
Charged Party / Respondent, Legal Representative, Ostern David, Seyfarth Shaw LLP, 620 Eighth Avenue, 32nd Floor, New York, NY, 10018, (212)218-5500
Charged Party / Respondent, Legal Representative, Fink Elliott, Seyfarth Shaw LLP, 620 Eighth Avenue, 33rd Floor, New York, NY, 10018, (212)518-5617
Charged Party / Respondent, Legal Representative, Silver Jason, Seyfarth Shaw LLP, 620 Eighth Ave, 32nd Floor, New York, NY, 10018, (212)218-5282
Charged Party / Respondent, Legal Representative, Ferrer John, Ogletree Deakins, 1909 K Street, N.W., Suite 1000, Washington, DC, 20006, (202)887-0855
Charged Party / Respondent, Legal Representative, Adefehinti Kelvin, Ogletree, Deakins, Nash, Smoak & Stewart, P.C., 1909 K Street, N.W., Suite 1000, Washington, DC, 20006-1134, (202)263-0259
Charging Party, Legal Representative, Lavenski Travis, Barnard Iglitzin & Lavitt LLP, 18 West Mercer St., Suite 400, Seattle, WA, 98119, (206)257-6032
Charging Party, Union, Teamsters Amazon National Negotiating Committee, Washington, DC, 20001
Charged Party / Respondent, Employer, Amazon Logistics, Inc. and Amazon.com Services LLC, Maspeth, NY, 11378
",,,
C,"Region 10, Atlanta, Georgia",10-CA-367611,"Amazon Logistics, Inc.",Closed,06/17/2025,02/10/2026,"Dismissal Non-adjusted",Atlanta,GA,100,"8(a)(1) Concerted Activities (Retaliation, Discharge, Discipline)
8(a)(4) Discharge (including Layoff and Refusal to Hire)
","Charged Party / Respondent, Legal Representative, Reed Rachael, Seyfarth Shaw LLP, 1075 Peachtree St NE, Suite 2500, Atlanta, GA, 30309-3958, (404)885-1500
Charged Party / Respondent, Employer, Amazon Logistics, Inc., Seattle, WA, 98104
Charging Party, Individual
",,,
C,"Region 29, Brooklyn, New York",29-CA-367680,"Amazon.com LLC  JFK8 Fulfillment Center",Closed,06/13/2025,08/05/2025,"Withdrawal Non-adjusted","Staten Island",NY,5000,"8(a)(3) Discharge (Including Layoff and Refusal to Hire (not salting))
8(a)(1) Concerted Activities (Retaliation, Discharge, Discipline)
","Charged Party / Respondent, Legal Representative, Rogers Amber, Hunton Andrews Kurth LLP, 1445 Ross Avenue, Suite 3700, Dallas, TX, 75202, (214)468-3308
Charging Party, Legal Representative, Mirer Jeanne, 300 Cadman Plaza West, 12th Floor, Brooklyn, NY, 11201, (313)515-2046
Charged Party / Respondent, Legal Representative, Larkin Kurt, Hunton Andrews Kurth LLP, 951 East Byrd Street, Richmond, VA, 23219, (804)788-8776
Charged Party / Respondent, Employer, Amazon.com Services LLC, Staten Island, NY, 10314
Charging Party, Union, Amazon Labor Union-International Brotherhood of Teamsters (ALU-IBT) Local 1, Staten Island, NY, 10314
",,,
C,"Region 09, Cincinnati, Ohio",09-CA-367647,AMAZON,Open,06/11/2025,,,Jeffersonville,IN,500,"8(a)(1) Coercive Actions (Surveillance, etc)
","Charged Party / Respondent, Legal Representative, Sanchez Karla, Seyfarth Shaw LLP, 233 South Wacker Drive, Suite 8000, Chicago, IL, 60606, (312)460-5000
Charged Party / Respondent, Employer, Amazon, Jeffersonville, IN, 47130
Charging Party, Individual
",,,
C,"Region 29, Brooklyn, New York",29-CA-367409,"Amazon Logistics, Inc. and Amazon.com Services LLC",Open,06/09/2025,,,Maspeth,NY,900,,"Charged Party / Respondent, Legal Representative, Glass Benjamin, 211 King Street, Suite 200, Charleston, SC, 29401, (843)720-0863
Charged Party / Respondent, Legal Representative, Glass Benjamin, 211 King Street, Suite 200, Charleston, SC, 29401, (843)720-0863
Charged Party / Respondent, Legal Representative, Glass Benjamin, 211 King Street, Suite 200, Charleston, SC, 29401, (843)720-0863
Charged Party / Respondent, Legal Representative, Ostern David, Seyfarth Shaw LLP, Seyfarth Shaw LLP, 620 Eighth Ave., 32nd Floor, New York, NY, 10018, (212)218-5500
Charged Party / Respondent, Legal Representative, Fink Elliott, Seyfarth Shaw LLP, 620 Eighth Avenue, 33rd Floor, New York, NY, 10018, (212)518-5617
Charged Party / Respondent, Legal Representative, Smith Glenn, Seyfarth Shaw LLP, Seyfarth Shaw LLP, 620 Eighth Avenue, 31st Floor, New York, NY, 10018, (212)218-3502
Charged Party / Respondent, Legal Representative, Silver Jason, Seyfarth Shaw LLP, 620 8th Avenue, 32nd Floor, New York, NY, 10018, (212)218-5282
Charged Party / Respondent, Legal Representative, Ferrer John, Ogletree Deakins, 1909 K Street, N.W., Suite 1000, Washington, DC, 20006, (202)887-0855
Charged Party / Respondent, Legal Representative, Ferrer John, Ogletree Deakins, 1909 K Street, N.W., Suite 1000, Washington, DC, 20006, (202)887-0855
Charged Party / Respondent, Legal Representative, Ferrer John, Ogletree Deakins, 1909 K Street, N.W., Suite 1000, Washington, DC, 20006, (202)887-0855
",,,
C,"Region 19, Seattle, Washington",19-CA-367176,Amazon,Open,06/09/2025,,,Seattle,WA,10000,"8(a)(3) Discharge (Including Layoff and Refusal to Hire (not salting))
8(a)(1) Coercive Statements (Threats, Promises of Benefits, etc.)
8(a)(1) Concerted Activities (Retaliation, Discharge, Discipline)
8(a)(1) Coercive Actions (Surveillance, etc)
8(a)(1) Interrogation (including Polling)
8(a)(1) Coercive Rules
8(a)(3) Discipline
","Charged Party / Respondent, Legal Representative, Moriarty Andrew, Perkins Coie LLP, 1301 Second Ave., Ste. 4200, Seattle, WA, 98101-3804, (206)359-8629
Charged Party / Respondent, Legal Representative, Pratt Michael, Perkins Coie LLP, 500 North Akard Street, Suite 3300, Dallas, TX, 75201-3347, (214)259-4922
Charged Party / Respondent, Legal Representative, Hankins Richard, Perkins Coie LLP, 2699 Howell St., Suite 700, Dallas, TX, 75204, (214)259-4960
",,,
C,"Region 29, Brooklyn, New York",29-CA-367431,"Amazon Logistics, Inc. and Amazon.com Services LLC",Open,06/09/2025,,,Maspeth,NY,900,,"Charged Party / Respondent, Legal Representative, Glass Benjamin, 211 King Street, Suite 200, Charleston, SC, 29401, (843)720-0863
Charged Party / Respondent, Legal Representative, Glass Benjamin, 211 King Street, Suite 200, Charleston, SC, 29401, (843)720-0863
Charged Party / Respondent, Legal Representative, Glass Benjamin, 211 King Street, Suite 200, Charleston, SC, 29401, (843)720-0863
Charged Party / Respondent, Legal Representative, Glass Benjamin, 211 King Street, Suite 200, Charleston, SC, 29401, (843)720-0863
Charged Party / Respondent, Legal Representative, Glass Benjamin, 211 King Street, Suite 200, Charleston, SC, 29401, (843)720-0863
Charged Party / Respondent, Legal Representative, Glass Benjamin, 211 King Street, Suite 200, Charleston, SC, 29401, (843)720-0863
Charged Party / Respondent, Legal Representative, Glass Benjamin, 211 King Street, Suite 200, Charleston, SC, 29401, (843)720-0863
Charged Party / Respondent, Legal Representative, Glass Benjamin, 211 King Street, Suite 200, Charleston, SC, 29401, (843)720-0863
Charged Party / Respondent, Legal Representative, Glass Benjamin, 211 King Street, Suite 200, Charleston, SC, 29401, (843)720-0863
Charged Party / Respondent, Legal Representative, Glass Benjamin, 211 King Street, Suite 200, Charleston, SC, 29401, (843)720-0863
",,,
C,"Region 16, Fort Worth, Texas",16-CA-367187,"Amazon DAL 3 Company",Open,06/09/2025,,,"Cockrell Hill",TX,200,"8(a)(1) Concerted Activities (Retaliation, Discharge, Discipline)
8(a)(4) Discharge (including Layoff and Refusal to Hire)
","Charged Party / Respondent, Legal Representative, PHILLIPS JOHN, 700 MILAM STREET, STE 1400, HOUSTON, TX, 77002-2812, (713)238-1832
Charged Party / Respondent, Employer, Amazon DAL 3 Company, Dallas, TX, 75211
Charging Party, Individual
",,,
C,"Region 31, Los Angeles, California",31-CA-366848,"Amazon.com Services LLC",Open,06/02/2025,,,"San Bernardino",CA,1000,"8(a)(1) Coercive Statements (Threats, Promises of Benefits, etc.)
8(a)(1) Concerted Activities (Retaliation, Discharge, Discipline)
8(a)(3) Changes in Terms and Conditions of Employment
8(a)(1) Interrogation (including Polling)
8(a)(1) Denial of Access
8(a)(3) Discipline
","Charging Party, Legal Representative, Naduris-Weissman Eli, Rothner, Segall & Greenstone, 510 South Marengo Avenue, Pasadena, CA, 91101, (626)796-7555
Charged Party / Respondent, Legal Representative, Mirrafati Kamran, Seyfarth Shaw LLP, 2029 Century Park East, Suite 3500, Los Angeles, CA, 90067-3021, (310)201-5290
Charging Party, Union, LGB5 Amazon Workers United (LAWU), Ontario, CA, 91762
Charged Party / Respondent, Employer, Amazon.com Services LLC, Seattle, WA, 98109
",,,
C,"Region 28, Phoenix, Arizona",28-CA-367455,Amazon.com,Closed,06/02/2025,03/26/2026,"Withdrawal Non-adjusted","Show Low",AZ,50,"8(a)(1) Concerted Activities (Retaliation, Discharge, Discipline)
","Charged Party / Respondent, Legal Representative, Stolzenbach Brian, Seyfarth Shaw LLP, 233 S. Wacker Drive, Ste 8000, Chicago, IL, 60606, (312)460-5551
Charged Party / Respondent, Employer, Amazon.com, Tumwater, WA, 98501
Charging Party, Individual
",,,
C,"Region 15, New Orleans, Louisiana",15-CA-366525,"Amazon Flex",Closed,05/29/2025,06/11/2026,"Dismissal Non-adjusted","Little Rock",AR,15000,"8(a)(1) Concerted Activities (Retaliation, Discharge, Discipline)
","Charged Party / Respondent, Legal Representative, Foreman Adriana, Stella Jones Corporation, 900 Third Ave, 8th Floor, New York, NY, 10022-4728, (212)583-9600
Charged Party / Respondent, Employer, Amazon Flex, Seattle, WA, 98109
Charging Party, Individual
",,,
C,"Region 07, Detroit, Michigan",07-CA-366262,"Amazon.com Services LLC",Closed,05/20/2025,08/25/2026,"Withdrawal Non-adjusted",Romulus,MI,1,"8(a)(3) Discharge (Including Layoff and Refusal to Hire (not salting))
","Charged Party / Respondent, Legal Representative, Sanchez Karla, Seyfarth Shaw LLP, 233 S. Wacker Drive, Ste 8000, Chicago, IL, 60606, (312)460-5000
Charging Party, Union, Murphy Anderson PLLC, Washington, DC, 20005
Charged Party / Respondent, Employer, Amazon.com Services LLC, Romulus, MI, 48174
",,,
C,"Region 29, Brooklyn, New York",29-CA-366719,Amazon,Closed,05/19/2025,02/09/2026,"Dismissal Non-adjusted","Staten Island",NY,6500,"8(a)(1) Concerted Activities (Retaliation, Discharge, Discipline)
","Charged Party / Respondent, , Rogers Amber, Hunton Andrews Kurth LLP, 1445 Ross Avenue, Suite 3700, Dallas, TX, 75202, (214)468-3308
Charged Party / Respondent, Legal Representative, Larkin Kurt, Hunton Andrews Kurth LLP, 951 East Byrd Street, Richmond, VA, 23219, (804)788-8776
Charged Party / Respondent, Employer, Amazon, Staten Island, NY, 10314
Charging Party, Individual
",,,
C,"Region 29, Brooklyn, New York",29-CA-366722,Amazon,Closed,05/16/2025,01/06/2026,"Dismissal Non-adjusted","Staten Island",NY,4000,"8(a)(1) Concerted Activities (Retaliation, Discharge, Discipline)
","Charged Party / Respondent, Employer, Amazon, Staten Island, NY, 10314
Charging Party, Individual
",,,
C,"Region 16, Fort Worth, Texas",16-CA-365490,Amazon,Closed,05/12/2025,08/06/2026,"Dismissal Non-adjusted",Austin,TX,60,"8(a)(1) Concerted Activities (Retaliation, Discharge, Discipline)
","Charged Party / Respondent, Legal Representative, PHILLIPS JOHN, 700 MILAM STREET, STE 1400, HOUSTON, TX, 77002-2812, (713)238-1832
Charged Party / Respondent, Employer, Amazon, Austin, TX, 78728
Charging Party, Individual
",,,
C,"Region 09, Cincinnati, Ohio",09-CA-365701,"AMAZON.COM SERVICES LLC D/B/A AMAZON AIR",Open,05/09/2025,,,Florence,KY,4500,"8(a)(3) Discipline
8(a)(4) Discipline
","Charged Party / Respondent, Legal Representative, Cortes Eduardo, 601 S Figueroa St Ste 3300, Los Angeles, CA, 90017, (909)680-8467
Charged Party / Respondent, Legal Representative, Cortes Eduardo, 601 S. Figueroa St., Ste. 3300, Los Angeles, CA, 90017, (213)270-9600
Charged Party / Respondent, Legal Representative, Rich Jamie, Seyfarth Shaw LLP, 400 Capitol Mall, Suite 2300, Sacramento, CA, 95814, (916)498-7078
Charging Party, Legal Representative, Rekowski Rachel, Herzfeld, Suetholz, Gastel, Leniski and Wall, PLLC, 600 Vine Street, Suite 2720, Cincinnati, OH, 45202, (513)381-2224
Charged Party / Respondent, Employer, Amazon.com Services LLC d/b/a Amazon Air, Florence, KY, 41042
Charging Party, Union, General Drivers, Warehousemen and Helpers, Local Union No 89, affiliated with the International Brotherhood of Teamsters, Louisville, KY, 40215
",,,
C,"Region 19, Seattle, Washington",19-CA-365429,Amazon,Closed,05/09/2025,12/04/2025,"Dismissal Non-adjusted",Arlington,WA,1000000,"8(a)(1) Concerted Activities (Retaliation, Discharge, Discipline)
8(a)(3) Changes in Terms and Conditions of Employment
8(a)(1) Coercive Actions (Surveillance, etc)
","Charged Party / Respondent, Legal Representative, Swedlow Daniel, Seyfarth Shaw, LLP, 999 Third Avenue, Suite 4700, Seattle, WA, 98104, (206)946-4940
Charged Party / Respondent, Employer, Amazon, Arlington, WA, 98223
Charging Party, Individual
",,,
C,"Region 09, Cincinnati, Ohio",09-CA-365632,"AMAZON.COM SERVICES LLC D/B/A AMAZON AIR",Open,05/09/2025,,,Florence,KY,4500,"8(a)(3) Discharge (Including Layoff and Refusal to Hire (not salting))
8(a)(1) Concerted Activities (Retaliation, Discharge, Discipline)
","Charged Party / Respondent, Legal Representative, Vetter Bret, Seyfarth Shaw LLP, 233 South Wacker Dr., Suite 8000, Chicago, IL, 60606, (312)460-5000
Charged Party / Respondent, Legal Representative, Rich Jamie, Seyfarth Shaw LLP, 400 Capitol Mall, Suite 2300, Sacramento, CA, 95814, (916)498-7078
Charging Party, Legal Representative, Rekowski Rachel, Herzfeld, Suetholz, Gastel, Leniski and Wall, PLLC, 600 Vine Street, Suite 2720, Cincinnati, OH, 45202, (513)381-2224
Charged Party / Respondent, Employer, Amazon.com Services LLC d/b/a Amazon Air, Florence, KY, 41042
Charging Party, Union, General Drivers, Warehousemen and Helpers, Local Union No. 89, affiliated with the International Brotherhood of Teamsters, Louisville, KY, 40215
",,,
C,"Region 09, Cincinnati, Ohio",09-CA-365545,"AMAZON.COM SERVICES LLC D/B/A AMAZON AIR",Open,05/06/2025,,,Florence,KY,4500,"8(a)(3) Discipline
","Charged Party / Respondent, Legal Representative, Rich Jamie, Seyfarth Shaw LLP, 400 Capitol Mall, Suite 2300, Sacramento, CA, 95814, (916)498-7078
Charging Party, Legal Representative, Rekowski Rachel, Herzfeld, Suetholz, Gastel, Leniski and Wall, PLLC, 600 Vine Street, Suite 2720, Cincinnati, OH, 45202, (513)381-2224
Charging Party, Union, General Drivers, Warehousemen and Helpers, Local Union No. 89, affiliated with the International Brotherhood of Teamsters, Louisville, KY, 40215
Charged Party / Respondent, Employer, Amazon.com Services LLC d/b/a Amazon Air, Florence, KY, 41042
",,,
C,"Region 12, Tampa, Florida",12-CA-365023,"Amazon.com, Inc.",Closed,05/05/2025,04/19/2026,"Dismissal Non-adjusted",Ruskin,FL,500,"8(a)(1) Concerted Activities (Retaliation, Discharge, Discipline)
","Charged Party / Respondent, Legal Representative, Foreman Adriana, Stella Jones Corporation, 900 Third Ave, 8th Floor, New York, NY, 10022-4728, (212)583-9600
Charged Party / Respondent, Legal Representative, Schwartz-Fenwick Samuel, Seyfarth Shaw LLP, 233 South Wacker Drive, Suite 8000, Chicago, IL, 60606-6448, (312)460-5948
Charged Party / Respondent, Employer, Amazon.com, Inc., Tallahassee, FL, 32301
Charging Party, Individual
",,,
C,"Region 28, Phoenix, Arizona",28-CA-365475,"Amazon - ABQ1",Open,05/01/2025,,,Albuquerque,NM,3000,"8(a)(3) Discharge (Including Layoff and Refusal to Hire (not salting))
8(a)(1) Concerted Activities (Retaliation, Discharge, Discipline)
8(a)(2) Domination
8(a)(3) Discipline
","Charged Party / Respondent, Legal Representative, Stolzenbach Brian, Seyfarth Shaw LLP, 233 S. Wacker Drive, Ste 8000, Chicago, IL, 60606, (312)460-5551
Charged Party / Respondent, Employer, Amazon - ABQ1, Albuquerque, NM, 87120
Charging Party, Individual
",,,
C,"Region 10, Atlanta, Georgia",10-CA-364347,"Amazon.com Services LLC",Closed,04/23/2025,06/15/2026,"Withdrawal Non-adjusted",Garner,NC,1600000,"8(a)(3) Discharge (Including Layoff and Refusal to Hire (not salting))
8(a)(1) Concerted Activities (Retaliation, Discharge, Discipline)
8(a)(3) Discipline
","Charged Party / Respondent, Legal Representative, Kuntz Harrison, Seyfarth Shaw LLP, 233 South Wacker Drive, Suite 8000, Chicago, IL, 60606, (310)597-1559
Charged Party / Respondent, Legal Representative, Turner Joseph, Amazon.com Services LLC, 233 S. Wacker Drive, Suite 8000, Chicago, IL, 60606, (312)460-5972
Charged Party / Respondent, Legal Representative, Sanchez Karla, Seyfarth Shaw LLP, 233 South Wacker Drive, Suite 8000, Chicago, IL, 60606, (312)460-5000
Charging Party, Legal Representative, Smith Paul, International Union of Operating Engineers, Local 465, 100 Europa Drive, Suite 420, Chapel Hill, NC, 27517, (919)942-5200
Charging Party, Union, Carolina Amazonians United for Solidarity and Empowerment (CAUSE), Garner, NC, 27529
Charged Party / Respondent, Employer, Amazon.com Services LLC, Garner, NC, 27529
",,,
C,"Region 16, Fort Worth, Texas",16-CA-364516,"Amazon Web Services (AWS)",Closed,04/23/2025,05/08/2025,"Withdrawal Non-adjusted",Houston,TX,2000,"8(a)(1) Coercive Statements (Threats, Promises of Benefits, etc.)
8(a)(1) Concerted Activities (Retaliation, Discharge, Discipline)
","Charged Party / Respondent, Legal Representative, Phillips John, Seyfarth Shaw LLP, 700 Milam Street,, Suite 1400, Houston, TX, 77002, (713)225-2300
Charged Party / Respondent, Employer, AMAZON WEB SERVICES (AWS), SEATTLE, WA, 98109
Charging Party, Individual
",,,
C,"Region 28, Phoenix, Arizona",28-CA-364777,"Amazon Web Services LLC",Closed,04/21/2025,07/23/2026,"Withdrawal Non-adjusted",Tempe,AZ,120,"8(a)(3) Discharge (Including Layoff and Refusal to Hire (not salting))
8(a)(1) Concerted Activities (Retaliation, Discharge, Discipline)
8(a)(3) Discipline
","Charged Party / Respondent, Legal Representative, Stolzenbach Brian, Seyfarth Shaw LLP, 233 S. Wacker Drive, Ste 8000, Chicago, IL, 60606, (312)460-5551
Charged Party / Respondent, Legal Representative, Jeong Yijee, Littler Mendelson, P.C., Camelback Esplanade, 2425 East Camelback Road, Suite 900, Phoenix, AZ, 85016-4242, (602)474-3619
Charged Party / Respondent, Employer, Amazon Web Services LLC, Tempe, AZ, 85281
Charging Party, Individual
",,,
C,"Region 31, Los Angeles, California",31-CA-364020,"Amazon.com Services, LLC aka Amazon Logistics, LLC",Open,04/17/2025,,,"San Bernardino",CA,1000,"8(a)(1) Concerted Activities (Retaliation, Discharge, Discipline)
8(a)(1) Interrogation (including Polling)
8(a)(3) Discipline
","Charging Party, Legal Representative, Dickinson Julie, Bush Gottlieb, ALC, 801 N. Brand Blvd, Suite 950, Glendale, CA, 91203, (818)973-3228
Charged Party / Respondent, Legal Representative, Mirrafati Kamran, Seyfarth Shaw LLP, 2029 Century Park East, Suite 3500, Los Angeles, CA, 90067-3021, (310)201-5290
Charging Party, Legal Representative, Sollett Mathew, Bush Gottlieb, ALC, 801 No. Brand Blvd, Suite 950, Glendale, CA, 91203, (818)973-3230
Charging Party, Legal Representative, Wright Vanessa, Bush Gottlieb,  ALC, 801 No. Brand Blvd, Suite 950, Glendale, CA, 91203, (818)973-3228
Charging Party, Union, Teamsters Amazon National Negotiating Committee (TANNC), Washington, DC, 20001
Charged Party / Respondent, Employer, Amazon.com Services LLC aka Amazon Logistics LLC,  San Bernardino, CA, 92346
Charged Party / Respondent, Employer, Amazon.com Services LLC aka Amazon Logistics LLC,  San Bernardino, CA, 92346
",,,
C,"Region 16, Fort Worth, Texas",16-CA-363907,Amazon,Closed,04/16/2025,09/22/2025,"Withdrawal Non-adjusted","Fort Worth",TX,300,"8(a)(1) Concerted Activities (Retaliation, Discharge, Discipline)
","Charged Party / Respondent, Legal Representative, Phillips John, Seyfarth Shaw LLP, 700 Milam Street,, Suite 1400, Houston, TX, 77002, (713)225-2300
Charged Party / Respondent, Employer, AMAZON, FORT WORTH, TX, 76177
Charging Party, Individual
",,,
C,"Region 29, Brooklyn, New York",29-CA-363920,Amazon,Closed,04/16/2025,05/14/2026,"Withdrawal Non-adjusted","Staten Island",NY,5000,"8(a)(1) Weingarten
","Charged Party / Respondent, Legal Representative, Rogers Amber, Hunton Andrews Kurth LLP, 1445 Ross Avenue, Suite 3700, Dallas, TX, 75202, (214)468-3308
Charged Party / Respondent, Legal Representative, LARKIN KURT, Hunton Andrews Kurth LLP, 951 East Byrd Street, Suite 1300, Richmond, VA, 23219, (804)788-8776
Charged Party / Respondent, Employer, Amazon.com Services LLC, Staten Island, NY, 10314
Charging Party, Individual
",,,
C,"Region 19, Seattle, Washington",19-CA-362981,"Puget Sound Logistics and Deliveries (Amazon DSP)",Closed,04/01/2025,08/21/2025,"Dismissal Non-adjusted",Puyallup,WA,30,"8(a)(1) Concerted Activities (Retaliation, Discharge, Discipline)
8(a)(1) Coercive Statements (Threats, Promises of Benefits, etc.)
","Charged Party / Respondent, Legal Representative, Soveranez Elizabeth, Ogletree, Deakins, Nash, Smoak & Stewart, P.C., 2415 E. Camelback Rd Ste 800, Phoenix, AZ, 85016, (602)778-3700
Charged Party / Respondent, Legal Representative, Harrington Lauren, Ogletree, Deakins, Nash, Smoak & Stewart, PC, 34977 Woodward Avenue, Suite 300, Birmigham, MI, 48009, (248)593-6400
Charged Party / Respondent, Employer, Puget Sound Logistics and Deliveries (Amazon DSP), Puyallup, WA, 98375
Charging Party, Individual
",,,
C,"Region 07, Detroit, Michigan",07-CA-362547,"Amazon.com Services, LLC; Amazon Logistics, LLC; PackageJet, LLC, single and/or joint employers",Open,03/24/2025,,,"Grand Rapids",MI,1,,"Charged Party / Respondent, Legal Representative, Vetter Bret, Seyfarth Shaw LLP, 233 South Wacker Drive, Ste. 8000, Chicago, IL, 60606, (312)460-5724
Charging Party, Legal Representative, Peifer Christopher, Wentz, McInerney, Peifer & Petroff, LLC, 14 East Gay Street, 4th Floor, Columbus, OH, 43215, (614)756-5566
Charged Party / Respondent, Legal Representative, Edmund Emma, Ogletree, Deakins, Nash, Smoak & Stewart, P.C., 301 Congress Avenue, Suite 1150, Austin, TX, 78701, (512)344-4700
Charging Party, Legal Representative, Petroff James, Wentz, Mcinerney, Peifer & Petroff, LLC, 14 E. Gay Street,, Floor 4, Columbus, OH, 43215, (614)756-5566
Charged Party / Respondent, Legal Representative, Ferrer John, Ogletree Deakins, 1909 K Street, N.W., Suite 1000, Washington, DC, 20006, (202)887-0855
Charging Party, Legal Representative, Wentz Jonathan, Wentz, McInerney, Peifer & Petroff, LLC, 14 East Gay Street, 4th Floor, Columbus, OH, 43215, (614)756-5774
Charged Party / Respondent, Legal Representative, Sanchez Karla, Seyfarth Shaw LLP, 233 S. Wacker Drive, Ste 8000, Chicago, IL, 60606, (312)460-5000
Charged Party / Respondent, Employer, Amazon.com Services, LLC and Amazon Logistics, LLC, Grand Rapids, MI, 49508
Charged Party / Respondent, Employer, Packagejet LLC, Kalamazoo, MI, 49008
Charging Party, Union, International Brotherhood of Teamsters, Washington, DC, 20001
",,,
C,"Region 16, Fort Worth, Texas",16-CA-362365,"Amazon Web Services",Open,03/20/2025,,,Houston,TX,2000,"8(a)(1) Coercive Statements (Threats, Promises of Benefits, etc.)
8(a)(1) Concerted Activities (Retaliation, Discharge, Discipline)
8(a)(1) Coercive Rules
8(a)(4) Discipline
","Charged Party / Respondent, Legal Representative, PHILLIPS JOHN, 700 MILAM STREET, STE 1400, HOUSTON, TX, 77002-2812, (713)238-1832
Charged Party / Respondent, Employer, AMAZON WEB SERVICES, SEATTLE, WA, 98109
Charging Party, Individual
Charged Party / Respondent, Legal Representative
",,,
C,"Region 29, Brooklyn, New York",29-CA-361669,"Amazon.com Services LLC",Closed,03/10/2025,01/13/2026,"Withdrawal Non-adjusted","Staten Island",NY,5000,"8(a)(1) Concerted Activities (Retaliation, Discharge, Discipline)
8(a)(3) Discipline
","Charged Party / Respondent, Legal Representative, Rogers Amber, Hunton Andrews Kurth LLP, 1445 Ross Ave, Suite 3700, Dallas, TX, 75202-2755, (214)468-3308
Charged Party / Respondent, Legal Representative, LARKIN KURT, Hunton Andrews Kurth LLP, 951 East Byrd Street, Suite 1300, Richmond, VA, 23219, (804)788-8776
Charging Party, Legal Representative, Burden Willie, 25 Louisiana Avenue, N.W., Washington, DC, 20001, (202)624-6951
Charged Party / Respondent, Employer, Amazon.com Services LLC, Staten Island, NY, 10314
Charging Party, Union, ALU - IBT Local #1, Staten Island, NY, 10314
",,,
C,"Region 28, Phoenix, Arizona",28-CA-362026,"Amazon.com Services LLC dba Amazon LAS2 Return Center",Closed,03/07/2025,07/31/2026,"Withdrawal Non-adjusted","Las Vegas",NV,3000,"8(a)(1) Coercive Statements (Threats, Promises of Benefits, etc.)
8(a)(1) Concerted Activities (Retaliation, Discharge, Discipline)
8(a)(1) Coercive Actions (Surveillance, etc)
8(a)(1) Interrogation (including Polling)
","Charged Party / Respondent, Legal Representative, Stolzenbach Brian, Seyfarth Shaw LLP, 233 South Wacker Drive, Suite 8000, Chicago, IL, 60606, (312)460-5000
Charged Party / Respondent, Legal Representative, Tignor Elody, Seyfarth Shaw LLP, 233 South Wacker Drive, Suite 8000, Chicago, IL, 60606-6448, (817)821-5950
Charged Party / Respondent, Employer, Amazon.com Services LLC dba Amazon LAS2 Return Center, Las Vegas, NV, 89030
Charging Party, Individual
",,,
C,"Region 03, Buffalo, New York",03-CA-361392,"WNY3 Amazon Warehouse",Closed,03/05/2025,05/12/2025,"Withdrawal Non-adjusted",Frankfort,NY,100,"8(a)(1) Coercive Actions (Surveillance, etc)
8(a)(1) Coercive Statements (Threats, Promises of Benefits, etc.)
8(a)(1) Interrogation (including Polling)
","Charged Party / Respondent, Legal Representative, Silver Jason, Seyfarth Shaw LLP, 620 8th Avenue, 32nd Floor, New York, NY, 10018, (212)218-5282
Charged Party / Respondent, Legal Representative, Sterling Tatiana, 620 8th Avenue, 32nd Floor, New York, NY, 10018, (212)218-3358
Charged Party / Respondent, Employer, WNY3 Amazon Warehouse, Frankfort, NY, 13340
Charging Party, Individual
",,,
C,"Region 31, Los Angeles, California",31-CA-361062,"Amazon.com Services, LLC and its agent Amazon Logistics, Inc. (collectively “Amazon”), as a single and/or joint employer with its Delivery Service Partner Quick Trip Delivery, LLC",Closed,02/26/2025,09/11/2025,"Withdrawal Non-adjusted",Victorville,CA,80,"8(a)(1) Concerted Activities (Retaliation, Discharge, Discipline)
8(a)(3) Discharge (Including Layoff and Refusal to Hire (not salting))
","Charged Party / Respondent, Legal Representative, Dieckman Alyson, Seyfarth Shaw LLP, 999 Third Avenue, Suite 4700, Seattle, WA, 98104-4041, (206)393-4027
Charging Party, Legal Representative, De Haro Hector, Bush Gottlieb, ALC, 801 N. Brand Blvd.,, Suite 950, Glendale, CA, 91203, (818)973-3260
Charging Party, Legal Representative, Gutman-Dickinson Julie, Bush Gottlieb, ALC, 801 North Brand Blvd.,, Suite 950, Glendale, CA, 91203, (818)973-3228
Charged Party / Respondent, Legal Representative, Mirrafati Kamran, Seyfarth Shaw LLP, 2029 Century Park East, Suite 3500, Los Angeles, CA, 90067-3021, (310)201-5290
Charging Party, Legal Representative, Keng Samantha, Bush Gottlieb, ALC, 801 North Brand Blvd, Suite 950, Glendale, CA, 91203, (818)973-3203
Charged Party / Respondent, Legal Representative, Posey Thomas, Seyfarth Shaw LLP, 601 South Figueroa Street, Suite 3300, Los Angeles, CA, 90017-5793, (213)270-9600
Charging Party, Union, Teamsters Amazon National Negotiating Committee (TANNC), Washington, DC, 20001
Charged Party / Respondent, Employer, Quick Trip Delivery, LLC, Victorville, CA, 92395
",,,
C,"Region 31, Los Angeles, California",31-CA-360834,"Amazon.com Services, LLC aka Amazon Logistics, LLC",Open,02/20/2025,,,"San Bernardino",CA,1000,"8(a)(1) Coercive Statements (Threats, Promises of Benefits, etc.)
8(a)(1) Concerted Activities (Retaliation, Discharge, Discipline)
8(a)(3) Changes in Terms and Conditions of Employment
8(a)(1) Coercive Actions (Surveillance, etc)
","Charging Party, Legal Representative, Gutman Dickinson Julie, Bush Gottlieb,  ALC, 801 North Brand Boulevard, Suite 950, Glendale, CA, 91203, (818)973-3228
Charging Party, Legal Representative, Sollett Mathew, Bush Gottlieb, ALC, 801 No. Brand Blvd, Suite 950, Glendale, CA, 91203, (818)973-3230
Charged Party / Respondent, Legal Representative, Dumbacher Robert, Hunton Andrews & Kurth LLP, 600 Peachtree Street, NE, Suite 4100, Atlanta, GA, 30308-2217, (404)888-4007
Charged Party / Respondent, Legal Representative, Glasgow Ryan, Hunton Andrews Kurth LLP, 951 East Byrd Street, Richmond, VA, 23219, (804)788-8791
Charging Party, Legal Representative, Wright Vanessa, Bush Gottlieb,  ALC, 801 No. Brand Blvd, Suite 950, Glendale, CA, 91203, (818)973-3228
Charging Party, Union, The International Brotherhood of Teamsters, Washington, DC, 20001
",,,
C,"Region 29, Brooklyn, New York",29-CA-360658,"Amazon.com, LLC LDJ5 Sort Center",Open,02/19/2025,,,"Staten Island",NY,1500,"8(a)(3) Discharge (Including Layoff and Refusal to Hire (not salting))
8(a)(1) Concerted Activities (Retaliation, Discharge, Discipline)
","Charged Party / Respondent, Legal Representative, Rogers Amber, Hunton Andrews Kurth LLP, 1445 Ross Ave, Suite 3700, Dallas, TX, 75202-2755, (214)468-3308
Intervenor, Legal Representative, Mirer Jeannie, Julien Mirer & Associates, PLLC, 300 Cadman Plaza West, 12th Floor, Brooklyn, NY, 11201, (212)231-2235
Charged Party / Respondent, Legal Representative, Larkin Kurt, Riverfront Plaza, East Tower, 2951 East Byrd Street, Richmond, VA, 23219, (804)788-8776
Charged Party / Respondent, Legal Representative, Glasgow Ryan, Hunton Andrews Kurth LLP, 951 East Byrd Street, Richmond, VA, 23219, (804)788-8791
Charged Party / Respondent, Employer, Amazon.com, Inc., LDJ5 Sort Center, Staten Island, NY, 10314
Charging Party, Union, International Brotherhood of Teamsters, Washington, DC, 20001
Intervenor, Union, Amazon Labor Union- IBT Local 1, Staten Island, NY, 10314
",,,
C,"Region 10, Atlanta, Georgia",10-CB-360204,"Carolina Amazonians United for Solidarity and Empowerment (CAUSE) (Amazon.com Services LLC)",Closed,02/12/2025,05/26/2026,"Dismissal Non-adjusted",Garner,NC,1000000,"8(b)(1)(A) Coercion, incl'g Statements and Violence
","Charging Party, Legal Representative, Kuntz Harrison, Seyfarth Shaw LLP, 233 South Wacker Drive, Suite 8000, Chicago, IL, 60606, (310)597-1559
Charged Party / Respondent, Union, Carolina Amazonians United for Solidarity and Empowerment (CAUSE), Garner, NC, 27529
Charging Party, Employer, Amazon.com Services LLC, Seattle, WA, 98109-5210
",,,
C,"Region 31, Los Angeles, California",31-CA-360163,"Amazon.com Services, LLC and its agent Amazon Logistics, Inc. (collectively “Amazon”), as a single and/or joint employer with its Delivery Service Partner A-Team Delivers, LLC",Open,02/11/2025,,,Victorville,CA,50,,"Charged Party / Respondent, Legal Representative, Dieckman Alyson, Seyfarth Shaw LLP, 999 Third Avenue, Suite 4700, Seattle, WA, 98104-4041, (206)393-4027
Charged Party / Respondent, Legal Representative, Shelton Brandon, Ogletree Deakins Nash Smoak & Stewart, PC, 201 South College Street, Suite 2300, Charlotte, NC, 28244-0007, (704)405-3121
Charged Party / Respondent, Legal Representative, Soveranez Elizabeth, Ogletree, Deakins, Nash, Smoak & Stewart, P.C., 2415 E. Camelback Rd Ste 800, Phoenix, AZ, 85016, (602)778-3700
Charged Party / Respondent, Legal Representative, Edmund Emma, Ogletree, Deakins, Nash, Smoak & Stewart, P.C., 301 Congress Avenue, Suite 1150, Austin, TX, 78701, (512)344-4700
Charging Party, Legal Representative, De Haro Hector, Bush Gottlieb, ALC, 801 N. Brand Blvd.,, Suite 950, Glendale, CA, 91203, (818)973-3260
Charged Party / Respondent, Legal Representative, Morrison Holly, Ogletree, Deakins, Nash, Smoak & Stewart, P.C., 7700 Bonhomme Ave., Suite 650, St. Louis, MO, 63105, (314)802-3991
Charged Party / Respondent, Legal Representative, Ferrer John, Ogletree Deakins, 1909 K Street, N.W., Suite 1000, Washington, DC, 20006, (202)887-0855
Charging Party, Legal Representative, Dickinson Julie, Bush Gottlieb, ALC, 801 N. Brand Blvd, Suite 950, Glendale, CA, 91203, (818)973-3200
Charged Party / Respondent, Legal Representative, Mirrafati Kamran, Seyfarth Shaw LLP, 2029 Century Park East, Suite 3500, Los Angeles, CA, 90067-3021, (310)201-5290
Charging Party, Legal Representative, Keng Samantha, Bush Gottlieb, ALC, 801 North Brand Blvd, Suite 950, Glendale, CA, 91203, (818)973-3203
",,,
C,"Region 29, Brooklyn, New York",29-CA-359971,"Amazon Logistics, Inc. and Amazon.com Services LLC (collectively, “Amazon”), as a single or joint employer with Amazon Delivery Service Partners Cornucopia Logistics, LLC (“Cornucopia”), Satriano Logistics, LLC (“STAA”), and Pure Deliver, LLC (“Pure”)",Open,02/10/2025,,,Maspeth,NY,900,,"Charged Party / Respondent, Legal Representative, Glass Benjamin, 211 King Street, Suite 200, Charleston, SC, 29401, (843)720-0863
Charged Party / Respondent, Legal Representative, Glass Benjamin, 211 King Street, Suite 200, Charleston, SC, 29401, (843)720-0863
Charged Party / Respondent, Legal Representative, Glass Benjamin, 211 King Street, Suite 200, Charleston, SC, 29401, (843)720-0863
Charged Party / Respondent, Notification, Wong Brendon, Amazon Logistics, Inc. and Amazon.com Services LLC, DBK4, 55-15 Grand Avenue, Maspeth, NY, 11378
Charged Party / Respondent, Legal Representative, Fink Elliott, Seyfarth Shaw LLP, 620 Eighth Avenue, 33rd Floor, New York, NY, 10018, (212)518-5617
Charged Party / Respondent, Legal Representative, Smith Glenn, Seyfarth Shaw LLP, Seyfarth Shaw LLP, 620 Eighth Avenue, 31st Floor, New York, NY, 10018, (212)218-3502
Charged Party / Respondent, Legal Representative, Silver Jason, Seyfarth Shaw LLP, 620 8th Avenue, 32nd Floor, New York, NY, 10018, (212)218-5282
Charged Party / Respondent, Legal Representative, Ferrer John, Ogletree Deakins, 1909 K Street, N.W., Suite 1000, Washington, DC, 20006, (202)887-0855
Charged Party / Respondent, Legal Representative, Ferrer John, Ogletree Deakins, 1909 K Street, N.W., Suite 1000, Washington, DC, 20006, (202)887-0855
Charged Party / Respondent, Legal Representative, Ferrer John, Ogletree Deakins, 1909 K Street, N.W., Suite 1000, Washington, DC, 20006, (202)887-0855
",,,
C,"Region 09, Cincinnati, Ohio",09-CA-360137,"AMAZON.COM SERVICES LLC AKA AMAZON LOGISTICS, LLC AND RIPL LOGISTICS, AS A SINGLE EMPLOYER AND/OR AS JOINT EMPLOYERS",Open,02/07/2025,,,Lexington,KY,1000,"8(a)(1) Coercive Statements (Threats, Promises of Benefits, etc.)
8(a)(3) Discharge (Including Layoff and Refusal to Hire (not salting))
","Charged Party / Respondent, Legal Representative, Stolzenbach Brian, Seyfarth Shaw LLP, 233 South Wacker Drive, Suite 8000, Chicago, IL, 60606, (312)460-5000
Charged Party / Respondent, Legal Representative, Walston David, Ogletree, Deakins, Nash, Smoak & Stewart, P.C., 420 20th Street North, Suite 1900, Birmingham, AL, 35203, (205)714-4405
Charged Party / Respondent, Legal Representative, Walston David, Ogletree, Deakins, Nash, Smoak & Stewart, P.C., 420 20th Street North, Suite 1900, Birmingham, AL, 35203, (205)714-4405
Charged Party / Respondent, Legal Representative, Ferrer John, Ogletree Deakins, 1909 K Street, N.W., Suite 1000, Washington, DC, 20006, (202)887-0855
Charging Party, Legal Representative, Rekowski Rachel, Herzfeld, Suetholz, Gastel, Leniski and Wall, PLLC, 600 Vine Street, Suite 2720, Cincinnati, OH, 45202, (513)381-2224
Charging Party, Union, General Drivers, Warehousemen & Helpers Local Union No. 89, affiliated with the International Brotherhood of Teamsters, Louisville, KY, 40215
Charged Party / Respondent, Employer, RIPL Logistics, Lexington, KY, 40511
Charged Party / Respondent, Employer, Amazon.com Services LLC aka Amazon Logistics, LLC, Lexington, KY, 405111
",,,
C,"Region 13, Chicago, Illinois",13-CA-359914,"Amazon.com Services, LLC aka Amazon Logistics, LLC (collectively ""Amazon"") as a single employer and/or as a joint employer with Clear Logistics, LLC (""Clear"")",Open,02/07/2025,,,Skokie,IL,100,"8(a)(3) Discharge (Including Layoff and Refusal to Hire (not salting))
8(a)(5) Refusal to Bargain/Bad Faith Bargaining (incl'g surface bargaining/direct dealing)
","Charged Party / Respondent, Legal Representative, Stolzenbach Brian, Seyfarth Shaw LLP, 233 South Wacker Drive, Suite 8000, Chicago, IL, 60606-6448, (312)460-5000
Charging Party, Legal Representative, De Haro Hector, Bush Gottlieb, a Law Corporation, 801 North Brand Boulevard, Suite 950, Glendale, CA, 91203, (818)973-3260
Charged Party / Respondent, Legal Representative, Ferrer John, Ogletree Deakins, 1909 K Street, N.W., Suite 1000, Washington, DC, 20006, (202)887-0855
Charging Party, Legal Representative, Dickinson Julie, Bush Gottlieb, ALC, 801 North Brand Boulevard, Suite 950, Glendale, CA, 91203, (818)973-3228
Charged Party / Respondent, Legal Representative, Adefehinti Kelvin, Ogletree, Deakins, Nash, Smoak & Stewart, P.C., 1909 K Street, N.W., Suite 1000, Washington, DC, 20006-1134, (202)263-0259
Charging Party, Legal Representative, Keng Samantha, Bush Gottlieb, ALC, 801 North Brand Blvd, Suite 950, Glendale, CA, 91203, (818)973-3203
Charged Party / Respondent, Employer, Amazon Logistics, Skokie, IL, 60077
Charged Party / Respondent, Employer, Clear Logistics, LLC, Skokie, IL, 60077
",,,
C,"Region 10, Atlanta, Georgia",10-CA-359924,"Amazon.com Services LLC",Open,02/07/2025,,,Garner,NC,1600000,"8(a)(3) Discharge (Including Layoff and Refusal to Hire (not salting))
8(a)(1) Coercive Statements (Threats, Promises of Benefits, etc.)
8(a)(3) Changes in Terms and Conditions of Employment
8(a)(1) Coercive Actions (Surveillance, etc)
","Charged Party / Respondent, Legal Representative, Kuntz Harrison, Seyfarth Shaw LLP, 233 South Wacker Drive, Suite 8000, Chicago, IL, 60606, (310)597-1559
Charged Party / Respondent, Legal Representative, Turner Joseph, Seyfarth Shaw, LLP, 233 S Wacker Dr Ste 8000, Chicago, IL, 60606-6448, (312)460-5972
Charged Party / Respondent, Legal Representative, Sanchez Karla, Seyfarth Shaw LLP, 233 S. Wacker Drive, Ste 8000, Chicago, IL, 60606, (312)460-5000
Charging Party, Legal Representative, Smith Paul, Patterson Harkavy LLP, 100 Europa Drive, Suite 420, Chapel Hill, NC, 27517, (919)942-5200
Charged Party / Respondent, Employer, Amazon.com Services LLC, Garner, NC, 27529
Charging Party, Union, Carolina Amazonians United for Solidarity and Empowerment (CAUSE), Garner, NC, 27529
",,,
C,"Region 10, Atlanta, Georgia",10-CA-359621,"Amazon.com Services",Closed,02/04/2025,03/03/2026,"Withdrawal Non-adjusted",Jefferson,GA,200,"8(a)(1) Concerted Activities (Retaliation, Discharge, Discipline)
","Charged Party / Respondent, Legal Representative, Sanchez Karla, Seyfarth Shaw LLP, 233 S. Wacker Drive, Ste 8000, Chicago, IL, 60606, (312)460-5000
Charged Party / Respondent, Legal Representative, Remish Madeline, Seyfarth Shaw LLP, 233 South Wacker Drive, Suite 8000, Chicago, IL, 60606, (312)460-5000
Charged Party / Respondent, Employer, Amazon.com Services, Jefferson, GA, 30549
Charging Party, Individual
",,,
C,"Region 31, Los Angeles, California",31-CA-359405,"Amazon.com Services, LLC and its agent Amazon Logistics, Inc. (collectively  “Amazon”), as a single and/or joint employer with its Delivery Service Partner Paolino Logistics, LLC",Open,01/30/2025,,,Victorville,CA,50,,"Charged Party / Respondent, Legal Representative, Dieckman Alyson, Seyfarth Shaw LLP, 999 Third Avenue, Suite 4700, Seattle, WA, 98104-4041, (206)393-4027
Charged Party / Respondent, Legal Representative, Soveranez Elizabeth, Ogletree, Deakins, Nash, Smoak & Stewart, P.C., 2415 E. Camelback Rd Ste 800, Phoenix, AZ, 85016, (602)778-3700
Charged Party / Respondent, Legal Representative, Soveranez Elizabeth, Ogletree, Deakins, Nash, Smoak & Stewart, P.C., 2415 E. Camelback Rd Ste 800, Phoenix, AZ, 85016, (602)778-3700
Charged Party / Respondent, Legal Representative, Morrison Holly, Ogletree, Deakins, Nash, Smoak & Stewart, P.C., 7700 Bonhomme Ave., Suite 650, St. Louis, MO, 63105, (314)802-3991
Charged Party / Respondent, Legal Representative, Ferrer John, Ogletree Deakins, 1909 K Street NW, Suite 1000, Washington, DC, 20006-1134, (202)887-0855
Charging Party, Legal Representative, Gutman Dickinson Julie, Bush Gottlieb,  ALC, 801 North Brand Boulevard, Suite 950, Glendale, CA, 91203, (818)973-3228
Charged Party / Respondent, Legal Representative, Mirrafati Kamran, Seyfarth Shaw LLP, 2029 Century Park East, Suite 3500, Los Angeles, CA, 90067-3021, (310)201-5290
Charging Party, Legal Representative, Newman Sophie, Bush Gottlieb, a Law Corporation, 801 N. Brand Blvd., Suite 950, Glendale, CA, 91203, (818)973-3238
Charged Party / Respondent, Legal Representative, Posey Thomas, Buchalter, 601 South Figueroa Street, Suite 3300, Los Angeles, CA, 90017-5793, (213)891-0700
Charging Party, Legal Representative, Wright Vanessa, Bush Gottlieb,  ALC, 801 No. Brand Blvd, Suite 950, Glendale, CA, 91203, (818)973-3228
",,,
C,"Region 10, Atlanta, Georgia",10-CA-359231,"Amazon.Com Services LLC",Closed,01/28/2025,07/09/2025,"Dismissal Non-adjusted","East Point",GA,1500,"8(a)(3) Discharge (Including Layoff and Refusal to Hire (not salting))
8(a)(1) Concerted Activities (Retaliation, Discharge, Discipline)
8(a)(4) Discharge (including Layoff and Refusal to Hire)
8(a)(1) Coercive Actions (Surveillance, etc)
8(a)(3) Discipline
","Charged Party / Respondent, Legal Representative, Manganelli Caitlin, Seyfarth Shaw LLP, 233 South Wacker Drive, Suite 8000, Chicago, IL, 60606, (312)460-5000
Charged Party / Respondent, Legal Representative, Sanchez Karla, Seyfarth Shaw LLP, 233 S. Wacker Drive, Ste 8000, Chicago, IL, 60606, (312)460-5000
Charged Party / Respondent, Legal Representative, Reed Rachael, Seyfarth Shaw LLP, 1075 Peachtree St NE Ste 2500, Atlanta, GA, 30309, (404)885-1500
Charged Party / Respondent, Employer, Amazon.Com Services LLC, East Point, GA, 30344
Charging Party, Individual
",,,
C,"Region 29, Brooklyn, New York",29-CA-359674,"Amazon Logistics, Inc. and Amazon.com Services LLC (collectively, “Amazon”), as a single or joint employer with Amazon Delivery Service Partners Cornucopia Logistics, LLC (“Cornucopia”), Valuable Logistics, Inc. (“Valuable”), Satriano Logistics, LLC (“STAA”), Pure Deliver, LLC (“Pure”), DnA Logistics Inc. (“DnA”), and Presto Logistics, Inc. (“Presto"")",Open,01/24/2025,,,Maspeth,NY,900,,"Charged Party / Respondent, Legal Representative, Glass Benjamin, 210 Industrial Parkway, Branchburg, NJ, 08876, (843)720-0863
Charged Party / Respondent, Legal Representative, Glass Benjamin, 211 King Street, Suite 200, Charleston, SC, 29401, (843)720-0863
Charged Party / Respondent, Legal Representative, Glass Benjamin, 210 Industrial Parkway, Branchburg, NJ, 08876, (843)720-0863
Charged Party / Respondent, Legal Representative, Glass Benjamin, 210 Industrial Parkway, Branchburg, NJ, 08876, (843)720-0863
Charged Party / Respondent, Legal Representative, Glass Benjamin, 210 Industrial Parkway, Branchburg, NJ, 08876, (843)720-0863
Charged Party / Respondent, Legal Representative, Glass Benjamin, 211 King Street, Suite 200, Charleston, SC, 29401, (843)720-0863
Charged Party / Respondent, Legal Representative, Fink Elliott, Seyfarth Shaw LLP, 620 Eighth Avenue, 33rd Floor, New York, NY, 10018, (212)518-5617
Charged Party / Respondent, Legal Representative, Smith Glenn, Seyfarth Shaw LLP, Seyfarth Shaw LLP, 620 Eighth Avenue, 31st Floor, New York, NY, 10018, (212)218-3502
Charged Party / Respondent, Legal Representative, Silver Jason, Seyfarth Shaw LLP, 620 8th Avenue, 32nd Floor, New York, NY, 10018, (212)218-5282
Charged Party / Respondent, Legal Representative, Ferrer John, Ogletree Deakins, 1909 K Street NW, Suite 1000, Washington, DC, 20006-1134, (202)887-0855
",,,
C,"Region 29, Brooklyn, New York",29-CA-359088,"Amazon JFK8",Closed,01/23/2025,02/11/2025,"Withdrawal Non-adjusted","Staten Island",NY,5000,"8(a)(1) Concerted Activities (Retaliation, Discharge, Discipline)
8(a)(3) Discipline
","Charged Party / Respondent, Legal Representative, Rogers Amber, Hunton Andrews Kurth LLP, 1445 Ross Ave, Suite 3700, Dallas, TX, 75202-2755, (214)468-3308
Charged Party / Respondent, Legal Representative, Larkin Kurt, Hunton Andrews Kurth LLP, 951 East Byrd Street, Richmond, VA, 23219, (804)788-8776
Charging Party, Legal Representative, Burden Willie, 25 Louisiana Ave, Washington, DC, 20001, (202)624-6945
Charging Party, Union, ALU - IBT Local #1, Washington, DC, 20001
Charged Party / Respondent, Employer, Amazon JFK8, Staten Island, NY, 10314
",,,
C,"Region 31, Los Angeles, California",31-CA-358880,"Amazon.com Services, LLC and its agent Amazon Logistics, Inc. (collectively  “Amazon”), as a single and/or joint employer with its Delivery Service Partner Paolino Logistics, LLC",Open,01/22/2025,,,Victorville,CA,50,,"Charged Party / Respondent, Legal Representative, Dieckman Alyson, Seyfarth Shaw LLP, 999 Third Avenue, Suite 4700, Seattle, WA, 98104-4041, (206)393-4027
Charged Party / Respondent, Legal Representative, Soveranez Elizabeth, Ogletree, Deakins, Nash, Smoak & Stewart, P.C., 2415 E. Camelback Rd Ste 800, Phoenix, AZ, 85016, (602)778-3700
Charged Party / Respondent, Legal Representative, Soveranez Elizabeth, Ogletree, Deakins, Nash, Smoak & Stewart, P.C., 2415 E. Camelback Rd Ste 800, Phoenix, AZ, 85016, (602)778-3700
Charged Party / Respondent, Legal Representative, Morrison Holly, Ogletree, Deakins, Nash, Smoak & Stewart, P.C., 7700 Bonhomme Ave., Suite 650, St. Louis, MO, 63105, (314)802-3991
Charged Party / Respondent, Legal Representative, Ferrer John, Ogletree Deakins, 1909 K Street, N.W., Suite 1000, Washington, DC, 20006, (202)887-0855
Charging Party, Legal Representative, Dickinson Julie, Bush Gottlieb, ALC, 801 N. Brand Blvd, Suite 950, Glendale, CA, 91203, (818)973-3200
Charged Party / Respondent, Legal Representative, Mirrafati Kamran, Seyfarth Shaw LLP, 2029 Century Park East, Suite 3500, Los Angeles, CA, 90067-3021, (310)201-5290
Charging Party, Legal Representative, Newman Sophie, Bush Gottlieb, a Law Corporation, 801 N. Brand Blvd., Suite 950, Glendale, CA, 91203, (818)973-3238
Charged Party / Respondent, Legal Representative, Posey Thomas, Seyfarth Shaw LLP, 601 South Figueroa Street, Suite 3300, Los Angeles, CA, 90017-5793, (213)270-9600
Charging Party, Legal Representative, Wright Vanessa, Bush Gottlieb,  ALC, 801 No. Brand Blvd, Suite 950, Glendale, CA, 91203, (818)973-3228
",,,
C,"Region 09, Cincinnati, Ohio",09-CA-358750,"AMAZON.COM SERVICES, LLC AKA AMAZON LOGISTICS, LLC",Open,01/17/2025,,,Monroe,OH,1000,"8(a)(1) Coercive Actions (Surveillance, etc)
8(a)(1) Coercive Statements (Threats, Promises of Benefits, etc.)
8(a)(1) Concerted Activities (Retaliation, Discharge, Discipline)
8(a)(3) Changes in Terms and Conditions of Employment
8(a)(1) Coercive Rules
8(a)(3) Discipline
","Charged Party / Respondent, Legal Representative, Stolzenbach Brian, Seyfarth Shaw LLP, 233 South Wacker Drive, Suite 8000, Chicago, IL, 60606-6448, (312)460-5000
Charged Party / Respondent, Employer, Amazon.com Services LLC aka Amazon Logistics LLC, Monroe, OH, 45050
Charging Party, Union, The International Brotherhood of Teamsters, Washington, DC, 20001
",,,
C,"Region 10, Atlanta, Georgia",10-CA-358527,"MOLOCK Logistics and Amazon, as joint employers",Open,01/17/2025,,,Atlanta,GA,50,"8(a)(5) Repudiation/Modification of Contract [Sec 8(d)/Unilateral Changes]
","Charging Party, Legal Representative, Braswell D., Sugarman, Susskind, Braswell & Herrera, P.A., 150 Alhambra Circle, Suite 750, Coral Gables, FL, 33134, (305)529-2801
Charged Party / Respondent, Legal Representative, Tignor Elody, Seyfarth Shaw LLP, 233 South Wacker Drive, Suite 8000, Chicago, IL, 60606, (817)821-5950
Charged Party / Respondent, Legal Representative, Edmund Emma, Ogletree, Deakins, Nash, Smoak & Stewart, P.C., 301 Congress Avenue, Suite 1150, Austin, TX, 78701, (512)344-4700
Charged Party / Respondent, Legal Representative, Ferrer John, Ogletree Deakins, 1909 K Street, N.W., Suite 1000, Washington, DC, 20006, (202)887-0855
Charged Party / Respondent, Legal Representative, Sanchez Karla, Seyfarth Shaw LLP, 233 S. Wacker Drive, Ste 8000, Chicago, IL, 60606, (312)460-5000
Charged Party / Respondent, Legal Representative, Kilgore Phillip, Ogletree, Deakins, Nash, Smoak & Stewart, P.C., 300 North Main Street, Suite 500, Greenville, SC, 29601, (864)271-1300
Charged Party / Respondent, Employer, Amazon.com Services, LLC, Atlanta, GA, 30340
Charged Party / Respondent, Employer, MOLOCK's Logistics, Loganville, GA, 30052
Charging Party, Union, International Brotherhood of Teamsters, Washington, DC, 20005
",,,
C,"Region 10, Atlanta, Georgia",10-CA-358481,"Amazon.com Services LLC",Closed,01/15/2025,02/04/2025,"Dismissal Non-adjusted",Garner,NC,1000000,"8(a)(3) Discharge (Including Layoff and Refusal to Hire (not salting))
","Charged Party / Respondent, Legal Representative, Kuntz Harrison, Seyfarth Shaw LLP, 233 South Wacker Drive, Suite 8000, Chicago, IL, 60606, (310)597-1559
Charged Party / Respondent, Legal Representative, Turner Joseph, Seyfarth Shaw, LLP, 233 S Wacker Dr Ste 8000, Chicago, IL, 60606-6448, (312)460-5972
Charged Party / Respondent, Legal Representative, Sanchez Karla, Seyfarth Shaw LLP, 233 S. Wacker Drive, Ste 8000, Chicago, IL, 60606, (312)460-5000
Charging Party, Legal Representative, Smith Paul, International Union of Operating Engineers, Local 465, 100 Europa Drive, Suite 420, Chapel Hill, NC, 27517, (919)942-5200
Charging Party, Union, Carolina Amazonians United for Solidarity and Empowerment (CAUSE), Garner, NC, 27529
Charged Party / Respondent, Employer, Amazon.com Services, LLC, Garner, NC, 27529
",,,
C,"Region 10, Atlanta, Georgia",10-CA-358475,"Amazon.com Services LLC",Closed,01/15/2025,12/11/2025,"Dismissal Non-adjusted",Garner,NC,1600000,"8(a)(3) Changes in Terms and Conditions of Employment
8(a)(1) Concerted Activities (Retaliation, Discharge, Discipline)
8(a)(1) Interrogation (including Polling)
8(a)(1) Coercive Actions (Surveillance, etc)
8(a)(1) Denial of Access
","Charged Party / Respondent, Legal Representative, Kuntz Harrison, Seyfarth Shaw LLP, 233 South Wacker Drive, Suite 8000, Chicago, IL, 60606, (310)597-1559
Charged Party / Respondent, Legal Representative, Turner Joseph, Seyfarth Shaw, LLP, 233 S Wacker Dr Ste 8000, Chicago, IL, 60606-6448, (312)460-5972
Charging Party, Legal Representative, Smith Paul, Patterson Harkavy LLP, 100 Europa Drive, Suite 420, Chapel Hill, NC, 27517, (919)942-5200
Charging Party, Union, Carolina Amazonians United for Solidarity and Empowerment (CAUSE), Garner, NC, 27529
Charged Party / Respondent, Employer, Amazon.com Services LLC, Garner, NC, 27529
",,,
C,"Region 29, Brooklyn, New York",29-CA-358552,"Amazon JFK8 Fulfillment Center",Open,01/15/2025,,,"Staten Island",NY,5000,"8(a)(1) Concerted Activities (Retaliation, Discharge, Discipline)
8(a)(1) Coercive Rules
8(a)(3) Discipline
","Charged Party / Respondent, Legal Representative, Rogers Amber, Hunton Andrews Kurth LLP, 1445 Ross Ave, Suite 3700, Dallas, TX, 75202-2755, (214)468-3308
Charged Party / Respondent, Legal Representative, Stolzenbach Brian, Seyfarth Shaw LLP, 233 South Wacker Drive, Suite 8000, Chicago, IL, 60606, (312)460-5000
Charged Party / Respondent, Legal Representative, Larkin Kurt, Hunton Andrews Kurth LLP, 951 East Byrd Street, Richmond, VA, 23219, (804)788-8776
Charged Party / Respondent, Employer, Amazon JFK8 Fulfillment Center, Staten Island, NY, 10314
Charging Party, Union, ALU - IBT Local 1, Washington, DC, 20001
",,,
C,"Region 29, Brooklyn, New York",29-CA-358549,"Amazon Logistics Inc. or Amazon.com Services LLC (collectively, “Amazon”)",Open,01/14/2025,,,Maspeth,NY,900,"8(a)(1) Concerted Activities (Retaliation, Discharge, Discipline)
8(a)(1) Coercive Rules
8(a)(3) Discipline
","Charged Party / Respondent, Legal Representative, Smith Glenn, 620 8th Avenue, 32nd Floor, New York, NY, 10018, (212)218-5500
Charged Party / Respondent, Legal Representative, Silver Jason, Seyfarth Shaw LLP, 620 Eighth Ave, 32nd Floor, New York, NY, 10018, (212)218-5282
Charging Party, Legal Representative, Gonzalez Julian, Barnard Iglitzin & Lavitt LLP, 18 W Mercer St., Ste. 400, Seattle, WA, 98119-3971, (206)257-6019
Charging Party, Legal Representative, Lavenski Travis, Barnard Iglitzin & Lavitt LLP, 18 West Mercer St., Suite 400, Seattle, WA, 98119, (206)257-6032
Charging Party, Union, Teamster Amazon National Negotiating Committee International Brotherhood of Teamsters, Washington, DC, 20001
Charged Party / Respondent, Employer, Amazon Logistics, Inc. and Amazon.com Services LLC, Maspeth, NY, 11378
",,,
C,"Region 28, Phoenix, Arizona",28-CA-358791,Amazon,Closed,01/10/2025,01/13/2026,"Withdrawal Non-adjusted",Tucson,AZ,600,"8(a)(1) Concerted Activities (Retaliation, Discharge, Discipline)
","Charging Party, Legal Representative, Isaac Elliot, Law Office of Elliot S. Isaac, 14820 North Cave Creek Road., Suite #3, Phoenix, AZ, 85032, (602)404-0099
Charged Party / Respondent, Legal Representative, Smith Paul, Perkins Coie LLP, 1301 Second Avenue, Suite 4200, Seattle, WA, 98101-3099, (206)359-3817
Charged Party / Respondent, Employer, Amazon, Seattle, WA, 98109
Charging Party, Individual
",,,
C,"Region 31, Los Angeles, California",31-CA-358086,"Amazon.com Services, LLC aka Amazon Logistics, LLC",Open,01/10/2025,,,"San Bernardino",CA,1000,"8(a)(1) Coercive Statements (Threats, Promises of Benefits, etc.)
8(a)(1) Concerted Activities (Retaliation, Discharge, Discipline)
8(a)(3) Changes in Terms and Conditions of Employment
","Charging Party, Legal Representative, Gutman Dickinson Julie, Bush Gottlieb, ALC, 801 North Brand Boulevard, Suite 950, Glendale, CA, 91203, (818)973-3228
Charged Party / Respondent, Legal Representative, Mirrafati Kamran, Seyfarth Shaw LLP, 2029 Century Park East, Suite 3500, Los Angeles, CA, 90067-3021, (310)201-5290
Charging Party, Legal Representative, Sollett, Matthew, Bush Gottlieb, A Law Corporation, 801 N. Brand Blvd., Suite 950, Glendale, CA, 91203, (818)973-3230
Charging Party, Legal Representative, Wright Vanessa, Bush Gottlieb,  ALC, 801 No. Brand Blvd, Suite 950, Glendale, CA, 91203, (818)973-3228
Charged Party / Respondent, Employer, Amazon.com Services LLC aka Amazon Logistics LLC,  San Bernardino, CA, 92346
Charging Party, Union, International Brotherhood of Teamsters, Washington, DC, 20001
Charged Party / Respondent, Employer, Amazon.com Services LLC aka Amazon Logistics LLC,  San Bernardino, CA, 92346
",,,
C,"Region 07, Detroit, Michigan",07-CA-358412,"Amazon (DDT6)",Open,01/10/2025,,,Pontiac,MI,100,"8(a)(1) Coercive Actions (Surveillance, etc)
","Charging Party, Legal Representative, Sencer Caren, Weinberg, Roger & Rosenfeld, 1375 55th Street, Emeryville, CA, 94608, (510)337-1001
Charged Party / Respondent, Legal Representative, Sanchez Karla, Seyfarth Shaw LLP, 233 S. Wacker Drive, Ste 8000, Chicago, IL, 60606, (312)460-5000
Charging Party, Union, International Brotherhood of Teamsters, Washington, DC, 20001
Charged Party / Respondent, Employer, Amazon (DDT6), Pontiac, MI, 48342
",,,
C,"Region 29, Brooklyn, New York",29-CA-358606,"Amazon Logistics, Inc. and Amazon.com Services LLC (collectively, “Amazon”), as a single or joint employer with Amazon Delivery Service Partners Cornucopia Logistics, LLC (“Cornucopia”), Valuable Logistics, Inc. (“Valuable”), Satriano Logistics, LLC (“STAA”), EY Parker Logistics (“EY Parker”), and Pure Deliver, LLC (“Pure”).",Open,01/07/2025,,,Maspeth,NY,900,,"Charged Party / Respondent, Legal Representative, Glass Benjamin, 211 King Street, Suite 200, Charleston, SC, 29401, (843)720-0863
Charged Party / Respondent, Legal Representative, Glass Benjamin, 211 King Street, Suite 200, Charleston, SC, 29401, (843)720-0863
Charged Party / Respondent, Legal Representative, Glass Benjamin, 211 King Street, Suite 200, Charleston, SC, 29401, (843)720-0863
Charged Party / Respondent, Legal Representative, Glass Benjamin, 211 King Street, Suite 200, Charleston, SC, 29401, (843)720-0863
Charged Party / Respondent, Legal Representative, Glass Benjamin, 211 King Street, Suite 200, Charleston, SC, 29401, (843)720-0863
Charged Party / Respondent, Legal Representative, Fink Elliott, Seyfarth Shaw LLP, 620 Eighth Avenue, 33rd Floor, New York, NY, 10018, (212)518-5617
Charged Party / Respondent, Legal Representative, Smith Glenn, 620 8th Avenue, 32nd Floor, New York, NY, 10018, (212)218-5500
Charged Party / Respondent, Legal Representative, Silver Jason, Seyfarth Shaw LLP, 620 Eighth Ave, 32nd Floor, New York, NY, 10018, (212)218-5282
Charged Party / Respondent, Legal Representative, Ferrer John, Ogletree Deakins, 1909 K Street, N.W., Suite 1000, Washington, DC, 20006, (202)887-0855
Charged Party / Respondent, Legal Representative, Ferrer John, Ogletree Deakins, 1909 K Street, N.W., Suite 1000, Washington, DC, 20006, (202)887-0855
",,,
C,"Region 21, Los Angeles, California",21-CA-357891,"Amazon.com Services, LLC and its agent Amazon Logistics, Inc. (collectively ""Amazon""), as a single and/or joint employer with its Delivery Service Partner (“DSP”) Arkwins Logistics, LLC",Closed,01/06/2025,07/31/2025,"Withdrawal Non-adjusted",Industry,CA,50,"8(a)(3) Discharge (Including Layoff and Refusal to Hire (not salting))
8(a)(1) Concerted Activities (Retaliation, Discharge, Discipline)
","Charging Party, Legal Representative, De Haro Hector, Bush Gottlieb, ALC, 801 N. Brand Blvd.,, Suite 950, Glendale, CA, 91203, (818)973-3260
Charging Party, Legal Representative, Dickinson Julie, Bush Gottlieb, ALC, 801 N. Brand Blvd, Ste. 950, Glendale, CA, 91203, (818)973-3228
Charged Party / Respondent, Legal Representative, Mirrafati Kamran, Cardone Industries, 2029 Century Park E Ste 3500, Los Angeles, CA, 90067, (310)201-5290
Charging Party, Legal Representative, Keng Samantha, Bush Gottlieb, ALC, 801 North Brand Blvd, Suite 950, Glendale, CA, 91203, (818)973-3203
Charging Party, Union, Teamsters Amazon National Negotiating Committee (TANNC), Washington, DC, 20001
Charged Party / Respondent, Employer, Arkwins Logistics, LLC, Chino, CA, 91710
Charged Party / Respondent, Employer, Amazon DAX5 Facility, City of Industry, CA, 91744
Charged Party / Respondent, Employer, Amazon DAX5 Facility, City of Industry, CA, 91744
",,,
C,"Region 32, Oakland, California",32-CA-357860,"Amazon Logistics",Closed,01/06/2025,06/05/2025,"Dismissal Non-adjusted",Oakley,CA,100,"8(a)(1) Concerted Activities (Retaliation, Discharge, Discipline)
","Charged Party / Respondent, Legal Representative, Dieckman Alyson, Seyfarth Shaw LLP, 999 Third Avenue, Suite 4700, Seattle, WA, 98104-4041, (206)393-4027
Charged Party / Respondent, Legal Representative, Wonderly Joeseph, Seyfarth Shaw, LLP, 233 South Wacker Drive, Suite 8000, Chicago, IL, 60606, (206)946-4928
Charging Party, Individual
Charged Party / Respondent, Employer, Amazon Logistics, Oakley, CA, 94561
",,,
C,"Region 31, Los Angeles, California",31-CA-357724,"Amazon.com Services, LLC and its agent Amazon Logistics, Inc. (collectively ""Amazon""), as a single and/or joint employer with its Delivery Service Partner A-Team Delivers, LLC",Open,01/03/2025,,,Victorville,CA,50,,"Charged Party / Respondent, Legal Representative, Dieckman Alyson, Seyfarth Shaw LLP, 999 Third Avenue, Suite 4700, Seattle, WA, 98104-4041, (206)393-4027
Charged Party / Respondent, Legal Representative, Shelton Brandon, Ogletree Deakins Nash Smoak & Stewart, PC, 201 S College St Ste 2300, Charlotte, NC, 28244, (704)405-3121
Charged Party / Respondent, Legal Representative, Soveranez Elizabeth, Ogletree, Deakins, Nash, Smoak & Stewart, P.C., 2415 E. Camelback Rd Ste 800, Phoenix, AZ, 85016, (602)778-3700
Charged Party / Respondent, Legal Representative, Edmund Emma, Ogletree, Deakins, Nash, Smoak & Stewart, P.C., 301 Congress Avenue, Suite 1150, Austin, TX, 78701, (512)344-4700
Charging Party, Legal Representative, De Haro Hector, Bush Gottlieb, ALC, 801 N. Brand Boulevard, Suite 950, Glendale, CA, 91203, (818)973-3260
Charged Party / Respondent, Legal Representative, Morrison Holly, Ogletree, Deakins, Nash, Smoak & Stewart, P.C., 7700 Bonhomme Ave., Suite 650, St. Louis, MO, 63105, (314)802-3991
Charged Party / Respondent, Legal Representative, Ferrer John, Ogletree Deakins, 1909 K Street, N.W., Suite 1000, Washington, DC, 20006, (202)887-0855
Charging Party, Legal Representative, Dickinson Julie, Bush Gottlieb, ALC, 801 N. Brand Blvd, Ste. 950, Glendale, CA, 91203, (818)973-3228
Charged Party / Respondent, Legal Representative, Mirrafati Kamran, Seyfarth Shaw LLP, 2029 Century Park East, Suite 3500, Los Angeles, CA, 90067-3021, (310)201-5290
Charging Party, Legal Representative, Newman Sophie, Bush Gottlieb, a Law Corporation, 801 N. Brand Blvd., Suite 950, Glendale, CA, 91203, (818)973-3238
",,,
C,"Region 20, San Francisco, California",20-CA-357644,"Amazon.com Services, LLC",Open,12/31/2024,,,"San Francisco",CA,128,"8(a)(5) Refusal to Bargain/Bad Faith Bargaining (incl'g surface bargaining/direct dealing)
8(a)(1) Coercive Statements (Threats, Promises of Benefits, etc.)
8(a)(1) Concerted Activities (Retaliation, Discharge, Discipline)
8(a)(1) Coercive Rules
8(a)(3) Changes in Terms and Conditions of Employment
","Charged Party / Respondent, Legal Representative, Dieckman Alyson, Seyfarth Shaw LLP, 999 Third Avenue, Suite 4700, Seattle, WA, 98104-4041, (206)393-4027
Charged Party / Respondent, Legal Representative, Swedlow Daniel, Seyfarth Shaw LLP, 999 Third Avenue, Suite 4700, Seattle, WA, 98104-4041, (206)946-4940
Charging Party, Notification, Dickinson Julie, Bush Gottlieb, ALC, 801 N. Brand Blvd, Ste. 950, Glendale, CA, 91203, (818)973-3228
Charging Party, Legal Representative, Garea Susan, Beeson, Tayer & Bodine, 492 Ninth Street, Suite 350, Oakland, CA, 94607, (510)625-9700
Charging Party, Union, International Brotherhood of Teamsters, Washington, DC, 20001
",,,
C,"Region 29, Brooklyn, New York",29-CA-357564,"Amazon.com Services LLC",Closed,12/27/2024,01/30/2025,"Withdrawal Non-adjusted","Staten Island",NY,5000,"8(a)(3) Changes in Terms and Conditions of Employment
","Charged Party / Respondent, Legal Representative, Rogers Amber, Hunton Andrews Kurth LLP, 1445 Ross Ave, Suite 3700, Dallas, TX, 75202-2755, (214)468-3308
Charged Party / Respondent, Legal Representative, Larkin Kurt, Hunton Andrews Kurth LLP, 951 East Byrd Street, Richmond, VA, 23219, (804)788-8776
Charging Party, Individual
Charged Party / Respondent, Employer, Amazon.com Services LLC, Staten Island, NY, 10314
",,,
C,"Region 31, Los Angeles, California",31-CA-357556,"Amazon.com Services, LLC aka Amazon Logistics, LLC",Open,12/27/2024,,,"San Bernardino",CA,1000,"8(a)(5) Refusal to Bargain/Bad Faith Bargaining (incl'g surface bargaining/direct dealing)
8(a)(5) Refusal to Furnish Information
8(a)(5) Refusal to Recognize
","Charging Party, Legal Representative, Dickinson Julie, Bush Gottlieb, ALC, 801 N. Brand Blvd., Suite 950, Glendale, CA, 91203, (818)973-3228
Charged Party / Respondent, Legal Representative, Mirrafati Kamran, Seyfarth Shaw LLP, 2029 Century Park East, Suite 3500, Los Angeles, CA, 90067-3021, (310)201-5290
Charging Party, Legal Representative, Sollett Mathew, Bush Gottlieb, ALC, 801 No. Brand Blvd, Suite 950, Glendale, CA, 91203, (818)973-3230
Charging Party, Legal Representative, Wright Vanessa, Bush Gottlieb,  ALC, 801 No. Brand Blvd, Suite 950, Glendale, CA, 91203, (818)973-3228
Charged Party / Respondent, Employer, Amazon.com Services, LLC aka Amazon Logistics, LLC,  San Bernardino, CA, 92346
Charging Party, Union, International Brotherhood of Teamsters, Washington, DC, 20001
",,,
C,"Region 19, Seattle, Washington",19-CA-357447,"Amazon Kuiper Manufacturing Enterprises",Closed,12/27/2024,12/11/2025,"Withdrawal Adjusted",Redmond,WA,200,"8(a)(3) Discharge (Including Layoff and Refusal to Hire (not salting))
8(a)(1) Concerted Activities (Retaliation, Discharge, Discipline)
8(a)(5) Refusal to Recognize
","Charged Party / Respondent, Legal Representative, Paterson Adrienne, Perkins Coie, LLP, 700 13th Street NW, Suite 800, Washington, DC, 20005-3960, (202)654-6275
Charged Party / Respondent, Legal Representative, Sager Heather, Perkins Coie LLP, 505 Howard St  Ste 1000, San Francisco, CA, 94105-3222, (415)344-7115
Charged Party / Respondent, Legal Representative, Hankins Richard, Perkins Coie LLP, 2699 Howell St., Suite 700, Dallas, TX, 75204, (214)259-4960
Charged Party / Respondent, Employer, Amazon Kuiper Manufacturing Enterprises, Redmond, WA, 98052
Charging Party, Individual
",,,
C,"Region 21, Los Angeles, California",21-CB-357542,"Teamsters Local 396 (Amazon.com Services, LLC)",Open,12/23/2024,,,Anaheim,CA,1000000,"8(b)(1)(A) Picketing/Strike Actions
8(b)(1)(A) Coercion, incl'g Statements and Violence
","Charged Party / Respondent, Legal Representative, Suetholz David, Teamsters Amazon National Negotiating Committee, International Brotherhood of Teamsters, 25 Louisiana Ave N.W., Washington, DC, 20001, (202)624-6847
Charged Party / Respondent, Legal Representative, Wojciechowski Jason, Bush Gottlieb, ALC, 801 N Brand Blvd., Ste. 950, Glendale, CA, 91203, (818)973-3208
Charging Party, Legal Representative, Mora Jennifer, Seyfarth Shaw, LLP, 560 Mission Street,, Suite 3100, San Francisco, CA, 94105-2930, (415)732-1146
Charged Party / Respondent, Legal Representative, Dickinson Julie, Bush Gottlieb, ALC, 801 North Brand Boulevard, Suite 950, Glendale, CA, 91203, (818)973-3228
Charging Party, Legal Representative, Jacobs Marc, Seyfarth Shaw LLP, 233 S Wacker Drive, Suite 8000, Chicago, IL, 60606-6448, (312)460-5000
Charged Party / Respondent, Legal Representative, Newport Pamela, Herzfeld, Suetholz, Gastel, Leniski and Wall, PLLC, 600 Vine Street, Suite 2720, Cincinnati, OH, 45202, (513)381-2224
Charged Party / Respondent, Legal Representative, Keng Samantha, Bush Gottlieb, ALC, 801 North Brand Blvd, Suite 950, Glendale, CA, 91203, (818)973-3203
Charging Party, Employer, Amazon.com Services LLC, Seattle, WA, 98109
",,,
R,"Region 10, Atlanta, Georgia",10-RC-357236,"Amazon.com Services LLC",Closed,12/23/2024,08/12/2026,"Certification of Results",Garner,NC,4300,,"Employer, Additional Service, Torgler Chris, Amazon.com Services, LLC, 4851 Jones Sausage Rd, Garner, NC, 27529, (206)266-1000
Employer, Legal Representative, Kuntz Harrison, Seyfarth Shaw LLP, 233 South Wacker Drive, Suite 8000, Chicago, IL, 60606, (310)597-1559
Employer, Legal Representative, Turner Joseph, Seyfarth Shaw, LLP, 233 S Wacker Dr Ste 8000, Chicago, IL, 60606-6448, (312)460-5972
Employer, Legal Representative, Sanchez Karla, Seyfarth Shaw LLP, 233 S. Wacker Drive, Ste 8000, Chicago, IL, 60606, (312)460-5000
Employer, Legal Representative, Sloan Matthew, Seyfarth Shaw LLP, 233 South Wacker Drive, Suite 8000, Chicago, IL, 60606, (312)460-5000
Petitioner, Legal Representative, Ghosh Narendra, Patterson Harkavy LLP, 100 Europa Drive, Suite 420, Chapel Hill, NC, 27517, (919)942-5200
Petitioner, Legal Representative, Smith Paul, Patterson Harkavy LLP, 100 Europa Drive, Suite 420, Chapel Hill, NC, 27517, (919)942-5200
Petitioner, Union, Carolina Amazonians United for Solidarity and Empowerment (CAUSE), Garner, NC, 27529, (865)318-4459
Employer, Employer, Amazon.com Services LLC, Garner, NC, 27529, (888)892-7180
","Carolina Amazonians United for Solidarity and Empowerment (CAUSE)","Included: All Associates and Process Assistants (PAs), including all full-time, part-time, and flex permanent associates (Blue Badge) and seasonal associates (White Badge). 

Excluded: All other employees including managers and supervisors as defined by the Act",4738
C,"Region 20, San Francisco, California",20-CB-357172,"International Brotherhood of Teamsters, Local 2785 (Amazon.com Services LLC)",Closed,12/20/2024,04/09/2026,"Informal Settlement","San Francisco",CA,1000000,"8(b)(1)(A) Coercion, incl'g Statements and Violence
","Charging Party, Legal Representative, Stolzenbach Brian, Seyfarth Shaw LLP, 233 South Wacker Drive, Suite 8000, Chicago, IL, 60606, (312)460-5000
Charged Party / Respondent, Legal Representative, Suetholz David, International Brotherhood of Teamsters, 25 Louisiana Avenue NW, Washington, DC, 20001, (202)624-6847
Charging Party, Legal Representative, Vento Joseph, Seyfarth Shaw LLP, 626 8th Avenue, 33rd Floor, New York, NY, 10018, (212)218-5548
Charged Party / Respondent, Legal Representative, Dickinson Julie, Bush Gottlieb, ALC, 801 North Brand Boulevard, Suite 950, Glendale, CA, 91203, (818)973-3228
Charged Party / Respondent, Legal Representative, Newport Pamela, Herzfeld, Suetholz, Gastel, Leniski and Wall, PLLC, 600 Vine Street, Suite 2720, Cincinnati, OH, 45202, (513)381-2224
Charged Party / Respondent, Legal Representative, Garea Susan, Beeson, Tayer & Bodine, 492 Ninth Street, Suite 350, Oakland, CA, 94607, (510)625-9700
Charged Party / Respondent, Legal Representative, Burden Willie, The International Brotherhood of Teamsters, 25 Louisiana Avenue, N.W., Washington, DC, 20001, (202)624-6951
Charged Party / Respondent, Union, International Brotherhood of Teamsters, Local 2785, 1440 Southgate Ave, Suite 1, Daly City, CA, 94015
Charging Party, Employer, Amazon.com Services LLC, 410 Terry Ave. N, Seattle, WA, 98109
",,,
C,"Region 20, San Francisco, California",20-CB-357173,"The International Brotherhood of Teamsters and its subordinate units, the Teamsters Amazon Division and the Teamsters Amazon National Negotiating Committee (Amazon.com Services LLC (Amazon.com Services LLC)",Closed,12/20/2024,04/09/2026,"Informal Settlement","San Francisco",CA,1000000,"8(b)(1)(A) Coercion, incl'g Statements and Violence
8(b)(1)(A) Picketing/Strike Actions
","Charging Party, Legal Representative, Stolzenbach Brian, Seyfarth Shaw LLP, 233 South Wacker Drive, Suite 8000, Chicago, IL, 60606, (312)460-5000
Charged Party / Respondent, Legal Representative, Suetholz David, International Brotherhood of Teamsters, 25 Louisiana Avenue NW, Washington, DC, 20001, (202)624-6847
Charging Party, Legal Representative, Vento Joseph, Seyfarth Shaw LLP, 626 8th Avenue, 33rd Floor, New York, NY, 10018, (212)218-5548
Charged Party / Respondent, Legal Representative, Dickinson Julie, Bush Gottlieb, ALC, 801 North Brand Boulevard, Suite 950, Glendale, CA, 91203, (818)973-3228
Charged Party / Respondent, Legal Representative, Newport Pamela, Herzfeld, Suetholz, Gastel, Leniski and Wall, PLLC, 600 Vine Street, Suite 2720, Cincinnati, OH, 45202, (513)381-2224
Charged Party / Respondent, Legal Representative, Burden Willie, The International Brotherhood of Teamsters, 25 Louisiana Avenue, N.W., Washington, DC, 20001, (202)624-6951
Charged Party / Respondent, Union, International Brotherhood of Teamsters and its subordinate units, the Teamsters Amazon Division and the Teamsters Amazon National Negotiating Committee, 25 Louisiana Avenue, N.W., Washington, DC, 20001-2198, (908)877-4760
Charging Party, Employer, Amazon.com Services LLC, 410 Terry Ave. N, Seattle, WA, 98109
",,,
C,"Region 07, Detroit, Michigan",07-CB-357267,"The International Brotherhood of Teamsters and its subordinate units, the Teamsters Amazon Division and the Teamsters Amazon National Negotiating Committee (Amazon.com LLC)",Open,12/20/2024,,,Romulus,MI,1000000,,"Charging Party, Legal Representative, Stolzenbach Brian, Seyfarth Shaw LLP, 233 South Wacker Drive, Suite 8000, Chicago, IL, 60606, (312)460-5551
Charged Party / Respondent, Legal Representative, Suetholz David, Teamsters Amazon National Negotiating Committee, International Brotherhood of Teamsters, 25 Louisiana Ave N.W., Washington, DC, 20001, (202)624-6847
Charged Party / Respondent, Legal Representative, Wojciechowski Jason, Bush Gottlieb, ALC, 801 N Brand Blvd., Ste. 950, Glendale, CA, 91203, (818)973-3208
Charged Party / Respondent, Legal Representative, Dickinson Julie, Bush Gottlieb, ALC, 801 N. Brand Blvd, Ste. 950, Glendale, CA, 91203, (818)973-3228
Charging Party, Legal Representative, Berkheimer Michael, Seyfarth Shaw LLP, 975 F Street NW, Washington, DC, 20004, (202)463-2400
Charged Party / Respondent, Legal Representative, Newport Pamela, Herzfeld, Suetholz, Gastel, Leniski and Wall, PLLC, 600 Vine Street, Suite 2720, Cincinnati, OH, 45202, (513)381-2224
Charged Party / Respondent, Legal Representative, Keng Samantha, Bush Gottlieb, ALC, 801 North Brand Blvd, Suite 950, Glendale, CA, 91203, (818)973-3203
Charged Party / Respondent, Legal Representative, Burden Willie, The International Brotherhood of Teamsters, 25 Louisiana Avenue, N.W., Washington, DC, 20001, (202)624-6951
Charged Party / Respondent, Union, International Brotherhood of Teamsters and its subordinate units, the Teamsters Amazon Division and the Teamsters Amazon National Negotiating Committee, Washington, DC, 20001-2198
Charging Party, Employer, Amazon.com Services LLC, Romulus, MI, 48174
",,,
C,"Region 13, Chicago, Illinois",13-CB-357161,"International Brotherhood of Teamsters, Local 705 (Amazon.com Services LLC)",Open,12/20/2024,,,Skokie,IL,1000000,"8(b)(1)(A) Coercion, incl'g Statements and Violence
8(b)(1)(A) Picketing/Strike Actions
","Charging Party, Legal Representative, Stolzenbach Brian, Seyfarth Shaw LLP, 233 South Wacker Drive, Suite 8000, Chicago, IL, 60606, (312)460-5000
Charged Party / Respondent, Legal Representative, Suetholz David, Teamsters Amazon National Negotiating Committee, International Brotherhood of Teamsters, 25 Louisiana Ave N.W., Washington, DC, 20001, (202)624-6847
Charged Party / Respondent, Legal Representative, Dickinson Julie, Bush Gottlieb, ALC, 801 N. Brand Blvd, Ste. 950, Glendale, CA, 91203, (818)973-3228
Charging Party, Legal Representative, Sanchez Karla, Seyfarth Shaw LLP, 233 South Wacker Drive, Suite 8000, Chicago, IL, 60606-6448, (312)460-5277
Charged Party / Respondent, Legal Representative, Newport Pamela, Herzfeld, Suetholz, Gastel, Leniski and Wall, PLLC, 600 Vine Street, Suite 2720, Cincinnati, OH, 45202, (513)381-2224
Charged Party / Respondent, Legal Representative, Burden Willie, The International Brotherhood of Teamsters, 25 Louisiana Avenue, N.W., Washington, DC, 20001, (202)624-6951
Charging Party, Employer, Amazon.com Services, LLC, Skokie, IL, 60077
Charged Party / Respondent, Union, International Brotherhood of Teamsters, Local Union No. 705, Chicago, IL, 60612
",,,
C,"Region 13, Chicago, Illinois",13-CB-357162,"The International Brotherhood of Teamsters and its subordinate units, the Teamsters Amazon Division and the Teamsters Amazon National Negotiating Committee (Amazon.com Services LLC)",Open,12/20/2024,,,Skokie,IL,1000000,"8(b)(1)(A) Coercion, incl'g Statements and Violence
8(b)(1)(A) Picketing/Strike Actions
","Charging Party, Legal Representative, Stolzenbach Brian, Seyfarth Shaw LLP, 233 South Wacker Drive, Suite 8000, Chicago, IL, 60606, (312)460-5000
Charged Party / Respondent, Legal Representative, Suetholz David, Teamsters Amazon National Negotiating Committee, International Brotherhood of Teamsters, 25 Louisiana Ave N.W., Washington, DC, 20001, (202)624-6847
Charged Party / Respondent, Notification, Dickinson Julie, Bush Gottlieb, ALC, 801 N. Brand Blvd, Ste. 950, Glendale, CA, 91203, (818)973-3228
Charging Party, Legal Representative, Sanchez Karla, Seyfarth Shaw LLP, 233 South Wacker Drive, Suite 8000, Chicago, IL, 60606, (312)460-5000
Charged Party / Respondent, Legal Representative, Newport Pamela, Herzfeld, Suetholz, Gastel, Leniski and Wall, PLLC, 600 Vine Street, Suite 2720, Cincinnati, OH, 45202, (513)381-2224
Charged Party / Respondent, Legal Representative, Burden Willie, The International Brotherhood of Teamsters, 25 Louisiana Avenue, N.W., Washington, DC, 20001, (202)624-6951
Charging Party, Employer, Amazon.com Services, LLC, Skokie, IL, 60077
Charged Party / Respondent, Union, The International Brotherhood of Teamsters and its subordinate units, the Teamsters Amazon Division and the Teamsters Amazon National Negotiating Committee, Washington, DC, 20001
",,,
C,"Region 31, Los Angeles, California",31-CB-357121,"The International Brotherhood of Teamsters and its subordinate units, the Teamsters Amazon Division and the Teamsters Amazon National Negotiating Committee (Amazon.com Services LLC)",Closed,12/19/2024,01/24/2025,"Withdrawal Non-adjusted","San Bernardino",CA,1000000,"8(b)(1)(A) Picketing/Strike Actions
","Charged Party / Respondent, Legal Representative, Suetholz David, Teamsters Amazon National Negotiating Committee, International Brotherhood of Teamsters, 25 Louisiana Ave N.W., Washington, DC, 20001, (202)624-6847
Charging Party, Legal Representative, Phillips John, Seyfarth Shaw LLP, 700 Milam Street,, Suite 1400, Houston, TX, 77002, (713)225-2300
Charged Party / Respondent, Legal Representative, Dickinson Julie, Bush Gottlieb, ALC, 801 N. Brand Blvd, Ste. 950, Glendale, CA, 91203, (818)973-3228
Charging Party, Legal Representative, Mirrafati Kamran, Seyfarth Shaw LLP, 2029 Century Park East, Suite 3500, Los Angeles, CA, 90067-3021, (310)201-5290
Charged Party / Respondent, Legal Representative, Newport Pamela, Herzfeld, Suetholz, Gastel, Leniski and Wall, PLLC, 600 Vine Street, Suite 2720, Cincinnati, OH, 45202, (513)381-2224
Charged Party / Respondent, Legal Representative, Burden Willie, The International Brotherhood of Teamsters, 25 Louisiana Avenue, N.W., Washington, DC, 20001, (202)624-6951
Charging Party, Employer, Amazon.com Services LLC, Seattle, WA, 98109
Charged Party / Respondent, Union, The International Brotherhood of Teamsters and its subordinate units, the Teamsters Amazon Division and the Teamsters Amazon National Negotiating Committee, Washington, DC, 20001
Charging Party, Additional Service, Amazon.com Services LLC, San Bernadino, CA, 92408
",,,
C,"Region 31, Los Angeles, California",31-CB-357106,"International Brotherhood of Teamsters, Local 396 (Amazon.com Services LLC)",Closed,12/19/2024,01/24/2025,"Withdrawal Non-adjusted","San Bernardino",CA,1000000,"8(b)(1)(A) Picketing/Strike Actions
","Charged Party / Respondent, Legal Representative, Suetholz David, International Brotherhood of Teamsters, 25 Louisiana Avenue NW, Washington, DC, 20001, (202)624-6847
Charging Party, Legal Representative, Phillips John, Seyfarth Shaw LLP, 700 Milam Street,, Suite 1400, Houston, TX, 77002, (713)225-2300
Charged Party / Respondent, Legal Representative, Dickinson Julie, Bush Gottlieb, ALC, 801 N. Brand Blvd.,, Suite 950, Glendale, CA, 91203, (818)973-3228
Charging Party, Legal Representative, Mirrafati Kamran, Cardone Industries, 3000 E PIONEER PARKWAY, Arlington, TX, 76010, (310)201-5290
Charged Party / Respondent, Legal Representative, Newport Pamela, Herzfeld, Suetholz, Gastel, Leniski and Wall, PLLC, 600 Vine Street, Suite 2720, Cincinnati, OH, 45202, (513)381-2224
Charged Party / Respondent, Legal Representative, Burden Willie, The International Brotherhood of Teamsters, 25 Louisiana Avenue, N.W., Washington, DC, 20001, (202)624-6951
Charged Party / Respondent, Union, International Brotherhood of Teamsters, Local 396, Pomona, CA, 91768
Charged Party / Respondent, Additional Service, International Brotherhood of Teamsters, Local 396, Covina, CA, 91724
Charging Party, Additional Service, Amazon.com Services LLC, Seattle, WA, 98109
",,,
C,"Region 16, Fort Worth, Texas",16-CB-357097,"The International Brotherhood of Teamsters and its subordinate units, the Teamsters Amazon Division and the Teamsters Amazon National Negotiating Committee",Closed,12/19/2024,01/21/2025,"Withdrawal Non-adjusted",Brookshire,TX,10,"8(b)(1)(A) Coercion, incl'g Statements and Violence
","Charging Party, Legal Representative, STOLZENBACH BRIAN, Seyfarth Shaw, 233 South Wacker Dr, Suite 8000, Chicago, IL, 60606, (312)460-5551
Charged Party / Respondent, Legal Representative, SUETHOLZ DAVID, 25 LOUISIANA AVENUE N.W., WASHINGTON, DC, 20001, (202)624-6847
Charging Party, Legal Representative, Phillips John, Seyfarth Shaw LLP, 700 Milam Street,, Suite 1400, Houston, TX, 77002, (713)225-2300
Charged Party / Respondent, Legal Representative, Dickinson Julie, Bush Gottlieb, ALC, 801 N. Brand Blvd, Ste. 950, Glendale, CA, 91203, (818)973-3228
Charged Party / Respondent, Legal Representative, Newport Pamela, Herzfeld, Suetholz, Gastel, Leniski and Wall, PLLC, 600 Vine Street, Suite 2720, Cincinnati, OH, 45202, (513)381-2224
Charged Party / Respondent, Legal Representative, Burden Willie, The International Brotherhood of Teamsters, 25 Louisiana Avenue, N.W., Washington, DC, 20001, (202)624-6951
Charged Party / Respondent, Union, The International Brotherhood of Teamsters and its subordinate units, the Teamsters Amazon Division and the Teamsters Amazon National Negotiating Committee, WASHINGTON, DC, 20001
Charging Party, Employer, Amazon.com Services LLC, Brookshire, TX, 77423-2769
",,,
C,"Region 06, Pittsburgh, Pennsylvania",06-CB-357045,"The International Brotherhood of Teamsters and its subordinate units, the Teamsters Amazon Randy Korgan, Director, Teamsters Division and the Teamsters Amazon National Negotiating Committee (Amazon.com Services LLC)",Closed,12/19/2024,12/08/2025,"Dismissal Non-adjusted",Imperial,PA,1,"8(b)(1)(A) Coercion, incl'g Statements and Violence
8(b)(1)(A) Picketing/Strike Actions
","Charging Party, Legal Representative, Stolzenbach Brian, Seyfarth Shaw LLP, 233 South Wacker Drive, Suite 8000, Chicago, IL, 60606, (312)460-5000
Charging Party, Legal Representative, Swedlow Daniel, Seyfarth Shaw, LLP, 999 Third Avenue, Suite 4700, Seattle, WA, 98104, (206)946-4940
Charged Party / Respondent, Legal Representative, Suetholz David, Teamsters Amazon National Negotiating Committee, International Brotherhood of Teamsters, 25 Louisiana Ave N.W., Washington, DC, 20001, (202)624-6847
Charged Party / Respondent, Legal Representative, Dickinson Julie, Bush Gottlieb, ALC, 801 N. Brand Blvd, Ste. 950, Glendale, CA, 91203, (818)973-3228
Charging Party, Legal Representative, Berkheimer Michael, Seyfarth Shaw LLP, 975 F Street NW, Washington, DC, 20004, (202)302-2766
Charged Party / Respondent, Legal Representative, Newport Pamela, Herzfeld, Suetholz, Gastel, Leniski and Wall, PLLC, 600 Vine Street, Suite 2720, Cincinnati, OH, 45202, (513)381-2224
Charged Party / Respondent, Legal Representative, Burden Willie, The International Brotherhood of Teamsters, 25 Louisiana Avenue, N.W., Washington, DC, 20001, (202)624-6951
Charging Party, Employer, Amazon.com Services LLC, Imperial, PA, 15126
",,,
C,"Region 06, Pittsburgh, Pennsylvania",06-CB-357152,"The International Brotherhood of Teamsters and its subordinate units, the Teamsters Amazon Division and the Teamsters Amazon National Negotiating Committee (Amazon.com Services LLC)",Closed,12/19/2024,12/08/2025,"Dismissal Non-adjusted",Imperial,PA,1,"8(b)(1)(A) Coercion, incl'g Statements and Violence
","Charging Party, Legal Representative, Stolzenbach Brian, Seyfarth Shaw LLP, 233 South Wacker Drive, Suite 8000, Chicago, IL, 60606, (312)460-5000
Charged Party / Respondent, Legal Representative, Suetholz David, Teamsters Amazon National Negotiating Committee, International Brotherhood of Teamsters, 25 Louisiana Ave N.W., Washington, DC, 20001, (202)624-6847
Charged Party / Respondent, Legal Representative, Dickinson Julie, Bush Gottlieb, ALC, 801 N. Brand Blvd, Ste. 950, Glendale, CA, 91203, (818)973-3228
Charging Party, Legal Representative, Berheimer Michael, Seyfarth Shaw, 975 F Street NW, Washington, DC, 20001, (202)302-2766
Charged Party / Respondent, Legal Representative, Newport Pamela, Herzfeld, Suetholz, Gastel, Leniski and Wall, PLLC, 600 Vine Street, Suite 2720, Cincinnati, OH, 45202, (513)381-2224
Charged Party / Respondent, Legal Representative, Burden Willie, The International Brotherhood of Teamsters, 25 Louisiana Avenue, N.W., Washington, DC, 20001, (202)624-6951
Charged Party / Respondent, Union, International Brotherhood of Teamsters and its subordinate units, the Teamsters Amazon Division and the Teamsters Amazon National Negotiating Committee, Washington, DC, 20001-2198
Charging Party, Employer, Amazon.com Services LLC, Imperial, PA, 15126
",,,
C,"Region 06, Pittsburgh, Pennsylvania",06-CB-357039,"International Brotherhood of Teamsters, Local 249 (Amazon.com Services LLC)",Closed,12/19/2024,12/08/2025,"Dismissal Non-adjusted",Imperial,PA,1,,"Charging Party, Legal Representative, Stolzenbach Brian, Seyfarth Shaw, 233 South Wacker Dr, Suite 8000, Chicago, IL, 60606, (312)460-5551
Charging Party, Legal Representative, Swedlow Daniel, Seyfarth Shaw, LLP, 999 Third Avenue, Suite 4700, Seattle, WA, 98104, (206)946-4940
Charged Party / Respondent, Legal Representative, Suetholz David, Teamsters Amazon National Negotiating Committee, International Brotherhood of Teamsters, 25 Louisiana Ave N.W., Washington, DC, 20001, (202)624-6847
Charged Party / Respondent, Legal Representative, Orsatti Ernest, Quatrini Law Group, 941 Penn Avenue, Pittsburgh, PA, 15222, (724)217-8270
Charged Party / Respondent, Legal Representative, Dickinson Julie, Bush Gottlieb, ALC, 801 N. Brand Blvd, Ste. 950, Glendale, CA, 91203, (818)973-3228
Charging Party, Legal Representative, Berkheimer Michael, Seyfarth Shaw LLP, 975 F Street NW, Washington, DC, 20004, (202)302-2766
Charged Party / Respondent, Legal Representative, Newport Pamela, Herzfeld, Suetholz, Gastel, Leniski and Wall, PLLC, 600 Vine Street, Suite 2720, Cincinnati, OH, 45202, (513)381-2224
Charged Party / Respondent, Legal Representative, Burden Willie, The International Brotherhood of Teamsters, 25 Louisiana Avenue, N.W., Washington, DC, 20001, (202)624-6951
Charging Party, Employer, Amazon.com Services LLC, Imperial, PA, 15201
Charging Party, Additional Service, Amazon.com Services LLC, Imperial, PA, 15126
",,,
C,"Region 21, Los Angeles, California",21-CB-357231,"The International Brotherhood of Teamsters and its subordinate units, the Teamsters Amazon Division and the Teamsters Amazon National Negotiating Committee (Amazon.com Services LLC)",Closed,12/19/2024,12/08/2025,"Withdrawal Non-adjusted",Industry,CA,100000,"8(b)(1)(A) Coercion, incl'g Statements and Violence
8(a)(1) Concerted Activities (Retaliation, Discharge, Discipline)
","Charging Party, Legal Representative, Stolzenbach Brian, Seyfarth Shaw LLP, 233 South Wacker Drive, Suite 8000, Chicago, IL, 60606, (312)460-5000
Charged Party / Respondent, Legal Representative, Suetholz David, Teamsters Amazon National Negotiating Committee, International Brotherhood of Teamsters, 25 Louisiana Ave N.W., Washington, DC, 20001, (202)624-6847
Charging Party, Legal Representative, Phillips John, Seyfarth Shaw LLP, 700 Milam Street, Suite 1400, Houston, TX, 77002-2812, (713)225-2300
Charged Party / Respondent, Legal Representative, Dickinson Julie, Bush Gottlieb, ALC, 801 North Brand Boulevard, Suite 950, Glendale, CA, 91203, (818)973-3228
Charged Party / Respondent, Legal Representative, Newport Pamela, Herzfeld, Suetholz, Gastel, Leniski and Wall, PLLC, 600 Vine Street, Suite 2720, Cincinnati, OH, 45202, (513)381-2224
Charged Party / Respondent, Legal Representative, Burden, Jr. Willie, International Brotherhood of Teamsters, Legal Department,,  25 Louisiana Avenue NW, Washington, DC, 20001, (202)624-6951
Charged Party / Respondent, Union, International Brotherhood of Teamsters and its subordinate units, the Teamsters Amazon Division and the Teamsters Amazon National Negotiating Committee, Washington, DC, 20001
Charging Party, Additional Service, Amazon.com Services LLC, Seattle, WA, 98109
",,,
C,"Region 21, Los Angeles, California",21-CB-357540,"International Brotherhood of Teamsters, IBT Local 396, and IBT Local 1932 (Amazon.com Services LLC)",Open,12/19/2024,,,Industry,CA,1000000,,"Charging Party, Legal Representative, Stolzenbach Brian, Seyfarth Shaw LLP, 233 South Wacker Drive, Suite 8000, Chicago, IL, 60606, (312)460-5000
Charged Party / Respondent, Legal Representative, O' Brien Suetholz David, International Brotherhood of Teamsters, 25 Louisiana Avenue, NW, Washington, DC, 20001-2130, (202)624-6847
Charged Party / Respondent, Legal Representative, O' Brien Suetholz David, International Brotherhood of Teamsters, 25 Louisiana Avenue. NW, Washington, DC, 20001, (202)624-6847
Charged Party / Respondent, Legal Representative, Suetholz David, Teamsters Amazon National Negotiating Committee, International Brotherhood of Teamsters, 25 Louisiana Ave N.W., Washington, DC, 20001, (202)624-6847
Charged Party / Respondent, Legal Representative, Suetholz David, Teamsters Amazon National Negotiating Committee, International Brotherhood of Teamsters, 25 Louisiana Ave N.W., Washington, DC, 20001, (202)624-6847
Charged Party / Respondent, Legal Representative, Steiner Fern, Fern Steiner Law, APC, 1455 Frazee Road, Suite 500, San Diego, CA, 92108, (619)941-6108
Charged Party / Respondent, Legal Representative, Wojciechowski Jason, Bush Gottlieb, ALC, 801 N. Brand Blvd.,, Suite 950, Glendale, CA, 91203, (818)973-3208
Charged Party / Respondent, Legal Representative, Wojciechowski Jason, Bush Gottlieb, ALC, 801 N. Brand Blvd.,, Suite 950, Glendale, CA, 91203, (818)973-3208
Charged Party / Respondent, Legal Representative, Wojciechowski Jason, Bush Gottlieb, ALC, 801 N. Brand Blvd.,, Suite 950, Glendale, CA, 91203, (818)973-3208
Charged Party / Respondent, Legal Representative, Wojciechowski Jason, Bush Gottlieb, ALC, 801 N. Brand Blvd.,, Suite 950, Glendale, CA, 91203, (818)973-3208
",,,
C,"Region 31, Los Angeles, California",31-CA-357328,"Amazon.com Services, LLC and its agent Amazon Logistics, Inc. (collectively ""Amazon""), as a single and/or joint employer with its Delivery Service Partner Quick Trip Delivery, LLC",Open,12/19/2024,,,Victorville,CA,80,,"Charged Party / Respondent, Legal Representative, Dieckman Alyson, Seyfarth Shaw LLP, 999 Third Avenue, Suite 4700, Seattle, WA, 98104-4041, (206)393-4027
Charged Party / Respondent, Legal Representative, Shelton Brandon, Ogletree Deakins Nash Smoak & Stewart, PC, 201 South College Street, Suite 2300, Charlotte, NC, 28244-0007, (704)405-3121
Charged Party / Respondent, Legal Representative, Griggs Bruce, Ogletree, Deakins, Nash, Smoak & Stewart, P.C., 301 Congress Ave., Suite 1150, Austin, TX, 78701, (512)344-4710
Charged Party / Respondent, Legal Representative, Soveranez Elizabeth, Ogletree, Deakins, Nash, Smoak & Stewart, P.C., 2415 E. Camelback Rd Ste 800, Phoenix, AZ, 85016, (602)778-3700
Charging Party, Legal Representative, De Haro Hector, Bush Gottlieb, ALC, 801 N. Brand Blvd.,, Suite 950, Glendale, CA, 91203, (818)973-3260
Charged Party / Respondent, Legal Representative, Morrison Holly, Ogletree, Deakins, Nash, Smoak & Stewart, P.C., 7700 Bonhomme Ave., Suite 650, St. Louis, MO, 63105, (314)802-3991
Charged Party / Respondent, Legal Representative, Ferrer John, Ogletree Deakins, 1909 K Street, N.W., Suite 1000, Washington, DC, 20006, (202)887-0855
Charging Party, Legal Representative, Dickinson Julie, Bush Gottlieb, ALC, 801 N. Brand Blvd, Ste. 950, Glendale, CA, 91203, (818)973-3228
Charged Party / Respondent, Legal Representative, Mirrafati Kamran, Seyfarth Shaw LLP, 2029 Century Park East, Suite 3500, Los Angeles, CA, 90067-3021, (310)201-5290
Charging Party, Legal Representative, Newman Sophie, Bush Gottlieb, a Law Corporation, 801 N. Brand Blvd., Suite 950, Glendale, CA, 91203, (818)973-3238
",,,
C,"Region 06, Pittsburgh, Pennsylvania",06-CB-357029,"International Brotherhood of Teamsters, Local 249 (Amazon.com Services LLC)",Closed,12/19/2024,04/30/2026,"Informal Settlement",Pittsburgh,PA,1,,"Charging Party, Legal Representative, Stolzenbach Brian, Seyfarth Shaw LLP, 233 South Wacker Drive, Suite 8000, Chicago, IL, 60606, (312)460-5000
Charged Party / Respondent, Legal Representative, Seaman Casey, Quatrini Law Group, 550 East Pittsburgh Street, Greensburg, PA, 15601, (724)552-2737
Charging Party, Legal Representative, Swedlow Daniel, Seyfarth Shaw, LLP, 999 Third Avenue, Suite 4700, Seattle, WA, 98104, (206)946-4940
Charged Party / Respondent, Legal Representative, Suetholz David, Teamsters Amazon National Negotiating Committee, International Brotherhood of Teamsters, 25 Louisiana Ave N.W., Washington, DC, 20001, (202)624-6847
Charged Party / Respondent, Legal Representative, Orsatti Ernest, Quatrini Law Group, 941 Penn Avenue, Pittsburgh, PA, 15222, (724)217-8270
Charged Party / Respondent, Legal Representative, Dickinson Julie, Bush Gottlieb, ALC, 801 N. Brand Blvd, Ste. 950, Glendale, CA, 91203, (818)973-3228
Charging Party, Legal Representative, Berkheimer Michael, Seyfarth Shaw LLP, 975 F Street NW, Washington, DC, 20004, (202)302-2766
Charged Party / Respondent, Legal Representative, Newport Pamela, Herzfeld, Suetholz, Gastel, Leniski and Wall, PLLC, 600 Vine Street, Suite 2720, Cincinnati, OH, 45202, (513)381-2224
Charged Party / Respondent, Legal Representative, Burden Willie, The International Brotherhood of Teamsters, 25 Louisiana Avenue, N.W., Washington, DC, 20001, (202)624-6951
Charged Party / Respondent, Union, International Brotherhood of Teamsters, Local 249, Pittsburgh, PA, 15201-0128
",,,
C,"Region 31, Los Angeles, California",31-CB-357125,"International Brotherhood of Teamsters, Local 396, Local 1932 (Amazon.com Services LLC)",Open,12/19/2024,,,Victorville,CA,1000000,,"Charging Party, Legal Representative, Dieckman Alyson, Seyfarth Shaw LLP, 999 Third Avenue, Suite 4700, Seattle, WA, 98104-4041, (206)393-4027
Charging Party, Legal Representative, Stolzenbach Brian, Seyfarth Shaw LLP, 233 South Wacker Drive, Suite 8000, Chicago, IL, 60606, (312)460-5000
Charged Party / Respondent, Legal Representative, Suetholz David, Teamsters Amazon National Negotiating Committee, International Brotherhood of Teamsters, 25 Louisiana Ave N.W., Washington, DC, 20001, (202)624-6847
Charged Party / Respondent, Legal Representative, Wojciechowski Jason, Bush Gottlieb, 801 N. Brand Blvd., Suite 950, Glendale, CA, 91203, (818)973-3208
Charged Party / Respondent, Legal Representative, Gutman-Dickinson Julie, Bush Gottlieb, ALC, 801 North Brand Blvd.,, Suite 950, Glendale, CA, 91203, (818)973-3228
Charging Party, Legal Representative, Mirrafati Kamran, Seyfarth Shaw LLP, 2029 Century Park East, Suite 3500, Los Angeles, CA, 90067-3021, (310)201-5290
Charged Party / Respondent, Legal Representative, Newport Pamela, Herzfeld, Suetholz, Gastel, Leniski and Wall, PLLC, 600 Vine Street, Suite 2720, Cincinnati, OH, 45202, (513)381-2224
Charged Party / Respondent, Legal Representative, King Samantha, 801 N. Brand Blvd.,, Suite 950, Glendale, CA, 91203, (818)973-3203
Charging Party, Legal Representative, Posey Thomas, Seyfarth Shaw LLP, 601 South Figueroa Street, Suite 3300, Los Angeles, CA, 90017-5793, (213)270-9600
Charged Party / Respondent, Legal Representative, Burden Willie, The International Brotherhood of Teamsters, 25 Louisiana Avenue, N.W., Washington, DC, 20001, (202)624-6951
",,,
C,"Region 31, Los Angeles, California",31-CB-357137,"The International Brotherhood of Teamsters and its subordinate units, the Teamsters Amazon and the Teamsters Amazon National Negotiating Committee (Amazon.com Services LLC)",Open,12/19/2024,,,Victorville,CA,1000000,,"Charging Party, Legal Representative, Dieckman Alyson, Seyfarth Shaw LLP, 999 Third Avenue, Suite 4700, Seattle, WA, 98104-4041, (206)393-4027
Charging Party, Legal Representative, Stolzenbach Brian, Seyfarth Shaw LLP, 233 South Wacker Drive, Suite 8000, Chicago, IL, 60606, (312)460-5000
Charged Party / Respondent, Legal Representative, Suetholz David, Teamsters Amazon National Negotiating Committee, International Brotherhood of Teamsters, 25 Louisiana Ave N.W., Washington, DC, 20001, (202)624-6847
Charged Party / Respondent, Legal Representative, Wojciechowski Jason, Bush Gottlieb, ALC, 801 No. Brand Blvd, Suite 950, Glendale, CA, 91203, (818)973-3208
Charged Party / Respondent, Legal Representative, Dickinson Julie, Bush Gottlieb, ALC, 801 N. Brand Blvd, Suite 950, Glendale, CA, 91203, (818)973-3200
Charging Party, Legal Representative, Mirrafati Kamran, Seyfarth Shaw LLP, 2029 Century Park East, Suite 3500, Los Angeles, CA, 90067-3021, (310)201-5290
Charged Party / Respondent, Legal Representative, Keng Samantha, Bush Gottlieb, ALC, 801 N. Brand Blvd., Suite 950, Glendale, CA, 91203, (818)973-3203
Charging Party, Legal Representative, Posey Thomas, Seyfarth Shaw LLP, 601 South Figueroa Street, Suite 3300, Los Angeles, CA, 90017-5793, (213)270-9600
Charged Party / Respondent, Legal Representative, Burden Willie, The International Brotherhood of Teamsters, 25 Louisiana Avenue, N.W., Washington, DC, 20001, (202)624-6951
Charged Party / Respondent, Union, The International Brotherhood of Teamsters and its subordinate units, the Teamsters Amazon Division and the Teamsters Amazon National Negotiating Committee, Washington, DC, 20001
",,,
C,"Region 31, Los Angeles, California",31-CB-357151,"International Brotherhood of Teamsters, Local 63 (Amazon.com Services LLC)",Open,12/19/2024,,,Victorville,CA,1000000,,"Charging Party, Legal Representative, Dieckman Alyson, Seyfarth Shaw LLP, 999 Third Avenue, Suite 4700, Seattle, WA, 98104-4041, (206)393-4027
Charging Party, Legal Representative, Stolzenbach Brian, Seyfarth Shaw LLP, 233 South Wacker Drive, Suite 8000, Chicago, IL, 60606, (312)460-5000
Charged Party / Respondent, Legal Representative, Suetholz David, Teamsters Amazon National Negotiating Committee, International Brotherhood of Teamsters, 25 Louisiana Ave N.W., Washington, DC, 20001, (202)624-6847
Charged Party / Respondent, Legal Representative, Wojciechowski Jason, Bush Gottlieb, ALC, 801 No. Brand Blvd, Suite 950, Glendale, CA, 91203, (818)973-3208
Charged Party / Respondent, Legal Representative, Dickinson Julie, Bush Gottlieb, ALC, 801 N. Brand Blvd, Suite 950, Glendale, CA, 91203, (818)973-3200
Charging Party, Legal Representative, Mirrafati Kamran, Seyfarth Shaw LLP, 2029 Century Park East, Suite 3500, Los Angeles, CA, 90067-3021, (310)201-5290
Charged Party / Respondent, Legal Representative, Newport Pamela, Herzfeld, Suetholz, Gastel, Leniski and Wall, PLLC, 600 Vine Street, Suite 2720, Cincinnati, OH, 45202, (513)381-2224
Charged Party / Respondent, Legal Representative, Keng Samantha, Bush Gottlieb, a Law Corporation, 801 North Brand Blvd.,, Suite 950, Glendale, CA, 91203, (818)973-3203
Charging Party, Legal Representative, Posey Thomas, Seyfarth Shaw LLP, 601 South Figueroa Street, Suite 3300, Los Angeles, CA, 90017-5793, (213)270-9600
Charged Party / Respondent, Legal Representative, Burden Willie, The International Brotherhood of Teamsters, 25 Louisiana Avenue, N.W., Washington, DC, 20001, (202)624-6951
",,,
C,"Region 13, Chicago, Illinois",13-CB-357026,"The International Brotherhood of Teamsters and its subordinate units, the Teamsters Amazon Division and the Teamsters Amazon National Negotiating Committee (Amazon.com Services LLC)",Open,12/19/2024,,,Joliet,IL,1000000,,"Charging Party, Legal Representative, Stolzenbach Brian, Seyfarth Shaw LLP, 233 South Wacker Drive, Suite 8000, Chicago, IL, 60606, (312)460-5000
Charging Party, Legal Representative, Stolzenbach Brian, Seyfarth Shaw LLP, 233 South Wacker Drive, Suite 8000, Chicago, IL, 60606, (312)460-5000
Charged Party / Respondent, Legal Representative, Suetholz David, Teamsters Amazon National Negotiating Committee, International Brotherhood of Teamsters, 25 Louisiana Ave N.W., Washington, DC, 20001, (202)624-6847
Charged Party / Respondent, Legal Representative, Dickinson Julie, Bush Gottlieb, ALC, 801 N. Brand Blvd, Suite 950, Glendale, CA, 91203, (818)973-3200
Charging Party, Legal Representative, Sanchez Karla, Seyfarth Shaw LLP, 233 South Wacker Drive, Suite 8000, Chicago, IL, 60606-6448, (312)460-5277
Charged Party / Respondent, Legal Representative, Newport Pamela, Herzfeld, Suetholz, Gastel, Leniski and Wall, PLLC, 600 Vine Street, Suite 2720, Cincinnati, OH, 45202, (513)381-2224
Charged Party / Respondent, Legal Representative, Burden Willie, The International Brotherhood of Teamsters, 25 Louisiana Avenue, N.W., Washington, DC, 20001, (202)624-6951
Charging Party, Employer, Amazon.com Services, LLC, Joliet, IL, 60433
Charging Party, Employer, Amazon.com Services LLC, Seattle, WA, 98109-5210
Charged Party / Respondent, Union, International Brotherhood of Teamsters and its subordinate units, the Teamsters Amazon Division and the Teamsters Amazon National Negotiating Committee, Washington, DC, 20001-2198
",,,
C,"Region 05, Baltimore, Maryland",05-CB-357148,"The International Brotherhood of Teamsters and its subordinate units, the Teamsters Amazon Division and the Teamsters Amazon National Negotiating Committee (Amazon.com Services LLC)",Open,12/19/2024,,,Chester,VA,25,"8(b)(1)(A) Duty of Fair Representation, incl'g Superseniority, denial of access
","Charged Party / Respondent, Legal Representative, Suetholz David, International Brotherhood of Teamsters, 25 Louisiana Ave NW, Washington, DC, 20001, (202)624-6800
Charged Party / Respondent, Legal Representative, Dickinson Julie, Bush Gottlieb, ALC, 801 N. Brand Blvd, Ste. 950, Glendale, CA, 91203, (818)973-3228
Charging Party, Legal Representative, Jacobs Marc, Seyfarth Shaw LLP, 233 S Wacker Drive, Suite 8000, Chicago, IL, 60606-6448, (312)460-5000
Charging Party, Legal Representative, Berkheimer Michael, Seyfarth Shaw, 975 F Street, Washington, DC, 20001, (202)302-2766
Charged Party / Respondent, Legal Representative, Newport Pamela, Herzfeld, Suetholz, Gastel, Leniski and Wall, PLLC, 600 Vine Street, Suite 2720, Cincinnati, OH, 45202, (513)381-2224
Charged Party / Respondent, Legal Representative, Burden Willie, International Brotherhood of Teamsters, 25 Louisiana Ave NW, Washington, DC, 20001, (202)624-6951
Charged Party / Respondent, Union, International Brotherhood of Teamsters, Washington, DC, 20001
Charging Party, Employer, Amazon.com Services LLC, Washington, DC, 20854
Involved Party, Employer, Amazon.com Services LLC, Chester, VA, 23836
",,,
C,"Region 31, Los Angeles, California",31-CB-356962,"The International Brotherhood of Teamsters and its subordinate units, the Teamsters Amazon Division, the Teamsters Amazon National Negotiating Committee, KSBD Amazon Teamsters, Teamsters Local 63, and Teamsters Local 1932 (Amazon.com Services LLC)",Closed,12/18/2024,03/24/2025,"Withdrawal Non-adjusted","San Bernardino",CA,1000000,"8(b)(1)(A) Coercion, incl'g Statements and Violence
","Charged Party / Respondent, Legal Representative, Suetholz David, Teamsters Amazon National Negotiating Committee, International Brotherhood of Teamsters, 25 Louisiana Ave N.W., Washington, DC, 20001, (202)624-6847
Charged Party / Respondent, Legal Representative, Dickinson Julie, Bush Gottlieb, ALC, 801 N. Brand Blvd, Suite 950, Glendale, CA, 91203, (818)973-3200
Charged Party / Respondent, Legal Representative, Newport Pamela, Herzfeld, Suetholz, Gastel, Leniski and Wall, PLLC, 600 Vine Street, Suite 2720, Cincinnati, OH, 45202, (513)381-2224
Charging Party, Legal Representative, Glasgow Ryan, Hunton Andrews Kurth LLP, Riverfront Plaza, East Tower, 951 East Byrd St, Richmond, NY, 23219, (804)788-8791
Charged Party / Respondent, Legal Representative, Burden Willie, The International Brotherhood of Teamsters, 25 Louisiana Avenue, N.W., Washington, DC, 20001, (202)624-6951
Charged Party / Respondent, Union, The International Brotherhood of Teamsters and its subordinate units, the Teamsters Amazon Division, the Teamsters Amazon National Negotiating Committee, KSBD Amazon Teamsters, Teamsters Local 63, and Teamsters Local 1932., Washington, DC, 20001
Charging Party, Additional Service, Amazon.com Services LLC, Seattle, WA, 98109
Charging Party, Employer, Amazon.com Services LLC, San Bernardino, CA, 92346
",,,
C,"Region 29, Brooklyn, New York",29-CA-357025,"Amazon Logistics Inc. or Amazon.com Services LLC (collectively, “Amazon”), as a single or joint employer with Amazon Delivery Service Partner Focus Logistics, Inc. (“Focus”)",Closed,12/18/2024,11/21/2025,"Withdrawal Non-adjusted",Maspeth,NY,900,"8(a)(3) Discharge (Including Layoff and Refusal to Hire (not salting))
8(a)(1) Concerted Activities (Retaliation, Discharge, Discipline)
","Charged Party / Respondent, Legal Representative, Silver Jason, Seyfarth Shaw, LLP, 233 S Wacker Dr Ste 8000, Chicago, IL, 60606-6448, (212)218-5282
Charged Party / Respondent, Legal Representative, Ferrer John, Ogletree Deakins, 1909 K Street, N.W., Suite 1000, Washington, DC, 20006, (202)887-0855
Charged Party / Respondent, Legal Representative, Vento Joseph, Seyfarth Shaw LLP, 626 Eighth Avenue, 31st Floor, New York, NY, 10018, (212)218-5548
Charging Party, Legal Representative, Gonzalez Julian, Workers United, affiliated with Service Employees International Union (SEIU), Barnard Iglitzin & Lavitt, LLP, 18 W. Mercer Street, Suite 400, Seattle, WA, 98119, (260)257-6019
Charging Party, Legal Representative, Lavenski Travis, Barnard Iglitzin & Lavitt LLP, 18 West Mercer St., Suite 400, Seattle, WA, 98119, (206)257-6032
Charging Party, Union, Teamsters Amazon National Negotiating Committee, Washington, DC, 20001
Charged Party / Respondent, Employer, Amazon Logistics, Inc. and Amazon.com Services LLC, Maspeth, NY, 11378
Charged Party / Respondent, Additional Service, Amazon Logistics, Inc. and Amazon.com Services LLC, Maspeth, NY, 11378
",,,
C,"Region 21, Los Angeles, California",21-CA-357259,"Amazon.com Services, LLC and its agent Amazon Logistics, Inc. (collectively ""Amazon""), as a single and/or joint employer with its Delivery Service Partners (""DSPs"") Activ Enterprises, LLC, Andiamo Logistics, Inc., A-Zoom Delivery Service, LLC, DirectPro Logistics, LLC, EZ Logistix, LLC, and Metro Deliveries and Logistics, LLC",Open,12/18/2024,,,Industry,CA,500,,"Charging Party, Legal Representative, De Haro Hector, Bush Gottlieb, ALC, 801 North Brand Boulevard, Suite 950, Glendale, CA, 91203, (818)973-3260
Charged Party / Respondent, Legal Representative, Otovic James, Ogletree, Deakins, Nash, Smoak & Stewart, PC, 300 North Main Street, Suite 500, Greenville, SC, 29601, (864)240-5601
Charged Party / Respondent, Legal Representative, Otovic James, Ogletree, Deakins, Nash, Smoak & Stewart, PC, 300 North Main Street, Suite 500, Greenville, SC, 29601, (864)240-5601
Charged Party / Respondent, Legal Representative, Otovic James, Ogletree, Deakins, Nash, Smoak & Stewart, PC, 300 North Main Street, Suite 500, Greenville, SC, 29601, (864)240-5601
Charged Party / Respondent, Legal Representative, Otovic James, Ogletree, Deakins, Nash, Smoak & Stewart, PC, 300 North Main Street, Suite 500, Greenville, SC, 29601, (864)240-5601
Charged Party / Respondent, Legal Representative, Otovic James, Ogletree, Deakins, Nash, Smoak & Stewart, PC, 300 North Main Street, Suite 500, Greenville, SC, 29601, (864)240-5601
Charged Party / Respondent, , Otovic James, Ogletree, Deakins, Nash, Smoak & Stewart, PC, 300 North Main Street, Suite 500, Greenville, SC, 29601, (864)240-5601
Charged Party / Respondent, Legal Representative, Ferrer John, Ogletree Deakins, 1909 K Street, N.W., Suite 1000, Washington, DC, 20006, (202)887-0855
Charged Party / Respondent, Legal Representative, Ferrer John, Ogletree Deakins, 1909 K Street NW, Suite 1000, Washington, DC, 20006-1134, (202)887-0855
Charged Party / Respondent, Legal Representative, Ferrer John, Ogletree Deakins, 1909 K Street, N.W., Suite 1000, Washington, DC, 20006, (202)887-0855
",,,
C,"Region 09, Cincinnati, Ohio",09-CA-356973,"AMAZON.COM SERVICES LLC D/B/A AMAZON AIR",Closed,12/17/2024,02/25/2026,"Withdrawal Non-adjusted",Florence,KY,4500,"8(a)(3) Discharge (Including Layoff and Refusal to Hire (not salting))
","Charged Party / Respondent, Legal Representative, Phillips John, Seyfarth Shaw LLP, 700 Milam Street,, Suite 1400, Houston, TX, 77002, (713)225-2300
Charging Party, Legal Representative, Newport Pamela, Herzfeld, Suetholz, Gastel, Leniski and Wall, PLLC, 600 Vine Street, Suite 2720, Cincinnati, OH, 45202, (513)381-2224
Charging Party, Legal Representative, Rekowski Rachel, Herzfeld Suetholz Gastel Leniski & Wall PLLC, 600 Vine Street, Suite 2720, Cincinnati, OH, 45202, (513)381-2224
Charging Party, Union, General Drivers, Warehousemen and Helpers, Local Union No. 89, affiliated with the International Brotherhood of Teamsters, Louisville, KY, 40215
Charged Party / Respondent, Employer, Amazon.com Services LLC and its Subsidiary, Amazon Air, Florence, KY, 41042
",,,
C,"Region 21, Los Angeles, California",21-CA-357122,"Amazon.com Services, LLC and its agent Amazon Logistics, Inc. (collectively ""Amazon""), as a joint and/or single employer with its Delivery Service Partner Andiamo Logistics, Inc.",Open,12/17/2024,,,Industry,CA,50,"8(a)(1) Coercive Actions (Surveillance, etc)
8(a)(1) Coercive Statements (Threats, Promises of Benefits, etc.)
","Charging Party, Legal Representative, DE HARO HECTOR, Bush Gottlieb, ALC, 801 NORTH BRAND BOULEVARD, SUITE 950, GLENDALE, CA, 91203, (818)973-3260
Charged Party / Respondent, Legal Representative, Otovic James, Ogletree, Deakins, Nash, Smoak & Stewart, PC, 300 North Main Street, Suite 500, Greenville, SC, 29601, (864)240-5601
Charged Party / Respondent, Legal Representative, Ferrer John, Ogletree, Deakins, Nash, Smoak & Stewart, PC, 2415 E. Camelback Road, Suite 800, Phoenix, AZ, 85016, (202)263-0268
Charging Party, Legal Representative, Dickinson Julie, Bush Gottlieb, ALC, 801 N. Brand Blvd, Ste. 950, Glendale, CA, 91203, (818)973-3228
Charged Party / Respondent, Legal Representative, Mirrafati Kamran, 2029 Century Park East,, Suite 3500, Los Angeles, CA, 90067, (310)277-7200
Charging Party, Legal Representative, Keng Samantha, Bush Gottlieb, ALC, 801 North Brand Blvd, Suite 950, Glendale, CA, 91203, (818)973-3203
Charging Party, Union, The International Brotherhood of Teamsters, Washington, DC, 20001
Charged Party / Respondent, Employer, Andiamo Logistics Inc., Dana Point, CA, 92629
",,,
C,"Region 21, Los Angeles, California",21-CA-357070,"Amazon.com Services, LLC and its agent Amazon Logistics, Inc. (collectively ""Amazon""), as a joint and/or single employer with its Delivery Service Partner EZ Logistix, LLC",Open,12/17/2024,,,Industry,CA,50,"8(a)(1) Coercive Actions (Surveillance, etc)
8(a)(1) Coercive Statements (Threats, Promises of Benefits, etc.)
","Charging Party, Legal Representative, DE HARO HECTOR, Bush Gottlieb, a Law Corporation, 801 NORTH BRAND BOULEVARD, SUITE 950, GLENDALE, CA, 91203, (818)973-3260
Charged Party / Respondent, Legal Representative, Otovic James, Ogletree, Deakins, Nash, Smoak & Stewart, PC, 300 North Main Street, Suite 500, Greenville, SC, 29601, (864)240-5601
Charged Party / Respondent, Legal Representative, Ferrer John, Ogletree, Deakins, Nash, Smoak & Stewart, PC, 2415 E. Camelback Road, Suite 800, Phoenix, AZ, 85016, (202)263-0268
Charging Party, Legal Representative, Dickinson Julie, Bush Gottlieb, ALC, 801 N. Brand Blvd, Ste. 950, Glendale, CA, 91203, (818)973-3228
Charged Party / Respondent, Legal Representative, Mirrafati Kamran, 2029 Century Park East,, Suite 3500, Los Angeles, CA, 90067, (310)277-7200
Charging Party, Legal Representative, Keng Samantha, Bush Gottlieb, ALC, 801 North Brand Boulevard Suite 950, Glendale, CA, 91203, (818)973-3200
Charged Party / Respondent, Employer, EZ Logistix, LLC, Rancho Santa Margarita, CA, 92688
Charging Party, Union, The International Brotherhood of Teamsters, Washington, DC, 20001
",,,
C,"Region 29, Brooklyn, New York",29-CB-357015,"The International Brotherhood of Teamsters and its subordinate units, the Teamsters Amazon Division and the Teamsters Amazon National Negotiating Committee (Amazon.com Services LLC)",Closed,12/17/2024,03/13/2026,"Withdrawal Non-adjusted","Staten Island",NY,1000000,,"Charged Party / Respondent, Legal Representative, Suetholz David, International Brotherhood of Teamsters, 25 Louisiana Avenue N.W., Washington, DC, 20001
Charged Party / Respondent, Legal Representative, Wojciechowski Jason, Bush Gottlieb, ALC, 801 North Brand Blvd.,, Suite 950, Glendale, CA, 91203, (818)973-3208
Charged Party / Respondent, Legal Representative, Dickinson Julie, Bush Gottlieb, ALC, 801 N. Brand Blvd, Ste. 950, Glendale, CA, 91203, (818)973-3228
Charging Party, Legal Representative, Larkin Kurt, Hunton Andrews Kurth LLP, Riverfront Plaza, East Tower, 2951 East Byrd Street, Richmond, VA, 23219, (804)788-8776
Charged Party / Respondent, Legal Representative, Newport Pamela, Herzfeld, Suetholz, Gastel, Leniski and Wall, PLLC, 600 Vine Street, Suite 2720, Cincinnati, OH, 45202, (513)381-2224
Charged Party / Respondent, Legal Representative, Keng Samantha, Bush Gottlieb, ALC, 801 North Brand Blvd, Suite 950, Glendale, CA, 91203, (818)973-3203
Charged Party / Respondent, Legal Representative, Burden Willie, The International Brotherhood of Teamsters, 25 Louisiana Avenue, N.W., Washington, DC, 20001, (202)624-6951
Charged Party / Respondent, Union, The International Brotherhood of Teamsters and its subordinate units, the Teamsters Amazon Division and the Teamsters Amazon National Negotiating Committee, WASHINGTON, DC, 20001
Charging Party, Employer, Amazon.com Services LLC, Seattle, WA, 98109
Involved Party, Employer, Amazon.com Services Inc., Staten Island, NY, 10314
",,,
C,"Region 29, Brooklyn, New York",29-CB-357009,"Amazon Labor Union",Closed,12/17/2024,03/13/2026,"Withdrawal Non-adjusted","Staten Island",NY,1000000,,"Charged Party / Respondent, Legal Representative, Suetholz David, The International Brotherhood of Teamsters, 25 Louisiana Avenue NW, Washington, DC, 20001, (202)624-6847
Charged Party / Respondent, Legal Representative, Wojciechowski Jason, Bush Gottlieb, ALC, 801 North Brand Blvd.,, Suite 950, Glendale, CA, 91203, (818)973-3208
Charged Party / Respondent, Legal Representative, Dickinson Julie, Bush Gottlieb, ALC, 801 N. Brand Blvd, Ste. 950, Glendale, CA, 91203, (818)973-3228
Charging Party, Legal Representative, Larkin Kurt, Hunton Andrews Kurth LLP, Riverfront Plaza, East Tower, 2951 East Byrd Street, Richmond, VA, 23219, (804)788-8776
Charged Party / Respondent, Legal Representative, Newport Pamela, Herzfeld, Suetholz, Gastel, Leniski and Wall, PLLC, 600 Vine Street, Suite 2720, Cincinnati, OH, 45202, (513)381-2224
Charged Party / Respondent, Legal Representative, Keng Samantha, Bush Gottlieb, ALC, 801 North Brand Blvd, Suite 950, Glendale, CA, 91203, (818)973-3203
Charged Party / Respondent, Legal Representative, Burden Willie, The International Brotherhood of Teamsters, 25 Louisiana Avenue, N.W., Washington, DC, 20001, (202)624-6951
Charged Party / Respondent, Union, Amazon Labor Union, Staten Island, NY, 10314
Involved Party, Employer, Amazon.com Services LLC, Staten Island, NY, 10314
Charging Party, Employer, Amazon.com Services LLC, Seattle, WA, 98109
",,,
C,"Region 13, Chicago, Illinois",13-CB-356678,"International Brotherhood of Teamsters, Local 705 (Amazon.com Services LLC",Open,12/16/2024,,,Skokie,IL,1000000,"8(b)(1)(A) Coercion, incl'g Statements and Violence
","Charging Party, Legal Representative, Stolzenbach Brian, Seyfarth Shaw LLP, 233 South Wacker Drive, Suite 8000, Chicago, IL, 60606-6448, (312)460-5000
Charged Party / Respondent, Legal Representative, Suetholz David, Teamsters Amazon National Negotiating Committee, International Brotherhood of Teamsters, 25 Louisiana Ave N.W., Washington, DC, 20001, (202)624-6847
Charged Party / Respondent, Legal Representative, Dickinson Julie, Bush Gottlieb, ALC, 801 N. Brand Blvd, Ste. 950, Glendale, CA, 91203, (818)973-3228
Charging Party, Legal Representative, Remish Madeline, Seyfarth Shaw LLP, 233 S. Wacker Drive, Suite 8000, Chicago, IL, 60606-6448, (312)460-5279
Charged Party / Respondent, Legal Representative, Newport Pamela, Herzfeld, Suetholz, Gastel, Leniski and Wall, PLLC, 600 Vine Street, Suite 2720, Cincinnati, OH, 45202, (513)381-2224
Charging Party, Legal Representative, Schwartz-Fenwick Samuel, Seyfarth Shaw LLP, 233 South Wacker Drive, Suite 8000, Chicago, IL, 60606-6448, (312)460-5948
Charged Party / Respondent, Legal Representative, Burden Willie, The International Brotherhood of Teamsters, 25 Louisiana Avenue, N.W., Washington, DC, 20001, (202)624-6951
Charging Party, Employer, Amazon.com Services, LLC, Skokie, IL, 60077
Charged Party / Respondent, Union, International Brotherhood of Teamsters, Local Union No. 705, Chicago, IL, 60612
",,,
C,"Region 13, Chicago, Illinois",13-CB-356677,"The International Brotherhood of Teamsters and its subordinate units, the Teamsters Amazon Division and the Teamsters Amazon National Negotiating Committee (Amazon.com Services LLC)",Open,12/16/2024,,,Skokie,IL,1000000,"8(b)(1)(A) Coercion, incl'g Statements and Violence
","Charging Party, Legal Representative, Stolzenbach Brian, Seyfarth Shaw LLP, 233 South Wacker Drive, Suite 8000, Chicago, IL, 60606-6448, (312)460-5000
Charged Party / Respondent, Legal Representative, Suetholz David, International Brotherhood of Teamsters, 25 Louisiana Avenue N.W., Washington, DC, 20001
Charged Party / Respondent, Legal Representative, Dickinson Julie, Bush Gottlieb, ALC, 801 N. Brand Blvd, Ste. 950, Glendale, CA, 91203, (818)973-3228
Charging Party, Legal Representative, Remish Madeline, Seyfarth Shaw LLP, 233 S. Wacker Drive, Suite 8000, Chicago, IL, 60606-6448, (312)460-5279
Charged Party / Respondent, Legal Representative, Newport Pamela, Herzfeld, Suetholz, Gastel, Leniski and Wall, PLLC, 600 Vine Street, Suite 2720, Cincinnati, OH, 45202, (513)381-2224
Charging Party, Legal Representative, Schwartz-Fenwick Samuel, Seyfarth Shaw LLP, 233 South Wacker Drive, Suite 8000, Chicago, IL, 60606-6448, (312)460-5948
Charged Party / Respondent, Legal Representative, Burden Willie, The International Brotherhood of Teamsters, 25 Louisiana Avenue, N.W., Washington, DC, 20001, (202)624-6951
Charging Party, Employer, Amazon.com Services, LLC, Skokie, IL, 60077
Charged Party / Respondent, Union, International Brotherhood of Teamsters and its subordinate units, the Teamsters Amazon Division and the Teamsters Amazon National Negotiating Committee, Washington, DC, 20001-2198
",,,
C,"Region 31, Los Angeles, California",31-CA-356836,"Amazon.com Services, LLC aka Amazon Logistics, LLC",Open,12/16/2024,,,"San Bernardino",CA,1000,"8(a)(1) Weingarten
8(a)(1) Coercive Statements (Threats, Promises of Benefits, etc.)
8(a)(1) Concerted Activities (Retaliation, Discharge, Discipline)
8(a)(1) Coercive Actions (Surveillance, etc)
","Charging Party, Legal Representative, Gutman-Dickinson Julie, Bush Gottlieb, ALC, 801 North Brand Blvd.,, Suite 950, Glendale, CA, 91203, (818)973-3228
Charging Party, Legal Representative, Sollett Mathew, Bush Gottlieb, ALC, 801 No. Brand Blvd, Suite 950, Glendale, CA, 91203, (818)973-3230
Charged Party / Respondent, Legal Representative, Dumbacher Robert, Hunton Andrews & Kurth LLP, 600 Peachtree Street, NE, Suite 4100, Atlanta, GA, 30308-2217, (404)888-4007
Charged Party / Respondent, Legal Representative, Glasgow Ryan, Hunton Andrews Kurth LLP, 951 East Byrd Street, Richmond, VA, 23219, (804)788-8791
Charging Party, Legal Representative, Wright Vanessa, Bush Gottlieb,  ALC, 801 No. Brand Blvd, Suite 950, Glendale, CA, 91203, (818)973-3228
Charging Party, Union, The International Brotherhood of Teamsters, Washington, DC, 20001
",,,
C,"Region 29, Brooklyn, New York",29-CB-356998,"The International Brotherhood of Teamsters and its subordinate units, the Teamsters Amazon Division and the Teamsters Amazon National Negotiating Committee (Amazon.com Services LLC)",Open,12/16/2024,,,Maspeth,NY,1000000,,"Charging Party, Legal Representative, Stolzenbach Brian, Seyfarth Shaw LLP, 233 South Wacker Drive, Suite 8000, Chicago, IL, 60606, (312)460-5000
Charged Party / Respondent, Legal Representative, Suetholz David, The International Brotherhood of Teamsters, 25 Louisiana Avenue NW, Washington, DC, 20001, (202)624-6847
Charging Party, Legal Representative, Smith Glenn, 620 8th Avenue, 32nd Floor, New York, NY, 10018, (212)218-5500
Charging Party, Legal Representative, Silver Jason, Seyfarth Shaw, LLP, 233 S Wacker Dr Ste 8000, Chicago, IL, 60606-6448, (212)218-5282
Charged Party / Respondent, Legal Representative, Wojciechowski Jason, Bush Gottlieb, ALC, 801 North Brand Blvd.,, Suite 950, Glendale, CA, 91203, (818)973-3208
Charged Party / Respondent, Legal Representative, Dickinson Julie, Bush Gottlieb, ALC, 801 N. Brand Blvd, Ste. 950, Glendale, CA, 91203, (818)973-3228
Charging Party, Legal Representative, Remish Madeline, 161 N. Clark St., Suite 4200, Chicago, IL, 60601, (312)876-7850
Charged Party / Respondent, Legal Representative, Newport Pamela, Herzfeld, Suetholz, Gastel, Leniski and Wall, PLLC, 600 Vine Street, Suite 2720, Cincinnati, OH, 45202, (513)381-2224
Charged Party / Respondent, Legal Representative, Keng Samantha, Bush Gottlieb, ALC, 801 North Brand Boulevard Suite 950, Glendale, CA, 91203, (818)973-3200
Charging Party, Legal Representative, Schwartz-Fenwick Samuel, Seyfarth Shaw LLP, 233 South Wacker Drive, Suite 8000, Chicago, IL, 60606-6448, (312)460-5948
",,,
C,"Region 31, Los Angeles, California",31-CB-356826,"The International Brotherhood of Teamsters and its subordinate units, the Teamsters Amazon Division, the Teamsters Amazon National Negotiating Committee, and KSBD Amazon Teamsters (Amazon.com Services LLC)",Open,12/16/2024,,,"San Bernardino",CA,1000000,,"Charged Party / Respondent, Legal Representative, Suetholz David, Teamsters Amazon National Negotiating Committee, International Brotherhood of Teamsters, 25 Louisiana Ave N.W., Washington, DC, 20001, (202)624-6847
Charged Party / Respondent, Legal Representative, Wojciechowski Jason, Bush Gottlieb, ALC, 801 N Brand Blvd., Ste. 950, Glendale, CA, 91203, (818)973-3208
Charged Party / Respondent, Legal Representative, Dickinson Julie, Bush Gottlieb, ALC, 801 N. Brand Blvd, Ste. 950, Glendale, CA, 91203, (818)973-3228
Charged Party / Respondent, Legal Representative, Newport Pamela, Herzfeld, Suetholz, Gastel, Leniski and Wall, PLLC, 600 Vine Street, Suite 2720, Cincinnati, OH, 45202, (513)381-2224
Charging Party, Legal Representative, Glasgow Ryan, Hunton Andrews Kurth LLP, 951 East Byrd Street, Richmond, VA, 23219, (804)788-8791
Charged Party / Respondent, Legal Representative, Keng Samantha, Bush Gottlieb, ALC, 801 North Brand Blvd, Suite 950, Glendale, CA, 91203, (818)973-3203
Charged Party / Respondent, Legal Representative, Burden Willie, The International Brotherhood of Teamsters, 25 Louisiana Avenue, N.W., Washington, DC, 20001, (202)624-6951
Charged Party / Respondent, Union, International Brotherhood of Teamsters and its subordinate units, the Teamsters Amazon Division and the Teamsters Amazon National Negotiating Committee, Washington, DC, 20001-2198
Charging Party, Additional Service, Amazon.com Services LLC and its subsidiary, Amazon Air, San Bernardino, CA, 92346
Charging Party, Employer, Amazon.com Services LLC, Seattle, WA, 98109
",,,
C,"Region 20, San Francisco, California",20-CB-356768,"The International Brotherhood of Teamsters and its subordinate units, the Teamsters Amazon and the Teamsters Amazon National Negotiating Committee  (Amazon.com Services LLC)",Closed,12/16/2024,09/04/2026,"Dismissal Non-adjusted","San Francisco",CA,1000000,,"Charging Party, Legal Representative, Dieckman Alyson, Seyfarth Shaw LLP, 999 Third Avenue, Suite 4700, Seattle, WA, 98104-4041, (206)393-4027
Charging Party, Legal Representative, Stolzenbach Brian, Seyfarth Shaw LLP, 233 South Wacker Drive, Suite 8000, Chicago, IL, 60606, (312)460-5000
Charging Party, Legal Representative, Swedlow Daniel, Seyfarth Shaw LLP, 999 Third Avenue, Suite 4700, Seattle, WA, 98104-4041, (206)946-4940
Charged Party / Respondent, Legal Representative, Suetholz David, International Brotherhood of Teamsters, 25 Louisiana Avenue NW, Washington, DC, 20001, (202)624-6847
Charged Party / Respondent, Legal Representative, Dickinson Julie, Bush Gottlieb, ALC, 801 North Brand Boulevard, Suite 950, Glendale, CA, 91203, (818)973-3228
Charging Party, Legal Representative, Remish Madeline, Seyfarth Shaw LLP, 233 South Wacker Drive, Suite 8000, Chicago, IL, 60606, (312)460-5000
Charged Party / Respondent, Legal Representative, Newport Pamela, Herzfeld, Suetholz, Gastel, Leniski and Wall, PLLC, 600 Vine Street, Suite 2720, Cincinnati, OH, 45202, (513)381-2224
Charging Party, Legal Representative, Schwartz-Fenwick Samuel, Seyfarth Shaw LLP, 233 South Wacker Drive, Suite 8000, Chicago, IL, 60606-6448, (312)460-5948
Charged Party / Respondent, Legal Representative, Burden Willie, The International Brotherhood of Teamsters, 25 Louisiana Avenue, N.W., Washington, DC, 20001, (202)624-6951
Charging Party, Additional Service, Amazon.com Services, LLC, San Francisco, CA, 94124
",,,
C,"Region 20, San Francisco, California",20-CB-356769,"International Brotherhood of Teamsters, Local 2785 (Amazon.com Services LLC)",Closed,12/16/2024,09/04/2026,"Dismissal Non-adjusted","San Francisco",CA,1000000,,"Charging Party, Legal Representative, Dieckman Alyson, Seyfarth Shaw LLP, 999 Third Avenue, Suite 4700, Seattle, WA, 98104-4041, (206)393-4027
Charging Party, Legal Representative, Stolzenbach Brian, Seyfarth Shaw LLP, 233 South Wacker Drive, Suite 8000, Chicago, IL, 60606, (312)460-5000
Charging Party, Legal Representative, Swedlow Daniel, Seyfarth Shaw LLP, 999 Third Avenue, Suite 4700, Seattle, WA, 98104-4041, (206)946-4940
Charged Party / Respondent, Legal Representative, Suetholz David, International Brotherhood of Teamsters, 25 Louisiana Avenue NW, Washington, DC, 20001, (202)624-6847
Charged Party / Respondent, Legal Representative, Dickinson Julie, Bush Gottlieb, ALC, 801 North Brand Boulevard, Suite 950, Glendale, CA, 91203, (818)973-3228
Charging Party, Legal Representative, Remish Madeline, Seyfarth Shaw LLP, 233 South Wacker Drive, Suite 8000, Chicago, IL, 60606, (312)460-5000
Charged Party / Respondent, Legal Representative, Newport Pamela, Herzfeld, Suetholz, Gastel, Leniski and Wall, PLLC, 600 Vine Street, Suite 2720, Cincinnati, OH, 45202, (513)381-2224
Charging Party, Legal Representative, Schwartz-Fenwick Samuel, Seyfarth Shaw LLP, 233 South Wacker Drive, Suite 8000, Chicago, IL, 60606-6448, (312)460-5948
Charged Party / Respondent, Legal Representative, Burden Willie, The International Brotherhood of Teamsters, 25 Louisiana Avenue, N.W., Washington, DC, 20001, (202)624-6951
Charged Party / Respondent, Union, International Brotherhood of Teamsters, Local 2785, Daly City, CA, 94015
",,,
C,"Region 21, Los Angeles, California",21-CB-356860,"The International Brotherhood of Teamsters and its subordinate units, the Teamsters Amazon Division and the Teamsters Amazon National Negotiating Committee (Amazon.com Services LLC)",Open,12/13/2024,,,Industry,CA,1000000,,"Charging Party, Legal Representative, Stolzenbach Brian, Seyfarth Shaw LLP, 233 South Wacker Drive, Suite 8000, Chicago, IL, 60606, (312)460-5000
Charging Party, Legal Representative, Stolzenbach Brian, Seyfarth Shaw LLP, 233 South Wacker Drive, Suite 8000, Chicago, IL, 60606, (312)460-5000
Charged Party / Respondent, Legal Representative, Suetholz David, Teamsters Amazon National Negotiating Committee, International Brotherhood of Teamsters, 25 Louisiana Ave N.W., Washington, DC, 20001, (202)624-6847
Charged Party / Respondent, Legal Representative, Wojciechowski Jason, Bush Gottlieb, ALC, 801 N. Brand Blvd.,, Suite 950, Glendale, CA, 91203, (818)973-3208
Charged Party / Respondent, Legal Representative, Dickinson Julie, Bush Gottlieb, ALC, 801 N. Brand Blvd, Ste. 950, Glendale, CA, 91203, (818)973-3228
Charging Party, Legal Representative, Remish Madeline, Seyfarth Shaw LLP, 233 S. Wacker Drive, Suite 8000, Chicago, IL, 60606-6448, (312)460-5279
Charging Party, Legal Representative, Remish Madeline, Seyfarth Shaw LLP, 233 South Wacker Drive, Suite 8000, Chicago, IL, 60606, (312)460-5000
Charged Party / Respondent, Legal Representative, Newport Pamela, Herzfeld, Suetholz, Gastel, Leniski and Wall, PLLC, 600 Vine Street, Suite 2720, Cincinnati, OH, 45202, (513)381-2224
Charged Party / Respondent, Legal Representative, Keng Samantha, Bush Gottlieb, ALC, 801 North Brand Blvd, Suite 950, Glendale, CA, 91203, (818)973-3203
Charging Party, Legal Representative, Schwartz-Fenwick Samuel, Seyfarth Shaw LLP, 233 S. Wacker Drive, Ste 8000, Chicago, IL, 60606, (312)460-5948
",,,
C,"Region 04, Philadelphia, Pennsylvania",04-CA-356620,"Amazon Logistics",Closed,12/13/2024,05/08/2025,"Dismissal Non-adjusted","West Deptford",NJ,3500,"8(a)(1) Coercive Rules
","Charging Party, Legal Representative, Tykulsker David, David Tykulsker & Associates, 161 Walnut St, Montclair, NJ, 07042, (973)509-9292
Charged Party / Respondent, Legal Representative, Moronta Grayson, Seyfarth Shaw, LLP, 620 8th Avenue, Floor 32, New York, NY, 10018, (404)704-9671
Charged Party / Respondent, Legal Representative, Silver Jason, Seyfarth Shaw LLP, 620 8th Avenue, 32nd Floor, New York, NY, 10018, (212)218-5282
Charged Party / Respondent, Employer, Amazon Logistics, West Deptford, NJ, 08066
Charging Party, Union, Amazonians United, Philadelphia, PA, 19122
",,,
C,"Region 21, Los Angeles, California",21-CB-356739,"International Brotherhood of Teamsters, Local 396 and 542 (Amazon.com Services LLC)",Open,12/13/2024,,,Industry,CA,1000000,,"Charging Party, Legal Representative, Stolzenbach Brian, 233 South Wacker Drive, Ste 8000, Chicago, IL, 60606, (312)460-5551
Charging Party, Legal Representative, Stolzenbach Brian, Seyfarth Shaw LLP, 233 South Wacker Drive, Suite 8000, Chicago, IL, 60606, (312)460-5000
Charged Party / Respondent, Legal Representative, Suetholz David, International Brotherhood of Teamsters, 25 Louisiana Avenue. NW, Washington, DC, 20001, (202)624-6847
Charged Party / Respondent, Legal Representative, Suetholz David, Teamsters Amazon National Negotiating Committee, International Brotherhood of Teamsters, 25 Louisiana Ave N.W., Washington, DC, 20001, (202)624-6847
Charged Party / Respondent, Notification, Steiner Fern, Fern Steiner Law, APC, 1455 Frazee Rd.,, Suite 500, San Diego, CA, 92108, (619)941-6108
Charging Party, Legal Representative, Kuntz Harrison, Seyfarth Shaw LLP, 233 South Wacker Drive, Suite 8000, Chicago, IL, 60606, (310)597-1559
Charging Party, Legal Representative, Kuntz Harrison, Seyfarth Shaw LLP, 233 S. Wacker Drive. Suite 8000, Chicago, IL, 60606-6448, (312)460-5811
Charged Party / Respondent, Legal Representative, Wojciechowski Jason, Bush Gottlieb, ALC, 801 N. Brand Blvd.,, Suite 950, Glendale, CA, 91203, (818)973-3208
Charged Party / Respondent, Legal Representative, Wojciechowski Jason, Bush Gottlieb, ALC, 801 N. Brand Blvd.,, Suite 950, Glendale, CA, 91203, (818)973-3208
Charged Party / Respondent, Legal Representative, Dickinson Julie, Bush Gottlieb, ALC, 801 N. Brand Blvd, Suite 950, Glendale, CA, 91203, (818)973-3228
",,,
C,"Region 31, Los Angeles, California",31-CB-356847,"The International Brotherhood of Teamsters and its subordinate units, the Teamsters Amazon Division and the Teamsters Amazon National Negotiating Committee (Amazon.com Services LLC)",Open,12/13/2024,,,Victorville,CA,1000000,,"Charging Party, Legal Representative, Stolzenbach Brian, Seyfarth Shaw LLP, 233 South Wacker Drive, Suite 8000, Chicago, IL, 60606, (312)460-5000
Charged Party / Respondent, Legal Representative, Suetholz David, Teamsters Amazon National Negotiating Committee, International Brotherhood of Teamsters, 25 Louisiana Ave N.W., Washington, DC, 20001, (202)624-6847
Charged Party / Respondent, Legal Representative, Dickinson Julie, Bush Gottlieb, ALC, 801 N. Brand Blvd, Ste. 950, Glendale, CA, 91203, (818)973-3228
Charging Party, Legal Representative, Remish Madeline, Seyfarth Shaw LLP, 233 South Wacker Drive, Suite 8000, Chicago, IL, 60606, (312)460-5000
Charged Party / Respondent, Legal Representative, Newport Pamela, Herzfeld, Suetholz, Gastel, Leniski and Wall, PLLC, 600 Vine Street, Suite 2720, Cincinnati, OH, 45202, (513)381-2224
Charging Party, Legal Representative, Schwartz-Fenwick Samuel, Seyfarth Shaw LLP, 233 South Wacker Drive, Suite 8000, Chicago, IL, 60606-6448, (312)460-5948
Charging Party, Legal Representative, Posey Thomas, Seyfarth Shaw LLP, 601 South Figueroa Street, Suite 3300, Los Angeles, CA, 90017-5793, (213)270-9600
Charged Party / Respondent, Legal Representative, Burden Willie, The International Brotherhood of Teamsters, 25 Louisiana Avenue, N.W., Washington, DC, 20001, (202)624-6951
Charged Party / Respondent, Union, International Brotherhood of Teamsters, Washington, DC, 20001
Charged Party / Respondent, Union, International Brotherhood of Teamsters, Teamsters Local 396, Teamsters Local 705, Pomona, CA, 91768
",,,
C,"Region 31, Los Angeles, California",31-CB-356849,"International Brotherhood of Teamsters, Local 396 (Amazon.com Services LLC)",Open,12/13/2024,,,Victorville,CA,2,,"Charging Party, Legal Representative, Stolzenbach Brian, Seyfarth Shaw LLP, 233 South Wacker Drive, Suite 8000, Chicago, IL, 60606, (312)460-5000
Charged Party / Respondent, Legal Representative, Suetholz David, Teamsters Amazon National Negotiating Committee, International Brotherhood of Teamsters, 25 Louisiana Ave N.W., Washington, DC, 20001, (202)624-6847
Charged Party / Respondent, Legal Representative, Dickinson Julie, Bush Gottlieb, ALC, 801 N. Brand Blvd, Suite 950, Glendale, CA, 91203, (818)973-3200
Charging Party, Legal Representative, Remish Madeline, Seyfarth Shaw LLP, 233 S. Wacker Drive, Suite 8000, Chicago, IL, 60606-6448, (312)460-5279
Charged Party / Respondent, Legal Representative, Newport Pamela, Herzfeld, Suetholz, Gastel, Leniski and Wall, PLLC, 600 Vine Street, Suite 2720, Cincinnati, OH, 45202, (513)381-2224
Charging Party, Legal Representative, Schwartz-Fenwick Samuel, Seyfarth Shaw LLP, 233 South Wacker Drive, Suite 8000, Chicago, IL, 60606-6448, (312)460-5948
Charging Party, Legal Representative, Posey Thomas, Seyfarth Shaw LLP, 601 South Figueroa Street, Suite 3300, Los Angeles, CA, 90017-5793, (213)270-9600
Charged Party / Respondent, Legal Representative, Burden Willie, The International Brotherhood of Teamsters, 25 Louisiana Avenue, N.W., Washington, DC, 20001, (202)624-6951
Charged Party / Respondent, Additional Service, International Brotherhood of Teamsters, Teamsters Local 396, Teamsters Local 705, Pomona, CA, 91768
Charged Party / Respondent, Union, International Brotherhood of Teamsters, Local 396, Covina, CA, 91724
",,,
C,"Region 31, Los Angeles, California",31-CB-356809,"The International Brotherhood of Teamsters and its subordinate units, the Teamsters Amazon Division, the Teamsters Amazon National Negotiating Committee, and KSBD Amazon Teamsters (Amazon.com Services LLC)",Closed,12/13/2024,05/07/2025,"Withdrawal Non-adjusted","San Bernardino",CA,2,"8(b)(1)(A) Coercion, incl'g Statements and Violence
","Charged Party / Respondent, Legal Representative, Suetholz David, Teamsters Amazon National Negotiating Committee, International Brotherhood of Teamsters, 25 Louisiana Ave N.W., Washington, DC, 20001, (202)624-6847
Charged Party / Respondent, Legal Representative, Dickinson Julie, Bush Gottlieb, ALC, 801 N. Brand Blvd, Ste. 950, Glendale, CA, 91203, (818)973-3228
Charged Party / Respondent, Legal Representative, Newport Pamela, Herzfeld, Suetholz, Gastel, Leniski and Wall, PLLC, 600 Vine Street, Suite 2720, Cincinnati, OH, 45202, (513)381-2224
Charging Party, Legal Representative, Glasgow Ryan, Hunton Andrews Kurth LLP, 951 East Byrd Street, Richmond, VA, 23219, (804)788-8791
Charged Party / Respondent, Legal Representative, Burden Willie, The International Brotherhood of Teamsters, 25 Louisiana Avenue, N.W., Washington, DC, 20001, (202)624-6951
Charging Party, Additional Service, Amazon.com Services LLC, Seattle, WA, 98109
Charging Party, Employer, Amazon.com Services LLC and its subsidiary, Amazon Air, San Bernardino, CA, 92346
Charged Party / Respondent, Union, International Brotherhood of Teamsters, Washington, DC, 20001
Charged Party / Respondent, Union, International Brotherhood of Teamsters, Teamsters Local 396, Teamsters Local 705, Pomona, CA, 91768
",,,
C,"Region 10, Atlanta, Georgia",10-CA-356675,"ATOM Logistics, LLC & Amazon Logistics Inc. and Amazon.com as joint employers Services LLC",Open,12/13/2024,,,Alpharetta,GA,50,"8(a)(5) Refusal to Bargain/Bad Faith Bargaining (incl'g surface bargaining/direct dealing)
8(a)(5) Refusal to Recognize
","Charging Party, Legal Representative, Braswell D. Marcus, Sugarman, Susskind, Braswell & Herrera, P.A., 150 Alhambra Circle, Suite 725, Coral Gables, FL, 33134, (305)529-2801
Charged Party / Respondent, Legal Representative, Edmund Emma, Ogletree, Deakins, Nash, Smoak & Stewart, P.C., 301 Congress Avenue, Suite 1150, Austin, TX, 78701, (512)344-4700
Charged Party / Respondent, Legal Representative, Ferrer John, Ogletree Deakins, 1909 K Street, N.W., Suite 1000, Washington, DC, 20006, (202)887-0855
Charged Party / Respondent, Legal Representative, Sanchez Karla, Seyfarth Shaw LLP, 233 S. Wacker Drive, Ste 8000, Chicago, IL, 60606, (312)460-5000
Charged Party / Respondent, Legal Representative, Kilgore Phillip, Ogletree Deakins, 300 North Main Street, Suite 500, Greenville, SC, 29601, (864)271-1300
Charged Party / Respondent, Legal Representative, Reed Rachel, (404)885-1500
Charged Party / Respondent, Employer, Amazon Logistics, Alpharetta, GA, 30005
Charging Party, Union, International Brotherhood of Teamsters, Washington, DC, 20005
",,,
C,"Region 10, Atlanta, Georgia",10-CA-356670,"Blue Cardinal Logistics and Amazon Logistics Inc. and Amazon.com Services LLC as joint employers",Open,12/13/2024,,,Alpharetta,GA,50,,"Charging Party, Legal Representative, Braswell D., 150 Alhambra Cir Ste 725, Coral Gables, FL, 33134, (305)529-2801
Charged Party / Respondent, Legal Representative, Edmund Emma, Ogletree, Deakins, Nash, Smoak & Stewart, P.C., 301 Congress Avenue, Suite 1150, Austin, TX, 78701, (512)344-4700
Charged Party / Respondent, Legal Representative, Ferrer John, Ogletree Deakins, 1909 K Street, N.W., Suite 1000, Washington, DC, 20006, (202)887-0855
Charged Party / Respondent, Legal Representative, Sanchez Karla, Seyfarth Shaw LLP, 233 South Wacker Drive, Suite 8000, Chicago, IL, 60606, (312)460-5000
Charged Party / Respondent, Legal Representative, Kilgore Phillip, Ogletree Deakins, 300 North Main Street, Suite 500, Greenville, SC, 29601, (864)271-1300
Charged Party / Respondent, Legal Representative, Reed Rachel, 1075 Peachtree St. NE, Suite 2500, Altanta, GA, 30309, (404)885-1500
Charging Party, Union, International Brotherhood of Teamsters, Washington, DC, 20005
Charged Party / Respondent, Employer, Blue Cardinal Logistics, Cumming, GA, 30040
Charged Party / Respondent, Employer, Amazon.com Services, Alpharetta, GA, 30005
Charged Party / Respondent, Employer, Amazon Logistics, Alpharetta, GA, 30005
",,,
C,"Region 29, Brooklyn, New York",29-CA-356909,"Amazon.com, Inc. (JFK8 Hub)",Open,12/12/2024,,,"Staten Island",NY,5500,"8(a)(3) Discharge (Including Layoff and Refusal to Hire (not salting))
","Charged Party / Respondent, Legal Representative, Rogers Amber, Hunton Andrews Kurth LLP, 1445 Ross Ave, Suite 3700, Dallas, TX, 75202-2755, (214)468-3308
Intervenor, Legal Representative, Mirer Jeannie, Julien Mirer & Associates, PLLC, 300 Cadman Plaza West, 12th Floor, Brooklyn, NY, 11201, (212)231-2235
Charging Party, Legal Representative, Mirer Jeannie, Julien Mirer & Associates, PLLC, 300 Cadman Plaza West, 12th Floor, Brooklyn, NY, 11201, (212)231-2235
Charged Party / Respondent, Legal Representative, Larkin Kurt, Riverfront Plaza, East Tower, 2951 East Byrd Street, Richmond, VA, 23219, (804)788-8776
Charged Party / Respondent, Employer, Amazon.com, Inc. (JFK8 Hub), Staten Island, NY, 10314
Charging Party, Union, International Brotherhood of Teamsters, Washington, DC, 20001
Intervenor, Union, Amazon Labor Union- IBT Local 1, Staten Island, NY, 10314
",,,
C,"Region 09, Cincinnati, Ohio",09-CA-356483,AMAZON/SDF9,Closed,12/06/2024,06/12/2026,"Dismissal Non-adjusted",Shepherdsville,KY,1000,"8(a)(3) Discipline
","Charged Party / Respondent, Legal Representative, Sanchez Karla, Seyfarth Shaw LLP, 233 S. Wacker Drive, Ste 8000, Chicago, IL, 60606, (312)460-5000
Charged Party / Respondent, Employer, Amazon/SDF9, Shepherdsville, KY, 40165
Charging Party, Individual
",,,
C,"Region 29, Brooklyn, New York",29-CA-356108,"Amazon Logistics Inc. or Amazon.com Services LLC (collectively, “Amazon”), as a single or joint employer with Amazon Delivery Service Partner Cornucopia Logistics, LLC (“Cornucopia”)",Closed,12/04/2024,09/09/2025,"Withdrawal Non-adjusted",Maspeth,NY,900,"8(a)(1) Coercive Statements (Threats, Promises of Benefits, etc.)
8(a)(3) Discipline
","Charged Party / Respondent, Legal Representative, Silver Jason, Seyfarth Shaw LLP, 620 Eighth Ave, 32nd Floor, New York, NY, 10018, (212)218-5282
Charging Party, Legal Representative, Gonzalez Julian, Barnard Iglitzin & Lavitt LLP, 18 West Mercer St Suite 400, Seattle, WA, 98119, (206)257-6019
Charged Party / Respondent, Notification, Chiusano Mark, Cornucopia Logistics, LLC (“Cornucopia”), DBK 4 55-15 Grand Ave, Maspeth, NY, 11378-3113
Charging Party, Legal Representative, Lavenski Travis, Barnard Iglitzin & Lavitt LLP, 18 West Mercer St., Suite 400, Seattle, WA, 98119, (206)257-6032
Charged Party / Respondent, Employer, Amazon Logistics, Inc. and Amazon.com Services LLC, Maspeth, NY, 11378
Charging Party, Union, Teamsters Amazon National Negotiating Committee (TANNC), Washington, DC, 20001
",,,
C,"Region 20, San Francisco, California",20-CA-356004,"Amazon.com Services, LLC",Open,12/03/2024,,,"San Francisco",CA,128,"8(a)(3) Discharge (Including Layoff and Refusal to Hire (not salting))
8(a)(5) Refusal to Bargain/Bad Faith Bargaining (incl'g surface bargaining/direct dealing)
","Charged Party / Respondent, Legal Representative, Dieckman Alyson, Seyfarth Shaw LLP, 999 Third Avenue, Suite 4700, Seattle, WA, 98104-4041, (206)393-4027
Charged Party / Respondent, Legal Representative, Swedlow Daniel, Seyfarth Shaw LLP, 999 Third Avenue, Suite 4700, Seattle, WA, 98104-4041, (206)946-4940
Charging Party, Legal Representative, Garea Susan, Beeson, Tayer & Bodine, 492 Ninth Street, Suite 350, Oakland, CA, 94607, (510)625-9700
Charged Party / Respondent, Employer, Amazon.com Services, LLC, 749 Toland Street, San Francisco, CA, 94124
Charged Party / Respondent, Additional Service, Amazon.com Services, LLC, DCK6, 749 Toland Street, San Francisco, CA, 94124
Charging Party, Union, Teamsters Amazon National Negotiating Committee, International Brotherhood of Teamsters, 25 Louisiana Ave N.W., Washington, DC, 20001, (202)624-6847
",,,
C,"Region 21, Los Angeles, California",21-CA-356025,"Amazon.com Services, LLC and its agent Amazon Logistics, Inc. (collectively “Amazon”), as a joint and/or single employer with Activ Enterprises LLC (“Activ”)",Closed,12/02/2024,05/16/2025,"Withdrawal Non-adjusted",Industry,CA,110,,"Charging Party, Legal Representative, De Haro Hector, Bush Gottlieb, ALC, 801 N. Brand Blvd.,, Suite 950, Glendale, CA, 91203, (818)973-3260
Charged Party / Respondent, Legal Representative, Otovic James, Ogletree, Deakins, Nash, Smoak & Stewart, PC, 300 North Main Street, Suite 500, Greenville, SC, 29601, (864)240-5601
Charged Party / Respondent, Legal Representative, Ferrer John, Ogletree Deakins, 1909 K Street NW, Suite 1000, Washington, DC, 20006-1134, (202)887-0855
Charging Party, Legal Representative, Dickinson Julie, Bush Gottlieb, ALC, 801 North Brand Boulevard, Suite 950, Glendale, CA, 91203, (818)973-3228
Charged Party / Respondent, Legal Representative, Mirrafati Kamran, Seyfarth Shaw LLP, 2029 Century Park East, Suite 3500, Los Angeles, CA, 90067-3021, (310)201-5290
Charging Party, Legal Representative, Keng Samantha, Bush Gottlieb, ALC, 801 North Brand Blvd, Suite 950, Glendale, CA, 91203, (818)973-3203
Charging Party, Union, International Brotherhood of Teamsters, Washington, DC, 20001
Charged Party / Respondent, Employer, Activ Enterprises, LLC, Santa Ana, CA, 92705
Charged Party / Respondent, Additional Service, Activ Enterprises, LLC, Santa Ana, CA, 92705
Charged Party / Respondent, Additional Service, Activ Enterprises, LLC, Santa Ana, CA, 92705
",,,
C,"Region 31, Los Angeles, California",31-CA-355927,"Amazon.com Services, and its agent Amazon Logistics, Inc. (collectively ""Amazon""), as a single and/or joint employer with its Delivery Service Partner HK Logistics",Open,12/02/2024,,,Victorville,CA,60,,"Charged Party / Respondent, Legal Representative, Dieckman Alyson, Seyfarth Shaw LLP, 999 Third Avenue, Suite 4700, Seattle, WA, 98104-4041, (206)393-4027
Charged Party / Respondent, Legal Representative, Griggs Bruce, Ogletree, Deakins, Nash, Smoak & Stewart, P.C., 301 Congress Avenue, Suite 1150, Austin, TX, 78701, (512)344-4700
Charged Party / Respondent, Legal Representative, Griggs Bruce, Ogletree, Deakins, Nash, Smoak & Stewart, P.C., 301 Congress Avenue, Suite 1150, Austin, TX, 78701, (512)344-4700
Charged Party / Respondent, Legal Representative, Soveranez Elizabeth, Ogletree, Deakins, Nash, Smoak & Stewart, P.C., 2415 E. Camelback Road, Suite 800, Esplanade Center III, Phoenix, AZ, 85016, (602)778-3719
Charged Party / Respondent, Legal Representative, Edmund Emma, Ogletree, Deakins, Nash, Smoak & Stewart, P.C., 301 Congress Avenue, Suite 1150, Austin, TX, 78701, (512)344-4700
Charging Party, Legal Representative, De Haro Hector, Bush Gottlieb, ALC, 801 N. Brand Blvd.,, Suite 950, Glendale, CA, 91203, (818)973-3260
Charged Party / Respondent, Legal Representative, Ferrer John, Ogletree Deakins, 1909 K Street NW, Suite 1000, Washington, DC, 20006-1134, (202)887-0855
Charging Party, Legal Representative, Gutman-Dickinson Julie, Bush Gottlieb, ALC, 801 North Brand Blvd.,, Suite 950, Glendale, CA, 91203, (818)973-3228
Charged Party / Respondent, Legal Representative, Mirrafati Kamran, Seyfarth Shaw LLP, 2029 Century Park East, Suite 3500, Los Angeles, CA, 90067-3021, (310)201-5290
Charged Party / Respondent, Legal Representative, Posey Thomas, Seyfarth Shaw LLP, 601 South Figueroa Street, Suite 3300, Los Angeles, CA, 90017-5793, (213)270-9600
",,,
C,"Region 31, Los Angeles, California",31-CA-355928,"Amazon.com Services, LLC and its agent Amazon Logistics, Inc. (collectively ""Amazon""), as a joint single and/or joint employer with its Delivery Service Partner A-Team Delivers, LLC",Open,12/02/2024,,,Victorville,CA,50,,"Charged Party / Respondent, Legal Representative, Dieckman Alyson, Seyfarth Shaw LLP, 999 Third Avenue, Suite 4700, Seattle, WA, 98104-4041, (206)393-4027
Charged Party / Respondent, Legal Representative, Shelton Brandon, Ogletree Deakins Nash Smoak & Stewart, PC, 201 S College St Ste 2300, Charlotte, NC, 28244, (704)405-3121
Charged Party / Respondent, Legal Representative, Soveranez Elizabeth, Ogletree, Deakins, Nash, Smoak & Stewart, P.C., 2415 E. Camelback Rd Ste 800, Phoenix, AZ, 85016, (602)778-3700
Charged Party / Respondent, Legal Representative, Edmund Emma, Ogletree, Deakins, Nash, Smoak & Stewart, P.C., 301 Congress Avenue, Suite 1150, Austin, TX, 78701, (512)344-4700
Charging Party, Legal Representative, De Haro Hector, Bush Gottlieb, ALC, 801 N. Brand Blvd.,, Suite 950, Glendale, CA, 91203, (818)973-3260
Charged Party / Respondent, Legal Representative, Morrison Holly, Ogletree, Deakins, Nash, Smoak & Stewart, P.C., 7700 Bonhomme Ave., Suite 650, St. Louis, MO, 63105, (314)802-3991
Charged Party / Respondent, Legal Representative, Ferrer John, Ogletree Deakins, 1909 K Street, N.W., Suite 1000, Washington, DC, 20006, (202)887-0855
Charging Party, Legal Representative, Gutman Dickinson Julie, Bush Gottlieb, ALC, 801 North Brand Boulevard, Suite 950, Glendale, CA, 91203, (818)973-3228
Charged Party / Respondent, Legal Representative, Mirrafati Kamran, Seyfarth Shaw LLP, 2029 Century Park East, Suite 3500, Los Angeles, CA, 90067-3021, (310)201-5290
Charging Party, Legal Representative, Keng Samantha, Bush Gottlieb, ALC, 801 North Brand Blvd, Suite 950, Glendale, CA, 91203, (818)973-3203
",,,
C,"Region 31, Los Angeles, California",31-CA-355925,"Amazon.com Services, LLC aka Amazon Logistics, LLC",Open,12/02/2024,,,"San Bernardino",CA,1000,"8(a)(3) Discharge (Including Layoff and Refusal to Hire (not salting))
8(a)(1) Concerted Activities (Retaliation, Discharge, Discipline)
8(a)(1) Coercive Statements (Threats, Promises of Benefits, etc.)
","Charging Party, Legal Representative, Gutman-Dickinson Julie, Bush Gottlieb, ALC, 801 North Brand Blvd.,, Suite 950, Glendale, CA, 91203, (818)973-3228
Charging Party, Legal Representative, Sollett Mathew, Bush Gottlieb, ALC, 801 No. Brand Blvd, Suite 950, Glendale, CA, 91203, (818)973-3230
Charged Party / Respondent, Legal Representative, Dumbacher Robert, Hunton Andrews & Kurth LLP, 600 Peachtree Street, NE, Suite 4100, Atlanta, GA, 30308-2217, (404)888-4007
Charged Party / Respondent, Legal Representative, Glasgow Ryan, Hunton Andrews Kurth LLP, 951 East Byrd Street, Richmond, VA, 23219, (804)788-8791
Charging Party, Legal Representative, Wright Vanessa, Bush Gottlieb,  ALC, 801 No. Brand Blvd, Suite 950, Glendale, CA, 91203, (818)973-3228
Charging Party, Union, The International Brotherhood of Teamsters, Washington, DC, 20001
Charged Party / Respondent, Employer, Amazon.com Services, LLC aka Amazon Logistics, LLC,  San Bernardino, CA, 92346
",,,
C,"Region 13, Chicago, Illinois",13-CA-355878,"Amazon.com Services, LLC aka Amazon Logistics, LLC (collectively ""Amazon"") as a single employer and/or a joint employer with BTK Rush, Inc. (""BTK"")",Open,12/02/2024,,,Skokie,IL,100,,"Charged Party / Respondent, Legal Representative, Stolzenbach Brian, Seyfarth Shaw LLP, 233 South Wacker Drive, Suite 8000, Chicago, IL, 60606-6448, (312)460-5000
Charging Party, Legal Representative, De Haro Hector, Bush Gottlieb, ALC, 801 N. Brand Blvd.,, Suite 950, Glendale, CA, 91203, (818)973-3260
Charged Party / Respondent, Legal Representative, Ferrer John, Ogletree Deakins, 1909 K Street NW, Suite 1000, Washington, DC, 20006-1134, (202)887-0855
Charging Party, Legal Representative, Gutman Dickinson Julie, Bush Gottlieb,  ALC, 801 North Brand Boulevard, Suite 950, Glendale, CA, 91203, (818)973-3228
Charged Party / Respondent, Legal Representative, Sanchez Karla, Seyfarth Shaw LLP, 233 S. Wacker Drive, Ste 8000, Chicago, IL, 60606, (312)460-5000
Charging Party, Legal Representative, Wright Vanessa, Bush Gottlieb,  ALC, 801 No. Brand Blvd, Suite 950, Glendale, CA, 91203, (818)973-3228
Charged Party / Respondent, Employer, BTK Rush Inc., Skokie, IL, 60077
Charged Party / Respondent, Employer, Amazon Logistics, Skokie, IL, 60077
Charged Party / Respondent, Additional Service, BTK Rush Inc., Springfield, IL, 62704
Charging Party, Union, Teamsters Local Union No. 705, Chicago, IL, 60612
",,,
C,"Region 21, Los Angeles, California",21-CA-355937,"Amazon.com Services, LLC and its agent Amazon Logistics, Inc. Amazon (collectively ""Amazon""), as a single and/or joint employer with its Delivery Service Partner Andiamo Logistics, Inc.",Open,11/29/2024,,,Industry,CA,50,"8(a)(5) Refusal to Bargain/Bad Faith Bargaining (incl'g surface bargaining/direct dealing)
8(a)(5) Refusal to Furnish Information
","Charging Party, Legal Representative, De Haro Hector, Bush Gottlieb, ALC, 801 N. Brand Blvd.,, Suite 950, Glendale, CA, 91203, (818)973-3260
Charged Party / Respondent, Legal Representative, Ferrer John, Ogletree, Deakins, Nash, Smoak & Stewart, PC, 2415 E. Camelback Road, Suite 800, Phoenix, AZ, 85016, (202)263-0268
Charging Party, Legal Representative, Dickinson Julie, Bush Gottlieb, ALC, 801 North Brand Boulevard, Suite 950, Glendale, CA, 91203, (818)973-3228
Charged Party / Respondent, Legal Representative, Mirrafati Kamran, Cardone Industries, 2029 Century Park East, Suite 3500, Los Angeles, CA, 90067-3021, (310)277-7200
Charged Party / Respondent, Legal Representative, Lambros Michael, Ogletree Deakins, Nash, Smoak & Stewart P.C., Preston Commons West, 8117 Preston Road, Suite 500, Dallas, TX, 75225-6325, (214)987-3800
Charging Party, Legal Representative, Keng Samantha, Bush Gottlieb, a Law Corporation, 801 North Brand Blvd.,, Suite 950, Glendale, CA, 91203, (818)973-3203
Charged Party / Respondent, Employer, Andiamo Logistics Inc., Dana Point, CA, 92629
Charging Party, Union, The International Brotherhood of Teamsters, Washington, DC, 20001
",,,
C,"Region 21, Los Angeles, California",21-CA-355940,"Amazon.com Services, LLC and its agent Amazon Logistics, Inc. (collectively ""Amazon""), as a single and/or joint employer with its Delivery Service Partner EZ Logistix, Inc.",Open,11/29/2024,,,Industry,CA,50,"8(a)(5) Refusal to Bargain/Bad Faith Bargaining (incl'g surface bargaining/direct dealing)
8(a)(5) Refusal to Furnish Information
8(a)(5) Refusal to Recognize
","Charging Party, Legal Representative, De Haro Hector, Bush Gottlieb, ALC, 801 N. Brand Blvd.,, Suite 950, Glendale, CA, 91203, (818)973-3260
Charged Party / Respondent, Legal Representative, Ferrer John, Ogletree, Deakins, Nash, Smoak & Stewart, PC, 2415 E. Camelback Road, Suite 800, Phoenix, AZ, 85016, (202)263-0268
Charging Party, Legal Representative, Dickinson Julie, Bush Gottlieb, ALC, 801 N. Brand Blvd.,, Suite 950, Glendale, CA, 91203, (818)973-3228
Charged Party / Respondent, Legal Representative, Mirrafati Kamran, Cardone Industries, 2029 Century Park East, Suite 3500, Los Angeles, CA, 90067-3021, (310)277-7200
Charged Party / Respondent, Legal Representative, Lambros Michael, Ogletree Deakins, Nash, Smoak & Stewart P.C., Preston Commons West, 8117 Preston Road, Suite 500, Dallas, TX, 75225-6325, (214)987-3800
Charging Party, Legal Representative, Keng Samantha, Bush Gottlieb, ALC, 801 North Brand Blvd, Suite 950, Glendale, CA, 91203, (818)973-3203
Charged Party / Respondent, Employer, EZ Logistix, LLC, Rancho Santa Margarita, CA, 92688
",,,
C,"Region 09, Cincinnati, Ohio",09-CA-355554,"AMAZON.COM SERVICES LLC D/B/A AMAZON AIR",Closed,11/26/2024,07/01/2025,"Withdrawal Non-adjusted",Florence,KY,4500,"8(a)(1) Denial of Access
","Charged Party / Respondent, Legal Representative, Stolzenbach Brian, Seyfarth Shaw LLP, 233 South Wacker Drive, Suite 8000, Chicago, IL, 60606, (312)460-5000
Charged Party / Respondent, Legal Representative, Rich Jamie, Seyfarth Shaw LLP, 400 Capitol Mall, Suite 2300, Sacramento, CA, 95814, (916)498-7078
Charging Party, Legal Representative, Newport Pamela, Herzfeld, Suetholz, Gastel, Leniski and Wall, PLLC, 600 Vine Street, Suite 2720, Cincinnati, OH, 45202, (513)381-2224
Charging Party, Union, General Drivers, Warehousemen and Helpers, Local Union No. 89, affiliated with the International Brotherhood of Teamsters, Louisville, KY, 40215
Charged Party / Respondent, Employer, Amazon.com Services LLC d/b/a Amazon Air, Florence, KY, 41042
",,,
C,"Region 29, Brooklyn, New York",29-CA-355758,"Amazon Logistics, Inc. and Amazon.com Services LLC (collectively, “Amazon”), as a single or joint employer with Amazon Delivery Service Partners DnA Logistics Inc. (“DnA”) and Cornucopia Logistics, LLC (“Cornucopia”).",Open,11/26/2024,,,Maspeth,NY,900,,"Charged Party / Respondent, Legal Representative, Glass Benjamin, 211 King Street, Suite 200, Charleston, SC, 29401, (843)720-0863
Charged Party / Respondent, Legal Representative, Glass Benjamin, 211 King Street, Suite 200, Charleston, SC, 29401, (843)720-0863
Charged Party / Respondent, Legal Representative, Fink Elliott, Seyfarth Shaw LLP, 620 Eighth Avenue, 33rd Floor, New York, NY, 10018, (212)518-5617
Charged Party / Respondent, Legal Representative, Smith Glenn, 620 8th Avenue, 32nd Floor, New York, NY, 10018, (212)218-5500
Charged Party / Respondent, Legal Representative, Silver Jason, Seyfarth Shaw LLP, 620 8th Avenue, 32nd Floor, New York, NY, 10018, (212)218-5282
Charged Party / Respondent, Legal Representative, Ferrer John, Ogletree Deakins, 1909 K Street, N.W., Suite 1000, Washington, DC, 20006, (202)887-0855
Charged Party / Respondent, Legal Representative, Ferrer John, Ogletree Deakins, 1909 K Street, N.W., Suite 1000, Washington, DC, 20006, (202)887-0855
Charging Party, Legal Representative, Gonzalez Julian, Barnard Iglitzin & Lavitt LLP, 18 W Mercer St., Ste. 400, Seattle, WA, 98119-3971, (206)257-6019
Charged Party / Respondent, Legal Representative, Adefehinti Kelvin, Ogletree, Deakins, Nash, Smoak & Stewart, P.C., 1909 K Street, N.W., Suite 1000, Washington, DC, 20006-1134, (202)263-0259
Charged Party / Respondent, Legal Representative, Adefehinti Kelvin, Ogletree, Deakins, Nash, Smoak & Stewart, P.C., 1909 K Street, N.W., Suite 1000, Washington, DC, 20006-1134, (202)263-0259
",,,
C,"Region 31, Los Angeles, California",31-CA-355322,"Amazon.com Services, LLC, aka Amazon Logistics, LLC",Open,11/21/2024,,,"San Bernardino",CA,1000,"8(a)(1) Coercive Actions (Surveillance, etc)
8(a)(1) Coercive Statements (Threats, Promises of Benefits, etc.)
8(a)(1) Interrogation (including Polling)
","Charging Party, Legal Representative, Gutman-Dickinson Julie, Bush Gottlieb, ALC, 801 North Brand Blvd.,, Suite 950, Glendale, CA, 91203, (818)973-3228
Charged Party / Respondent, Legal Representative, Mirrafati Kamran, Seyfarth Shaw LLP, 2029 Century Park East, Suite 3500, Los Angeles, CA, 90067-3021, (310)201-5290
Charging Party, Legal Representative, Sollett Mathew, Bush Gottlieb, ALC, 801 No. Brand Blvd, Suite 950, Glendale, CA, 91203, (818)973-3230
Charging Party, Legal Representative, Wright Vanessa, Bush Gottlieb,  ALC, 801 No. Brand Blvd, Suite 950, Glendale, CA, 91203, (818)973-3228
Charged Party / Respondent, Employer, Amazon.com Services LLC aka Amazon Logistics LLC, San Bernardino, CA, 92410
Charging Party, Union, The International Brotherhood of Teamsters, Washington, DC, 20001
",,,
C,"Region 13, Chicago, Illinois",13-CA-355183,"Amazon.com Services, LLC aka Amazon Logistics, LLC (collectively ""Amazon"") as a single employer and/or a joint employer with BTK Rush, Inc. (""BTK""), Accuswift Logistics, LLC (""Accuswift""), and Bruiser's Auto LLC d/b/a Bruiser's Complete Auto Care (""Bruiser's"")",Open,11/20/2024,,,Skokie,IL,400,,"Charged Party / Respondent, Legal Representative, Stolzenbach Brian, Seyfarth Shaw LLP, 233 South Wacker Drive, Suite 8000, Chicago, IL, 60606-6448, (312)460-5000
Charging Party, Legal Representative, De Haro Hector, Bush Gottlieb, ALC, 801 N. Brand Blvd.,, Suite 950, Glendale, CA, 91203, (818)973-3260
Charged Party / Respondent, Legal Representative, Ferrer John, Ogletree Deakins, 1909 K Street NW, Suite 1000, Washington, DC, 20006-1134, (202)887-0855
Charged Party / Respondent, Legal Representative, Ferrer John, Ogletree Deakins, 1909 K Street NW, Suite 1000, Washington, DC, 20006-1134, (202)887-0855
Charged Party / Respondent, Legal Representative, Ferrer John, Ogletree Deakins, 1909 K Street NW, Suite 1000, Washington, DC, 20006-1134, (202)887-0855
Charging Party, Legal Representative, Dickinson Julie, Bush Gottlieb, ALC, 801 N. Brand Blvd.,, Suite 950, Glendale, CA, 91203, (818)973-3228
Charging Party, Legal Representative, Keng Samantha, Bush Gottlieb, ALC, 801 North Brand Blvd, Suite 950, Glendale, CA, 91203, (818)973-3203
Charged Party / Respondent, Employer, BTK Rush Inc., Skokie, IL, 60077
Charged Party / Respondent, Additional Service, Accuswift Logistics, LLC, Chicago, IL, 60616
Charged Party / Respondent, Employer, Bruiser's Auto LLC d/b/a Bruiser's Complete Auto Care, Cicero, IL, 60804
",,,
C,"Region 09, Cincinnati, Ohio",09-CA-354726,"AMAZON.COM SERVICES LLC D/B/A AMAZON AIR",Open,11/12/2024,,,Florence,KY,4500,"8(a)(1) Concerted Activities (Retaliation, Discharge, Discipline)
8(a)(1) Coercive Actions (Surveillance, etc)
8(a)(1) Interrogation (including Polling)
8(a)(3) Discipline
","Charged Party / Respondent, Legal Representative, Rich Jamie, Seyfarth Shaw LLP, 400 Capitol Mall, Suite 2300, Sacramento, CA, 95814, (916)498-7078
Charging Party, Legal Representative, Rekowski Rachel, Herzfeld, Suetholz, Gastel, Leniski and Wall, PLLC, 600 Vine Street, Suite 2720, Cincinnati, OH, 45202, (513)381-2224
Charged Party / Respondent, Employer, Amazon.com Services LLC d/b/a Amazon Air, Florence, KY, 41042
Charging Party, Union, General Drivers, Warehousemen and Helpers, Local Union No. 89, affiliated with the International Brotherhood of Teamsters, Louisville, KY, 40215
",,,
C,"Region 21, Los Angeles, California",21-CA-354611,"Amazon.com Services, LLC and its agent Amazon Logistics, Inc. (collectively “Amazon”), as a joint and/or single employer with Activ Enterprises LLC (“Activ”)",Open,11/08/2024,,,Industry,CA,110,"8(a)(1) Coercive Statements (Threats, Promises of Benefits, etc.)
8(a)(1) Coercive Actions (Surveillance, etc)
8(a)(1) Coercive Rules
","Charging Party, Legal Representative, De Haro Hector, Bush Gottlieb, a Law Corporation, 801 North Brand Boulevard, Suite 950, Glendale, CA, 91203, (818)973-3260
Charged Party / Respondent, Legal Representative, Otovic James, Ogletree, Deakins, Nash, Smoak & Stewart, PC, 300 North Main Street, Suite 500, Greenville, SC, 29601, (864)240-5601
Charged Party / Respondent, Legal Representative, Ferrer John, Ogletree, Deakins, Nash, Smoak & Stewart, PC, 2415 E. Camelback Road, Suite 800, Phoenix, AZ, 85016, (202)263-0268
Charging Party, Legal Representative, Dickinson Julie, Bush Gottlieb, ALC, 801 N. Brand Blvd.,, Suite 950, Glendale, CA, 91203, (818)973-3228
Charged Party / Respondent, Legal Representative, Mirrafati Kamran, Seyfarth Shaw LLP, 2029 Century Park East, Suite 3500, Los Angeles, CA, 90067-3021, (310)201-5290
Charging Party, Legal Representative, Keng Samantha, Bush Gottlieb, ALC, 801 North Brand Blvd, Suite 950, Glendale, CA, 91203, (818)973-3203
Charging Party, Union, International Brotherhood of Teamsters, Washington, DC, 20001
",,,
C,"Region 20, San Francisco, California",20-CA-354332,"Amazon.com Services, LLC",Open,11/06/2024,,,"San Francisco",CA,128,"8(a)(1) Coercive Statements (Threats, Promises of Benefits, etc.)
8(a)(3) Discharge (Including Layoff and Refusal to Hire (not salting))
8(a)(5) Refusal to Bargain/Bad Faith Bargaining (incl'g surface bargaining/direct dealing)
","Charged Party / Respondent, Legal Representative, Dieckman Alyson, Seyfarth Shaw LLP, 999 Third Avenue, Suite 4700, Seattle, WA, 98104-4041, (206)393-4027
Charged Party / Respondent, Legal Representative, Swedlow Daniel, Seyfarth Shaw LLP, 999 Third Avenue, Suite 4700, Seattle, WA, 98104-4041, (206)946-4940
Charging Party, Legal Representative, Garea Susan, Beeson, Tayer & Bodine, 492 Ninth Street, Suite 350, Oakland, CA, 94607, (510)625-9700
Charging Party, Union, Teamsters Amazon National Negotiating Committee (TANNC), International Brotherhood of Teamsters, 25 Louisiana Avenue, N.W., Washington, DC, 20001, (202)624-6847
Charged Party / Respondent, Employer, Amazon.com Services, LLC, 749 Toland Street, San Francisco, CA, 94124
Charged Party / Respondent, Additional Service, Amazon.com Services, LLC, DCK6, 749 Toland Street, San Francisco, CA, 94124
",,,
C,"Region 31, Los Angeles, California",31-CA-354257,"Amazon.com Services, LLC and its agent Amazon Logistics (collectively ""Amazon""), as a single and/or joint employer with its Delivery Service Partner Quick Trip Delivery, LLC",Open,11/04/2024,,,Victorville,CA,80,,"Charged Party / Respondent, Legal Representative, Dieckman Alyson, Seyfarth Shaw LLP, 999 Third Avenue, Suite 4700, Seattle, WA, 98104-4041, (206)393-4027
Charged Party / Respondent, Legal Representative, Shelton Brandon, Ogletree Deakins Nash Smoak & Stewart, PC, 201 South College Street, Suite 2300, Charlotte, NC, 28244-0007, (704)405-3121
Charged Party / Respondent, Legal Representative, Soveranez Elizabeth, Ogletree, Deakins, Nash, Smoak & Stewart, P.C., 2415 E. Camelback Rd Ste 800, Phoenix, AZ, 85016, (602)778-3700
Charging Party, Legal Representative, De Haro Hector, Bush Gottlieb, ALC, 801 N. Brand Blvd.,, Suite 950, Glendale, CA, 91203, (818)973-3260
Charged Party / Respondent, Legal Representative, Morrison Holly, Ogletree, Deakins, Nash, Smoak & Stewart, P.C., 7700 Bonhomme Ave., Suite 650, St. Louis, MO, 63105, (314)802-3991
Charged Party / Respondent, Legal Representative, Ferrer John, Ogletree Deakins, 1909 K Street, N.W., Suite 1000, Washington, DC, 20006, (202)887-0855
Charging Party, Legal Representative, Gutman-Dickinson Julie, Bush Gottlieb, ALC, 801 North Brand Blvd.,, Suite 950, Glendale, CA, 91203, (818)973-3228
Charged Party / Respondent, Legal Representative, Mirrafati Kamran, Seyfarth Shaw LLP, 2029 Century Park East, Suite 3500, Los Angeles, CA, 90067-3021, (310)201-5290
Charging Party, Legal Representative, Keng Samantha, Bush Gottlieb, ALC, 801 North Brand Blvd, Suite 950, Glendale, CA, 91203, (818)973-3203
Charged Party / Respondent, Employer, Quick Trip Delivery, LLC, Victorville, CA, 92395
",,,
C,"Region 31, Los Angeles, California",31-CA-354246,"Amazon.com Services, LLC and its agent Amazon Logistics (collectively ""Amazon""), as a single and/or joint employer with its Delivery Service Partner Paolino Logistics, LLC",Open,11/04/2024,,,Victorville,CA,50,,"Charged Party / Respondent, Legal Representative, Dieckman Alyson, Seyfarth Shaw LLP, 999 Third Avenue, Suite 4700, Seattle, WA, 98104-4041, (206)393-4027
Charged Party / Respondent, Legal Representative, Soveranez Elizabeth, Ogletree, Deakins, Nash, Smoak & Stewart, P.C., 2415 E. Camelback Rd Ste 800, Phoenix, AZ, 85016, (602)778-3700
Charged Party / Respondent, Legal Representative, Soveranez Elizabeth, Ogletree, Deakins, Nash, Smoak & Stewart, P.C., 2415 E. Camelback Rd Ste 800, Phoenix, AZ, 85016, (602)778-3700
Charging Party, Legal Representative, De Haro Hector, Bush Gottlieb, ALC, 801 N. Brand Blvd.,, Suite 950, Glendale, CA, 91203, (818)973-3260
Charged Party / Respondent, Legal Representative, Morrison Holly, Ogletree, Deakins, Nash, Smoak & Stewart, P.C., 7700 Bonhomme Ave., Suite 650, St. Louis, MO, 63105, (314)802-3991
Charged Party / Respondent, Legal Representative, Morrison Holly, Ogletree, Deakins, Nash, Smoak & Stewart, P.C., 7700 Bonhomme Ave., Suite 650, St. Louis, MO, 63105, (314)802-3991
Charged Party / Respondent, Legal Representative, Ferrer John, Ogletree Deakins, 1909 K Street, N.W., Suite 1000, Washington, DC, 20006, (202)887-0855
Charging Party, Legal Representative, Gutman-Dickinson Julie, Bush Gottlieb, ALC, 801 North Brand Blvd.,, Suite 950, Glendale, CA, 91203, (818)973-3228
Charged Party / Respondent, Legal Representative, Mirrafati Kamran, Seyfarth Shaw LLP, 2029 Century Park East, Suite 3500, Los Angeles, CA, 90067-3021, (310)201-5290
Charging Party, Legal Representative, Wright Vanessa, Bush Gottlieb,  ALC, 801 No. Brand Blvd, Suite 950, Glendale, CA, 91203, (818)973-3228
",,,
C,"Region 31, Los Angeles, California",31-CA-354224,"Amazon.com Services, LLC and its agent Amazon Logistics (collectively ""Amazon""), as a single and/or joint employer with its Delivery Service Partner HK Logistics Inc.",Open,11/04/2024,,,Victorville,CA,60,,"Charged Party / Respondent, Legal Representative, Dieckman Alyson, Seyfarth Shaw LLP, 999 Third Avenue, Suite 4700, Seattle, WA, 98104-4041, (206)393-4027
Charged Party / Respondent, Legal Representative, Griggs Bruce, Ogletree, Deakins, Nash, Smoak & Stewart, P.C., 301 Congress Avenue, Suite 1150, Austin, TX, 78701, (512)344-4700
Charged Party / Respondent, Legal Representative, Griggs Bruce, Ogletree, Deakins, Nash, Smoak & Stewart, P.C., 301 Congress Avenue, Suite 1150, Austin, TX, 78701, (512)344-4700
Charged Party / Respondent, Legal Representative, Soveranez Elizabeth, Ogletree, Deakins, Nash, Smoak & Stewart, P.C., 2415 E. Camelback Road, Suite 800, Esplanade Center III, Phoenix, AZ, 85016, (602)778-3719
Charged Party / Respondent, Legal Representative, Edmund Emma, Ogletree, Deakins, Nash, Smoak & Stewart, P.C., 301 Congress Avenue, Suite 1150, Austin, TX, 78701, (512)344-4700
Charging Party, Legal Representative, De Haro Hector, Bush Gottlieb, ALC, 801 N. Brand Blvd.,, Suite 950, Glendale, CA, 91203, (818)973-3260
Charged Party / Respondent, Legal Representative, Ferrer John, Ogletree Deakins, 1909 K Street NW, Suite 1000, Washington, DC, 20006-1134, (202)887-0855
Charging Party, Legal Representative, Gutman-Dickinson Julie, Bush Gottlieb, ALC, 801 North Brand Blvd.,, Suite 950, Glendale, CA, 91203, (818)973-3228
Charged Party / Respondent, Legal Representative, Mirrafati Kamran, Seyfarth Shaw LLP, 2029 Century Park East, Suite 3500, Los Angeles, CA, 90067-3021, (310)201-5290
Charging Party, Legal Representative, Wright Vanessa, Bush Gottlieb,  ALC, 801 No. Brand Blvd, Suite 950, Glendale, CA, 91203, (818)973-3228
",,,
C,"Region 10, Atlanta, Georgia",10-CA-354043,"Amazon Inc.com",Closed,11/04/2024,01/16/2025,"Withdrawal Non-adjusted",Atlanta,GA,100,"8(a)(1) Concerted Activities (Retaliation, Discharge, Discipline)
8(a)(1) Coercive Rules
","Charged Party / Respondent, Legal Representative, Sanchez Karla, Seyfarth Shaw LLP, 233 S. Wacker Drive, Ste 8000, Chicago, IL, 60606, (312)460-5000
Charged Party / Respondent, Legal Representative, Reed Rachael, Seyfarth Shaw LLP, 1075 Peachtree St NE, Suite 2500, Atlanta, GA, 30309-3958, (404)885-1500
Charging Party, Individual
Charged Party / Respondent, Employer, Amazon Inc.com, Seattle, WA, 98104
",,,
C,"Region 31, Los Angeles, California",31-CA-354186,"Amazon.com Services, LLC and its agent Amazon Logistics (collectively ""Amazon""), as a single and/or joint employer with its Delivery Service Partner A-Team Delivers LLC",Open,11/04/2024,,,Victorville,CA,50,,"Charged Party / Respondent, Legal Representative, Dieckman Alyson, Seyfarth Shaw LLP, 999 Third Avenue, Suite 4700, Seattle, WA, 98104-4041, (206)393-4027
Charged Party / Respondent, Legal Representative, Shelton Brandon, Ogletree Deakins Nash Smoak & Stewart, PC, 201 South College Street, Suite 2300, Charlotte, NC, 28244-0007, (704)405-3121
Charged Party / Respondent, Legal Representative, Soveranez Elizabeth, Ogletree, Deakins, Nash, Smoak & Stewart, P.C., 2415 E. Camelback Rd Ste 800, Phoenix, AZ, 85016, (602)778-3700
Charged Party / Respondent, Legal Representative, Edmund Emma, Ogletree, Deakins, Nash, Smoak & Stewart, P.C., 301 Congress Avenue, Suite 1150, Austin, TX, 78701, (512)344-4700
Charging Party, Legal Representative, De Haro Hector, Bush Gottlieb, ALC, 801 N. Brand Blvd.,, Suite 950, Glendale, CA, 91203, (818)973-3260
Charged Party / Respondent, Legal Representative, Morrison Holly, Ogletree, Deakins, Nash, Smoak & Stewart, P.C., 7700 Bonhomme Ave., Suite 650, St. Louis, MO, 63105, (314)802-3991
Charged Party / Respondent, Legal Representative, Ferrer John, Ogletree Deakins, 1909 K Street, N.W., Suite 1000, Washington, DC, 20006, (202)887-0855
Charging Party, Legal Representative, Gutman-Dickinson Julie, Bush Gottlieb, ALC, 801 North Brand Blvd.,, Suite 950, Glendale, CA, 91203, (818)973-3228
Charged Party / Respondent, Legal Representative, Mirrafati Kamran, Seyfarth Shaw LLP, 2029 Century Park East, Suite 3500, Los Angeles, CA, 90067-3021, (310)201-5290
Charging Party, Legal Representative, Keng Samantha, Bush Gottlieb, ALC, 801 North Brand Blvd, Suite 950, Glendale, CA, 91203, (818)973-3203
",,,
C,"Region 01, Boston, Massachusetts",01-CA-354142,"Amazon.com Services LLC DCB8 Facility",Open,11/04/2024,,,Bellingham,MA,200,"8(a)(1) Coercive Statements (Threats, Promises of Benefits, etc.)
8(a)(1) Concerted Activities (Retaliation, Discharge, Discipline)
8(a)(3) Changes in Terms and Conditions of Employment
","Charging Party, Legal Representative, Sellers Adreanna, Murphy Anderson, PLLC, 1401 K Street NW, Suite 300, Washington, DC, 20005, (202)568-2857
Charged Party / Respondent, Legal Representative, Moronta Grayson, Seyfarth Shaw, LLP, 1075 Peachtree Street, N.E., Suite 2500, Atlanta, GA, 30309, (404)704-9671
Charged Party / Respondent, Legal Representative, Sanchez Karla, Seyfarth Shaw LLP, 233 S. Wacker Drive, Ste 8000, Chicago, IL, 60606, (312)460-5000
Charged Party / Respondent, Legal Representative, Sloan Matthew, Seyfarth Shaw LLP, 233 South Wacker Drive, Suite 8000, Chicago, IL, 60606, (312)460-5000
Charging Party, Legal Representative, Anderson Michael, Murphy Anderson, 1401 K Street NW, Suite 300, Washington, DC, 20005, (202)223-2620
Charging Party, Union, American Postal Workers Union, AFL-CIO, Washington, DC, 20005
Charged Party / Respondent, Employer, Amazon.com Services LLC DCB8 Facility, Bellingham, MA, 02019
",,,
C,"Region 20, San Francisco, California",20-CA-353627,"Amazon.com Services, LLC",Open,10/28/2024,,,"San Francisco",CA,128,"8(a)(1) Coercive Statements (Threats, Promises of Benefits, etc.)
8(a)(1) Coercive Actions (Surveillance, etc)
8(a)(1) Interrogation (including Polling)
8(a)(3) Discipline
8(a)(5) Refusal to Bargain/Bad Faith Bargaining (incl'g surface bargaining/direct dealing)
","Charged Party / Respondent, Legal Representative, Dieckman Alyson, Seyfarth Shaw LLP, 999 Third Avenue, Suite 4700, Seattle, WA, 98104-4041, (206)393-4027
Charged Party / Respondent, Legal Representative, Swedlow Daniel, Seyfarth Shaw LLP, 999 Third Avenue, Suite 4700, Seattle, WA, 98104-4041, (206)946-4940
Charging Party, Legal Representative, Garea Susan, Beeson, Tayer & Bodine, 492 Ninth Street, Suite 350, Oakland, CA, 94607, (510)625-9700
Charged Party / Respondent, Employer, Amazon.com Services, LLC, 749 Toland Street, San Francisco, CA, 94124
Charging Party, Union, Teamster Amazon National Negotiating Committee International Brotherhood of Teamsters, 25 Louisiana Ave. NW, Washington, DC, 20001, (202)624-6847
",,,
C,"Region 09, Cincinnati, Ohio",09-CA-353502,"AMAZON AND ELEVATE LOGISTICS LLC, JOINT EMPLOYERS",Open,10/25/2024,,,Louisville,KY,140,,"Charged Party / Respondent, Legal Representative, Stolzenbach Brian, Seyfarth Shaw LLP, 233 South Wacker Drive, Suite 8000, Chicago, IL, 60606, (312)460-5000
Charged Party / Respondent, Legal Representative, Walston David, Ogletree, Deakins, Nash, Smoak & Stewart, P.C., Ogletree Deakins, 420 20th Street North, Suite 1900, Birmingham, AL, 35203, (205)714-4405
Charged Party / Respondent, Legal Representative, Ferrer John, Ogletree Deakins, 1909 K Street NW, Suite 1000, Washington, DC, 20006-1134, (202)887-0855
Charged Party / Respondent, Legal Representative, Sanchez Karla, Seyfarth Shaw LLP, 233 South Wacker Drive, Suite 8000, Chicago, IL, 60606-6448, (312)460-5000
Charged Party / Respondent, Legal Representative, Reed Rachael, Seyfarth Shaw LLP, 1075 Peachtree Street NE, Suite 2500, Atlanta, GA, 30309, (404)704-9648
Charged Party / Respondent, Employer, Amazon Logistics, Inc. and Amazon.com Services LLC, Louisville, KY, 40229
Charged Party / Respondent, Employer, Elevate Logistics LLC, Louisville, KY, 40229
Charged Party / Respondent, Additional Service, Amazon Logistics, Inc. and Amazon.com Services LLC, Louisville, KY, 40213
Charged Party / Respondent, Additional Service, Elevate Logistics LLC, Louisville, KY, 40213
Charging Party, Union, International Brotherhood of Teamsters (IBT) Local 89, Louisville, KY, 40215
",,,
C,"Region 02, New York, New York",02-CA-353473,"Amazon.com Services, LLC",Open,10/23/2024,,,"Rock Tavern",NY,1000,"8(a)(1) Coercive Statements (Threats, Promises of Benefits, etc.)
8(a)(1) Weingarten
8(a)(3) Discharge (Including Layoff and Refusal to Hire (not salting))
","Charged Party / Respondent, Legal Representative, Fink Elliot, Seyfarth Shaw LLP, 233 S Wacker Dr Ste 8000, Chicago, IL, 60606-6448, (212)218-5617
Charged Party / Respondent, Legal Representative, Silver Jason, Seyfarth Shaw LLP, 620 8th Avenue, 32nd Floor, New York, NY, 10018, (212)218-5282
Charging Party, Legal Representative, Dickinson Julie, Bush Gottlieb, ALC, 801 N. Brand Blvd.,, Suite 950, Glendale, CA, 91203, (818)973-3228
Charged Party / Respondent, Employer, AMAZON COM SERVICES, LLC, Rock Tavern, NY, 12575
Charged Party / Respondent, Additional Service, AMAZON COM SERVICES, LLC, Rock Tavern, NY, 12575
Charging Party, 
Charging Party, Union, International Brotherhood of Teamsters, WASHINGTON, DC, 20001
",,,
C,"Region 31, Los Angeles, California",31-CA-353346,"Amazon.com Services LLC",Closed,10/23/2024,02/25/2026,"Dismissal Non-adjusted",Bakersfield,CA,4000,"8(a)(3) Discharge (Including Layoff and Refusal to Hire (not salting))
8(a)(1) Concerted Activities (Retaliation, Discharge, Discipline)
","Charged Party / Respondent, Legal Representative, Mirrafati Kamran, Seyfarth Shaw LLP, 2029 Century Park East, Suite 3500, Los Angeles, CA, 90067-3021, (310)201-5290
Charging Party, Individual
Charged Party / Respondent, Employer, Amazon.com Services LLC, Bakersfield, CA, 93308
",,,
C,"Region 20, San Francisco, California",20-CA-353378,"Amazon.com Services, LLC",Open,10/23/2024,,,"San Francisco",CA,128,"8(a)(5) Refusal to Recognize
8(a)(5) Refusal to Bargain/Bad Faith Bargaining (incl'g surface bargaining/direct dealing)
","Charged Party / Respondent, Legal Representative, Dieckman Alyson, Seyfarth Shaw LLP, 999 Third Avenue, Suite 4700, Seattle, WA, 98104-4041, (206)393-4027
Charged Party / Respondent, Legal Representative, Vetter Bret, Seyfarth Shaw LLP, 233 S. Wacker Drive, Ste 8000, Chicago, IL, 60606, (312)460-5000
Charged Party / Respondent, Legal Representative, Stolzenbach Brian, Seyfarth Shaw LLP, (312)460-5000
Charged Party / Respondent, Legal Representative, Swedlow Daniel, Seyfarth Shaw, LLP, 999 Third Avenue, Suite 4700, Seattle, WA, 98104, (206)946-4940
Charging Party, Legal Representative, Garea Susan, Beeson, Tayer & Bodine, 492 Ninth Street, Suite 350, Oakland, CA, 94607, (510)625-9700
Charged Party / Respondent, Employer, Amazon.com Services, LLC, 749 Toland Street, San Francisco, CA, 94124
Charged Party / Respondent, Additional Service, Amazon.com Services, LLC, DCK6, 749 Toland Street, San Francisco, CA, 94124
Charging Party, Union, Teamsters Amazon National Negotiating Committee, International Brotherhood of Teamsters, 25 Louisiana Ave N.W., Washington, DC, 20001, (202)624-6847
",,,
C,"Region 31, Los Angeles, California",31-CA-353371,"Amazon.com Services, LLC and its agent Amazon Logistics, Inc. (collectively “Amazon”), as a single and/or joint employer with its Delivery Service Partner Quick Trip Delivery, LLC",Open,10/22/2024,,,Victorville,CA,80,,"Charged Party / Respondent, Legal Representative, Dieckman Alyson, Seyfarth Shaw LLP, 999 Third Avenue, Suite 4700, Seattle, WA, 98104-4041, (206)393-4027
Charged Party / Respondent, Legal Representative, Shelton Brandon, Ogletree Deakins Nash Smoak & Stewart, PC, 201 South College Street, Suite 2300, Charlotte, NC, 28244-0007, (704)405-3121
Charged Party / Respondent, Legal Representative, Soveranez Elizabeth, Ogletree, Deakins, Nash, Smoak & Stewart, P.C., 2415 E. Camelback Rd Ste 800, Phoenix, AZ, 85016, (602)778-3700
Charging Party, Legal Representative, De Haro Hector, Bush Gottlieb, ALC, 801 N. Brand Blvd.,, Suite 950, Glendale, CA, 91203, (818)973-3260
Charged Party / Respondent, Legal Representative, Morrison Holly, Ogletree, Deakins, Nash, Smoak & Stewart, P.C., 7700 Bonhomme Ave., Suite 650, St. Louis, MO, 63105, (314)802-3991
Charged Party / Respondent, Legal Representative, Ferrer John, Ogletree Deakins, 1909 K Street NW, Suite 1000, Washington, DC, 20006-1134, (202)887-0855
Charging Party, Legal Representative, Dickinson Julie, Bush Gottlieb, ALC, 801 N. Brand Blvd.,, Suite 950, Glendale, CA, 91203, (818)973-3228
Charged Party / Respondent, Legal Representative, Mirrafati Kamran, Seyfarth Shaw LLP, 2029 Century Park East, Suite 3500, Los Angeles, CA, 90067-3021, (310)201-5290
Charging Party, Legal Representative, Keng Samantha, Bush Gottlieb, ALC, 801 North Brand Blvd, Suite 950, Glendale, CA, 91203, (818)973-3203
Charged Party / Respondent, Legal Representative, Posey Thomas, Seyfarth Shaw LLP, 601 South Figueroa Street, Suite 3300, Los Angeles, CA, 90017-5793, (213)270-9600
",,,
C,"Region 31, Los Angeles, California",31-CA-353327,"Amazon.com Services, LLC and its agent Amazon Logistics, Inc. (collectively “Amazon”), as a single and/or joint employer with its Delivery Service Partner Paolino Logistics, LLC",Open,10/22/2024,,,Victorville,CA,50,,"Charged Party / Respondent, Legal Representative, Dieckman Alyson, Seyfarth Shaw LLP, 999 Third Avenue, Suite 4700, Seattle, WA, 98104-4041, (206)393-4027
Charged Party / Respondent, Legal Representative, Shelton Brandon, Ogletree Deakins Nash Smoak & Stewart, PC, 201 South College Street, Suite 2300, Charlotte, NC, 28244-0007, (704)405-3121
Charged Party / Respondent, Legal Representative, Soveranez Elizabeth, Ogletree, Deakins, Nash, Smoak & Stewart, P.C., 2415 E. Camelback Rd Ste 800, Phoenix, AZ, 85016, (602)778-3700
Charged Party / Respondent, Legal Representative, Soveranez Elizabeth, Ogletree, Deakins, Nash, Smoak & Stewart, P.C., 2415 E. Camelback Rd Ste 800, Phoenix, AZ, 85016, (602)778-3700
Charging Party, Legal Representative, De Haro Hector, Bush Gottlieb, ALC, 801 N. Brand Blvd.,, Suite 950, Glendale, CA, 91203, (818)973-3260
Charged Party / Respondent, Legal Representative, Morrison Holly, Ogletree, Deakins, Nash, Smoak & Stewart, P.C., 7700 Bonhomme Ave., Suite 650, St. Louis, MO, 63105, (314)802-3991
Charged Party / Respondent, Legal Representative, Morrison Holly, Ogletree, Deakins, Nash, Smoak & Stewart, P.C., 7700 Bonhomme Ave., Suite 650, St. Louis, MO, 63105, (314)802-3991
Charged Party / Respondent, Legal Representative, Ferrer John, Ogletree Deakins, 1909 K Street NW, Suite 1000, Washington, DC, 20006-1134, (202)887-0855
Charging Party, Legal Representative, Dickinson Julie, Bush Gottlieb, ALC, 801 N. Brand Blvd.,, Suite 950, Glendale, CA, 91203, (818)973-3228
Charged Party / Respondent, Legal Representative, Mirrafati Kamran, Seyfarth Shaw LLP, 2029 Century Park East, Suite 3500, Los Angeles, CA, 90067-3021, (310)201-5290
",,,
C,"Region 31, Los Angeles, California",31-CA-353297,"Amazon.com Services, LLC and its agent Amazon Logistics, Inc. (collectively “Amazon”), as a single and/or joint employer with its Delivery Service Partner HK Logistics Inc.",Open,10/22/2024,,,Victorville,CA,60,,"Charged Party / Respondent, Legal Representative, Dieckman Alyson, Seyfarth Shaw LLP, 999 Third Avenue, Suite 4700, Seattle, WA, 98104-4041, (206)393-4027
Charged Party / Respondent, Legal Representative, Griggs Bruce, Ogletree, Deakins, Nash, Smoak & Stewart, P.C., 301 Congress Avenue, Suite 1150, Austin, TX, 78701, (512)344-4700
Charged Party / Respondent, Notification, Griggs Bruce, Ogletree, Deakins, Nash, Smoak & Stewart, P.C., 301 Congress Avenue, Suite 1150, Austin, TX, 78701, (512)344-4700
Charged Party / Respondent, , Soveranez Elizabeth, Ogletree, Deakins, Nash, Smoak & Stewart, P.C., 2415 E. Camelback Road, Suite 800, Esplanade Center III, Phoenix, AZ, 85016, (602)778-3719
Charged Party / Respondent, Legal Representative, Edmund Emma, Ogletree, Deakins, Nash, Smoak & Stewart, P.C., 301 Congress Avenue, Suite 1150, Austin, TX, 78701, (512)344-4700
Charging Party, Legal Representative, De Haro Hector, Bush Gottlieb, ALC, 801 N. Brand Blvd.,, Suite 950, Glendale, CA, 91203, (818)973-3260
Charged Party / Respondent, Legal Representative, Ferrer John, Ogletree Deakins, 1909 K Street NW, Suite 1000, Washington, DC, 20006-1134, (202)887-0855
Charging Party, Legal Representative, Dickinson Julie, Bush Gottlieb, ALC, 801 N. Brand Blvd, Ste. 950, Glendale, CA, 91203, (818)973-3228
Charged Party / Respondent, Legal Representative, Mirrafati Kamran, Seyfarth Shaw LLP, 2029 Century Park East, Suite 3500, Los Angeles, CA, 90067-3021, (310)201-5290
Charged Party / Respondent, Legal Representative, Lambros Michael, Ogletree, Deakins, Nash, Smoak & Stewart, P.C., Preston Commons West, 8117 Preston Road, Suite 500, Dallas, TX, 75225, (214)987-3800
",,,
C,"Region 31, Los Angeles, California",31-CA-353274,"Amazon.com Services, LLC and Amazon Logistics, Inc. (as an agent to and/or single employer with Amazon.com Services, LLC) (collectively ""Amazon""), as a single and/or joint employer with its Delivery Service Partner A-Team Delivers, LLC",Open,10/22/2024,,,Victorville,CA,50,,"Charged Party / Respondent, Legal Representative, Dieckman Alyson, Seyfarth Shaw LLP, 999 Third Avenue, Suite 4700, Seattle, WA, 98104-4041, (206)393-4027
Charged Party / Respondent, Legal Representative, Shelton Brandon, Ogletree Deakins Nash Smoak & Stewart, PC, 201 South College Street, Suite 2300, Charlotte, NC, 28244-0007, (704)405-3121
Charged Party / Respondent, Legal Representative, Soveranez Elizabeth, Ogletree, Deakins, Nash, Smoak & Stewart, P.C., 2415 E. Camelback Rd Ste 800, Phoenix, AZ, 85016, (602)778-3700
Charged Party / Respondent, Legal Representative, Edmund Emma, Ogletree, Deakins, Nash, Smoak & Stewart, P.C., 301 Congress Avenue, Suite 1150, Austin, TX, 78701, (512)344-4700
Charging Party, Legal Representative, De Haro Hector, Bush Gottlieb, ALC, 801 N. Brand Blvd.,, Suite 950, Glendale, CA, 91203, (818)973-3260
Charged Party / Respondent, Legal Representative, Morrison Holly, Ogletree, Deakins, Nash, Smoak & Stewart, P.C., 7700 Bonhomme Ave., Suite 650, St. Louis, MO, 63105, (314)802-3991
Charged Party / Respondent, Legal Representative, Ferrer John, Ogletree Deakins, 1909 K Street, N.W., Suite 1000, Washington, DC, 20006, (202)887-0855
Charging Party, Legal Representative, Dickinson Julie, Bush Gottlieb, ALC, 801 N. Brand Blvd, Ste. 950, Glendale, CA, 91203, (818)973-3228
Charged Party / Respondent, Legal Representative, Mirrafati Kamran, Seyfarth Shaw LLP, 2029 Century Park East, Suite 3500, Los Angeles, CA, 90067-3021, (310)201-5290
Charging Party, Legal Representative, Keng Samantha, Bush Gottlieb, ALC, 801 North Brand Blvd, Suite 950, Glendale, CA, 91203, (818)973-3203
",,,
C,"Region 29, Brooklyn, New York",29-CA-353162,"Amazon Logistics Inc. and Amazon.com Services LLC (collectively, “Amazon”), as a single or joint employer with Amazon Delivery Service Partners DnA Logistics Inc. (“DnA”), Cornucopia Logistics, LLC (“Cornucopia”), Presto Transport, LLC (“Presto”), Valuable Logistics, Inc. (“Valuable”), Satriano Logistics, LLC (“STAA”), EY Parker Logistics (“EY Parker”), and Pure Deliver, LLC (“Pure”)",Open,10/21/2024,,,Maspeth,NY,900,,"Charged Party / Respondent, Legal Representative, Glass Benjamin, OGLETREE DEAKINS NASH SMOAK & STEWART P.C., 211 King Street, Suite 200, Charleston, SC, 29401, (843)720-0863
Charged Party / Respondent, Legal Representative, Glass Benjamin, 211 King Street, Suite 200, Charleston, SC, 29401, (843)720-0863
Charged Party / Respondent, Legal Representative, Glass Benjamin, OGLETREE DEAKINS NASH SMOAK & STEWART P.C., 211 King Street, Suite 200, Charleston, SC, 29401, (843)720-0863
Charged Party / Respondent, Legal Representative, Glass Benjamin, OGLETREE DEAKINS NASH SMOAK & STEWART P.C., 211 King Street, Suite 200, Charleston, SC, 29401, (843)720-0863
Charged Party / Respondent, Legal Representative, Glass Benjamin, OGLETREE DEAKINS NASH SMOAK & STEWART P.C., 211 King Street, Suite 200, Charleston, SC, 29401, (843)720-0863
Charged Party / Respondent, Legal Representative, Glass Benjamin, OGLETREE DEAKINS NASH SMOAK & STEWART P.C., 211 King Street, Suite 200, Charleston, SC, 29401, (843)720-0863
Charged Party / Respondent, Legal Representative, Glass Benjamin, 211 King Street, Suite 200, Charleston, SC, 29401, (843)720-0863
Charged Party / Respondent, Legal Representative, Ostern David, Seyfarth Shaw LLP, 620 Eighth Avenue, 32nd Floor, New York, NY, 10018, (212)218-5500
Charged Party / Respondent, Legal Representative, Smith Glenn, Seyfarth Shaw LLP, 620 8th Avenue, 33rd Floor, New York, NY, 10018, (212)218-5500
Charged Party / Respondent, Legal Representative, Silver Jason, Seyfarth Shaw LLP, 620 8th Avenue, 32nd Floor, New York, NY, 10018, (212)218-5282
",,,
C,"Region 07, Detroit, Michigan",07-CA-353079,Amazon,Open,10/18/2024,,,Detroit,MI,2000,"8(a)(1) Concerted Activities (Retaliation, Discharge, Discipline)
","Charged Party / Respondent, Legal Representative, Sanchez Karla, Seyfarth Shaw LLP, 233 S. Wacker Drive, Ste 8000, Chicago, IL, 60606, (312)460-5000
Charged Party / Respondent, Employer, Amazon, Detroit, MI, 48226
Charging Party, Individual
",,,
C,"Region 31, Los Angeles, California",31-CA-352806,"Amazon ONT2",Closed,10/16/2024,12/06/2024,"Withdrawal Non-adjusted","San Bernardino",CA,1000,"8(a)(1) Coercive Statements (Threats, Promises of Benefits, etc.)
","Charged Party / Respondent, Legal Representative, Fiss Adam, Littler Mendelson, P.C., 50 West San Fernando Street, 7th Floor, San Jose, CA, 95113, (408)795-3438
Charged Party / Respondent, Legal Representative, Beck Ian, Littler Mendelson, P.C., One Century Tower, 265 Church St., Suite 300, New Haven, CT, 06510, (203)974-8722
Charging Party, Individual
Charged Party / Respondent, Employer, Amazon ONT2, San Bernardino, CA, 92408
",,,
C,"Region 14, Saint Louis, Missouri",14-CA-352546,"Amazon.com Services LLC",Closed,10/15/2024,09/25/2025,"Withdrawal Non-adjusted",Sauget,IL,300,"8(a)(3) Changes in Terms and Conditions of Employment
","Charged Party / Respondent, Legal Representative, Stolzenbach Brian, Seyfarth Shaw LLP, 233 South Wacker Drive, Suite 8000, Chicago, IL, 60606, (312)460-5000
Charged Party / Respondent, Legal Representative, Kuntz Harrison, Seyfarth Shaw LLP, 233 South Wacker Drive, Suite 8000, Chicago, IL, 60606, (310)597-1559
Charged Party / Respondent, Employer, Amazon.com Services LLC, East St. Louis, IL, 62206
Charging Party, Individual, Schuchat, Cook & Werner
",,,
C,"Region 16, Fort Worth, Texas",16-CA-352689,"Amazon DAL 3",Open,10/15/2024,,,Dallas,TX,200,"8(a)(1) Concerted Activities (Retaliation, Discharge, Discipline)
","Charged Party / Respondent, Legal Representative, Phillips John, Seyfarth Shaw LLP, 700 Milam Street, Suite 1400, Houston, TX, 77002-2812, (713)225-2300
Charged Party / Respondent, Legal Representative, Iaculla Taylor, Seyfarth Shaw LLP, 233 South Wacker Drive, Suite 8000, Chicago, IL, 60606, (312)460-5796
Charged Party / Respondent, Employer, AMAZON DAL 3, DALLAS, TX, 75211
Charging Party, Individual
",,,
C,"Region 07, Detroit, Michigan",07-CA-352660,"Amazon (DDT6)",Open,10/10/2024,,,Pontiac,MI,100,"8(a)(1) Concerted Activities (Retaliation, Discharge, Discipline)
8(a)(3) Discipline
","Charging Party, Legal Representative, Sencer Caren, Weinberg, Roger & Rosenfeld, 1375 55th Street, Emeryville, CA, 94608, (510)337-1001
Charged Party / Respondent, Legal Representative, Sanchez Karla, Seyfarth Shaw LLP, 233 S. Wacker Drive, Suite 8000, Chicago, IL, 60606-6448, (312)460-5000
Charged Party / Respondent, Employer, Amazon (DDT6), Pontiac, MI, 48342
Charging Party, Union, The International Brotherhood of Teamsters, Washington, DC, 20001
",,,
C,"Region 10, Atlanta, Georgia",10-CA-352309,"Amazon.com Services - ATL6 Sortation Center",Closed,10/09/2024,09/09/2025,"Withdrawal Non-adjusted","East Point",GA,1,"8(a)(1) Coercive Statements (Threats, Promises of Benefits, etc.)
8(a)(1) Concerted Activities (Retaliation, Discharge, Discipline)
8(a)(1) Coercive Actions (Surveillance, etc)
","Charged Party / Respondent, Legal Representative, Manganelli Caitlin, Seyfarth Shaw LLP, 233 South Wacker Drive, Suite 8000, Chicago, IL, 60606, (312)460-5000
Charged Party / Respondent, Legal Representative, Sanchez Karla, Seyfarth Shaw LLP, 233 S. Wacker Drive, Ste 8000, Chicago, IL, 60606, (312)460-5000
Charged Party / Respondent, Legal Representative, Reed Rachael, Seyfarth Shaw LLP, 1075 Peachtree St NE, Suite 2500, Atlanta, GA, 30309-3958, (404)885-1500
Charged Party / Respondent, Employer, Amazon.com Services - ATL6 Sortation Center, East Point, GA, 30344
Charging Party, Individual
",,,
C,"Region 29, Brooklyn, New York",29-CA-352222,"Amazon Logistics Inc. and Amazon.com Services LLC (""Amazon""), as a single or joint employer with Pure Deliver, LLC (""Pure"")",Closed,10/07/2024,03/25/2025,"Dismissal Non-adjusted",Maspeth,NY,120,"8(a)(3) Discharge (Including Layoff and Refusal to Hire (not salting))
8(a)(1) Concerted Activities (Retaliation, Discharge, Discipline)
","Charged Party / Respondent, Legal Representative, Smith Glenn, Seyfarth Shaw LLP, 620 8th Avenue, Floor 33, New York, NY, 10018, (212)218-5500
Charged Party / Respondent, Legal Representative, Silver Jason, Seyfarth Shaw LLP, 620 8th Ave, 32nd Floor, New York, NY, 10018, (212)218-5282
Charged Party / Respondent, Legal Representative, Ferrer John, Ogletree Deakins, 1909 K Street, N.W., Suite 1000, Washington, DC, 20006, (202)887-0855
Charging Party, Legal Representative, Gonzalez Julian, Barnard Iglitzin & Lavitt LLP, 18 West Mercer St Suite 400, Seattle, WA, 98119, (206)257-6019
Charging Party, Legal Representative, Lavenski Travis, Barnard Iglitzin & Lavitt LLP, 18 West Mercer St., Suite 400, Seattle, WA, 98119, (206)257-6032
Charged Party / Respondent, Legal Representative, Vitarelli Victoria, Seyfarth Shaw LLP, 620 8th Avenue, 32nd Floor, New York, NY, 10018, (212)218-4651
Charged Party / Respondent, Employer, Amazon Logistics, Inc. and Amazon.com Services LLC, Maspeth, NY, 11378
Charged Party / Respondent, Additional Service, Amazon Logistics, Inc. and Amazon.com Services LLC, Maspeth, NY, 11378
",,,
C,"Region 29, Brooklyn, New York",29-CA-352217,"Amazon Logistics Inc. and Amazon.com Services LLC",Open,10/07/2024,,,Maspeth,NY,60,,"Charged Party / Respondent, Legal Representative, Glass Benjamin, 211 King Street, Suite 200, Charleston, SC, 29401, (843)720-0863
Charged Party / Respondent, Legal Representative, Fink Elliott, Seyfarth Shaw LLP, 620 Eighth Avenue, 33rd Floor, New York, NY, 10018, (212)518-5617
Charged Party / Respondent, Legal Representative, Smith Glenn, Seyfarth Shaw LLP, Seyfarth Shaw LLP, 620 Eighth Avenue, 31st Floor, New York, NY, 10018, (212)218-3502
Charged Party / Respondent, Legal Representative, Silver Jason, Seyfarth Shaw, LLP, 233 S Wacker Dr Ste 8000, Chicago, IL, 60606-6448, (212)218-5282
Charged Party / Respondent, Legal Representative, Ferrer John, Ogletree Deakins, 1909 K Street, N.W., Suite 1000, Washington, DC, 20006, (202)887-0855
Charging Party, Legal Representative, Gonzalez Julian, Barnard Iglitzin & Lavitt LLP, 18 W Mercer St., Ste. 400, Seattle, WA, 98119-3971, (206)257-6019
Charged Party / Respondent, Legal Representative, Adefehinti Kelvin, Ogletree, Deakins, Nash, Smoak & Stewart, P.C., 1909 K Street, N.W., Suite 1000, Washington, DC, 20006-1134, (202)263-0259
Charging Party, Legal Representative, Lavenski Travis, Barnard Iglitzin & Lavitt LLP, 18 West Mercer St., Suite 400, Seattle, WA, 98119, (206)257-6032
Charged Party / Respondent, Legal Representative, Vitarelli Victoria, Seyfarth Shaw LLP, 620 8th Avenue, 32nd Floor, New York, NY, 10018, (212)218-4651
Charged Party / Respondent, Employer, Amazon Logistics Inc and Amazon com Services LLC Amazon as a single or joint employer with DnA Logistics Inc, Maspeth, NY, 11378
",,,
C,"Region 29, Brooklyn, New York",29-CA-352102,"Amazon JFK8",Closed,10/02/2024,11/26/2024,"Withdrawal Adjusted","Staten Island",NY,5500,"8(a)(1) Weingarten
8(a)(3) Discharge (Including Layoff and Refusal to Hire (not salting))
","Charging Party, Legal Representative, Burden Willie, 25 Louisiana Ave, Washington, DC, 20001, (202)624-6951
Charging Party, Union, ALU - IBT Local #1, Staten Island, NY, 10314
Charged Party / Respondent, Employer, Amazon JFK8, Staten Island, NY, 10314
",,,
C,"Region 29, Brooklyn, New York",29-CA-351555,"Amazon.com Services, Inc.",Closed,09/30/2024,01/20/2026,"Dismissal Non-adjusted","Staten Island",NY,5000,"8(a)(3) Discharge (Including Layoff and Refusal to Hire (not salting))
8(a)(1) Concerted Activities (Retaliation, Discharge, Discipline)
8(a)(4) Discharge (including Layoff and Refusal to Hire)
","Charged Party / Respondent, Legal Representative, ROGERS AMBER, Hunton Andrews Kurth LLP, 1445 Ross Avenue, Suite 3700, Dallas, TX, 75202, (214)468-3308
Charged Party / Respondent, Legal Representative, Larkin Kurt, 2951 East Byrd Street, Riverfront Plaza, East Tower, Richmond, VA, 23219, (804)788-8776
Charged Party / Respondent, Employer, Amazon.com Services LLC, Staten Island, NY, 10314
Charging Party, Individual
",,,
C,"Region 31, Los Angeles, California",31-CA-351519,"Amazon.com services LLC and Amazon Logistics",Open,09/27/2024,,,Victorville,CA,70,"8(a)(3) Discharge (Including Layoff and Refusal to Hire (not salting))
8(a)(1) Concerted Activities (Retaliation, Discharge, Discipline)
","Charged Party / Respondent, Legal Representative, Dieckman Alyson, Seyfarth Shaw LLP, 999 Third Avenue, Suite 4700, Seattle, WA, 98104-4041, (206)393-4027
Charging Party, Legal Representative, Dickinson Julie, Bush Gottlieb, ALC, 801 North Brand Boulevard, Suite 950, Glendale, CA, 91203, (818)973-3228
Charged Party / Respondent, Legal Representative, Mirrafati Kamran, Seyfarth Shaw LLP, 2029 Century Park East, Suite 3500, Los Angeles, CA, 90067-3021, (310)201-5290
Charged Party / Respondent, Legal Representative, Posey Thomas, Buchalter, 601 South Figueroa Street, Suite 3300, Los Angeles, CA, 90017-5793, (213)891-0700
Charging Party, Legal Representative, Wright Vanessa, Bush Gottlieb,  ALC, 801 No. Brand Blvd, Suite 950, Glendale, CA, 91203, (818)973-3228
Charging Party, Individual
Charged Party / Respondent, Employer, Amazon.com services LLC and Amazon Logistics, Victorville, CA, 92395
",,,
C,"Region 21, Los Angeles, California",21-CB-351393,"International Brotherhood of Teamsters, Teamsters Local 396, Teamsters Local 542 (Amazon.com Services LLC)",Open,09/25/2024,,,Industry,CA,1000000,,"Charging Party, Legal Representative, Dieckman Alyson, Seyfarth Shaw LLP, 999 Third Avenue, Suite 4700, Seattle, WA, 98104-4041, (206)393-4027
Charged Party / Respondent, Legal Representative, Steiner Fern, Fern Steiner Law, APC, 1455 Frazee Road, Suite 500, SAN DIEGO, CA, 92108, (619)941-6108
Charged Party / Respondent, Legal Representative, Steiner Fern, Fern Steiner Law, APC, 1455 Frazee Rd.,, Suite 500, San Diego, CA, 92108, (619)941-6108
Charged Party / Respondent, Legal Representative, Steiner Fern, Fern Steiner Law, APC, 1455 Frazee Rd.,, Suite 500, San Diego, CA, 92108, (619)941-6108
Charged Party / Respondent, Legal Representative, Wojciechowski Jason, Bush Gottlieb, ALC, 801 N. Brand Blvd.,, Suite 950, Glendale, CA, 91203, (818)973-3208
Charged Party / Respondent, Legal Representative, Wojciechowski Jason, Bush Gottlieb, ALC, 801 N. Brand Blvd.,, Suite 950, Glendale, CA, 91203, (818)973-3208
Charged Party / Respondent, Legal Representative, Wojciechowski Jason, Bush Gottlieb, ALC, 801 N. Brand Blvd.,, Suite 950, Glendale, CA, 91203, (818)973-3208
Charged Party / Respondent, Legal Representative, Dickinson Julie, Bush Gottlieb, ALC, 801 N. Brand Blvd, Suite 950, Glendale, CA, 91203, (818)973-3200
Charged Party / Respondent, Legal Representative, Dickinson Julie, Bush Gottlieb, ALC, 801 N. Brand Blvd, Suite 950, Glendale, CA, 91203, (818)973-3200
Charged Party / Respondent, Legal Representative, Dickinson Julie, Bush Gottlieb, ALC, 801 N. Brand Blvd, Suite 950, Glendale, CA, 91203, (818)973-3200
",,,
C,"Region 31, Los Angeles, California",31-CA-351276,"Amazon.com Services, LLC and Amazon Logistics",Open,09/24/2024,,,Victorville,CA,57,"8(a)(3) Discharge (Including Layoff and Refusal to Hire (not salting))
","Charged Party / Respondent, Legal Representative, Fiss Adam, Littler Mendelson, P.C., 50 West San Fernando Street, 7th Floor, San Jose, CA, 95113, (408)795-3438
Charged Party / Respondent, Legal Representative, Beck Ian, Littler Mendelson P.C., 265 Church Street, Suite 300, New Haven, CT, 06510, (203)974-8722
Charging Party, Legal Representative, Dickinson Julie, Bush Gottlieb, ALC, (818)973-3228
Charged Party / Respondent, Legal Representative, Posey Thomas, Seyfarth Shaw LLP, 601 South Figueroa Street, Suite 3300, Los Angeles, CA, 90017-5793, (213)270-9600
Charging Party, Legal Representative, Wright Vanessa, Bush Gottlieb,  ALC, 801 No. Brand Blvd, Suite 950, Glendale, CA, 91203, (818)973-3228
Charging Party, Individual
Charged Party / Respondent, Employer, Amazon.com Services, LLC and Amazon Logistics, Victorville, CA, 92395
",,,
C,"Region 16, Fort Worth, Texas",16-CA-351466,"Amazon DAL 3 Company",Closed,09/24/2024,10/15/2024,"Withdrawal Non-adjusted",Dallas,TX,200,"8(a)(1) Concerted Activities (Retaliation, Discharge, Discipline)
8(a)(1) Coercive Rules
","Charged Party / Respondent, Legal Representative, PHILLIPS JOHN, 700 MILAM STREET, STE 1400, HOUSTON, TX, 77002-2812, (713)238-1832
Charged Party / Respondent, Legal Representative, Iaculla Taylor, Seyfarth Shaw LLP, 233 South Wacker Drive, Suite 8000, Chicago, IL, 60606, (312)460-5796
Charged Party / Respondent, Employer, AMAZON DAL 3 COMPANY, DALLAS, TX, 75211
Charging Party, Individual
",,,
C,"Region 07, Detroit, Michigan",07-CA-351240,"Amazon.com Services, LLC.",Closed,09/18/2024,04/15/2025,"Dismissal Non-adjusted",Caledonia,MI,2000,"8(a)(3) Discharge (Including Layoff and Refusal to Hire (not salting))
8(a)(1) Concerted Activities (Retaliation, Discharge, Discipline)
","Charged Party / Respondent, Legal Representative, Vento Joseph, Seyfarth Shaw LLP, 626 Eighth Avenue, 31st Floor, New York, NY, 10018, (212)218-5548
Charged Party / Respondent, Legal Representative, Sanchez Karla, Seyfarth Shaw LLP, 233 S. Wacker Drive, Suite 8000, Chicago, IL, 60606-6448, (312)460-5000
Charged Party / Respondent, Employer, Amazon.com Services, LLC., Caledonia, MI, 49316
Charging Party, Individual
",,,
C,"Region 13, Chicago, Illinois",13-CA-350690,"Amazon.com Services, LLC aka Amazon Logistics, LLC (collectively ""Amazon"") as a single employer with and/or a joint employer with Four Star Express Delivery (""Four Star""), BTK Rush, Inc.(""BTK""), Accuswift Logistics LLC (""Accuswift""), and Clear Logistics, LLC (""Clear"")",Open,09/17/2024,,,Skokie,IL,450,,"Charged Party / Respondent, Legal Representative, Stolzenbach Brian, Seyfarth Shaw LLP, 233 South Wacker Drive, Suite 8000, Chicago, IL, 60606-6448, (312)460-5000
Charged Party / Respondent, Legal Representative, Manganelli Caitlin, Seyfarth Shaw LLP, 233 S Wacker Drive, Suite 8000, Chicago, IL, 60606, (312)460-5000
Charged Party / Respondent, Legal Representative, Ferrer John, Ogletree Deakins, 1909 K Street NW, Suite 1000, Washington, DC, 20006-1134, (202)887-0855
Charged Party / Respondent, Legal Representative, Ferrer John, Ogletree Deakins, 1909 K Street NW, Suite 1000, Washington, DC, 20006-1134, (202)887-0855
Charged Party / Respondent, Legal Representative, Ferrer John, Ogletree Deakins, 1909 K Street NW, Suite 1000, Washington, DC, 20006-1134, (202)887-0855
Charged Party / Respondent, Legal Representative, Ferrer John, Ogletree Deakins, 1909 K Street NW, Suite 1000, Washington, DC, 20006-1134, (202)887-0855
Charged Party / Respondent, Legal Representative, Ferrer John, Ogletree Deakins, 1909 K Street NW, Suite 1000, Washington, DC, 20006-1134, (202)887-0855
Charged Party / Respondent, Legal Representative, Ferrer John, Ogletree Deakins, 1909 K Street NW, Suite 1000, Washington, DC, 20006-1134, (202)887-0855
Charged Party / Respondent, Legal Representative, Ferrer John, Ogletree Deakins, 1909 K Street NW, Suite 1000, Washington, DC, 20006-1134, (202)887-0855
Charged Party / Respondent, Legal Representative, Ferrer John, Ogletree Deakins, 1909 K Street NW, Suite 1000, Washington, DC, 20006-1134, (202)887-0855
",,,
C,"Region 10, Atlanta, Georgia",10-CA-350656,"Amazon.com Services - ATL6 Sortation Center",Closed,09/16/2024,12/08/2025,"Dismissal Non-adjusted","East Point",GA,1500,"8(a)(1) Coercive Statements (Threats, Promises of Benefits, etc.)
8(a)(1) Concerted Activities (Retaliation, Discharge, Discipline)
","Charged Party / Respondent, Legal Representative, Manganelli Caitlin, Seyfarth Shaw LLP, 233 South Wacker Drive, Suite 8000, Chicago, IL, 60606, (312)460-5000
Charged Party / Respondent, Legal Representative, Sanchez Karla, Seyfarth Shaw LLP, 233 S. Wacker Drive, Suite 8000, Chicago, IL, 60606-6448, (312)460-5000
Charged Party / Respondent, Legal Representative, Reed Rachael, Seyfarth Shaw LLP, 1075 Peachtree St NE, Suite 2500, Atlanta, GA, 30309-3958, (404)885-1500
Charging Party, Individual
Charged Party / Respondent, Employer, Amazon.com Services - ATL6 Sortation Center, East Point, GA, 30344
",,,
C,"Region 10, Atlanta, Georgia",10-CA-350678,"Amazon.com - ATL6",Closed,09/16/2024,10/07/2024,"Withdrawal Non-adjusted","East Point",GA,1500,"8(a)(1) Coercive Statements (Threats, Promises of Benefits, etc.)
8(a)(1) Coercive Rules
","Charged Party / Respondent, Legal Representative, Sanchez Karla, Seyfarth Shaw LLP, 233 S. Wacker Drive, Ste 8000, Chicago, IL, 60606, (312)460-5000
Charged Party / Respondent, Legal Representative, Reed Rachael, Seyfarth Shaw LLP, 1075 Peachtree St NE, Suite 2500, Atlanta, GA, 30309-3958, (404)885-1500
Charged Party / Respondent, Employer, Amazon.com - ATL6 Sortation Center, East Point, GA, 30344
Charging Party, Individual
",,,
C,"Region 31, Los Angeles, California",31-CA-350577,"Amazon.com Services, LLC aka Amazon Logistics, LLC",Open,09/13/2024,,,"San Bernardino",CA,1000,"8(a)(3) Discharge (Including Layoff and Refusal to Hire (not salting))
8(a)(1) Concerted Activities (Retaliation, Discharge, Discipline)
8(a)(3) Discipline
","Charging Party, Legal Representative, Dickinson Julie, Bush Gottlieb, ALC, 801 N. Brand Blvd.,, Suite 950, Glendale, CA, 91203, (818)973-3228
Charged Party / Respondent, Legal Representative, Mirrafati Kamran, Seyfarth Shaw LLP, 2029 Century Park East, Suite 3500, Los Angeles, CA, 90067-3021, (310)201-5290
Charging Party, Legal Representative, Sollett Mathew, Bush Gottlieb, ALC, 801 No. Brand Blvd, Suite 950, Glendale, CA, 91203, (818)973-3230
Charging Party, Legal Representative, Wright Vanessa, Bush Gottlieb,  ALC, 801 No. Brand Blvd, Suite 950, Glendale, CA, 91203, (818)973-3228
Charged Party / Respondent, Employer, Amazon.com Services LLC aka Amazon Logistics LLC, San Bernardino, CA, 92346
Charging Party, Union, International Brotherhood of Teamsters (IBT), Washington, DC, 20001
",,,
C,"Region 13, Chicago, Illinois",13-CA-350451,"Amazon.com Services, LLC aka Amazon Logistics, LLC (collectively ""Amazon"") as a single employer and/or a joint employer with Four Star Express Delivery, LLC (""Four Star""), BTK Rush, Inc. (""BTK""), Accuswift Logistics, LLC (""Accuswift""), and Clear Logistics, LLC (""Clear"")",Open,09/12/2024,,,Skokie,IL,450,,"Charged Party / Respondent, Legal Representative, Stolzenbach Brian, Seyfarth Shaw LLP, 233 South Wacker Drive, Suite 8000, Chicago, IL, 60606-6448, (312)460-5000
Charged Party / Respondent, Legal Representative, Manganelli Caitlin, Seyfarth Shaw LLP, 233 South Wacker Drive, Suite 8000, Chicago, IL, 60606, (312)460-5000
Charging Party, Legal Representative, De Haro Hector, Bush Gottlieb, ALC, 801 N. Brand Blvd.,, Suite 950, Glendale, CA, 91203, (818)973-3260
Charged Party / Respondent, Legal Representative, Ferrer John, Ogletree Deakins, 1909 K Street NW, Suite 1000, Washington, DC, 20006-1134, (202)887-0855
Charged Party / Respondent, Legal Representative, Ferrer John, Ogletree Deakins, 1909 K Street NW, Suite 1000, Washington, DC, 20006-1134, (202)887-0855
Charged Party / Respondent, Legal Representative, Ferrer John, Ogletree Deakins, 1909 K Street NW, Suite 1000, Washington, DC, 20006-1134, (202)887-0855
Charged Party / Respondent, Legal Representative, Ferrer John, Ogletree Deakins, 1909 K Street NW, Suite 1000, Washington, DC, 20006-1134, (202)887-0855
Charged Party / Respondent, Legal Representative, Ferrer John, Ogletree Deakins, 1909 K Street NW, Suite 1000, Washington, DC, 20006-1134, (202)887-0855
Charged Party / Respondent, Legal Representative, Ferrer John, Ogletree Deakins, 1909 K Street NW, Suite 1000, Washington, DC, 20006-1134, (202)887-0855
Charged Party / Respondent, Legal Representative, Ferrer John, Ogletree Deakins, 1909 K Street NW, Suite 1000, Washington, DC, 20006-1134, (202)887-0855
",,,
C,"Region 21, Los Angeles, California",21-CB-350208,"International Brotherhood of Teamsters, Teamsters Local 396, Teamsters Local 1932, Teamsters Local 952, & Teamsters Local 63 (Amazon.com Services LLC)",Open,09/10/2024,,,"Buena Park",CA,1000000,,"Charging Party, Legal Representative, Dieckman Alyson, Seyfarth Shaw, LLP, 999 3rd Avenue, Suite 4700, Seattle, WA, 98104, (206)393-4027
Charged Party / Respondent, Legal Representative, Lively Amanda, Wohlner Kaplon Cutler Halford Rosenfeld & Levy, 16501 Ventura Boulevard, Suite 304, Encino, CA, 91436-2067, (818)501-8030
Charged Party / Respondent, Legal Representative, Wojciechowski Jason, Bush Gottlieb, ALC, 801 No. Brand Blvd, Suite 950, Glendale, CA, 91203, (818)973-3208
Charged Party / Respondent, Legal Representative, Wojciechowski Jason, Bush Gottlieb, ALC, 801 No. Brand Blvd, Suite 950, Glendale, CA, 91203, (818)973-3208
Charged Party / Respondent, Legal Representative, Dickinson Julie, Bush Gottlieb, ALC, 801 N. Brand Blvd.,, Suite 950, Glendale, CA, 91203, (818)973-3228
Charged Party / Respondent, Legal Representative, Dickinson Julie, Bush Gottlieb, ALC, 801 N. Brand Blvd.,, Suite 950, Glendale, CA, 91203, (818)973-3228
Charging Party, Legal Representative, Mirrafati Kamran, Seyfarth Shaw LLP, 2029 Century Park East, Suite 3500, Los Angeles, CA, 90067-3021, (310)201-5290
Charged Party / Respondent, Notification, Ortega Raquel, Hayes, Ortega & Sanchez, 3625 Ruffin Rd., Suite 300, San Diego, CA, 92123-1832, (619)297-6900
Charged Party / Respondent, Legal Representative, Keng Samantha, Bush Gottlieb, ALC, 801 North Brand Blvd, Suite 950, Glendale, CA, 91203, (818)973-3203
Charged Party / Respondent, Legal Representative, Keng Samantha, Bush Gottlieb, ALC, 801 North Brand Blvd, Suite 950, Glendale, CA, 91203, (818)973-3203
",,,
C,"Region 15, New Orleans, Louisiana",15-CA-349922,Amazon,Open,09/06/2024,,,Byhalia,MS,100,"8(a)(1) Concerted Activities (Retaliation, Discharge, Discipline)
8(a)(3) Changes in Terms and Conditions of Employment
8(a)(1) Coercive Rules
8(a)(3) Discipline
","Charged Party / Respondent, Legal Representative, Stolzenbach Brian, Seyfarth Shaw LLP, 233 South Wacker Drive, Suite 8000, Chicago, IL, 60606, (312)460-5000
Charged Party / Respondent, Legal Representative, Tignor Elody, Seyfarth Shaw LLP, 233 South Wacker Drive, Suite 8000, Chicago, IL, 60606, (817)821-5950
Charged Party / Respondent, Legal Representative, Reed Rachael, Seyfarth Shaw LLP, 1075 Peachtree St NE, Suite 2500, Atlanta, GA, 30309-3958, (404)885-1500
Charged Party / Respondent, Employer, Amazon, Byhalia, MS, 38611
Charging Party, Individual
",,,
C,"Region 09, Cincinnati, Ohio",09-CA-349905,"AMAZON.COM SERVICES LLC D/B/A AMAZON AIR",Closed,09/05/2024,12/02/2024,"Withdrawal Non-adjusted",Florence,KY,4500,"8(a)(3) Discharge (Including Layoff and Refusal to Hire (not salting))
8(a)(1) Concerted Activities (Retaliation, Discharge, Discipline)
","Charged Party / Respondent, Legal Representative, Stolzenbach Brian, Seyfarth Shaw LLP, 233 South Wacker Drive, Suite 8000, Chicago, IL, 60606-6448, (312)460-5000
Charging Party, Legal Representative, Newport Pamela, Herzfeld, Suetholz, Gastel, Leniski and Wall, PLLC, 600 Vine Street, Suite 2720, Cincinnati, OH, 45202, (513)381-2224
Charging Party, Legal Representative, Rekowski Rachel, Herzfeld, Suetholz, Gastel, Leniski and Wall, PLLC, 600 Vine Street, Suite 2720, Cincinnati, OH, 45202, (513)381-2224
Charged Party / Respondent, Employer, Amazon.com Services LLC d/b/a Amazon Air, Florence, KY, 41042
Charging Party, Union, General Drivers, Warehousemen and Helpers, Local Union No. 89, affiliated with the International Brotherhood of Teamsters, Louisville, KY, 40215
",,,
C,"Region 09, Cincinnati, Ohio",09-CA-349995,"AMAZON.COM SERVICES LLC D/B/A  AMAZON AIR",Closed,09/05/2024,04/16/2025,"Withdrawal Non-adjusted",Florence,KY,4500,"8(a)(1) Coercive Actions (Surveillance, etc)
","Charged Party / Respondent, Legal Representative, Stolzenbach Brian, Seyfarth Shaw LLP, 233 South Wacker Drive, Suite 8000, Chicago, IL, 60606-6448, (312)460-5000
Charging Party, Legal Representative, Newport Pamela, Herzfeld, Suetholz, Gastel, Leniski and Wall, PLLC, 600 Vine Street, Suite 2720, Cincinnati, OH, 45202, (513)381-2224
Charged Party / Respondent, Employer, Amazon.com Services LLC d/b/a Amazon Air, Florence, KY, 41042
Charging Party, Union, General Drivers, Warehousemen and Helpers, Local Union No. 89, affiliated with the International Brotherhood of Teamsters, Louisville, KY, 40215
",,,
C,"Region 09, Cincinnati, Ohio",09-CA-349973,"AMAZON.COM SERVICES LLC D/B/A  AMAZON AIR",Closed,09/05/2024,04/16/2025,"Withdrawal Non-adjusted",Florence,KY,4500,"8(a)(1) Concerted Activities (Retaliation, Discharge, Discipline)
8(a)(1) Coercive Actions (Surveillance, etc)
8(a)(3) Discipline
8(a)(3) Discharge (Including Layoff and Refusal to Hire (not salting))
","Charged Party / Respondent, Legal Representative, Stolzenbach Brian, Seyfarth Shaw LLP, 233 South Wacker Drive, Suite 8000, Chicago, IL, 60606-6448, (312)460-5000
Charged Party / Respondent, Legal Representative, Moronta Grayson, Seyfarth Shaw, LLP, 620 8th Avenue, Floor 32, New York, NY, 10018, (404)704-9671
Charging Party, Legal Representative, Newport Pamela, Herzfeld, Suetholz, Gastel, Leniski and Wall, PLLC, 600 Vine Street, Suite 2720, Cincinnati, OH, 45202, (513)381-2224
Charging Party, Legal Representative, Rekowski Rachel, Herzfeld, Suetholz, Gastel, Leniski and Wall, PLLC, 600 Vine Street, Suite 2720, Cincinnati, OH, 45202, (513)381-2224
Charging Party, Union, General Drivers, Warehousemen and Helpers, Local Union No. 89, affiliated with the International Brotherhood of Teamsters, Louisville, KY, 40215
Charged Party / Respondent, Employer, Amazon.com Services LLC d/b/a Amazon Air, Florence, KY, 41042
",,,
C,"Region 09, Cincinnati, Ohio",09-CA-349952,"AMAZON.COM SERVICES LLC D/B/A AMAZON AIR",Open,09/05/2024,,,Florence,KY,4500,"8(a)(3) Changes in Terms and Conditions of Employment
8(a)(3) Discipline
","Charged Party / Respondent, Legal Representative, Stolzenbach Brian, Seyfarth Shaw LLP, 233 South Wacker Drive, Suite 8000, Chicago, IL, 60606-6448, (312)460-5000
Charging Party, Legal Representative, Newport Pamela, Herzfeld, Suetholz, Gastel, Leniski and Wall, PLLC, 600 Vine Street, Suite 2720, Cincinnati, OH, 45202, (513)381-2224
Charging Party, Legal Representative, Rekowski Rachel, Herzfeld, Suetholz, Gastel, Leniski and Wall, PLLC, 600 Vine Street, Suite 2720, Cincinnati, OH, 45202, (513)381-2224
Charging Party, Union, General Drivers, Warehousemen and Helpers Local Union No. 89, affiliated with the International Brotherhood of Teamsters, Louisville, KY, 40215
Charged Party / Respondent, Employer, Amazon.com Services LLC d/b/a Amazon Air, Florence, KY, 41042
",,,
C,"Region 16, Fort Worth, Texas",16-CA-349726,Amazon,Closed,09/04/2024,02/18/2026,"Dismissal Non-adjusted",Waco,TX,1000,"8(a)(1) Concerted Activities (Retaliation, Discharge, Discipline)
8(a)(1) Coercive Rules
","Charged Party / Respondent, Legal Representative, Phillips John, Seyfarth Shaw LLP, 700 Milam Street, Suite 1400, Houston, TX, 77002-2812, (713)225-2300
Charged Party / Respondent, Legal Representative, Iaculla Taylor, Seyfarth Shaw LLP, 233 South Wacker Drive, Suite 8000, Chicago, IL, 60606, (312)460-5796
Charged Party / Respondent, Employer, AMAZON, WACO, TX, 76712
Charging Party, Individual
",,,
C,"Region 31, Los Angeles, California",31-CB-349584,"International Brotherhood of Teamsters Joint Council 42 & Teamsters Local 396 (Amazon.com Services LLC)",Open,08/30/2024,,,Victorville,CA,1000000,,"Charging Party, Legal Representative, Dieckman Alyson, Seyfarth Shaw LLP, 999 Third Avenue, Suite 4700, Seattle, WA, 98104-4041, (206)393-4027
Charging Party, Legal Representative, Cortes Eduardo, Seyfarth Shaw LLP, 601 S. Figueroa St., Ste. 3300, Los Angeles, CA, 90017, (213)270-9600
Charged Party / Respondent, Legal Representative, De Haro Hector, Bush Gottlieb, ALC, 801 N. Brand Blvd.,, Suite 950, Glendale, CA, 91203, (818)973-3260
Charged Party / Respondent, Legal Representative, Wojciechowski Jason, Bush Gottlieb, ALC, 801 North Brand Boulevard, Suite 950, Glendale, CA, 91203, (818)973-3208
Charged Party / Respondent, Legal Representative, Gutman-Dickinson Julie, Bush Gottlieb, ALC, 801 North Brand Blvd.,, Suite 950, Glendale, CA, 91203, (818)973-3228
Charging Party, Legal Representative, Mirrafati Kamran, Seyfarth Shaw LLP, 2029 Century Park East, Suite 3500, Los Angeles, CA, 90067-3021, (310)201-5290
Charged Party / Respondent, Legal Representative, Keng Samantha, Bush Gottlieb, ALC, 801 N. Brand Blvd, Suite 950, Glendale, CA, 91203, (213)760-2207
Charged Party / Respondent, Union, Teamsters Local 396, Utility and Package Drivers, affiliated with the International Brotherhood of Teamsters, Covina, CA, 91724
Charged Party / Respondent, Union, Teamsters Joint Council 42, Pomona, CA, 91768
Charging Party, Additional Service, Amazon Logistics Inc. and Amazon.com Services LLC, Seattle, WA, 98109
",,,
C,"Region 07, Detroit, Michigan",07-CA-349941,"Amazon GRR1 F.C.",Open,08/27/2024,,,Caledonia,MI,1500,"8(a)(1) Concerted Activities (Retaliation, Discharge, Discipline)
","Charged Party / Respondent, Legal Representative, Vento Joseph, Seyfarth Shaw LLP, 626 Eighth Avenue, 31st Floor, New York, NY, 10018, (212)218-5548
Charged Party / Respondent, Legal Representative, Sanchez Karla, Seyfarth Shaw LLP, 233 S. Wacker Drive, Ste 8000, Chicago, IL, 60606, (312)460-5000
Charged Party / Respondent, Employer, Amazon GRR1 F.C., Caledonia, MI, 49316
Charging Party, Individual
",,,
C,"Region 21, Los Angeles, California",21-CA-349046,"Amazon.com Services, LLC and its agent Amazon Logistics, Inc. (collectively ""Amazon""), as a joint and/or single employer with DirectPro Logistics, LLC (""DPro"")",Closed,08/23/2024,09/22/2025,"Withdrawal Non-adjusted",Industry,CA,140,,"Charging Party, Legal Representative, De Haro Hector, Bush Gottlieb, ALC, 801 N. Brand Blvd.,, Suite 950, Glendale, CA, 91203, (818)973-3260
Charged Party / Respondent, Legal Representative, Ferrer John, Ogletree Deakins, 1909 K Street NW, Suite 1000, Washington, DC, 20006-1134, (202)887-0855
Charging Party, Legal Representative, Dickinson Julie, Bush Gottlieb, ALC, 801 N. Brand Blvd.,, Suite 950, Glendale, CA, 91203, (818)973-3228
Charged Party / Respondent, Legal Representative, Mirrafati Kamran, Seyfarth Shaw LLP, 2029 Century Park East, Suite 3500, Los Angeles, CA, 90067-3021, (310)201-5290
Charged Party / Respondent, Legal Representative, Remish Madeline, Seyfarth Shaw LLP, 233 South Wacker Drive, Suite 8000, Chicago, IL, 60606, (312)460-5000
Charging Party, Legal Representative, Keng Samantha, Bush Gottlieb, ALC, 801 North Brand Blvd, Suite 950, Glendale, CA, 91203, (818)973-3203
Charging Party, Union, International Brotherhood of Teamsters, Washington, DC, 20001
Charged Party / Respondent, Employer, DirectPro Logistics, LLC, La Mirada, CA, 90637
Charged Party / Respondent, Employer, Amazon DAX5 Facility, City of Industry, CA, 91744
Charged Party / Respondent, Additional Service, Amazon DAX5 Facility, City of Industry, CA, 91744
",,,
C,"Region 21, Los Angeles, California",21-CB-348558,"International Brotherhood of Teamsters, Teamsters Joint Council 42 & Teamsters Local 396 (Amazon.com Services, LLC)",Open,08/16/2024,,,"March ARB",CA,1000000,,"Involved Party, Legal Representative, Dieckman Alyson, Seyfarth Shaw LLP, 999 Third Avenue, Suite 4700, Seattle, WA, 98104-4041, (206)393-4027
Charging Party, Legal Representative, Dieckman Alyson, Seyfarth Shaw LLP, 999 Third Avenue, Suite 4700, Seattle, WA, 98104-4041, (206)393-4027
Charged Party / Respondent, Legal Representative, Wojciechowski Jason, Bush Gottlieb, ALC, 801 N. Brand Blvd.,, Suite 950, Glendale, CA, 91203, (818)973-3208
Charged Party / Respondent, Legal Representative, Wojciechowski Jason, Bush Gottlieb, ALC, 801 N. Brand Blvd.,, Suite 950, Glendale, CA, 91203, (818)973-3208
Charged Party / Respondent, Legal Representative, Dickinson Julie, Bush Gottlieb, ALC, 801 N. Brand Blvd, Suite 950, Glendale, CA, 91203, (818)973-3200
Charged Party / Respondent, Legal Representative, Dickinson Julie, Bush Gottlieb, ALC, 801 N. Brand Blvd, Suite 950, Glendale, CA, 91203, (818)973-3200
Involved Party, Legal Representative, Mirrafati Kamran, Seyfarth Shaw LLP, 2029 Century Park East, Suite 3500, Los Angeles, CA, 90067-3021, (310)201-5290
Charging Party, Legal Representative, Mirrafati Kamran, Seyfarth Shaw LLP, 2029 Century Park East, Suite 3500, Los Angeles, CA, 90067-3021, (310)201-5290
Charged Party / Respondent, Legal Representative, Keng Samantha, Bush Gottlieb, ALC, 801 North Brand Blvd, Suite 950, Glendale, CA, 91203, (818)973-3203
Charged Party / Respondent, Legal Representative, Keng Samantha, Bush Gottlieb, ALC, 801 North Brand Blvd, Suite 950, Glendale, CA, 91203, (818)973-3203
",,,
C,"Region 09, Cincinnati, Ohio",09-CA-348524,"AMAZON.COM SERVICES LLC AND ITS SUBSIDIARY, AMAZON AIR",Open,08/09/2024,,,Florence,KY,4500,"8(a)(1) Coercive Actions (Surveillance, etc)
","Charged Party / Respondent, Legal Representative, Stolzenbach Brian, Seyfarth Shaw LLP, 233 South Wacker Drive, Suite 8000, Chicago, IL, 60606-6448, (312)460-5000
Charged Party / Respondent, Legal Representative, Rich Jamie, Seyfarth Shaw LLP, 560 Mission Street, Suite 3100, San Francisco, CA, 94105-2930, (916)498-7078
Charging Party, Legal Representative, Newport Pamela, Herzfeld, Suetholz, Gastel, Leniski and Wall, PLLC, 600 Vine Street, Suite 2720, Cincinnati, OH, 45202, (513)381-2224
Charged Party / Respondent, Employer, Amazon.com Services LLC and its Subsidiary, Amazon Air, Florence, KY, 41042
Charging Party, Union, General Drivers, Warehousemen and Helpers Local Union No. 89, affiliated with the International Brotherhood of Teamsters, Louisville, KY, 40215
",,,
C,"Region 09, Cincinnati, Ohio",09-CA-348579,"AMAZON.COM SERVICES LLC AND ITS SUBSIDIARY, AMAZON AIR",Open,08/09/2024,,,Florence,KY,4500,"8(a)(1) Interrogation (including Polling)
8(a)(3) Discipline
8(a)(1) Coercive Statements (Threats, Promises of Benefits, etc.)
8(a)(1) Coercive Actions (Surveillance, etc)
8(a)(1) Concerted Activities (Retaliation, Discharge, Discipline)
","Charged Party / Respondent, Legal Representative, Stolzenbach Brian, Seyfarth Shaw LLP, 233 South Wacker Drive, Suite 8000, Chicago, IL, 60606-6448, (312)460-5000
Charged Party / Respondent, Legal Representative, Rich Jamie, Seyfarth Shaw LLP, 560 Mission Street, Suite 3100, San Francisco, CA, 94105-2930, (916)498-7078
Charging Party, Legal Representative, Newport Pamela, Herzfeld, Suetholz, Gastel, Leniski and Wall, PLLC, 600 Vine Street, Suite 2720, Cincinnati, OH, 45202, (513)381-2224
Charged Party / Respondent, Employer, Amazon.com Services LLC and its Subsidiary, Amazon Air, Florence, KY, 41042
Charging Party, Union, General Drivers, Warehousemen and Helpers Local Union No. 89, affiliated with the International Brotherhood of Teamsters, Louisville, KY, 40215
",,,
C,"Region 09, Cincinnati, Ohio",09-CA-348541,"AMAZON.COM SERVICES LLC AND ITS SUBSIDIARY, AMAZON AIR",Open,08/09/2024,,,Florence,KY,4500,"8(a)(3) Changes in Terms and Conditions of Employment
","Charged Party / Respondent, Legal Representative, Dieckman Alyson, Seyfarth Shaw, LLP, 999 3rd Avenue, Suite 4700, Seattle, WA, 98104, (206)393-4027
Charged Party / Respondent, Legal Representative, Stolzenbach Brian, Seyfarth Shaw LLP, 233 South Wacker Drive, Suite 8000, Chicago, IL, 60606-6448, (312)460-5000
Charged Party / Respondent, Legal Representative, Rich Jamie, Seyfarth Shaw LLP, 560 Mission Street, Suite 3100, San Francisco, CA, 94105-2930, (916)498-7078
Charging Party, Legal Representative, Newport Pamela, Herzfeld, Suetholz, Gastel, Leniski and Wall, PLLC, 600 Vine Street, Suite 2720, Cincinnati, OH, 45202, (513)381-2224
Charged Party / Respondent, Employer, Amazon.com Services LLC and its Subsidiary, Amazon Air, Florence, KY, 41042
Charging Party, Union, General Drivers, Warehousemen and Helpers Local Union No. 89, affiliated with the International Brotherhood of Teamsters, Louisville, KY, 40215
Charging Party, Additional Service, Herzfeld Suetholz Gastel Leniski & Wall PLLC, Cincinnati, OH, 45202
",,,
C,"Region 31, Los Angeles, California",31-CA-348067,"Amazon.com Services",Closed,08/08/2024,02/12/2026,"Dismissal Non-adjusted",Bakersfield,CA,100,"8(a)(1) Coercive Actions (Surveillance, etc)
8(a)(1) Coercive Statements (Threats, Promises of Benefits, etc.)
8(a)(1) Concerted Activities (Retaliation, Discharge, Discipline)
8(a)(1) Interrogation (including Polling)
8(a)(1) Coercive Rules
","Charged Party / Respondent, Legal Representative, Raduechel Janine, Buchalter, 601 South Figueroa Street, Suite 3300, Los Angeles, CA, 90017, (213)270-9600
Charged Party / Respondent, Legal Representative, Mirrafati Kamran, Cardone Industries, 2029 Century Park E, Suite 3500, Los Angeles, CA, 90067, (310)201-5290
Charging Party, Individual
Charged Party / Respondent, Employer, Amazon.com Services, Bakersfield, CA, 93308
",,,
C,"Region 21, Los Angeles, California",21-CB-347816,"International Brotherhood of Teamsters, Teamsters Local 396, Teamsters Local 705 (Amazon.com Services LLC)",Open,08/06/2024,,,"South Gate",CA,1000000,,"Charging Party, Legal Representative, Dieckman Alyson, Seyfarth Shaw LLP, 999 Third Avenue, Suite 4700, Seattle, WA, 98104-4041, (206)393-4027
Involved Party, Legal Representative, Dieckman Alyson, Seyfarth Shaw LLP, 999 Third Avenue, Suite 4700, Seattle, WA, 98104-4041, (206)393-4027
Charged Party / Respondent, Legal Representative, Wojciechowski Jason, Bush Gottlieb, ALC, 801 No. Brand Blvd, Suite 950, Glendale, CA, 91203, (818)973-3208
Charged Party / Respondent, Legal Representative, Wojciechowski Jason, Bush Gottlieb, ALC, 801 No. Brand Blvd, Suite 950, Glendale, CA, 91203, (818)973-3208
Charged Party / Respondent, Legal Representative, Wojciechowski Jason, Bush Gottlieb, ALC, 801 No. Brand Blvd, Suite 950, Glendale, CA, 91203, (818)973-3208
Charged Party / Respondent, Legal Representative, Dickinson Julie, Bush Gottlieb, ALC, 801 N. Brand Blvd, Ste. 950, Glendale, CA, 91203, (818)973-3228
Charged Party / Respondent, Legal Representative, Dickinson Julie, Bush Gottlieb, ALC, 801 N. Brand Blvd, Ste. 950, Glendale, CA, 91203, (818)973-3228
Charged Party / Respondent, Legal Representative, Dickinson Julie, Bush Gottlieb, ALC, 801 N. Brand Blvd, Ste. 950, Glendale, CA, 91203, (818)973-3228
Involved Party, Legal Representative, Mirrafati Kamran, Seyfarth Shaw LLP, 2029 Century Park East, Suite 3500, Los Angeles, CA, 90067-3021, (310)201-5290
Charging Party, Legal Representative, Mirrafati Kamran, Seyfarth Shaw LLP, 2029 Century Park East, Suite 3500, Los Angeles, CA, 90067-3021, (310)201-5290
",,,
C,"Region 09, Cincinnati, Ohio",09-CA-347937,"AMAZON.COM SERVICES LLC AND ITS SUBSIDIARY, AMAZON AIR",Closed,08/05/2024,07/01/2025,"Withdrawal Non-adjusted",Florence,KY,4500,"8(a)(3) Discharge (Including Layoff and Refusal to Hire (not salting))
8(a)(1) Concerted Activities (Retaliation, Discharge, Discipline)
","Charged Party / Respondent, Legal Representative, Stolzenbach Brian, Seyfarth Shaw LLP, 233 South Wacker Drive, Suite 8000, Chicago, IL, 60606-6448, (312)460-5000
Charged Party / Respondent, Legal Representative, Rich Jamie, Seyfarth Shaw LLP, 560 Mission Street, Suite 3100, San Francisco, CA, 94105-2930, (916)498-7078
Charging Party, Legal Representative, Rekowski Rachel, Herzfeld, Suetholz, Gastel, Leniski and Wall, PLLC, 600 Vine Street, Suite 2720, Cincinnati, OH, 45202, (513)381-2224
Charging Party, Union, General Drivers Warehousemen and Helpers, Local Union No. 89, affiliated with the International Brotherhood of Teamsters, Louisville, KY, 40215
Charged Party / Respondent, Employer, Amazon.com Services LLC and its Subsidiary, Amazon Air, Florence, KY, 41042
",,,
C,"Region 09, Cincinnati, Ohio",09-CA-347884,"AMAZON.COM SERVICES LLC AND ITS SUBSIDIARY, AMAZON AIR",Open,08/05/2024,,,Florence,KY,4500,"8(a)(1) Coercive Statements (Threats, Promises of Benefits, etc.)
","Charged Party / Respondent, Legal Representative, Stolzenbach Brian, Seyfarth Shaw LLP, 233 South Wacker Drive, Suite 8000, Chicago, IL, 60606-6448, (312)460-5000
Charged Party / Respondent, Legal Representative, Rich Jamie, Seyfarth Shaw LLP, 560 Mission Street, Suite 3100, San Francisco, CA, 94105-2930, (916)498-7078
Charging Party, Legal Representative, Rekowski Rachel, Herzfeld, Suetholz, Gastel, Leniski and Wall, PLLC, 600 Vine Street, Suite 2720, Cincinnati, OH, 45202, (513)381-2224
Charging Party, Union, General Drivers Warehousemen and Helpers, Local Union No. 89, affiliated with the International Brotherhood of Teamsters, Louisville, KY, 40215
Charged Party / Respondent, Employer, Amazon.com Services LLC and its Subsidiary, Amazon Air, Florence, KY, 41042
",,,
C,"Region 09, Cincinnati, Ohio",09-CA-347932,"AMAZON.COM SERVICES LLC AND ITS SUBSIDIARY, AMAZON AIR",Open,08/05/2024,,,Florence,KY,4500,"8(a)(3) Discharge (Including Layoff and Refusal to Hire (not salting))
8(a)(1) Concerted Activities (Retaliation, Discharge, Discipline)
","Charged Party / Respondent, Legal Representative, Stolzenbach Brian, Seyfarth Shaw LLP, 233 South Wacker Drive, Suite 8000, Chicago, IL, 60606-6448, (312)460-5000
Charged Party / Respondent, Legal Representative, Rich Jamie, Seyfarth Shaw LLP, 560 Mission Street, Suite 3100, San Francisco, CA, 94105-2930, (916)498-7078
Charging Party, Legal Representative, Rekowski Rachel, Herzfeld, Suetholz, Gastel, Leniski and Wall, PLLC, 600 Vine Street, Suite 2720, Cincinnati, OH, 45202, (513)381-2224
Charging Party, Union, General Drivers Warehousemen and Helpers, Local Union No. 89, affiliated with the International Brotherhood of Teamsters, Louisville, KY, 40215
Charged Party / Respondent, Employer, Amazon.com Services LLC and its Subsidiary, Amazon Air, Florence, KY, 41042
",,,
C,"Region 31, Los Angeles, California",31-CB-347586,"International Brotherhood of Teamsters, Teamsters Joint Council 42 & Teamsters Local 396 (Amazon.com Services LLC)",Closed,08/02/2024,08/26/2026,"Withdrawal Non-adjusted",Chatsworth,CA,1000000,,"Charged Party / Respondent, Legal Representative, Wojciechowski Jason, Bush Gottlieb, ALC, 801 No. Brand Blvd, Suite 950, Glendale, CA, 91203, (818)973-3208
Charged Party / Respondent, Legal Representative, Wojciechowski Jason, Bush Gottlieb, ALC, 801 No. Brand Blvd, Suite 950, Glendale, CA, 91203, (818)973-3208
Charged Party / Respondent, Legal Representative, Dickinson Julie, Bush Gottlieb, ALC, 801 N. Brand Blvd, Ste. 950, Glendale, CA, 91203, (818)973-3228
Charged Party / Respondent, Legal Representative, Dickinson Julie, Bush Gottlieb, ALC, 801 N. Brand Blvd, Ste. 950, Glendale, CA, 91203, (818)973-3228
Charging Party, Legal Representative, Mirrafati Kamran, Seyfarth Shaw LLP, 2029 Century Park East, Suite 3500, Los Angeles, CA, 90067-3021, (310)201-5290
Charged Party / Respondent, Legal Representative, Keng Samantha, Bush Gottlieb, ALC, 801 North Brand Blvd, Suite 950, Glendale, CA, 91203, (818)973-3203
Charged Party / Respondent, Legal Representative, Keng Samantha, Bush Gottlieb, ALC, 801 North Brand Blvd, Suite 950, Glendale, CA, 91203, (818)973-3203
Charged Party / Respondent, Union, Teamsters Local 396, Utility and Package Drivers, affiliated with the International Brotherhood of Teamsters, Covina, CA, 91724
Charged Party / Respondent, Union, Teamsters Joint Council 42, Pomona, CA, 91768
Charging Party, Employer, Amazon.com Services LLC, Seattle, WA, 98109
",,,
C,"Region 10, Atlanta, Georgia",10-CA-347040,"Amazon.com Services, LLC",Open,07/26/2024,,,Atlanta,GA,100,"8(a)(1) Coercive Rules
","Charged Party / Respondent, Legal Representative, Burke Cary, Seyfarth Shaw, LLP, 1075 Peachtree St NE Ste 2500, Atlanta, GA, 30309-3958, (404)704-9667
Charged Party / Respondent, Legal Representative, Swedlow Daniel, Seyfarth Shaw LLP, 999 Third Avenue, Suite 4700, Seattle, WA, 98104-4041, (206)946-4940
Charged Party / Respondent, Employer, Atlanta, GA, 30349
Charging Party, Individual
",,,
C,"Region 29, Brooklyn, New York",29-CA-346926,"Amazon.com, Inc. LDJ5 Sort Center",Closed,07/24/2024,01/14/2026,"Withdrawal Non-adjusted","Staten Island",NY,1500,"8(a)(3) Changes in Terms and Conditions of Employment
8(a)(3) Discharge (Including Layoff and Refusal to Hire (not salting))
8(a)(3) Discipline
","Charged Party / Respondent, Legal Representative, Rogers Amber, Hunton Andrews Kurth LLP, 1445 Ross Ave., Ste 3700, Dallas, TX, 75202, (241)468-3308
Charged Party / Respondent, Legal Representative, Larkin Kurt, 2951 East Byrd Street, Riverfront Plaza, East Tower, Richmond, VA, 23219, (804)788-8776
Charged Party / Respondent, Legal Representative, Glasgow Ryan, Hunton Andrews Kurth LLP, 951 East Byrd Street, Richmond, VA, 23219, (804)788-8791
Charging Party, Union, International Brotherhood of Teamsters, Washington, DC, 20001
Charged Party / Respondent, Employer, Amazon.com Services Inc., Staten Island, NY, 10314
",,,
C,"Region 10, Atlanta, Georgia",10-CA-346892,"Amazon.com Services, Amazon and Amazon.com, Inc.",Closed,07/24/2024,04/28/2026,"Dismissal Non-adjusted",Chattanooga,TN,2000,"8(a)(1) Concerted Activities (Retaliation, Discharge, Discipline)
8(a)(4) Discipline
","Charged Party / Respondent, Legal Representative, Burke Cary, Seyfarth Shaw, LLP, 1075 Peachtree St NE Ste 2500, Atlanta, GA, 30309-3958, (404)704-9667
Charged Party / Respondent, Legal Representative, Kuntz Harrison, Seyfarth Shaw LLP, 233 S. Wacker Dr Ste 8000, Chicago, IL, 60606-6448, (312)460-5811
Charged Party / Respondent, Employer, Amazon.com Services, Amazon and Amazon.com, Inc., Chattanooga, TN, 37416
Charging Party, Individual
",,,
C,"Region 31, Los Angeles, California",31-CA-346806,"Amazon.com Services LLC aka Amazon Logistics LLC",Open,07/22/2024,,,"San Bernardino",CA,1000,"8(a)(1) Concerted Activities (Retaliation, Discharge, Discipline)
8(a)(3) Changes in Terms and Conditions of Employment
8(a)(1) Interrogation (including Polling)
","Charged Party / Respondent, Legal Representative, Raduechel Janine, Buchalter, 601 South Figueroa Street, Suite 3300, Los Angeles, CA, 90017, (213)270-9600
Charging Party, Legal Representative, Dickinson Julie, Bush Gottlieb, ALC, 801 N. Brand Blvd, Ste. 950, Glendale, CA, 91203, (818)973-3228
Charged Party / Respondent, Legal Representative, Mirrafati Kamran, Seyfarth Shaw LLP, 2029 Century Park East, Suite 3500, Los Angeles, CA, 90067-3021, (310)201-5290
Charging Party, Legal Representative, Sollett Mathew, Bush Gottlieb, ALC, 801 No. Brand Blvd, Suite 950, Glendale, CA, 91203, (818)973-3230
Charging Party, Legal Representative, Wright Vanessa, Bush Gottlieb,  ALC, 801 No. Brand Blvd, Suite 950, Glendale, CA, 91203, (818)973-3228
Charging Party, Union, The International Brotherhood of Teamsters, Washington, DC, 20001
Charged Party / Respondent, Employer, Amazon.com Services LLC aka Amazon Logistics LLC, San Bernardino, CA, 92346
",,,
C,"Region 03, Buffalo, New York",03-CA-346562,Amazon,Closed,07/19/2024,11/27/2024,"Dismissal Non-adjusted",Liverpool,NY,5000,"8(a)(1) Concerted Activities (Retaliation, Discharge, Discipline)
","Charged Party / Respondent, Legal Representative, Emery Brooke, Seyfarth Shaw LLP, 620 8th Avenue, Floor 33, New York, NY, 10018, (973)663-5114
Charged Party / Respondent, Legal Representative, Silver Jason, Seyfarth Shaw LLP, 620 8th Avenue, 32nd Floor, New York, NY, 10018, (212)218-5282
Charged Party / Respondent, Employer, Amazon, Liverpool, NY, 13090
Charging Party, Individual
",,,
C,"Region 31, Los Angeles, California",31-CA-346775,"Amazon.com Services LLC",Open,07/19/2024,,,"San Bernardino",CA,1000,"8(a)(1) Concerted Activities (Retaliation, Discharge, Discipline)
8(a)(3) Changes in Terms and Conditions of Employment
","Charging Party, Legal Representative, Dickinson Julie, Bush Gottlieb, ALC, 801 N. Brand Blvd.,, Suite 950, Glendale, CA, 91203, (818)973-3228
Charged Party / Respondent, Legal Representative, Mirrafati Kamran, Seyfarth Shaw LLP, 2029 Century Park East, Suite 3500, Los Angeles, CA, 90067-3021, (310)201-5290
Charging Party, Legal Representative, Sollett Mathew, Bush Gottlieb, ALC, 801 N. Brand Blvd., Suite 950, Glendale, CA, 91203, (818)973-3230
Charging Party, Legal Representative, Wright Vanessa, Bush Gottlieb,  ALC, 801 No. Brand Blvd, Suite 950, Glendale, CA, 91203, (818)973-3228
Charged Party / Respondent, Employer, Amazon.com Services LLC, San Bernardino, CA, 92346
Charging Party, Union, International Brotherhood of Teamsters, Washington, DC, 20001
",,,
C,"Region 31, Los Angeles, California",31-CB-346824,"International Brotherhood of Teamsters, Teamsters Joint Council 42 & Teamsters Local 396 (Amazon.com Services LLC)",Open,07/19/2024,,,Redlands,CA,1000000,,"Charging Party, Legal Representative, Dieckman Aly, Seyfarth Shaw, LLP, 233 South Wacker Drive, Suite 8000, Chicago, IL, 60606, (206)393-4027
Charged Party / Respondent, Legal Representative, Wojciechowski Jason, Bush Gottlieb, ALC, 801 No. Brand Blvd, Suite 950, Glendale, CA, 91203, (818)973-3208
Charged Party / Respondent, Legal Representative, Wojciechowski Jason, Bush Gottlieb, ALC, 801 No. Brand Blvd, Suite 950, Glendale, CA, 91203, (818)973-3208
Charged Party / Respondent, Legal Representative, Dickinson Julie, Bush Gottlieb, ALC, 801 N. Brand Blvd.,, Suite 950, Glendale, CA, 91203, (818)973-3228
Charged Party / Respondent, Legal Representative, Dickinson Julie, Bush Gottlieb, ALC, 801 N. Brand Blvd.,, Suite 950, Glendale, CA, 91203, (818)973-3228
Charging Party, Legal Representative, Mirrafati Kamran, Seyfarth Shaw LLP, 2029 Century Park East, Suite 3500, Los Angeles, CA, 90067-3021, (310)201-5290
Charged Party / Respondent, Legal Representative, Keng Samantha, Bush Gottlieb, ALC, 801 North Brand Blvd, Suite 950, Glendale, CA, 91203, (818)973-3203
Charged Party / Respondent, Legal Representative, Keng Samantha, Bush Gottlieb, ALC, 801 N. Brand Blvd, Suite 950, Glendale, CA, 91203, (213)760-2207
Charged Party / Respondent, Union, Teamsters Local 396, Utility and Package Drivers, affiliated with the International Brotherhood of Teamsters, Covina, CA, 91724
Charged Party / Respondent, Union, Teamsters Joint Council 42, Pomona, CA, 91768
",,,
C,"Region 29, Brooklyn, New York",29-CA-346419,"Amazon.com, Inc., LDJ5 Sort Center",Closed,07/16/2024,01/14/2026,"Withdrawal Non-adjusted","Staten Island",NY,1500,"8(a)(3) Changes in Terms and Conditions of Employment
8(a)(3) Discharge (Including Layoff and Refusal to Hire (not salting))
8(a)(3) Discipline
","Charged Party / Respondent, Legal Representative, Rogers Amber, Hunton Andrews Kurth LLP, 1445 Ross Avenue, Suite 3700, Dallas, TX, 75202, (214)468-3308
Charged Party / Respondent, Legal Representative, Larkin Kurt, Hunton Andrews Kurth LLP, 951 East Byrd Street, Richmond, VA, 23219, (804)788-8776
Charged Party / Respondent, Legal Representative, Glasgow Ryan, Hunton Andrews Kurth LLP, 951 East Byrd Street, Richmond, VA, 23219, (804)788-8791
Charged Party / Respondent, Employer, Amazon.com, Inc., LDJ5 Sort Center, Staten Island, NY, 10314
Charging Party, Union, INTERNATIONAL BROTHERHOOD OF TEAMSTERS, WASHINGTON, DC, 20001
",,,
C,"Region 29, Brooklyn, New York",29-CA-346387,"Amazon.com Services LLC",Open,07/15/2024,,,"Staten Island",NY,350000,"8(a)(1) Coercive Actions (Surveillance, etc)
8(a)(3) Changes in Terms and Conditions of Employment
8(a)(4) Changes in Terms and Conditions of Employment
","Charged Party / Respondent, Legal Representative, Rogers Amber, Hunton Andrews Kurth LLP, 1445 Ross Ave., Ste 3700, Dallas, TX, 75202, (241)468-3308
Charging Party, Legal Representative, Schwartz Arthur, Advocates for Justice Chartered Attorneys, 225 Broadway, Suite 1902, New York, NY, 10007, (212)285-1400
Charged Party / Respondent, Legal Representative, Larkin Kurt, Hunton Andrews Kurth LLP, 951 East Byrd Street, Richmond, VA, 23219, (804)788-8776
Charging Party, Individual
Charged Party / Respondent, Employer, Amazon.com Services LLC, Staten Island, NY, 10314
",,,
C,"Region 29, Brooklyn, New York",29-CA-346042,"Amazon.com Services LLC",Open,07/08/2024,,,"Staten Island",NY,5000,"8(a)(1) Coercive Actions (Surveillance, etc)
","Charged Party / Respondent, Legal Representative, Rogers Amber, Hunton Andrews Kurth LLP, 1445 Ross Ave., Ste 3700, Dallas, TX, 75202, (241)468-3308
Charging Party, Legal Representative, Mirer Jeannie, Amazon Labor Union, 300 Cadman Plaza West, 12th Floor, Brooklyn, NY, 11201, (212)231-2235
Charged Party / Respondent, Legal Representative, Larkin Kurt, 2951 East Byrd Street, Riverfront Plaza, East Tower, Richmond, VA, 23219, (804)788-8776
Charged Party / Respondent, Legal Representative, Glasgow Ryan, 2951 East Byrd Street, Riverfront Plaza, East Tower, Richmond, VA, 23219, (804)788-8791
Charging Party, Union, International Brotherhood of Teamsters and its subordinate units, the Teamsters Amazon Division and the Teamsters Amazon National Negotiating Committee, Washington, DC, 20001
Charged Party / Respondent, Employer, Amazon.com Services LLC, Staten Island, NY, 10314
",,,
C,"Region 02, New York, New York",02-CA-345799,"Amazon.com Services LLC",Open,07/03/2024,,,"Rock Tavern",NY,700,"8(a)(1) Weingarten
8(a)(3) Discipline
","Charged Party / Respondent, Legal Representative, Fink Elliot, Seyfarth Shaw LLP, 233 S Wacker Dr Ste 8000, Chicago, IL, 60606-6448, (212)218-5617
Charged Party / Respondent, Legal Representative, Smith Glenn, Seyfarth Shaw LLP, Seyfarth Shaw LLP, 620 Eighth Avenue, 31st Floor, New York, NY, 10018, (212)218-3502
Charged Party / Respondent, Legal Representative, Silver Jason, Seyfarth Shaw LLP, 620 8th Avenue, 32nd Floor, New York, NY, 10018, (212)218-5282
Charging Party, Legal Representative, Dickerson Julie, Bush Gottlieb, ALC, 801 North Brand Boulevard, Suite 950, Glendale, CA, 91203, (775)888-7024
Charging Party, Legal Representative, Wright Vanessa, Bush Gottlieb,  ALC, 801 No. Brand Blvd, Suite 950, Glendale, CA, 91203, (818)973-3228
Charged Party / Respondent, Employer, Amazon.com Services LLC, Montgomery, NY, 12575
Charging Party, Individual
",,,
C,"Region 22, Newark, New Jersey",22-CA-345872,"Amazon Logistics, Inc.",Closed,07/03/2024,05/26/2026,"Withdrawal Non-adjusted",Avenel,NJ,200,"8(a)(1) Concerted Activities (Retaliation, Discharge, Discipline)
","Charged Party / Respondent, Legal Representative, Emery Brooke, Seyfarth Shaw LLP, 620 8th Avenue, Floor 33, New York, NY, 10018, (973)663-5114
Charged Party / Respondent, Legal Representative, Silver Jason, Seyfarth Shaw LLP, 620 8th Avenue, 32nd Floor, New York, NY, 10018, (212)218-5282
Charging Party, Legal Representative, Niver Joseph, Make The Road New Jersey, 42 Broad Street, Elizabeth, NJ, 07201, (908)368-1196
Charged Party / Respondent, Employer, Amazon Logistics, Inc., Seattle, WA, 98109
Charging Party, Individual
",,,
C,"Region 16, Fort Worth, Texas",16-CA-346085,AMAZON,Closed,07/02/2024,01/20/2026,"Dismissal Non-adjusted",McKinney,TX,1000,"8(a)(1) Concerted Activities (Retaliation, Discharge, Discipline)
","Charged Party / Respondent, Legal Representative, PHILLIPS JOHN, 700 MILAM STREET, STE 1400, HOUSTON, TX, 77002-2812, (713)238-1832
Charged Party / Respondent, Employer, MCKINNEY, TX, 75069
Charging Party, Individual
",,,
C,"Region 13, Chicago, Illinois",13-CA-345491,"Amazon.com Services, LLC",Closed,07/01/2024,02/07/2025,"Dismissal Non-adjusted",Skokie,IL,500,"8(a)(1) Concerted Activities (Retaliation, Discharge, Discipline)
","Charged Party / Respondent, Legal Representative, Stolzenbach Brian, Seyfarth Shaw LLP, 233 South Wacker Drive, Suite 8000, Chicago, IL, 60606, (312)460-5000
Charged Party / Respondent, Legal Representative, Iaculla Taylor, Seyfarth Shaw LLP, 233 South Wacker Drive, Suite 8000, Chicago, IL, 60606, (312)460-5796
Charged Party / Respondent, Employer, Amazon.com Services, LLC, Skokie, IL, 60077
Charging Party, Individual
",,,
C,"Region 29, Brooklyn, New York",29-CA-345480,"Amazon.com Services LLC",Closed,07/01/2024,02/11/2025,"Withdrawal Non-adjusted","Staten Island",NY,5500,"8(a)(1) Coercive Actions (Surveillance, etc)
","Charged Party / Respondent, Legal Representative, Rogers Amber, Hunton Andrews Kurth LLP, 1445 Ross Ave., Ste 3700, Dallas, TX, 75202, (214)468-3308
Charged Party / Respondent, Legal Representative, Larkin Kurt, Hunton Andrews Kurth LLP, 951 East Byrd Street, Suite 1300, Richmond, VA, 23219, (804)788-8776
Charged Party / Respondent, Employer, Amazon.com Services LLC, Staten Island, NY, 10314
Charging Party, Union, Washington, DC, 20001
",,,
C,"Region 02, New York, New York",02-CA-345610,"Amazon.com Services, LLC",Open,07/01/2024,,,"Rock Tavern",NY,1000,"8(a)(1) Coercive Actions (Surveillance, etc)
8(a)(1) Coercive Rules
","Charged Party / Respondent, Legal Representative, Fink Elliot, Seyfarth Shaw LLP, 233 S Wacker Dr Ste 8000, Chicago, IL, 60606-6448, (212)218-5617
Charged Party / Respondent, Legal Representative, Smith Glenn, Seyfarth Shaw LLP, 620 Eighth Ave, 32nd Floor, New York, NY, 10018, (212)218-3502
Charged Party / Respondent, Legal Representative, Silver Jason, Seyfarth Shaw LLP, 620 8th Avenue, 32nd Floor, New York, NY, 10018, (212)218-5282
Charging Party, Legal Representative, Dickinson Julie, Bush Gottlieb, ALC, 801 N. Brand Blvd.,, Suite 950, Glendale, CA, 91203, (818)973-3228
Charging Party, Legal Representative, Wright Vanessa, Bush Gottlieb,  ALC, 801 No. Brand Blvd, Suite 950, Glendale, CA, 91203, (818)973-3228
Charged Party / Respondent, Employer, AMAZON COM SERVICES, LLC, Rock Tavern, NY, 12575
Charging Party, Union, The International Brotherhood of Teamsters, Washington, DC, 20001
",,,
C,"Region 13, Chicago, Illinois",13-CA-345386,"Amazon Logistics, Inc. and Amazon.com Services LLC, and Four Star Express Delivery, LLC, as a single employer and/or as joint employers",Open,06/28/2024,,,Skokie,IL,120,"8(a)(3) Discharge (Including Layoff and Refusal to Hire (not salting))
8(a)(5) Refusal to Recognize
","Charged Party / Respondent, Legal Representative, Stolzenbach Brian, Seyfarth Shaw LLP, 233 South Wacker Drive, Suite 8000, Chicago, IL, 60606, (312)460-5000
Charged Party / Respondent, Legal Representative, Manganelli Caitlin, Seyfarth Shaw LLP, 233 South Wacker Drive, Suite 8000, Chicago, IL, 60606, (312)460-5000
Charging Party, Legal Representative, De Haro Hector, Bush Gottlieb, a Law Corporation, 801 North Brand Boulevard, Suite 950, Glendale, CA, 91203, (818)973-3260
Charging Party, Legal Representative, Gutman-Dickinson Julie, Bush Gottlieb, ALC, 801 North Brand Blvd.,, Suite 950, Glendale, CA, 91203, (818)973-3228
Charged Party / Respondent, Employer, Amazon Logistics, Skokie, IL, 60077
Charged Party / Respondent, Employer, Four Star Express Delivery, Skokie, IL, 60077
Charging Party, Union, Teamsters Local Union No. 705, Chicago, IL, 60612
",,,
C,"Region 13, Chicago, Illinois",13-CA-345213,"Amazon Logistics, Inc. and Amazon.com Services LLC, and BTK Rush Inc., as a single employer and/or as joint employers",Open,06/27/2024,,,Skokie,IL,80,,"Charged Party / Respondent, Legal Representative, Stolzenbach Brian, Seyfarth Shaw LLP, 233 South Wacker Drive, Suite 8000, Chicago, IL, 60606-6448, (312)460-5000
Charged Party / Respondent, Legal Representative, Manganelli Caitlin, Seyfarth Shaw LLP, 233 South Wacker Drive, Suite 8000, Chicago, IL, 60606, (312)460-5000
Charging Party, Legal Representative, De Haro Hector, Bush Gottlieb, a Law Corporation, 801 North Brand Boulevard, Suite 950, Glendale, CA, 91203, (818)973-3260
Charged Party / Respondent, Legal Representative, Ferrer John, Ogletree, Deakins, Nash, Smoak & Stewart, PC, 1909 K Street NW, Suite 1000, Washington, DC, 20006, (202)263-0268
Charging Party, Legal Representative, Gutman Dickinson Julie, Bush Gottlieb,  ALC, 801 North Brand Boulevard, Suite 950, Glendale, CA, 91203, (818)973-3228
Charging Party, Legal Representative, Vazquez Kevin, International Brotherhood of Teamsters, 25 Louisiana Avenue NW, Washington, DC, 20001, (202)624-6847
Charged Party / Respondent, Employer, Amazon Logistics, Inc. and Amazon.com Services LLC, Skokie, IL, 60077
Charged Party / Respondent, Employer, BTK Rush Inc., Skokie, IL, 60077
Charging Party, Union, International Brotherhood of Teamsters, Washington, DC, 20001
Charged Party / Respondent, Employer, Amazon Logistics, Skokie, IL, 60077
",,,
C,"Region 13, Chicago, Illinois",13-CA-345123,"Amazon Hub DIL-7",Closed,06/26/2024,07/09/2024,"Withdrawal Non-adjusted",Skokie,IL,100,"8(a)(3) Changes in Terms and Conditions of Employment
","Charging Party, Legal Representative, De Haro Hector, Bush Gottlieb, a Law Corporation, 801 North Brand Boulevard, Suite 950, Glendale, CA, 91203, (818)973-3260
Charging Party, Legal Representative, Gutman Dickinson Julie, Bush Gottlieb,  ALC, 801 North Brand Boulevard, Suite 950, Glendale, CA, 91203, (818)973-3228
Charged Party / Respondent, Employer, Amazon Hub DIL-7, Skokie, IL, 60076
Charging Party, Union, International Brotherhood of Teamsters, Washington, DC, 20001
",,,
C,"Region 10, Atlanta, Georgia",10-CA-345127,Amazon,Closed,06/26/2024,07/17/2024,"Withdrawal Non-adjusted",Smithfield,NC,900,"8(a)(1) Concerted Activities (Retaliation, Discharge, Discipline)
","Charged Party / Respondent, Legal Representative, Burke Cary, Seyfarth Shaw, LLP, 1075 Peachtree St NE Ste 2500, Atlanta, GA, 30309-3958, (404)704-9667
Charged Party / Respondent, Employer, Amazon, Smithfield, NC, 27577
Charging Party, Individual
",,,
C,"Region 02, New York, New York",02-CA-345323,"Amazon.com Services LLC",Open,06/26/2024,,,"Rock Tavern",NY,100,"8(a)(1) Concerted Activities (Retaliation, Discharge, Discipline)
","Charged Party / Respondent, Legal Representative, Fink Elliot, Seyfarth Shaw LLP, 233 S Wacker Dr Ste 8000, Chicago, IL, 60606-6448, (212)218-5617
Charged Party / Respondent, Legal Representative, Smith Glenn, Seyfarth Shaw LLP, 620 8th Avenue, 33rd Floor, New York, NY, 10018, (212)218-3502
Charged Party / Respondent, Legal Representative, Silver Jason, Seyfarth Shaw LLP, 620 8th Avenue, Floor 33, New York, NY, 10018, (845)325-3443
Charging Party, Legal Representative, Dickinson Julie, Bush Gottlieb, ALC, 801 N. Brand Blvd, Ste. 950, Glendale, CA, 91203, (818)973-3228
Charging Party, Legal Representative, Wright Vanessa, Bush Gottlieb,  ALC, 801 No. Brand Blvd, Suite 950, Glendale, CA, 91203, (818)973-3228
Charged Party / Respondent, Employer, Amazon.com Services LLC, Rock Tavern, NY, 12575
Charging Party, Individual
",,,
C,"Region 29, Brooklyn, New York",29-CA-345305,"Amazon.com Services LLC",Closed,06/25/2024,02/11/2025,"Withdrawal Non-adjusted","Staten Island",NY,5500,"8(a)(1) Coercive Statements (Threats, Promises of Benefits, etc.)
","Charged Party / Respondent, Legal Representative, Rogers Amber, Hunton Andrews Kurth LLP, 1445 Ross Avenue, Suite 3700, Dallas, TX, 75202, (214)468-3308
Charging Party, Legal Representative, Vasquez Jason, International Brotherhood of Teamsters, 25 Louisiana Avenue NW, Washington, DC, 20001, (202)624-6945
Charged Party / Respondent, Legal Representative, Larkin Kurt, 2951 East Byrd Street, Riverfront Plaza, East Tower, Richmond, VA, 23219, (804)788-8776
Charging Party, Union, International Brotherhood of Teamsters, Washington, DC, 20001
Charged Party / Respondent, Employer, Amazon.com Services LLC, Staten Island, NY, 10314
",,,
C,"Region 29, Brooklyn, New York",29-CA-345309,"Amazon.com Services LLC",Open,06/25/2024,,,"Staten Island",NY,5500,"8(a)(1) Weingarten
","Charged Party / Respondent, Legal Representative, Rogers Amber, Hunton Andrews Kurth LLP, 1445 Ross Avenue, Suite 3700, Dallas, TX, 75202, (214)468-3307
Intervenor, Legal Representative, Mirer Jeannie, Julien Mirer & Associates, PLLC, 300 Cadman Plaza West, 12th Floor, Brooklyn, NY, 11201, (212)231-2235
Charged Party / Respondent, Legal Representative, Larkin Kurt, Hunton Andrews Kurth LLP, 1445 Ross Ave., Ste 3700, Dallas, TX, 75202, (804)788-8776
Charged Party / Respondent, Employer, Amazon.com Services LLC, Staten Island, NY
Charging Party, Individual
Intervenor, Union, Amazon Labor Union- IBT Local 1, Staten Island, NY, 10314
",,,
C,"Region 29, Brooklyn, New York",29-CA-345295,"Amazon.com Services LLC",Closed,06/25/2024,02/11/2025,"Withdrawal Non-adjusted","Staten Island",NY,5500,"8(a)(1) Coercive Actions (Surveillance, etc)
","Charged Party / Respondent, Legal Representative, Rogers Amber, Hunton Andrews Kurth LLP, 1445 Ross Avenue, Suite 3700, Dallas, TX, 75202, (214)468-3308
Charged Party / Respondent, Legal Representative, Larkin Kurt, Hunton Andrews Kurth LLP, 951 East Byrd Street, Richmond, VA, 23219, (804)788-8776
Charged Party / Respondent, Employer, Amazon.com Services LLC, Staten Island, NY, 10314
Charging Party, Union, Washington, DC, 20001
",,,
C,"Region 29, Brooklyn, New York",29-CA-345316,"Amazon.com Services LLC",Open,06/25/2024,,,"Staten Island",NY,5500,"8(a)(1) Coercive Actions (Surveillance, etc)
","Charged Party / Respondent, Legal Representative, Rogers Amber, Hunton Andrews Kurth LLP, 1445 Ross Ave., Ste 3700, Dallas, TX, 75202, (214)468-3308
Charging Party, Legal Representative, Vazquez Jason, First Student, Inc., 25 Louisiana Avenue NW, Washington, DC, 20001, (202)624-6936
Intervenor, Legal Representative, Mirer Jeannie, Julien Mirer & Associates, PLLC, 300 Cadman Plaza West, 12th Floor, Brooklyn, NY, 11201, (212)231-2235
Charged Party / Respondent, Legal Representative, Larkin Kurt, 2951 East Byrd Street, Riverfront Plaza, East Tower, Richmond, VA, 23219, (804)788-8776
Charging Party, Union, International Brotherhood of Teamsters, Washington, DC, 20001
Charged Party / Respondent, Employer, Amazon.com Services LLC, Staten Island, NY, 10314
Intervenor, Union, Amazon Labor Union- IBT Local 1, Staten Island, NY, 10314
",,,
R,"Region 13, Chicago, Illinois",13-RC-344881,"Amazon Logistics and Four Star Express Delivery as a Single Employer and/or Joint Employers",Closed,06/21/2024,07/01/2024,"Withdrawal Non-adjusted",Skokie,IL,120,,"Employer, Legal Representative, Stolzenbach Brian, Seyfarth Shaw LLP, 233 South Wacker Drive, Suite 8000, Chicago, IL, 60606, (312)460-5000
Petitioner, Legal Representative, De Haro Hector, Bush Gottlieb, ALC, 801 N. Brand Blvd.,, Suite 950, Glendale, CA, 91203, (818)973-3260
Petitioner, Legal Representative, Dickinson Julie, Bush Gottlieb, ALC, 801 N. Brand Blvd, Ste. 950, Glendale, CA, 91203, (818)973-3228
Petitioner, Legal Representative, Gutman Dickinson Julie, Bush Gottlieb, ALC, 801 North Brand Boulevard, Suite 950, Glendale, CA, 91203, (818)973-3228
Employer, Legal Representative, Sloan Matthew, Seyfarth Shaw LLP, 233 South Wacker Drive, Suite 8000, Chicago, IL, 60606, (312)460-5000
Employer, Legal Representative, Manjarrez Norma, Ogletree, Deakins, Nash, Smoak & Stewart PC, 155 North Wacker Drive,  Suite 4300, Chicago, IL, 60606-1731, (312)558-1235
Employer, Legal Representative, Kamin Timothy, Jackson Lewis, P.C., 1243 North 10th Street, Suite 200, Milwaukee, WI, 53205-2566, (414)239-6403
Employer, Employer, Amazon Logistics, Skokie, IL, 60077
Petitioner, Union, Teamsters Local Union No. 705, Chicago, IL, 60612, (312)738-5264
Employer, Employer, Four Star Express Delivery, Skokie, IL, 60077
",,"Included: All full-time and part-time drivers, drivers helpers, dispatchers, fleet maintenance employees

Excluded: Supervisory, security, clerical and managerial employees",
C,"Region 29, Brooklyn, New York",29-CA-344737,"LDJ5 Amazon Sort Center",Closed,06/17/2024,01/14/2026,"Withdrawal Non-adjusted","Staten Island",NY,1500,"8(a)(1) Coercive Statements (Threats, Promises of Benefits, etc.)
8(a)(1) Interrogation (including Polling)
8(a)(1) Coercive Rules
8(a)(3) Discipline
","Charged Party / Respondent, Legal Representative, Rogers Amber, Hunton Andrews Kurth LLP, 1445 Ross Avenue, Suite 3700, Dallas, TX, 75202, (214)468-3308
Charging Party, Legal Representative, Vasquez Jason, 25 Louisiana Avenue NW, Washington, DC, 20001, (202)624-6945
Charged Party / Respondent, Legal Representative, Larkin Kurt, Hunton Andrews Kurth LLP, 951 East Byrd Street, Richmond, VA, 23219, (804)788-8776
Charged Party / Respondent, Legal Representative, Glasgow Ryan, Hunton Andrews Kurth LLP, 951 East Byrd Street, Richmond, VA, 23219, (804)788-8791
Charged Party / Respondent, Employer, LDJ5 Amazon Sort Center, Staten Island, NY, 10314
Charging Party, Union, International Brotherhood of Teamsters, Washington, DC, 20001
",,,
C,"Region 07, Detroit, Michigan",07-CA-344908,"Amazon DET6 Hub",Open,06/17/2024,,,Detroit,MI,1200,"8(a)(3) Changes in Terms and Conditions of Employment
","Charged Party / Respondent, Legal Representative, Vento Joseph, Seyfarth Shaw LLP, 626 Eighth Avenue, 31st Floor, New York, NY, 10018, (212)218-5548
Charging Party, Union, International Brotherhood of Teamsters, Washington, DC, 20001
Charged Party / Respondent, Employer, Amazon Hub (DET6), Detroit, MI, 48203
",,,
C,"Region 07, Detroit, Michigan",07-CA-345107,"Amazon Hub (DET6)",Open,06/17/2024,,,Detroit,MI,1200,"8(a)(1) Coercive Statements (Threats, Promises of Benefits, etc.)
8(a)(1) Concerted Activities (Retaliation, Discharge, Discipline)
8(a)(1) Coercive Actions (Surveillance, etc)
","Charged Party / Respondent, Legal Representative, Vento Joseph, Seyfarth Shaw LLP, 626 Eighth Avenue, 31st Floor, New York, NY, 10018, (212)218-5548
Charging Party, Union, International Brotherhood of Teamsters, Washington, DC, 20001
Charged Party / Respondent, Employer, Amazon Hub (DET6), Detroit, MI, 48203
",,,
C,"Region 07, Detroit, Michigan",07-CA-345092,"Amazon Hub (DET6)",Open,06/17/2024,,,Detroit,MI,1200,"8(a)(1) Interrogation (including Polling)
","Charged Party / Respondent, Legal Representative, Vento Joseph, Seyfarth Shaw LLP, 626 Eighth Avenue, 31st Floor, New York, NY, 10018, (212)218-5548
Charged Party / Respondent, Employer, Amazon Hub (DET6), Detroit, MI, 48203
Charging Party, Union, International Brotherhood of Teamsters, Washington, DC, 20001
",,,
C,"Region 07, Detroit, Michigan",07-CA-344966,"Amazon Hub (DET6)",Open,06/17/2024,,,Detroit,MI,1200,"8(a)(1) Coercive Statements (Threats, Promises of Benefits, etc.)
","Charged Party / Respondent, Legal Representative, Vento Joseph, Seyfarth Shaw LLP, 626 Eighth Avenue, 31st Floor, New York, NY, 10018, (212)218-5548
Charging Party, Union, International Brotherhood of Teamsters, Washington, DC, 20001
Charged Party / Respondent, Employer, Amazon Hub (DET6), Detroit, MI, 48203
",,,
C,"Region 07, Detroit, Michigan",07-CA-344920,"Amazon Hub (DET6)",Open,06/17/2024,,,Detroit,MI,1200,"8(a)(1) Coercive Actions (Surveillance, etc)
","Charged Party / Respondent, Legal Representative, Vento Joseph, Seyfarth Shaw LLP, 626 Eighth Avenue, 31st Floor, New York, NY, 10018, (212)218-5548
Charging Party, Union, International Brotherhood of Teamsters, Washington, DC, 20001
Charged Party / Respondent, Employer, Amazon Hub (DET6), Detroit, MI, 48203
",,,
C,"Region 10, Atlanta, Georgia",10-CA-344502,Amazon,Closed,06/17/2024,07/25/2024,"Dismissal Non-adjusted",Atlanta,GA,100,"8(a)(1) Concerted Activities (Retaliation, Discharge, Discipline)
","Charged Party / Respondent, Legal Representative, Burke Cary, Seyfarth Shaw, LLP, 1075 Peachtree St NE Ste 2500, Atlanta, GA, 30309-3958, (404)704-9667
Charged Party / Respondent, Employer, Amazon, Atlanta, GA, 30349
Charging Party, Individual
",,,
C,"Region 13, Chicago, Illinois",13-CA-344509,"Amazon Hub DIL-7",Closed,06/14/2024,07/09/2024,"Withdrawal Non-adjusted",Skokie,IL,100,"8(a)(3) Changes in Terms and Conditions of Employment
","Charged Party / Respondent, Legal Representative, Stolzenbach Brian, Seyfarth Shaw LLP, 233 South Wacker Drive, Suite 8000, Chicago, IL, 60606, (312)460-5000
Charging Party, Legal Representative, De Haro Hector, Bush Gottlieb, a Law Corporation, 801 North Brand Boulevard, Suite 950, Glendale, CA, 91203, (818)973-3260
Charging Party, Legal Representative, Gutman Dickinson Julie, Bush Gottlieb,  ALC, 801 North Brand Boulevard, Suite 950, Glendale, CA, 91203, (818)973-3228
Charging Party, Legal Representative, Vazquez Kevin, International Brotherhood of Teamsters, 25 Louisiana Avenue, NW, Washington, DC, 20005, (202)624-7466
Charging Party, Legal Representative, Burden Willie, The International Brotherhood of Teamsters, 25 Louisiana Avenue, N.W., Washington, DC, 20001, (202)624-6951
Charged Party / Respondent, Employer, Amazon Logistics, Inc. and Amazon.com Services LLC, Skokie, IL, 60077
Charging Party, Union, International Brotherhood of Teamsters, (IBT), Washington, DC, 20001
",,,
C,"Region 13, Chicago, Illinois",13-CA-344510,"Amazon Hub DIL-7",Closed,06/14/2024,07/09/2024,"Withdrawal Non-adjusted",Skokie,IL,100,"8(a)(3) Shutdown or Relocate/ Subcontract Unit Work
","Charged Party / Respondent, Legal Representative, Stolzenbach Brian, Seyfarth Shaw LLP, 233 South Wacker Drive, Suite 8000, Chicago, IL, 60606, (312)460-5000
Charging Party, Legal Representative, De Haro Hector, Bush Gottlieb, a Law Corporation, 801 North Brand Boulevard, Suite 950, Glendale, CA, 91203, (818)973-3260
Charging Party, Legal Representative, Gutman Dickinson Julie, Bush Gottlieb,  ALC, 801 North Brand Boulevard, Suite 950, Glendale, CA, 91203, (818)973-3228
Charging Party, Legal Representative, Vazquez Kevin, International Brotherhood of Teamsters, 25 Louisiana Avenue, NW, Washington, DC, 20005, (202)624-7466
Charging Party, Legal Representative, Burden Willie, International Brotherhood of Teamsters (IBT), 25 Louisiana Avenue, N.W., Washington, DC, 20001, (202)624-6951
Charged Party / Respondent, Employer, Amazon Logistics, Inc. and Amazon.com Services LLC, Skokie, IL, 60077
Charging Party, Union, International Brotherhood of Teamsters, (IBT), Washington, DC, 20001
",,,
C,"Region 13, Chicago, Illinois",13-CA-344513,"Amazon Hub DIL-7",Closed,06/14/2024,07/09/2024,"Withdrawal Non-adjusted",Skokie,IL,100,"8(a)(3) Discharge (Including Layoff and Refusal to Hire (not salting))
","Charged Party / Respondent, Legal Representative, Stolzenbach Brian, Seyfarth Shaw LLP, 233 South Wacker Drive, Suite 8000, Chicago, IL, 60606, (312)460-5000
Charging Party, Legal Representative, De Haro Hector, Bush Gottlieb, a Law Corporation, 801 North Brand Boulevard, Suite 950, Glendale, CA, 91203, (818)973-3260
Charging Party, Legal Representative, Gutman Dickinson Julie, Bush Gottlieb,  ALC, 801 North Brand Boulevard, Suite 950, Glendale, CA, 91203, (818)973-3228
Charging Party, Legal Representative, Vazquez Kevin, International Brotherhood of Teamsters, 25 Louisiana Avenue, NW, Washington, DC, 20005, (202)624-7466
Charging Party, Legal Representative, Burden Willie, The International Brotherhood of Teamsters, 25 Louisiana Avenue, N.W., Washington, DC, 20001, (202)624-6951
Charged Party / Respondent, Employer, Amazon Logistics, Inc. and Amazon.com Services LLC, Skokie, IL, 60077
Charging Party, Union, International Brotherhood of Teamsters, (IBT), Washington, DC, 20001
",,,
C,"Region 13, Chicago, Illinois",13-CA-344569,"Amazon Hub DIL-7",Closed,06/14/2024,07/09/2024,"Withdrawal Non-adjusted",Skokie,IL,100,"8(a)(1) Coercive Actions (Surveillance, etc)
8(a)(3) Changes in Terms and Conditions of Employment
","Charged Party / Respondent, Legal Representative, Stolzenbach Brian, Seyfarth Shaw LLP, 233 South Wacker Drive, Suite 8000, Chicago, IL, 60606, (312)460-5000
Charging Party, Legal Representative, De Haro Hector, Bush Gottlieb, a Law Corporation, 801 North Brand Boulevard, Suite 950, Glendale, CA, 91203, (818)973-3260
Charging Party, Legal Representative, Gutman Dickinson Julie, Bush Gottlieb,  ALC, 801 North Brand Boulevard, Suite 950, Glendale, CA, 91203, (818)973-3228
Charging Party, Legal Representative, Vazquez Kevin, International Brotherhood of Teamsters, 25 Louisiana Avenue, NW, Washington, DC, 20005, (202)624-7466
Charging Party, Legal Representative, Burden Willie, The International Brotherhood of Teamsters, 25 Louisiana Avenue, N.W., Washington, DC, 20001, (202)624-6951
Charged Party / Respondent, Employer, Amazon Logistics, Inc. and Amazon.com Services LLC, Skokie, IL, 60077
Charging Party, Union, International Brotherhood of Teamsters, (IBT), Washington, DC, 20001
",,,
C,"Region 13, Chicago, Illinois",13-CA-344512,"Amazon Hub DIL-7",Closed,06/14/2024,07/09/2024,"Withdrawal Non-adjusted",Skokie,IL,100,"8(a)(1) Coercive Actions (Surveillance, etc)
8(a)(3) Changes in Terms and Conditions of Employment
","Charged Party / Respondent, Legal Representative, Stolzenbach Brian, Seyfarth Shaw LLP, 233 South Wacker Drive, Suite 8000, Chicago, IL, 60606, (312)460-5000
Charging Party, Legal Representative, De Haro Hector, Bush Gottlieb, a Law Corporation, 801 North Brand Boulevard, Suite 950, Glendale, CA, 91203, (818)973-3260
Charging Party, Legal Representative, Gutman Dickinson Julie, Bush Gottlieb,  ALC, 801 North Brand Boulevard, Suite 950, Glendale, CA, 91203, (818)973-3228
Charging Party, Legal Representative, Vazquez Kevin, International Brotherhood of Teamsters, 25 Louisiana Avenue, NW, Washington, DC, 20005, (202)624-7466
Charging Party, Legal Representative, Burden Willie, The International Brotherhood of Teamsters, 25 Louisiana Avenue, N.W., Washington, DC, 20001, (202)624-6951
Charged Party / Respondent, Employer, Amazon Logistics, Inc. and Amazon.com Services LLC, Skokie, IL, 60077
Charging Party, Union, International Brotherhood of Teamsters, (IBT), Washington, DC, 20001
",,,
C,"Region 13, Chicago, Illinois",13-CA-344506,"Amazon Logistics, Inc. and Amazon.com Services LLC, and Four Star Express Delivery, LLC, as a single employer and/or as joint employers",Open,06/14/2024,,,Skokie,IL,100,"8(a)(1) Coercive Actions (Surveillance, etc)
","Charged Party / Respondent, Legal Representative, Stolzenbach Brian, Seyfarth Shaw LLP, 233 South Wacker Drive, Suite 8000, Chicago, IL, 60606, (312)460-5000
Charged Party / Respondent, Legal Representative, Manganelli Caitlin, Seyfarth Shaw LLP, 233 South Wacker Drive, Suite 8000, Chicago, IL, 60606, (312)460-5000
Charging Party, Legal Representative, De Haro Hector, Bush Gottlieb, a Law Corporation, 801 North Brand Boulevard, Suite 950, Glendale, CA, 91203, (818)973-3260
Charged Party / Respondent, Legal Representative, Ferrer John, Ogletree Deakins, 1909 K Street NW, Suite 100, Washington, DC, 20006, (202)263-0268
Charging Party, Legal Representative, Gutman Dickinson Julie, Bush Gottlieb,  ALC, 801 North Brand Boulevard, Suite 950, Glendale, CA, 91203, (818)973-3228
Charging Party, Legal Representative, Vazquez Kevin, International Brotherhood of Teamsters, 25 Louisiana Avenue NW, Washington, DC, 20001, (202)624-6847
Charging Party, Legal Representative, Burden Willie, The International Brotherhood of Teamsters, 25 Louisiana Avenue, N.W., Washington, DC, 20001, (202)624-6951
Charged Party / Respondent, Employer, Amazon Logistics, Skokie, IL, 60077
Charged Party / Respondent, Employer, Four Star Express Delivery, Skokie, IL, 60077
",,,
C,"Region 16, Fort Worth, Texas",16-CA-344534,"Amazon Inc.",Closed,06/13/2024,04/07/2025,"Dismissal Non-adjusted",Pflugerville,TX,300,"8(a)(1) Concerted Activities (Retaliation, Discharge, Discipline)
8(a)(3) Discharge (Including Layoff and Refusal to Hire (not salting))
8(a)(1) Interrogation (including Polling)
","Charged Party / Respondent, Legal Representative, PHILLIPS JOHN, SEYFARTH SHAW LLP, 700 MILAM STREET, STE 1400, HOUSTON, TX, 77002-2812, (713)238-1832
Charged Party / Respondent, Employer,  AMAZON INC., TUMWATER, WA, 98501
Charging Party, Individual
",,,
C,"Region 29, Brooklyn, New York",29-CA-344814,"Amazon.com Services LLC",Closed,06/13/2024,02/11/2025,"Dismissal Non-adjusted","Staten Island",NY,5000,"8(a)(3) Discharge (Including Layoff and Refusal to Hire (not salting))
","Charged Party / Respondent, Legal Representative, Rogers Amber, Hunton Andrews Kurth LLP, 1445 Ross Ave., Ste 3700, Dallas, TX, 75202, (241)468-3308
Charged Party / Respondent, Legal Representative, Larkin Kurt, Hunton Andrews Kurth LLP, 951 East Byrd Street, Richmond, VA, 23219, (804)788-8776
Charged Party / Respondent, Employer, Amazon.com Services LLC, Staten Island, NY, 10314
Charging Party, Individual
",,,
C,"Region 16, Fort Worth, Texas",16-CA-344274,"Amazon DAL 3 Company",Closed,06/10/2024,08/30/2024,"Dismissal Non-adjusted","Cockrell Hill",TX,200,"8(a)(1) Concerted Activities (Retaliation, Discharge, Discipline)
","Charged Party / Respondent, Legal Representative, PHILLIPS JOHN, 700 MILAM STREET, STE 1400, HOUSTON, TX, 77002-2812, (713)238-1832
Charging Party, Individual
Charged Party / Respondent, Employer, Amazon DAL 3 Company, Dallas, TX, 75211
",,,
C,"Region 16, Fort Worth, Texas",16-CA-344270,"Amazon DAL 3 Company",Closed,06/10/2024,08/15/2024,"Dismissal Non-adjusted",Dallas,TX,200,"8(a)(1) Concerted Activities (Retaliation, Discharge, Discipline)
","Charged Party / Respondent, Legal Representative, PHILLIPS JOHN, 700 MILAM STREET, STE 1400, HOUSTON, TX, 77002-2812, (713)238-1832
Charging Party, Individual
Charged Party / Respondent, Employer, AMAZON DAL3 COMPANY, DALLAS, TX, 75211
",,,
C,"Region 22, Newark, New Jersey",22-CA-344092,"Amazon Logistics, Inc.",Closed,06/05/2024,07/09/2024,"Withdrawal Non-adjusted","Woodland Park",NJ,800,"8(a)(1) Concerted Activities (Retaliation, Discharge, Discipline)
","Charging Party, Legal Representative, Niver Joseph, Make The Road New Jersey, 42 Broad Street, Elizabeth, NJ, 07201, (908)368-1196
Charging Party, Individual
Charged Party / Respondent, Employer, Amazon Logistics, Inc., Seattle, WA, 98109
",,,
C,"Region 09, Cincinnati, Ohio",09-CA-343730,"AMAZON.COM SERVICES LLC AND ITS SUBSIDIARY, AMAZON AIR",Open,06/04/2024,,,Florence,KY,4500,"8(a)(3) Discharge (Including Layoff and Refusal to Hire (not salting))
8(a)(1) Concerted Activities (Retaliation, Discharge, Discipline)
8(a)(3) Discipline
","Charged Party / Respondent, Legal Representative, Rich Jamie, Seyfarth Shaw, LLP, 560 Mission Street, Suite 3100, San Francisco, CA, 94105, (415)397-2823
Charging Party, Legal Representative, Rekowski Rachel, Herzfeld, Suetholz, Gastel, Leniski and Wall, PLLC, 600 Vine Street, Suite 2720, Cincinnati, OH, 45202, (513)381-2224
Charged Party / Respondent, Employer, Amazon.com Services LLC and its Subsidiary, Amazon Air, 460 Day One Dr, Florence, KY, 41042
Charging Party, Union, Teamsters Local 89, 3813 Taylor Boulevard, Louisville, KY, 40215, (502)368-5885
",,,
C,"Region 13, Chicago, Illinois",13-CA-342952,"Veterans Logistics LLP as a joint and/or single employer with Amazon.com Services, LLC and Amazon Logistics",Closed,05/23/2024,06/17/2026,"Dismissal Non-adjusted",Chicago,IL,80,"8(a)(3) Discharge (Including Layoff and Refusal to Hire (not salting))
","Charged Party / Respondent, Legal Representative, Stolzenbach Brian, Seyfarth Shaw LLP, 233 South Wacker Drive, Suite 8000, Chicago, IL, 60606-6448, (312)460-5000
Charged Party / Respondent, Legal Representative, Triggs Corey, Ogletree Deakins, 1243 North 10th Street, Suite 200, Milwaukee, WI, 53205, (414)239-6415
Charged Party / Respondent, Legal Representative, Dill Jesse, Ogletree Deakins, 1243 North 10th Street, Suite 200, Milwaukee, WI, 53205, (414)239-6410
Charged Party / Respondent, Legal Representative, Ferrer John, Ogletree Deakins, 1909 K Street, N.W., Suite 1000, Washington, DC, 20006, (202)887-0855
Charging Party, Legal Representative, Gutman-Dickinson Julie, Bush Gottlieb, ALC, 801 North Brand Blvd.,, Suite 950, Glendale, CA, 91203, (818)973-3228
Charging Party, Legal Representative, Wright Vanessa, Bush Gottlieb,  ALC, 801 No. Brand Blvd, Suite 950, Glendale, CA, 91203, (818)973-3228
Charged Party / Respondent, Employer, Veterans Logistics LLP as a joint and/or single employer with Amazon.com Services, Chicago, IL, 60659-4916
Charged Party / Respondent, Employer, Amazon Logistics, Inc. and Amazon.com Services LLC, Chicago, IL, 60609
Charging Party, Union, International Brotherhood of Teamsters, Washington, DC, 20001
",,,
C,"Region 09, Cincinnati, Ohio",09-CA-342849,"AMAZON.COM SERVICES LLC AND ITS SUBSIDIARY, AMAZON AIR",Open,05/22/2024,,,Florence,KY,4500,"8(a)(1) Coercive Actions (Surveillance, etc)
8(a)(3) Discipline
","Charged Party / Respondent, Legal Representative, Rich Jamie, Seyfarth Shaw LLP, 560 Mission Street, Suite 3100, San Francisco, CA, 94105-2930, (916)498-7078
Charging Party, Legal Representative, Newport Pamela, Herzfeld, Suetholz, Gastel, Leniski and Wall, PLLC, 600 Vine Street, Suite 2720, Cincinnati, OH, 45202, (513)381-2224
Charged Party / Respondent, Employer, Amazon.com Services LLC and its Subsidiary, Amazon Air, 460 Day One Drive, Florence, KY, 41042, (206)765-3538
Charging Party, Union, General Drivers Warehousemen and Helpers, Local Union No. 89, affiliated with the International Brotherhood of Teamsters, 3813 Taylor Boulevard, Louisville, KY, 40215
",,,
C,"Region 14, Saint Louis, Missouri",14-CA-342618,"Amazon.com Services LLC",Closed,05/20/2024,02/11/2025,"Withdrawal Non-adjusted","Saint Peters",MO,3400,"8(a)(1) Coercive Actions (Surveillance, etc)
","Charged Party / Respondent, Legal Representative, Stolzenbach Brian, Seyfarth Shaw LLP, 233 South Wacker Drive, Suite 8000, Chicago, IL, 60606, (312)460-5551
Charging Party, Legal Representative, Rosenfeld David, Weinberg, Roger & Rosenfeld, 1375 55th Street, Emeryville, CA, 94608, (510)337-1001
Charged Party / Respondent, Legal Representative, Kuntz Harrison, Seyfarth Shaw LLP, 233 South Wacker Drive, Suite 8000, Chicago, IL, 60606, (310)597-1559
Charged Party / Respondent, Employer, Amazon.com Services, Inc., Saint Peters, MO, 63376
Charging Party, Union, Missouri Workers Center, St. Louis, MO, 63163
",,,
C,"Region 07, Detroit, Michigan",07-CA-343003,"Amazon.com Services, LLC",Closed,05/17/2024,04/02/2025,"Dismissal Non-adjusted",Detroit,MI,300,"8(a)(3) Discipline
8(a)(1) Concerted Activities (Retaliation, Discharge, Discipline)
","Charging Party, Legal Representative, Villalpando Estephanie, Bush Gottlieb, ALC, 801 North Brand Boulevard, Suite 950, Glendale, CA, 91203, (818)973-3242
Charged Party / Respondent, Legal Representative, Vento Joseph, Seyfarth Shaw LLP, 626 Eighth Avenue, 31st Floor, New York, NY, 10018, (212)218-5548
Charging Party, Legal Representative, Gutman Dickinson Julie, Bush Gottlieb, ALC, 801 N. Brand Blvd.,, Suite 950, Glendale, CA, 91203, (818)973-3228
Charged Party / Respondent, Legal Representative, Sanchez Karla, Seyfarth Shaw LLP, 233 S. Wacker Drive, Ste 8000, Chicago, IL, 60606, (312)460-5000
Charged Party / Respondent, Employer, Amazon.com Services, LLC, Pontiac, MI, 48342
Charged Party / Respondent, Additional Service, Amazon.com Services, LLC, Pontiac, MI, 48342
Charging Party, Union, International Brotherhood of Teamsters (IBT), Washington, DC, 20001
",,,
C,"Region 19, Seattle, Washington",19-CA-342087,"Amazon.com Services LLC",Open,05/10/2024,,,Seattle,WA,1608000,"8(a)(1) Coercive Rules
","Charged Party / Respondent, Legal Representative, Dieckman Aly, Seyfarth Shaw, LLP, 233 South Wacker Drive, Suite 8000, Chicago, IL, 60606, (206)393-4027
Charged Party / Respondent, Legal Representative, Swedlow Daniel, Seyfarth Shaw, LLP, 999 Third Avenue, Suite 4700, Seattle, WA, 98104, (206)946-4940
Charged Party / Respondent, Legal Representative, Mirrafati Kamran, Seyfarth Shaw LLP, 2029 Century Park East, Suite 3500, Los Angeles, CA, 90067-3021, (310)201-5290
Charging Party, Legal Representative, Anderson Michael, Murphy Anderson PLLC, 1401 K Street NW, Suite 300, Washington, DC, 20005, (202)223-2620
Charging Party, Union, Committee of Correspondence of Amazon Workers, Washington, DC, 20005
Charged Party / Respondent, Employer, Amazon.com Services LLC, 410 Terry Ave N, Seattle, WA, 98109-5210, (570)843-3146
",,,
C,"Region 01, Boston, Massachusetts",01-CA-341903,"Kellermeyer Bergensons Services, LLC. and Amazon.com Services, LLC",Closed,05/09/2024,02/25/2026,"Withdrawal Adjusted",Stoughton,MA,25,"8(a)(1) Concerted Activities (Retaliation, Discharge, Discipline)
8(a)(1) Coercive Statements (Threats, Promises of Benefits, etc.)
","Charged Party / Respondent, Legal Representative, Dhupar Ankush, Paul Hastings LLP, 515 South Flower Street, 25th Floor, Los Angeles, CA, 90071, (213)683-6000
Charged Party / Respondent, Legal Representative, Telegen Arthur, Seyfarth Shaw LLP, Two Seaport Lane Ste 1200, Boston, MA, 02210, (617)946-4949
Charged Party / Respondent, Legal Representative, Moronta Grayson, Seyfarth Shaw, LLP, 620 8th Avenue, Floor 32, New York, NY, 10018, (404)704-9671
Charged Party / Respondent, Legal Representative, Sanchez Karla, Seyfarth Shaw LLP, 233 S. Wacker Drive, Ste 8000, Chicago, IL, 60606, (312)460-5000
Charged Party / Respondent, Legal Representative, Berry Stephen, Paul Hastings LLP, 695 Town Center Dr  Ste 1700, Costa Mesa, CA, 92626-7191, (714)668-6246
Charged Party / Respondent, Employer, Kellermeyer Bergensons Services, LLC, OCEANSIDE, CA, 92056
Charged Party / Respondent, Employer, AMAZON.COM, INC, NORTH ANDOVER, MA, 01845
Charging Party, Individual
",,,
C,"Region 22, Newark, New Jersey",22-CA-341847,"Amazon Logistics, Inc.",Closed,05/07/2024,05/26/2026,"Withdrawal Non-adjusted","Woodland Park",NJ,800,"8(a)(1) Concerted Activities (Retaliation, Discharge, Discipline)
","Charged Party / Respondent, Legal Representative, Fink Elliot, Seyfarth Shaw LLP, 233 S Wacker Dr Ste 8000, Chicago, IL, 60606-6448, (212)218-5617
Charged Party / Respondent, Legal Representative, Smith Glenn, Seyfarth Shaw LLP, 620 8th Avenue, 33rd Floor, New York, NY, 10018, (212)218-3502
Charged Party / Respondent, Legal Representative, Silver Jason, Seyfarth Shaw LLP, 620 8th Avenue, 33rd Floor, New York, NY, 10018, (845)325-3443
Charging Party, Legal Representative, Niver Joseph, Make The Road New Jersey, 42 Broad Street, Elizabeth, NJ, 07201, (908)368-1196
Charged Party / Respondent, Employer, Amazon Logistics, Inc., Seattle, WA, 98109
Charging Party, Individual
",,,
C,"Region 02, New York, New York",02-CA-341214,"Amazon.com Services, LLC",Open,04/30/2024,,,"Rock Tavern",NY,1000,"8(a)(1) Coercive Statements (Threats, Promises of Benefits, etc.)
8(a)(1) Concerted Activities (Retaliation, Discharge, Discipline)
8(a)(1) Coercive Actions (Surveillance, etc)
8(a)(1) Weingarten
","Charged Party / Respondent, Legal Representative, Fink Elliott, Seyfarth Shaw LLP, 620 Eighth Avenue, 33rd Floor, New York, NY, 10018, (212)518-5617
Charged Party / Respondent, Legal Representative, Smith Glenn, Seyfarth Shaw LLP, 620 8th Avenue, 33rd Floor, New York, NY, 10018, (212)218-3502
Charged Party / Respondent, Legal Representative, Silver Jason, Seyfarth Shaw LLP, 620 8th Avenue, 33rd Floor, New York, NY, 10018, (845)325-3443
Charging Party, Legal Representative, Gutman Dickinson Julie, Bush Gottlieb, 801 North Brand Boulevard, Suite 950, Glendale, CA, 91203, (818)973-3228
Charging Party, Union, The International Brotherhood of Teamsters, Washington, DC, 20001
Charged Party / Respondent, Employer, Amazon.Com Services, LLC, Rock Tavern, NY, 12575
",,,
C,"Region 19, Seattle, Washington",19-CA-341234,"Amazon.com, Inc",Closed,04/30/2024,08/30/2024,"Dismissal Non-adjusted",Seattle,WA,1000000,"8(a)(1) Coercive Actions (Surveillance, etc)
8(a)(3) Discharge (Including Layoff and Refusal to Hire (not salting))
8(a)(1) Coercive Statements (Threats, Promises of Benefits, etc.)
8(a)(1) Concerted Activities (Retaliation, Discharge, Discipline)
8(a)(4) Discharge (including Layoff and Refusal to Hire)
8(a)(4) Refusal to Reinstate Employee/Striker
","Charged Party / Respondent, Legal Representative, Niedecken Brooke, Littler Mendelson, P.C., 2425 East Camelback Road, Suite 900, Phoenix, AZ, 85016, (614)463-4214
Charged Party / Respondent, Legal Representative, Jeong Yijee, Littler Mendelson, P.C., Camelback Esplanade, 2425 East Camelback Road, Suite 900, Phoenix, AZ, 85016-4242, (602)474-3619
Charged Party / Respondent, Employer, Amazon.com, Inc, Seattle, WA, 98109
Charging Party, Individual
",,,
C,"Region 02, New York, New York",02-CA-341341,"Amazon.com Services, LLC",Open,04/30/2024,,,"Rock Tavern",NY,1000,"8(a)(1) Coercive Statements (Threats, Promises of Benefits, etc.)
8(a)(1) Concerted Activities (Retaliation, Discharge, Discipline)
8(a)(1) Coercive Actions (Surveillance, etc)
8(a)(1) Interrogation (including Polling)
","Charged Party / Respondent, Legal Representative, Fink Elliot, Seyfarth Shaw LLP, 233 S Wacker Dr Ste 8000, Chicago, IL, 60606-6448, (212)218-5617
Charged Party / Respondent, Legal Representative, Smith Glenn, Seyfarth Shaw LLP, 620 8th Avenue, 33rd Floor, New York, NY, 10018, (212)218-3502
Charged Party / Respondent, Legal Representative, Silver Jason, Seyfarth Shaw LLP, 620 8th Avenue, 33rd Floor, New York, NY, 10018, (845)325-3443
Charging Party, Legal Representative, Dickinson Julie, Bush Gottlieb, ALC, 801 N. Brand Blvd.,, Suite 950, Glendale, CA, 91203, (818)973-3228
Charged Party / Respondent, Employer, Amazon Services, LLC, Rock Tavern, NY, 12575
Charging Party, Union, International Brotherhood of Teamsters, Washington, DC, 20001
",,,
C,"Region 15, New Orleans, Louisiana",15-CA-340721,Amazon,Open,04/24/2024,,,Byhalia,MS,1200,"8(a)(1) Concerted Activities (Retaliation, Discharge, Discipline)
8(a)(1) Coercive Rules
8(a)(3) Discipline
8(a)(4) Discipline
","Charged Party / Respondent, Legal Representative, Stolzenbach Brian, Seyfarth Shaw LLP, 233 South Wacker Drive, Suite 8000, Chicago, IL, 60606, (312)460-5000
Charged Party / Respondent, Legal Representative, Tignor Elody, Seyfarth Shaw LLP, 233 South Wacker Drive, Suite 8000, Chicago, IL, 60606, (817)821-5950
Charged Party / Respondent, Legal Representative, Reed Rachael, Seyfarth Shaw LLP, 1075 Peachtree St NE, Suite 2500, Atlanta, GA, 30309-3958, (404)885-1500
Charged Party / Respondent, Employer, Amazon, Byhalia, MS, 38611
Charging Party, Individual
",,,
C,"Region 18, Minneapolis, Minnesota",18-CA-340521,"Amazon Fulfillment Center (MKE1)",Closed,04/22/2024,09/16/2024,"Dismissal Non-adjusted",Kenosha,WI,2000,"8(a)(1) Concerted Activities (Retaliation, Discharge, Discipline)
","Charged Party / Respondent, Legal Representative, Stolzenbach Brian, Seyfarth Shaw LLP, 233 South Wacker Drive, Suite 8000, Chicago, IL, 60606, (312)460-5000
Charged Party / Respondent, Legal Representative, Iaculla Taylor, Seyfarth Shaw LLP, 233 South Wacker Drive, Suite 8000, Chicago, IL, 60606, (312)460-5796
Charged Party / Respondent, Employer, Amazon Fulfillment Center, Kenosha, WI, 53114
Charging Party, Individual
",,,
C,"Region 15, New Orleans, Louisiana",15-CA-340288,Amazon,Open,04/18/2024,,,Byhalia,MS,1200,"8(a)(5) Refusal to Bargain/Bad Faith Bargaining (incl'g surface bargaining/direct dealing)
8(a)(1) Concerted Activities (Retaliation, Discharge, Discipline)
8(a)(1) Coercive Actions (Surveillance, etc)
8(a)(1) Interrogation (including Polling)
8(a)(1) Weingarten
","Charged Party / Respondent, Legal Representative, Stolzenbach Brian, Seyfarth Shaw LLP, 233 South Wacker Drive, Suite 8000, Chicago, IL, 60606, (312)460-5000
Charged Party / Respondent, Legal Representative, Tignor Elody, Seyfarth Shaw LLP, 233 South Wacker Drive, Suite 8000, Chicago, IL, 60606, (817)821-5950
Charged Party / Respondent, Legal Representative, Reed Rachael, Seyfarth Shaw LLP, 1075 Peachtree St NE, Suite 2500, Atlanta, GA, 30309-3958, (404)885-1500
Charged Party / Respondent, Employer, Amazon, Byhalia, MS, 38611
Charging Party, Individual
",,,
C,"Region 29, Brooklyn, New York",29-CA-341213,"Amazon Inc. JFK8",Closed,04/17/2024,11/08/2024,"Withdrawal Non-adjusted","Staten Island",NY,8000,"8(a)(1) Concerted Activities (Retaliation, Discharge, Discipline)
","Charging Party, Individual
Charged Party / Respondent, Employer, Amazon.com Services LLC, Staten Island, NY
",,,
C,"Region 29, Brooklyn, New York",29-CA-340132,"Amazon.com Services LLC",Closed,04/16/2024,04/25/2025,"Dismissal Non-adjusted","Staten Island",NY,100,"8(a)(1) Concerted Activities (Retaliation, Discharge, Discipline)
8(a)(3) Discharge (Including Layoff and Refusal to Hire (not salting))
8(a)(3) Discipline
","Charged Party / Respondent, Legal Representative, Rogers Amber, Hunton Andrews Kurth LLP, 1445 Ross Avenue, Suite 3700, Dallas, TX, 75202, (241)468-3308
Charged Party / Respondent, Legal Representative, Larkin Kurt, Hunton Andrews Kurth LLP, 2951 East Byrd Street, Riverfront Plaza, East Tower, Richmond, VA, 23219, (804)788-8776
Charged Party / Respondent, Employer, Amazon.com Services LLC, Staten Island, NY, 10314
Charging Party, Individual
",,,
C,"Region 09, Cincinnati, Ohio",09-CA-340758,"AMAZON.COM SERVICES LLC AND ITS SUBSIDIARY, AMAZON AIR",Open,04/15/2024,,,Florence,KY,4000,"8(a)(1) Coercive Actions (Surveillance, etc)
","Charged Party / Respondent, Legal Representative, Rich Jamie, Seyfarth Shaw LLP, 400 Capitol Mall, Suite 2300, Sacramento, CA, 95814, (916)498-7078
Charged Party / Respondent, Legal Representative, Phillips John, Seyfarth Shaw LLP, 700 Milam Street, Suite 1400, Houston, TX, 77002-2812, (713)225-2300
Charged Party / Respondent, Legal Representative, Reed Rachael, Seyfarth Shaw LLP, 1075 Peachtree Street NE, Suite 2500, Atlanta, GA, 30309, (404)704-9648
Charging Party, Legal Representative, Rekowski Rachel, Herzfeld, Suetholz, Gastel, Leniski and Wall, PLLC, 600 Vine Street, Suite 2720, Cincinnati, OH, 45202, (513)381-2224
Charged Party / Respondent, Employer, Amazon.com Services LLC and its Subsidiary, Amazon Air, 460 Day One Drive, Florence, KY, 41042
Charging Party, Individual
",,,
C,"Region 16, Fort Worth, Texas",16-CA-339786,Amazon,Open,04/09/2024,,,Houston,TX,250,"8(a)(1) Concerted Activities (Retaliation, Discharge, Discipline)
","Charged Party / Respondent, Legal Representative, NORTH EDWARD, SEYFARTH SHAW LLP, 975 F STREET, NW, WASHINGTON, DC, 20004, (202)828-5323
Charged Party / Respondent, Legal Representative, PHILLIPS JOHN, 700 MILAM STREET, STE 1400, HOUSTON, TX, 77002-2812, (713)238-1832
Charged Party / Respondent, Employer, AMAZON, HOUSTON, TX, 77064
Charging Party, Individual
",,,
C,"Region 13, Chicago, Illinois",13-CA-339458,Amazon,Closed,04/05/2024,06/17/2025,"Dismissal Non-adjusted",Romeoville,IL,500,"8(a)(1) Concerted Activities (Retaliation, Discharge, Discipline)
","Charged Party / Respondent, Legal Representative, Stolzenbach Brian, Seyfarth Shaw LLP, 233 South Wacker Drive, Suite 8000, Chicago, IL, 60606-6448, (312)460-5000
Charged Party / Respondent, Employer, Amazon, Romeoville, IL, 60446
Charging Party, Individual
",,,
C,"Region 29, Brooklyn, New York",29-CA-339572,"Amazon.com Services LLC",Open,04/03/2024,,,"Staten Island",NY,1400000,"8(a)(1) Coercive Actions (Surveillance, etc)
8(a)(1) Coercive Statements (Threats, Promises of Benefits, etc.)
8(a)(3) Changes in Terms and Conditions of Employment
8(a)(4) Changes in Terms and Conditions of Employment
","Charged Party / Respondent, Legal Representative, Rogers Amber, Hunton Andrews Kurth LLP, 1445 Ross Ave., Ste 3700, Dallas, TX, 75202, (241)468-3308
Charging Party, Legal Representative, Schwartz Arthur, Advocates for Justice Chartered Attorneys, 225 Broadway, Suite 1902, New York, NY, 10007, (212)285-1400
Charged Party / Respondent, Legal Representative, Larkin Kurt, Hunton Andrews Kurth LLP, 2951 East Byrd Street, Riverfront Plaza, East Tower, Richmond, VA, 23219, (804)788-8776
Charged Party / Respondent, Employer, Amazon.com Services LLC, Staten Island, NY, 10314
Charging Party, Individual
",,,
C,"Region 02, New York, New York",02-CA-338998,"Amazon Com Services LLC",Open,03/26/2024,,,"Rock Tavern",NY,1000,"8(a)(1) Concerted Activities (Retaliation, Discharge, Discipline)
8(a)(3) Discipline
","Charged Party / Respondent, Legal Representative, Smith Glenn, Seyfarth Shaw, LLP, 233 S Wacker Dr Ste 8000, Chicago, IL, 60606-6448, (212)218-3502
Charged Party / Respondent, Legal Representative, Silver Jason, Seyfarth Shaw LLP, 620 8th Avenue, 32nd Floor, New York, NY, 10018, (212)218-5282
Charging Party, Legal Representative, Gutman Dickinson Julie, Bush Gottlieb,  ALC, 801 North Brand Boulevard, Suite 950, Glendale, CA, 91203, (818)973-3228
Charged Party / Respondent, Legal Representative, Vitarelli Victoria, Seyfarth Shaw, LLP, 233 S Wacker Dr Ste 8000, Chicago, IL, 60606-6448, (212)218-5500
Involved Party, Legal Representative, Burden Willie, International Brotherhood of Teamsters, 25 Louisiana Avenue, N.W., Washington, DC, 20001, (910)417-9365
Involved Party, Union, International Brotherhood of Teamsters, Washington, DC, 20001
Charging Party, Individual
Charged Party / Respondent, Employer, Amazon.Com Services, LLC, Rock Tavern, NY, 12575
",,,
C,"Region 02, New York, New York",02-CA-338923,"AMAZON COM SERVICES, LLC",Open,03/26/2024,,,"Rock Tavern",NY,1000,"8(a)(1) Concerted Activities (Retaliation, Discharge, Discipline)
8(a)(3) Discipline
","Charged Party / Respondent, Legal Representative, Smith Glenn, Seyfarth Shaw LLP, 620 Eighth Ave, 32nd Floor, New York, NY, 10018, (212)218-3502
Charged Party / Respondent, Legal Representative, Silver Jason, Seyfarth Shaw, LLP, 233 S Wacker Dr Ste 8000, Chicago, IL, 60606-6448, (212)218-5282
Charging Party, Legal Representative, Gutman Dickinson Julie, Bush Gottlieb, 801 North Brand Boulevard, Suite 950, Glendale, CA, 91203, (818)973-3228
Charging Party, Legal Representative, Wright Vanessa, Bush Gottlieb, 801 North Brand Boulevard, Suite 950, Glendale, CA, 91203, (818)973-3200 x291
Charged Party / Respondent, Legal Representative, Vitarelli Victoria, Seyfarth Shaw LLP, 620 8th Avenue, 32nd Floor, New York, NY, 10018, (212)218-4651
Charging Party, Individual
Charged Party / Respondent, Employer, AMAZON COM SERVICES, LLC, Rock Tavern, NY, 12575
",,,
C,"Region 29, Brooklyn, New York",29-CA-340946,"Amazon com Services LLC",Closed,03/25/2024,05/20/2024,"Withdrawal Non-adjusted","Staten Island",NY,8000,"8(a)(1) Concerted Activities (Retaliation, Discharge, Discipline)
","Charged Party / Respondent, Employer, Amazon.com Services LLC, Staten Island, NY, 10314
Charging Party, Individual
",,,
C,"Region 29, Brooklyn, New York",29-CA-339588,"Amazon Inc JFK8",Closed,03/25/2024,10/23/2024,"Dismissal Non-adjusted","Staten Island",NY,8000,"8(a)(1) Concerted Activities (Retaliation, Discharge, Discipline)
","Charged Party / Respondent, Legal Representative, Rogers Amber, Hunton Andrews Kurth LLP, 1445 Ross Avenue, Suite 3700, Dallas, TX, 75202, (214)468-3308
Charged Party / Respondent, Legal Representative, Larkin Kurt, Hunton Andrews Kurth LLP, 951 East Byrd Street, Richmond, VA, 23219, (804)788-8776
Charging Party, Union, Staten Island, NY, 10314
Charged Party / Respondent, Employer, Amazon Inc, Staten Island, NY, 10314
",,,
C,"Region 29, Brooklyn, New York",29-CA-339961,"Amazon Inc. JFK8",Closed,03/25/2024,05/29/2024,"Withdrawal Non-adjusted","Staten Island",NY,5000,"8(a)(1) Concerted Activities (Retaliation, Discharge, Discipline)
","Charged Party / Respondent, Legal Representative, Rogers Amber, Hunton Andrews Kurth LLP, 1445 Ross Avenue, Suite 3700, Dallas, TX, 75202, (241)468-3308
Charged Party / Respondent, Legal Representative, Larkin Kurt, Hunton Andrews Kurth LLP, 2951 East Byrd Street, Riverfront Plaza, East Tower, Richmond, VA, 23219, (804)788-8776
Charging Party, Individual
Charged Party / Respondent, Employer, Amazon.com Services LLC, Staten Island, NY
",,,
C,"Region 04, Philadelphia, Pennsylvania",04-CA-338260,"Amazon Inc ACY1",Closed,03/20/2024,03/27/2024,"Withdrawal Non-adjusted","West Deptford",NJ,98,"8(a)(1) Coercive Statements (Threats, Promises of Benefits, etc.)
8(a)(1) Coercive Actions (Surveillance, etc)
8(a)(1) Coercive Rules
","Charged Party / Respondent, Legal Representative, Silver Jason, Seyfarth Shaw LLP, 620 8th Avenue, 32nd Floor, New York, NY, 10018, (212)218-5282
Charged Party / Respondent, Employer, Amazon Inc ACY 1, West Deptford, NJ, 08066
Charging Party, Individual
",,,
C,"Region 29, Brooklyn, New York",29-CA-338829,Amazon,Closed,03/20/2024,05/23/2024,"Withdrawal Non-adjusted","Staten Island",NY,2000,"8(a)(3) Discharge (Including Layoff and Refusal to Hire (not salting))
8(a)(1) Concerted Activities (Retaliation, Discharge, Discipline)
8(a)(4) Discharge (including Layoff and Refusal to Hire)
8(a)(1) Coercive Rules
8(a)(1) Weingarten
8(a)(5) Refusal to Bargain/Bad Faith Bargaining (incl'g surface bargaining/direct dealing)
","Charged Party / Respondent, Legal Representative, Rogers Amber, Hunton Andrews Kurth LLP, 1445 Ross Avenue, Suite 3700, Dallas, TX, 75202, (241)468-3308
Charged Party / Respondent, Legal Representative, Larkin Kurt, Hunton Andrews Kurth LLP, 2951 East Byrd Street, Riverfront Plaza, East Tower, Richmond, VA, 23219, (804)788-8776
Charged Party / Respondent, Employer, Amazon, Staten Island, NY, 10314
Charging Party, Individual
",,,
C,"Region 09, Cincinnati, Ohio",09-CA-338374,AMAZON,Closed,03/19/2024,08/21/2025,"Withdrawal Non-adjusted",Hebron,KY,4000,"8(a)(1) Coercive Statements (Threats, Promises of Benefits, etc.)
","Charged Party / Respondent, Legal Representative, Stolzenbach Brian, Seyfarth Shaw LLP, 233 South Wacker Drive, Suite 8000, Chicago, IL, 60606, (312)460-5000
Charging Party, Legal Representative, Iglitzin Dmitri, 18 West Mercer St, Suie 400, Seattle, WA, 98119, (206)257-6003
Charged Party / Respondent, , Stewart Jess, (630)244-2208
Charged Party / Respondent, Legal Representative, Stokes Kristin, Seyfarth Shaw LLP, 233 South Wacker Drive, Suite 8000, Chicago, IL, 60606, (312)460-5000
Charging Party, Legal Representative, Newport Pamela, Herzfeld, Suetholz, Gastel, Leniski and Wall, PLLC, 600 Vine Street, Suite 2720, Cincinnati, OH, 45202, (513)381-2224
Charging Party, Legal Representative, Rekowski Rachel, Herzfeld, Suetholz, Gastel, Leniski and Wall, PLLC, 600 Vine Street, Suite 2720, Cincinnati, OH, 45202, (513)381-2224
Charged Party / Respondent, Employer, Amazon, Hebron, KY, 41048
Charging Party, Individual
",,,
C,"Region 29, Brooklyn, New York",29-CA-338643,"Amazon.com Services LLC",Closed,03/18/2024,05/28/2024,"Dismissal Non-adjusted","Staten Island",NY,7000,"8(a)(1) Concerted Activities (Retaliation, Discharge, Discipline)
","Charged Party / Respondent, Legal Representative, Rogers Amber, 1445 Ross Avenue, 37th Floor, Dallas, TX, 75202, (214)468-3308
Charged Party / Respondent, Legal Representative, Larkin Kurt, Hunton Andrews Kurth LLP, 2951 East Byrd Street, Riverfront Plaza, East Tower, Richmond, VA, 23219, (804)788-8776
Charged Party / Respondent, Employer, Amazon.com Services LLC, Staten Island, NY, 10314
Charging Party, Individual
",,,
C,"Region 09, Cincinnati, Ohio",09-CA-338407,AMAZON,Closed,03/18/2024,09/30/2025,"Withdrawal Non-adjusted",Hebron,KY,4000,"8(a)(3) Discipline
","Charged Party / Respondent, Legal Representative, Stolzenbach Brian, Seyfarth Shaw LLP, 233 South Wacker Drive, Suite 8000, Chicago, IL, 60606, (312)460-5000
Charged Party / Respondent, Legal Representative, Stokes Kristin, Seyfarth Shaw LLP, 233 South Wacker Drive, Suite 8000, Chicago, IL, 60606, (312)460-5000
Charging Party, Legal Representative, Newport Pamela, Herzfeld, Suetholz, Gastel, Leniski and Wall, PLLC, 600 Vine Street, Suite 2720, Cincinnati, OH, 45202, (513)381-2224
Charged Party / Respondent, Employer, Amazon, Hebron, KY, 41048
Charging Party, Individual
",,,
C,"Region 08, Cleveland, Ohio",08-CA-337749,Amazon,Closed,03/12/2024,03/02/2025,"Withdrawal Non-adjusted",Euclid,OH,100,"8(a)(1) Concerted Activities (Retaliation, Discharge, Discipline)
","Charging Party, Legal Representative, Levine Brad, Voudris Law LLC, 8401 Chagrin Road, Suite 8, Chagrin Falls, OH, 44023, (440)543-0672
Charged Party / Respondent, Legal Representative, Vento Joseph, Seyfarth Shaw LLP, 626 Eighth Avenue, 31st Floor, New York, NY, 10018, (212)218-5548
Charged Party / Respondent, Legal Representative, Sanchez Karla, Seyfarth Shaw LLP, 233 South Wacker Drive, Suite 8000, Chicago, IL, 60606-6448, (312)460-5000
Charged Party / Respondent, Employer, Amazon, Euclid, OH, 44132
Charging Party, Individual
",,,
C,"Region 07, Detroit, Michigan",07-CA-337677,"Amazon Hub DDT6",Closed,03/07/2024,04/02/2025,"Dismissal Non-adjusted",Pontiac,MI,300,"8(a)(3) Discipline
","Charging Party, Legal Representative, Villalpando Estephanie, Bush Gottlieb, ALC, 801 North Brand Boulevard, Suite 950, Glendale, CA, 91203, (818)973-3242
Charged Party / Respondent, Legal Representative, Vento Joseph, Seyfarth Shaw LLP, 626 Eighth Avenue, 31st Floor, New York, NY, 10018, (212)218-5548
Charging Party, Legal Representative, Dickinson Julie, Bush Gottlieb, ALC, 801 N. Brand Blvd, Ste. 950, Glendale, CA, 91203, (818)973-3228
Charged Party / Respondent, Legal Representative, Sanchez Karla, Seyfarth Shaw LLP, 233 S. Wacker Drive, Suite 8000, Chicago, IL, 60606-6448, (312)460-5000
Charged Party / Respondent, Employer, Amazon Hub DDT6, Pontiac, MI, 48342
Charging Party, Individual
",,,
C,"Region 19, Seattle, Washington",19-CA-337371,Amazon,Closed,03/06/2024,06/02/2026,"Dismissal Non-adjusted",Seattle,WA,10,"8(a)(1) Coercive Rules
","Charged Party / Respondent, Legal Representative, Stolzenbach Brian, Seyfarth Shaw LLP, 233 South Wacker Drive, Suite 8000, Chicago, IL, 60606, (312)460-5000
Charged Party / Respondent, Employer, Amazon, Seattle, WA, 98121
Charging Party, Individual
",,,
C,"Region 13, Chicago, Illinois",13-CA-337205,"Amazon.com Services, LLC",Closed,03/05/2024,06/10/2025,"Dismissal Non-adjusted",Monee,IL,25,"8(a)(1) Concerted Activities (Retaliation, Discharge, Discipline)
","Charged Party / Respondent, Legal Representative, Stolzenbach Brian, Seyfarth Shaw LLP, 233 South Wacker Drive, Suite 8000, Chicago, IL, 60606, (312)460-5000
Charged Party / Respondent, Legal Representative, Birnbaum Daniel, Seyfarth Shaw LLP, 233 South Wacker Drive, Suite 8000, Chicago, IL, 60606-6448, (312)460-5129
Charged Party / Respondent, Employer, Amazon.com Services, LLC, Monee, IL, 60449
Charging Party, Individual
",,,
C,"Region 13, Chicago, Illinois",13-CA-336690,"Veteran's Logistics LLC and Amazon Logistics, Inc. and Amazon.com Services LLC as single or joint employers",Closed,02/26/2024,06/17/2026,"Dismissal Non-adjusted",Chicago,IL,80,"8(a)(3) Discharge (Including Layoff and Refusal to Hire (not salting))
8(a)(1) Concerted Activities (Retaliation, Discharge, Discipline)
","Charged Party / Respondent, Legal Representative, Stolzenbach Brian, Seyfarth Shaw LLP, 233 South Wacker Drive, Suite 8000, Chicago, IL, 60606, (312)460-5000
Charged Party / Respondent, Legal Representative, Dill Jesse, Ogletree Deakins Nash Smoak & Stewart, PC, 1243 N 10th St Ste 200, Milwaukee, WI, 53205-2566, (414)239-6410
Charged Party / Respondent, Legal Representative, Ferrer John, Ogletree Deakins, 1909 K Street NW, Suite 1000, Washington, DC, 20006-1134, (202)887-0855
Charging Party, Legal Representative, Gutman Dickinson Julie, Bush Gottlieb,  ALC, 801 North Brand Boulevard, Suite 950, Glendale, CA, 91203, (818)973-3228
Charging Party, Legal Representative, Wright Vanessa, Bush Gottlieb,  ALC, 801 No. Brand Blvd, Suite 950, Glendale, CA, 91203, (818)973-3228
Charged Party / Respondent, Employer, Veteran's Logistics LLC, Chicago, IL, 60609
Charging Party, Individual
Charged Party / Respondent, Employer, Amazon Logistics, Inc. and Amazon.com Services LLC, Chicago, IL, 60609
",,,
C,"Region 31, Los Angeles, California",31-CA-336445,"Amazon.com Services LLC",Closed,02/21/2024,12/09/2025,"Informal Settlement","San Bernardino",CA,1000,"8(a)(1) Concerted Activities (Retaliation, Discharge, Discipline)
","Charging Party, Legal Representative, Naduris-Weissman Eli, Rothner, Segall & Greenstone, 510 S. Marengo Avenue, Pasadena, CA, 91101-3115, (626)796-7555
Charged Party / Respondent, Legal Representative, Raduechel Janine, Seyfarth Shaw LLP, 601 South Figueroa Street,, Suite 3300, Los Angeles, CA, 90017, (213)270-9725
Charged Party / Respondent, Legal Representative, Mirrafati Kamran, Cardone Industries, 2029 Century Park E Ste 3500, Los Angeles, CA, 90067-3021, (310)201-5290
Charging Party, Legal Representative, Acevedo Mindy, Warehouse Worker Resource Center, 521 N. Euclid Ave., Ontario, CA, 91762, (909)454-8840
Charging Party, Individual
Charged Party / Respondent, Employer, Amazon.com Services LLC and its subsidiary, Amazon Air, Amazon KSBD, 2533 E. 3rd St., San Bernardino, CA, 	92346, (888)280-4331
",,,
C,"Region 13, Chicago, Illinois",13-CA-336553,Amazon,Closed,02/20/2024,02/07/2025,"Dismissal Non-adjusted",Skokie,IL,500,"8(a)(1) Concerted Activities (Retaliation, Discharge, Discipline)
","Charged Party / Respondent, Legal Representative, Stolzenbach Brian, Seyfarth Shaw LLP, 233 South Wacker Drive, Suite 8000, Chicago, IL, 60606, (312)460-5000
Charged Party / Respondent, Legal Representative, Iaculla Taylor, Seyfarth Shaw LLP, 233 South Wacker Drive, Suite 8000, Chicago, IL, 60606, (312)460-5796
Charged Party / Respondent, Employer, Skokie, IL, 60077
Charging Party, Individual
",,,
C,"Region 29, Brooklyn, New York",29-CA-336263,"Amazon.com Services LLC",Closed,02/16/2024,10/31/2024,"Dismissal Non-adjusted","Staten Island",NY,8000,"8(a)(1) Weingarten
8(a)(3) Discharge (Including Layoff and Refusal to Hire (not salting))
8(a)(3) Changes in Terms and Conditions of Employment
","Charged Party / Respondent, Legal Representative, Rogers Amber, Hunton Andrews Kurth LLP, Fountain Place, 1445 Ross Avenue, Ste 3700, Dallas, TX, 75202, (214)468-3308
Charged Party / Respondent, Legal Representative, Larkin Kurt, Hunton Andrews Kurth LLP, 951 East Byrd Street, Richmond, VA, 23219, (804)788-8776
Charged Party / Respondent, Employer, Amazon.com Services LLC, Staten Island, NY, 10314
Charging Party, Individual
",,,
C,"Region 27, Denver, Colorado",27-CA-336033,"Amazon.com Inc.",Closed,02/16/2024,07/11/2025,"Dismissal Non-adjusted",Boulder,CO,350,"8(a)(1) Concerted Activities (Retaliation, Discharge, Discipline)
8(a)(1) Coercive Statements (Threats, Promises of Benefits, etc.)
8(a)(1) Interrogation (including Polling)
","Charged Party / Respondent, Legal Representative, Pratt Michael, Perkins Coie LLP, 500 North Akard Street, Suite 3300, Dallas, TX, 75201-3347, (214)259-4922
Charged Party / Respondent, Legal Representative, Hankins Richard, Perkins Coie LLP, 2699 Howell St., Suite 700, Dallas, TX, 75204, (214)259-4960
Charged Party / Respondent, Employer, Amazon.com Inc., Boulder, CO, 80302
Charging Party, Individual
",,,
C,"Region 29, Brooklyn, New York",29-CB-335916,"Amazon Labor Union (Amazon Labor Union)",Closed,02/14/2024,12/09/2024,"Dismissal Non-adjusted","Staten Island",NY,1500,"8(b)(1)(A) Duty of Fair Representation, incl'g Superseniority, denial of access
8(b)(1)(A) Union Dues and/or Membership Related (including excessive fees)
8(b)(3) Refusal to Bargain/Bad Faith or Surface Bargaining
","Charged Party / Respondent, Union, Amazon Labor Union, Staten Island, NY, 10314
Involved Party, Employer, Amazon Labor Union, Staten Island, NY, 10314
Charging Party, Individual
",,,
C,"Region 16, Fort Worth, Texas",16-CA-335610,"Amazon.com Services, Inc.",Closed,02/08/2024,02/29/2024,"Dismissal Non-adjusted",Grapevine,TX,1200,"8(a)(3) Changes in Terms and Conditions of Employment
","Charged Party / Respondent, Legal Representative, NORTH EDWARD, SEYFARTH SHAW LLP, 975 F STREET, NW, WASHINGTON, DC, 20004, (202)828-5323
Charged Party / Respondent, Legal Representative, PHILLIPS JOHN, SEYFARTH SHAW LLP, 700 MILAM STREET, STE 1400, HOUSTON, TX, 77002-2812, (713)238-1832
Charged Party / Respondent, Employer, Amazon.com Services, Inc., Grapevine, TX, 76051
Charging Party, Individual
",,,
C,"Region 16, Fort Worth, Texas",16-CA-335342,"Amazon, Inc.",Closed,02/06/2024,02/26/2024,"Dismissal Non-adjusted",Pflugerville,TX,700,"8(a)(1) Coercive Rules
","Charged Party / Respondent, Legal Representative, NORTH EDWARD, SEYFARTH SHAW LLP, 975 F STREET, NW, WASHINGTON, DC, 20004, (202)828-5323
Charged Party / Respondent, Legal Representative, PHILLIPS JOHN, SEYFARTH SHAW LLP, 700 MILAM STREET, STE 1400, HOUSTON, TX, 77002-2812, (713)238-1832
Charged Party / Respondent, Employer, Amazon, Inc., Pflugerville, TX, 78660
Charging Party, Individual
",,,
C,"Region 29, Brooklyn, New York",29-CA-335377,"Amazon Logistics, Inc. and Amazon.com Services LLC",Open,01/31/2024,,,Maspeth,NY,100,,"Charged Party / Respondent, Legal Representative, Glass Benjamin, 211 King Street, Suite 200, Charleston, SC, 29401, (843)720-0863
Charged Party / Respondent, Legal Representative, Fink Elliott, Seyfarth Shaw LLP, 620 Eighth Avenue, 33rd Floor, New York, NY, 10018, (212)518-5617
Charged Party / Respondent, Legal Representative, Shackelford Erin, OGLETREE, DEAKINS, NASH, SMOAK & STEWART, L.L.P., Truist Plaza, 401 Commerce Street, Suite 1200, Nashville, TN, 37219-2446, (615)254-1900
Charged Party / Respondent, Legal Representative, Smith Glenn, Seyfarth Shaw LLP, 620 8th Avenue, 32nd Floor, New York, NY, 10018, (212)218-5500
Charged Party / Respondent, Legal Representative, Silver Jason, Seyfarth Shaw LLP, 620 8th Avenue, 32nd Floor, New York, NY, 10018, (212)218-5282
Charged Party / Respondent, Legal Representative, Ferrer John, Ogletree, Deakins, Nash, Smoak & Stewart, PC, 2415 E. Camelback Road, Suite 800, Phoenix, AZ, 85016, (202)263-0268
Charged Party / Respondent, Legal Representative, Adefehinti Kelvin, Ogletree, Deakins, Nash, Smoak & Stewart, P.C., 1909 K Street, N.W., Suite 1000, Washington, DC, 20006-1134, (202)263-0259
Charged Party / Respondent, Employer, Champion Logistics (""Champion""), Queens, NY, 11378
Charging Party, Individual
Charged Party / Respondent, Employer, Amazon Logistics, Inc. and Amazon.com Services LLC
",,,
C,"Region 29, Brooklyn, New York",29-CA-334339,"Amazon.com Services, Inc.",Closed,01/26/2024,01/20/2026,"Dismissal Non-adjusted","Staten Island",NY,8000,"8(a)(1) Concerted Activities (Retaliation, Discharge, Discipline)
8(a)(3) Changes in Terms and Conditions of Employment
8(a)(3) Discipline
8(a)(4) Discipline
","Charged Party / Respondent, Legal Representative, Rogers Amber, Hunton Andrews Kurth LLP, Fountain Place, 1445 Ross Avenue, Ste 3700, Dallas, TX, 75202, (214)468-3308
Charged Party / Respondent, Legal Representative, Larkin Kurt, Hunton Andrews Kurth LLP, 951 East Byrd Street, Richmond, VA, 23219, (804)788-8776
Charged Party / Respondent, Employer, Amazon.com Services LLC, Staten Island, NY, 10314
Charging Party, Individual
",,,
C,"Region 09, Cincinnati, Ohio",09-CA-334697,AMAZON,Closed,01/25/2024,02/27/2024,"Withdrawal Non-adjusted",Hebron,KY,4000,"8(a)(3) Discipline
","Charged Party / Respondent, Employer, Amazon, Hebron, KY, 41048
Charging Party, Individual
",,,
C,"Region 16, Fort Worth, Texas",16-CA-334390,"Amazon Web Services",Closed,01/24/2024,11/21/2024,"Withdrawal Non-adjusted",Houston,TX,55000,"8(a)(4) Discipline
","Charging Party, Legal Representative, GOLUB ANDREW, 2700 POST OAK BLVD. SUITE 1750, HOUSTON, TX, 77056, (713)526-3700
Charged Party / Respondent, Legal Representative, NORTH EDWARD, SEYFARTH SHAW LLP, 975 F STREET, NW, WASHINGTON, DC, 20004, (202)828-5323
Charged Party / Respondent, Legal Representative, PHILLIPS JOHN, 700 Milam Street, Suite 1400, Houston, TX, 77002, (713)225-2300 x741832
Charging Party, Legal Representative, Van Ness Lauren, 2700 Post Oak Boulevard, Suite 1750, Houston, TX, 77056, (713)526-3700
Charging Party, Individual
Charged Party / Respondent, Employer, AMAZON WEB SERVICES, JERSEY CITY, NJ, 07302
",,,
C,"Region 10, Atlanta, Georgia",10-CA-334233,"Amazon Services LLC",Closed,01/24/2024,03/17/2025,"Dismissal Non-adjusted",Garner,NC,1,"8(a)(1) Concerted Activities (Retaliation, Discharge, Discipline)
8(a)(3) Discharge (Including Layoff and Refusal to Hire (not salting))
","Charged Party / Respondent, Legal Representative, Kuntz Harrison, Seyfarth Shaw LLP, 233 S. Wacker Dr Ste 8000, Chicago, IL, 60606-6448, (312)460-5811
Charged Party / Respondent, Legal Representative, Jenkins Olivia, 1075 Peachtree St NE, Suite 2500, Atlanta, GA, 30309, (404)885-1500
Charged Party / Respondent, Employer, Amazon Services LLC, Garner, NC, 27529
Charging Party, Individual
",,,
C,"Region 09, Cincinnati, Ohio",09-CA-334361,"AMAZON.COM SERVICES LLC AND ITS SUBSIDIARY, AMAZON AIR",Open,01/24/2024,,,Florence,KY,4500,"8(a)(1) Coercive Actions (Surveillance, etc)
8(a)(1) Coercive Rules
8(a)(1) Concerted Activities (Retaliation, Discharge, Discipline)
8(a)(3) Discharge (Including Layoff and Refusal to Hire (not salting))
","Charged Party / Respondent, Legal Representative, Stolzenbach Brian, Seyfarth Shaw LLP, 233 South Wacker Drive, Suite 8000, Chicago, IL, 60606, (312)460-5000
Charged Party / Respondent, Legal Representative, Rich Jamie, Partner, Seyfarth Shaw LLP, 560 Mission Street, Suite 3100, San Francisco, CA, 94105, (415)397-2823
Charged Party / Respondent, Legal Representative, Reed Rachael, Seyfarth Shaw LLP, 1075 Peachtree Street NE, Suite 2500, Atlanta, GA, 30309, (404)704-9648
Charging Party, Legal Representative, Rekowski Rachel, Herzfeld, Suetholz, Gastel, Leniski and Wall, PLLC, 600 Vine Street, Suite 2720, Cincinnati, OH, 45202, (513)381-2224
Charged Party / Respondent, Employer, Amazon.com Services LLC and its Subsidiary, Amazon Air, 460 Day One Dr, Florence, KY, 41042, (206)765-3538
Charging Party, Individual
",,,
C,"Region 04, Philadelphia, Pennsylvania",04-CA-334130,"Amazon Logistics",Closed,01/23/2024,05/08/2025,"Dismissal Non-adjusted","West Deptford",NJ,3500,"8(a)(1) Weingarten
8(a)(3) Discipline
","Charged Party / Respondent, Legal Representative, Stolzenbach Brian, Seyfarth Shaw LLP, 233 South Wacker Drive, Suite 8000, Chicago, IL, 60606, (312)460-5000
Charging Party, Legal Representative, Tykulsker David, David Tykulsker & Associates, 161 Walnut Street, Montclair, NJ, 07042, (973)509-9292
Charged Party / Respondent, Legal Representative, Silver Jason, Seyfarth Shaw LLP, 620 8th Avenue, 32nd Floor, New York, NY, 10018, (212)218-5282
Charging Party, Union, Amazonians United, South Jersey Chapter, Philadelphia, PA, 19122
Charged Party / Respondent, Employer, Amazon Inc ACY1, West Deptford, NJ, 08066
",,,
C,"Region 09, Cincinnati, Ohio",09-CA-334229,AMAZON,Open,01/23/2024,,,Hebron,KY,4000,"8(a)(1) Coercive Rules
8(a)(3) Discipline
","Charged Party / Respondent, Legal Representative, Stolzenbach Brian, Seyfarth Shaw LLP, 233 South Wacker Drive, Suite 8000, Chicago, IL, 60606, (312)460-5000
Charged Party / Respondent, Legal Representative, Rich Jamie, Partner, Seyfarth Shaw LLP, 560 Mission Street, Suite 3100, San Francisco, CA, 94105, (415)397-2823
Charging Party, Legal Representative, Newport Pamela, Herzfeld, Suetholz, Gastel, Leniski and Wall, PLLC, 600 Vine Street, Suite 2720, Cincinnati, OH, 45202, (513)381-2224
Charged Party / Respondent, Legal Representative, Reed Rachael, Seyfarth Shaw, LLP, 1075 Peachtree St  NE, Suite 2500, Atlanta, GA, 30309-3958, (404)885-1500
Charging Party, Legal Representative, Rekowski Rachel, Herzfeld, Suetholz, Gastel, Leniski and Wall, PLLC, 600 Vine Street, Suite 2720, Cincinnati, OH, 45202, (513)381-2224
Charged Party / Respondent, Employer, Amazon, 289 Wendell H Ford Blvd, Hebron, KY, 41048, (630)244-2208
Charging Party, Individual
",,,
C,"Region 27, Denver, Colorado",27-CA-333997,"Amazon Delivery Service Partner: Chapters Logistics",Closed,01/22/2024,02/07/2024,"Dismissal Non-adjusted",Loveland,CO,100,"8(a)(1) Concerted Activities (Retaliation, Discharge, Discipline)
","Charged Party / Respondent, Employer, Amazon Delivery Service Partner: Chapters Logistics, Loveland, CO, 80538
Charging Party, Individual
",,,
C,"Region 09, Cincinnati, Ohio",09-CA-334265,AMAZON,Closed,01/19/2024,05/02/2024,"Dismissal Non-adjusted",Hebron,KY,25,"8(a)(1) Coercive Statements (Threats, Promises of Benefits, etc.)
","Charged Party / Respondent, Legal Representative, Stolzenbach Brian, Seyfarth Shaw LLP, 233 South Wacker Drive, Suite 8000, Chicago, IL, 60606, (312)460-5000
Charged Party / Respondent, Legal Representative, Rich Jamie, Partner, Seyfarth Shaw LLP, 560 Mission Street, Suite 3100, San Francisco, CA, 94105, (415)397-2823
Charged Party / Respondent, Employer, Amazon, Hebron, KY, 41048
Charging Party, Individual
",,,
C,"Region 10, Atlanta, Georgia",10-CA-333913,"Amazon Logistics, Inc. (""Amazon""), as a single and/or joint employer with Amazon Delivery Service Partner (""DSP"") MJB LLC (""MJB"")",Open,01/19/2024,,,"Peachtree City",GA,100,"8(a)(1) Coercive Statements (Threats, Promises of Benefits, etc.)
8(a)(1) Concerted Activities (Retaliation, Discharge, Discipline)
","Charged Party / Respondent, Legal Representative, Hunstein Alexandra, Ogletree, Deakins, Nash, Smoak & Stewart, P.C., 7700 Bonhomme Avenue, Suite 650, St. Louis, MO, 63105-0030, (314)312-4932
Charged Party / Respondent, Legal Representative, Vetter Bret, Seyfarth Shaw LLP, 233 South Wacker Drive, Suite 8000, Chicago, IL, 60606, (312)460-5000
Charged Party / Respondent, Legal Representative, Ferrer John, Ogletree Deakins, 1909 K Street NW, Suite 1000, Washington, DC, 20006-1134, (202)887-0855
Charged Party / Respondent, Legal Representative, Sanchez Karla, Seyfarth Shaw LLP, 233 South Wacker Drive, Suite 8000, Chicago, IL, 60606-6448, (312)460-5000
Charging Party, Legal Representative, Griffin Richard, Bredhoff & Kaiser PLLC, 805 Fifteenth Street NW, Suite 1000, Washington, DC, 20005, (202)842-2600
Charging Party, Individual
Charged Party / Respondent, Employer, Amazon Delivery Service Partner (""DSP"") MJB LLC (""MJB""), Peachtree City, GA, 30269
Charged Party / Respondent, Employer, Amazon Logistics, Inc., Atlanta, GA, 30318
",,,
C,"Region 28, Phoenix, Arizona",28-CA-334566,Amazon,Closed,01/19/2024,03/26/2025,"Dismissal Non-adjusted",Mesa,AZ,500,"8(a)(1) Concerted Activities (Retaliation, Discharge, Discipline)
","Charged Party / Respondent, Legal Representative, Blatt Janine, Blatt Law, LLC, PO Box 952, Lake Oswego, OR, 97034, (503)241-7020
Charged Party / Respondent, Employer, Amazon, Tempe, AZ, 85282
Charging Party, Individual
",,,
C,"Region 02, New York, New York",02-CA-333787,"Amazon Logistics, Inc. and Amazon.com Services LLC",Open,01/18/2024,,,"New York",NY,1200,"8(a)(1) Coercive Actions (Surveillance, etc)
","Charged Party / Respondent, Legal Representative, Glass Benjamin, OGLETREE DEAKINS NASH SMOAK & STEWART P.C., 211 King Street, Suite 200, Charleston, SC, 29401, (843)720-0863
Charged Party / Respondent, , Fink Elliott, Seyfarth Shaw LLP, 620 Eighth Avenue, 33rd Floor, New York, NY, 10018, (212)518-5617
Charged Party / Respondent, Legal Representative, Smith Glenn, Seyfarth Shaw LLP, 620 8th Avenue, 32nd Floor, New York, NY, 10018, (212)218-5500
Charged Party / Respondent, Legal Representative, Silver Jason, Seyfarth Shaw LLP, 620 8th Avenue, 32nd Floor, New York, NY, 10018, (212)218-5282
Charged Party / Respondent, Legal Representative, Ferrer John, Ogletree Deakins, 1909 K Street NW, Suite 1000, Washington, DC, 20006-1134, (202)887-0855
Charged Party / Respondent, Legal Representative, Adefehinti Kelvin, Ogletree, Deakins, Nash, Smoak & Stewart, P.C., 1909 K Street, N.W., Suite 1000, Washington, DC, 20006-1134, (202)263-0259
Charging Party, Individual
Charged Party / Respondent, Employer, Amazon Logistics, Inc. and Amazon.com Services LLC (collectively, “Amazon”)
Charged Party / Respondent, Employer, Cornucopia Logistics, LLC (“Cornucopia”), Maspeth, NY, 11378
",,,
C,"Region 13, Chicago, Illinois",13-CA-333703,"Amazon.com Services, LLC",Closed,01/17/2024,05/16/2025,"Withdrawal Non-adjusted",Joliet,IL,500,"8(a)(1) Weingarten
","Charged Party / Respondent, Legal Representative, Stolzenbach Brian, Seyfarth Shaw LLP, 233 South Wacker Drive, Suite 8000, Chicago, IL, 60606, (312)460-5000
Charged Party / Respondent, Employer, Amazon.com Services, LLC, Joliet, IL, 60433
Charging Party, Individual
",,,
C,"Region 29, Brooklyn, New York",29-CA-333662,"Amazon.com Services LLC",Closed,01/16/2024,02/26/2025,"Dismissal Non-adjusted","Staten Island",NY,8500,"8(a)(5) Refusal to Bargain/Bad Faith Bargaining (incl'g surface bargaining/direct dealing)
8(a)(1) Concerted Activities (Retaliation, Discharge, Discipline)
","Charged Party / Respondent, Legal Representative, Rogers Amber, Hunton Andrews Kurth LLP, 1445 Ross Avenue, Suite 3700, Dallas, TX, 75202, (214)468-3308
Charged Party / Respondent, Legal Representative, Larkin Kurt, Hunton Andrews Kurth LLP, 951 East Byrd Street, Richmond, VA, 23219, (804)788-8776
Charged Party / Respondent, Employer, Amazon.com Services LLC, Staten Island, NY, 10314
Charging Party, Union, Amazon Labor Union, Staten Island, NY, 10314
",,,
C,"Region 31, Los Angeles, California",31-CA-333604,Amazon,Closed,01/16/2024,02/12/2026,"Dismissal Non-adjusted",Bakersfield,CA,100,"8(a)(1) Coercive Actions (Surveillance, etc)
8(a)(1) Denial of Access
","Charged Party / Respondent, Legal Representative, Stolzenbach Brian, Seyfarth Shaw LLP, 233 South Wacker Drive, Suite 8000, Chicago, IL, 60606, (312)460-5551
Charged Party / Respondent, Legal Representative, Mirrafati Kamran, Buchalter, 2029 Century Park East, Suite 3500, Los Angeles, CA, 90067-3021, (310)201-5290
Charging Party, Individual
Charged Party / Respondent, Employer, Amazon, Bakersfield, CA, 93308
",,,
C,"Region 29, Brooklyn, New York",29-CA-333653,"Amazon.com Services LLC",Closed,01/11/2024,05/14/2024,"Dismissal Non-adjusted","Staten Island",NY,8500,"8(a)(1) Weingarten
8(a)(5) Refusal to Bargain/Bad Faith Bargaining (incl'g surface bargaining/direct dealing)
","Charged Party / Respondent, Legal Representative, Rogers Amber, 1445 Ross Avenue, 37th Floor, Dallas, TX, 75202, (214)468-3308
Charged Party / Respondent, Legal Representative, Larkin Kurt, 2951 East Byrd Street, Riverfront Plaza, East Tower, Richmond, VA, 23219, (804)788-8776
Charged Party / Respondent, Employer, Staten Island, NY, 10314
Charging Party, Individual
",,,
C,"Region 03, Buffalo, New York",03-CA-333137,"Amazon.Com Services LLC",Closed,01/09/2024,02/07/2024,"Withdrawal Non-adjusted",Castleton-on-Hudson,NY,800,"8(a)(1) Coercive Actions (Surveillance, etc)
","Charged Party / Respondent, Legal Representative, Dumbacher Robert, Hunton Andrews & Kurth LLP, 600 Peachtree Street, NE, Suite 4100, Atlanta, GA, 30308-2217, (404)888-4007
Charged Party / Respondent, Legal Representative, Glasgow Ryan, Hunton Andrews Kurth LLP, Riverfront Plaza East Tower,  951 East Byrd Street, Richmond, VA, 23219, (804)788-8791
Charging Party, Legal Representative, Goldstein Seth, Julien Mirer Singla & Goldstein, PLLC, 1 Whitehall Street, New York, NY, 10004, (212)231-2235
Charged Party / Respondent, Employer, Amazon.Com Services LLC, Castleton - On - Hudson, NY, 12033
Charging Party, Union, Amazon Labor Union, Staten Island, NY, 10314
",,,
C,"Region 10, Atlanta, Georgia",10-CA-333136,"Amazon Logistics, Inc. (""Amazon""), as a single and/or joint employer with Amazon Delivery Service Partner (""DSP"") MJB LLC (""MJB"")",Open,01/08/2024,,,Atlanta,GA,60,"8(a)(1) Coercive Actions (Surveillance, etc)
","Charged Party / Respondent, Legal Representative, Hunstein Alexandra, Ogletree, Deakins, Nash, Smoak & Stewart, P.C., 7700 Bonhomme Avenue, Suite 650, St. Louis, MO, 63105-0030, (314)312-4932
Charged Party / Respondent, Legal Representative, Ferrer John, Ogletree Deakins, 1909 K Street NW, Suite 1000, Washington, DC, 20006-1134, (202)887-0855
Charged Party / Respondent, Legal Representative, Sanchez Karla, Seyfarth Shaw LLP, 233 South Wacker Drive, Suite 8000, Chicago, IL, 60606-6448, (312)460-5000
Charged Party / Respondent, Legal Representative, Jenkins Olivia, 1075 Peachtree Street, NE, Suite 2500, Atlanta, GA, (404)885-1500
Charging Party, Legal Representative, Griffin Richard, Bredhoff & Kaiser PLLC, 805 Fifteenth Street NW, Suite 1000, Washington, DC, 20005, (202)842-2600
Charging Party, Legal Representative, Burden Willie, The International Brotherhood of Teamsters, 25 Louisiana Avenue, N.W., Washington, DC, 20001, (202)624-6951
Charged Party / Respondent, Employer, Amazon Logistics, Inc. (""Amazon""), as a single and/or joint employer with Amazon Delivery Service Partner (""DSP"") MJB LLC (""MJB""), Atlanta, GA, 30331
Charged Party / Respondent, Employer, Amazon Delivery Service Partner (""DSP"") MJB LLC (""MJB""), Peachtree, GA, 30269
Charging Party, Individual
",,,
C,"Region 29, Brooklyn, New York",29-CA-333263,"Amazon.com Services LLC aka Amazon Logistics",Open,01/05/2024,,,Maspeth,NY,300,"8(a)(3) Changes in Terms and Conditions of Employment
8(a)(1) Coercive Rules
8(a)(1) Concerted Activities (Retaliation, Discharge, Discipline)
","Charging Party, Legal Representative, De Haro Hector, 801 N. Brand Blvd, Ste. 950, Glendale, CA, 91203, (818)973-3260
Charging Party, , Wojciechowski Jason, 801 N Brand Blvd, Suite 950, Glendale, CA, 91203, (818)973-3208
Charged Party / Respondent, Legal Representative, Silver Jason, Seyfarth Shaw LLP, 620 8th Avenue, 32nd Floor, New York, NY, 10018, (212)218-5282
Charging Party, Legal Representative, Gutman Dickinson Julie, Bush Gottlieb,  ALC, 801 North Brand Boulevard, Suite 950, Glendale, CA, 91203, (818)973-3228
Charged Party / Respondent, Legal Representative, Vitarelli Victoria, Seyfarth Shaw LLP, 620 8th Avenue, 32nd Floor, New York, NY, 10018, (212)218-4651
Charged Party / Respondent, Employer, Amazon.com Services LLC aka Amazon Logistics, Queens, NY, 11378
Charging Party, Union, Amazonians United, Queens, NY, 11372
",,,
C,"Region 29, Brooklyn, New York",29-CA-333253,"Amazon Logistics",Open,01/05/2024,,,Maspeth,NY,300,"8(a)(1) Coercive Rules
","Charged Party / Respondent, Legal Representative, Fink Elliott, Seyfarth Shaw LLP, 620 Eighth Avenue, 33rd Floor, New York, NY, 10018, (212)518-5617
Charged Party / Respondent, Legal Representative, Silver Jason, Seyfarth Shaw LLP, 620 8th Avenue, 32nd Floor, New York, NY, 10018, (212)218-5282
Charging Party, Union, Amazonians United New York City, Queens, NY, 11372
Charged Party / Respondent, Employer, Amazon.com Services LLC, Maspeth, NY, 11378
",,,
C,"Region 15, New Orleans, Louisiana",15-CA-333159,Amazon,Closed,01/05/2024,03/09/2026,"Dismissal Non-adjusted",Elmwood,LA,300,"8(a)(1) Coercive Statements (Threats, Promises of Benefits, etc.)
","Charged Party / Respondent, Legal Representative, Moronta Grayson, Seyfarth Shaw, LLP, 620 8th Avenue, Floor 32, New York, NY, 10018, (404)704-9671
Charged Party / Respondent, Legal Representative, Sanchez Karla, Seyfarth Shaw LLP, 233 South Wacker Drive, Suite 8000, Chicago, IL, 60606-6448, (312)460-5277
Charged Party / Respondent, Legal Representative, Reed Rachael, Seyfarth Shaw LLP, 1075 Peachtree St NE, Suite 2500, Atlanta, GA, 30309-3958, (404)885-1500
Charged Party / Respondent, Employer, Amazon, Elmwood, LA, 70123
Charging Party, Individual
",,,
C,"Region 15, New Orleans, Louisiana",15-CA-333171,Amazon,Closed,01/05/2024,07/10/2026,"Dismissal Non-adjusted",Elmwood,LA,300,"8(a)(1) Concerted Activities (Retaliation, Discharge, Discipline)
8(a)(1) Coercive Statements (Threats, Promises of Benefits, etc.)
8(a)(3) Discipline
","Charged Party / Respondent, Legal Representative, Sanchez Karla, Seyfarth Shaw LLP, 233 South Wacker Drive, Suite 8000, Chicago, IL, 60606-6448, (312)460-5277
Charged Party / Respondent, Legal Representative, Reed Rachael, Seyfarth Shaw LLP, 1075 Peachtree St NE, Suite 2500, Atlanta, GA, 30309-3958, (404)885-1500
Charged Party / Respondent, Employer, Amazon, Elmwood, LA, 70123
Charging Party, Individual
",,,
C,"Region 29, Brooklyn, New York",29-CA-333246,"Amazon Logistics",Closed,01/04/2024,05/14/2026,"Dismissal Non-adjusted",Maspeth,NY,300,"8(a)(1) Coercive Rules
8(a)(3) Discipline
","Charged Party / Respondent, Legal Representative, Fink Elliott, Seyfarth Shaw LLP, 620 Eighth Avenue, 33rd Floor, New York, NY, 10018, (212)518-5617
Charged Party / Respondent, Legal Representative, Silver Jason, Seyfarth Shaw LLP, 620 8th Ave, 32nd Floor, New York, NY, 10018, (212)218-5282
Charging Party, Union, Amazonians United NYC, Queens, NY, 11372
Charged Party / Respondent, Employer, Amazon Logistics, Queens, NY, 11378
",,,
C,"Region 29, Brooklyn, New York",29-CA-333049,"Amazon.com Services LLC",Closed,01/03/2024,03/20/2024,"Dismissal Non-adjusted","Staten Island",NY,8500,"8(a)(1) Concerted Activities (Retaliation, Discharge, Discipline)
8(a)(1) Weingarten
8(a)(5) Refusal to Bargain/Bad Faith Bargaining (incl'g surface bargaining/direct dealing)
","Charged Party / Respondent, Legal Representative, Rogers Amber, Hunton Andrews Kurth LLP, 1445 Ross Avenue, Suite 3700, Dallas, TX, 75202, (214)468-3308
Charged Party / Respondent, Legal Representative, Larkin Kurt, Hunton Andrews Kurth LLP, 951 East Byrd Street, Suite 1300, Richmond, VA, 23219, (804)788-8776
Charged Party / Respondent, Employer, Amazon.com Services LLC, Staten Island, NY, 10314
Charging Party, Union, Amazon Labor Union, Staten Island, NY, 10314
",,,
C,"Region 29, Brooklyn, New York",29-CA-333086,"Amazon.com Services LLC",Closed,01/03/2024,03/20/2024,"Dismissal Non-adjusted","Staten Island",NY,8500,"8(a)(1) Concerted Activities (Retaliation, Discharge, Discipline)
8(a)(1) Weingarten
8(a)(5) Refusal to Bargain/Bad Faith Bargaining (incl'g surface bargaining/direct dealing)
","Charged Party / Respondent, Legal Representative, Rogers Amber, Hunton Andrews Kurth LLP, 1445 Ross Avenue, Suite 3700, Dallas, TX, 75202, (214)468-3308
Charged Party / Respondent, Legal Representative, Larkin Kurt, Hunton Andrews Kurth LLP, 951 East Byrd Street, Suite 1300, Richmond, VA, 23219, (804)788-8776
Charged Party / Respondent, Employer, Amazon.com Services LLC, Staten Island, NY, 10314
Charging Party, Union, Amazon Labor Union, Staten Island, NY, 10314
",,,
C,"Region 29, Brooklyn, New York",29-CA-333164,"Amazon.com Services LLC",Closed,01/03/2024,03/18/2024,"Dismissal Non-adjusted","Staten Island",NY,8500,"8(a)(1) Concerted Activities (Retaliation, Discharge, Discipline)
8(a)(1) Weingarten
8(a)(5) Refusal to Bargain/Bad Faith Bargaining (incl'g surface bargaining/direct dealing)
","Charged Party / Respondent, Legal Representative, Rogers Amber, Hunton Andrews Kurth LLP, 1445 Ross Avenue, Suite 3700, Dallas, TX, 75202, (214)468-3308
Charged Party / Respondent, Legal Representative, Larkin Kurt, Hunton Andrews Kurth LLP, 951 East Byrd Street, Suite 1300, Richmond, VA, 23219, (804)788-8776
Charged Party / Respondent, Employer, Amazon.com Services LLC, Staten Island, NY, 10314
Charging Party, Union, Amazon Labor Union, Staten Island, NY, 10314
",,,
C,"Region 29, Brooklyn, New York",29-CA-333000,"Amazon.com Services LLC",Closed,01/02/2024,03/26/2024,"Dismissal Non-adjusted","Staten Island",NY,8500,"8(a)(1) Concerted Activities (Retaliation, Discharge, Discipline)
8(a)(5) Refusal to Bargain/Bad Faith Bargaining (incl'g surface bargaining/direct dealing)
","Charged Party / Respondent, Employer, Amazon.com Services LLC, Staten Island, NY, 10314
Charging Party, Union, Amazon Labor Union, Staten Island, NY, 10314
",,,
C,"Region 28, Phoenix, Arizona",28-CA-334668,Amazon,Open,01/02/2024,,,Tucson,AZ,300,"8(a)(1) Concerted Activities (Retaliation, Discharge, Discipline)
8(a)(1) Coercive Rules
","Charged Party / Respondent, Legal Representative, Stolzenbach Brian, Seyfarth Shaw LLP, 233 South Wacker Drive, Suite 8000, Chicago, IL, 60606, (312)460-5000
Charged Party / Respondent, Legal Representative, Stokes Kristin, (312)460-5000
Charged Party / Respondent, Employer, Amazon, Tucson, AZ, 85713
Charging Party, Individual
",,,
C,"Region 10, Atlanta, Georgia",10-CA-332289,"Amazon LLC",Closed,12/20/2023,03/21/2025,"Withdrawal Non-adjusted",Buford,GA,500,"8(a)(1) Weingarten
","Charged Party / Respondent, Legal Representative, Williams Chris, 1075 Peachtree Street NE, Suite 2500, Atlanta, GA, 30309, (404)885-1500
Charged Party / Respondent, Legal Representative, Reed Rachael, Seyfarth Shaw LLP, 1075 Peachtree St NE, Suite 2500, Atlanta, GA, 30309-3958, (404)885-1500
Charged Party / Respondent, Employer, Amazon LLC, Buford, GA, 30518
Charging Party, Individual
",,,
C,"Region 03, Buffalo, New York",03-CA-332247,Amazon,Closed,12/20/2023,05/16/2025,"Withdrawal Non-adjusted",Liverpool,NY,4000,"8(a)(1) Concerted Activities (Retaliation, Discharge, Discipline)
","Charged Party / Respondent, Legal Representative, Williams Amanda, Seyfarth Shaw LLP, 620 Eighth Avenue, 32nd Floor, New York, NY, 10018, (212)218-5290
Charged Party / Respondent, Legal Representative, Silver Jason, Seyfarth Shaw LLP, 620 8th Ave, 32nd Floor, New York, NY, 10018, (212)218-5282
Charged Party / Respondent, Employer, Amazon, Liverpool, NY, 13090
Charging Party, Individual
",,,
C,"Region 10, Atlanta, Georgia",10-CA-332285,"Amazon LLC",Closed,12/20/2023,05/27/2026,"Informal Settlement",Buford,GA,500,"8(a)(1) Concerted Activities (Retaliation, Discharge, Discipline)
8(a)(3) Discipline
","Charged Party / Respondent, Legal Representative, Williams Chris, 1075 Peachtree Street NE, Suite 2500, Atlanta, GA, 30309, (404)885-1500
Charged Party / Respondent, Legal Representative, Phillips John, Seyfarth Shaw LLP, 700 Milam Street, Suite 1400, Houston, TX, 77002-2812, (713)225-2300
Charged Party / Respondent, Legal Representative, Reed Rachael, Seyfarth Shaw LLP, 1075 Peachtree St NE, Suite 2500, Atlanta, GA, 30309-3958, (404)885-1500
Charged Party / Respondent, Employer, Amazon LLC, Buford, GA, 30518
Charging Party, Individual
",,,
C,"Region 10, Atlanta, Georgia",10-CA-332283,"Amazon.com Services, LLC",Closed,12/20/2023,05/27/2026,"Informal Settlement",Buford,GA,500,"8(a)(1) Concerted Activities (Retaliation, Discharge, Discipline)
8(a)(1) Coercive Actions (Surveillance, etc)
8(a)(1) Coercive Rules
8(a)(3) Discharge (Including Layoff and Refusal to Hire (not salting))
","Charged Party / Respondent, Legal Representative, Williams Chris, 1075 Peachtree Street NE, Suite 2500, Atlanta, GA, 30309, (404)885-1500
Charged Party / Respondent, Legal Representative, Kuntz Harrison, Seyfarth Shaw LLP, 233 South Wacker Drive, Suite 8000, Chicago, IL, 60606, (310)597-1559
Charged Party / Respondent, Legal Representative, Phillips John, Seyfarth Shaw LLP, 700 Milam Street, Suite 1400, Houston, TX, 77002-2812, (713)225-2300
Charged Party / Respondent, Legal Representative, Reed Rachael, Seyfarth Shaw LLP, 1075 Peachtree St NE, Suite 2500, Atlanta, GA, 30309-3958, (404)885-1500
Charged Party / Respondent, Employer, Amazon LLC, 5000 Lanier Islands Pkwy, Buford, GA, 30518
Charging Party, Individual
",,,
C,"Region 15, New Orleans, Louisiana",15-CA-332355,Amazon,Closed,12/20/2023,07/10/2026,"Dismissal Non-adjusted",Elmwood,LA,600,"8(a)(1) Coercive Statements (Threats, Promises of Benefits, etc.)
8(a)(1) Concerted Activities (Retaliation, Discharge, Discipline)
8(a)(1) Weingarten
8(a)(3) Discipline
","Charged Party / Respondent, Legal Representative, Tignor Elody, Seyfarth Shaw LLP, 233 South Wacker Drive, Suite 8000, Chicago, IL, 60606-6448, (817)821-5950
Charged Party / Respondent, Legal Representative, Sanchez Karla, Seyfarth Shaw LLP, 233 S. Wacker Drive, Ste 8000, Chicago, IL, 60606, (312)460-5000
Charged Party / Respondent, Legal Representative, Reed Rachael, Seyfarth Shaw LLP, 1075 Peachtree St NE, Suite 2500, Atlanta, GA, 30309-3958, (404)885-1500
Charged Party / Respondent, Employer, Amazon, Elmwood, LA, 70123
Charging Party, Individual
",,,
C,"Region 09, Cincinnati, Ohio",09-CA-332319,"AMAZON.COM SERVICES LLC AND ITS SUBSIDIARY, AMAZON AIR",Closed,12/19/2023,05/20/2024,"Dismissal Non-adjusted",Hebron,KY,4000,"8(a)(3) Discharge (Including Layoff and Refusal to Hire (not salting))
8(a)(1) Concerted Activities (Retaliation, Discharge, Discipline)
8(a)(4) Discharge (including Layoff and Refusal to Hire)
8(a)(3) Discipline
","Charged Party / Respondent, Legal Representative, Stolzenbach Brian, Seyfarth Shaw LLP, 233 South Wacker Drive, Suite 8000, Chicago, IL, 60606, (312)460-5000
Charged Party / Respondent, Legal Representative, Rich Jamie, Seyfarth Shaw LLP, 560 Mission Street, Suite 3100, San Francisco, CA, 94105-2930, (916)498-7078
Charged Party / Respondent, Legal Representative, Iaculla Taylor, 233 South Wacker Drive, Suite 8000, Chicago, IL, 60606, (312)460-5796
Charged Party / Respondent, Employer, Amazon Services LLC, Erlanger, KY, 41048
Charging Party, Individual
",,,
C,"Region 29, Brooklyn, New York",29-CA-332279,"Amazon Logistics",Closed,12/15/2023,09/18/2024,"Withdrawal Non-adjusted",Maspeth,NY,300,"8(a)(1) Coercive Rules
","Charging Party, Legal Representative, Tykulsker David, 161 Walnut Street, Montclair, NJ, 07042, (201)259-6788
Charged Party / Respondent, Legal Representative, Moronta Grayson, Seyfarth Shaw, LLP, 620 8th Avenue, New York, NY, 10018, (404)704-9671
Charged Party / Respondent, Legal Representative, Silver Jason, Seyfarth Shaw LLP, 620 8th Avenue, 32nd Floor, New York, NY, 10018, (212)218-5282
Charging Party, Union, Amazonians United, Queens, NY, 11372
Charged Party / Respondent, Employer, Cornucopia Logistics, LLC (“Cornucopia”), Maspeth, NY, 11378
",,,
C,"Region 29, Brooklyn, New York",29-CA-332294,"Amazon Logistics",Open,12/15/2023,,,Maspeth,NY,300,"8(a)(1) Coercive Actions (Surveillance, etc)
8(a)(1) Coercive Rules
","Charged Party / Respondent, Legal Representative, Moronta Grayson, Seyfarth Shaw, LLP, 1075 Peachtree Street, N.E., Suite 2500, Atlanta, GA, 30309, (404)704-9671
Charged Party / Respondent, Legal Representative, Silver Jason, Seyfarth Shaw LLP, 620 8th Avenue, 32nd Floor, New York, NY, 10018, (212)218-5282
Charging Party, Union, Amazonians United, Queens, NY, 11372
Charged Party / Respondent, Employer, Amazon Logistics, Inc. and Amazon.com Services, LLC, Maspeth, NY, 11378
",,,
C,"Region 29, Brooklyn, New York",29-CA-332097,"Amazon.com Services LLC",Open,12/15/2023,,,"Staten Island",NY,8200,"8(a)(3) Discharge (Including Layoff and Refusal to Hire (not salting))
8(a)(1) Concerted Activities (Retaliation, Discharge, Discipline)
8(a)(4) Discharge (including Layoff and Refusal to Hire)
","Charged Party / Respondent, Legal Representative, Rogers Amber, Hunton Andrews Kurth LLP, 1445 Ross Avenue, Suite 3700, Dallas, TX, 75202, (214)468-3308
Charging Party, Legal Representative, Mirer Jeanne, Julien Mirer & Associates, PLLC, 300 Cadman Plaza West, 12th Floor, Brooklyn, NY, 11201, (212)231-2235
Charged Party / Respondent, Legal Representative, Larkin Kurt, Hunton Andrews Kurth LLP, 951 East Byrd Street, Suite 1300, Richmond, VA, 23219, (804)788-8776
Charged Party / Respondent, Employer, Amazon.com Services LLC, Staten Island, NY, 10314
Charging Party, Union, Amazon Labor Union, Staten Island, NY, 10314
",,,
C,"Region 13, Chicago, Illinois",13-CA-331873,"Amazon.com Services, LLC",Open,12/14/2023,,,Joliet,IL,1000,"8(a)(1) Concerted Activities (Retaliation, Discharge, Discipline)
8(a)(3) Changes in Terms and Conditions of Employment
","Charged Party / Respondent, Legal Representative, Stolzenbach Brian, Seyfarth Shaw LLP, 233 South Wacker Drive, Suite 8000, Chicago, IL, 60606, (312)460-5000
Charged Party / Respondent, Legal Representative, Sloan Matthew, Seyfarth Shaw LLP, 233 South Wacker Drive, Suite 8000, Chicago, IL, 60606, (312)460-5000
Charging Party, Individual
Charged Party / Respondent, Employer, Amazon.com Services, LLC, Joliet, IL, 60433
",,,
C,"Region 29, Brooklyn, New York",29-CA-331942,"Amazon.com Services LLC",Closed,12/14/2023,02/27/2024,"Dismissal Non-adjusted","Staten Island",NY,8500,"8(a)(5) Refusal to Bargain/Bad Faith Bargaining (incl'g surface bargaining/direct dealing)
8(a)(1) Concerted Activities (Retaliation, Discharge, Discipline)
8(a)(3) Changes in Terms and Conditions of Employment
8(a)(3) Discipline
","Charged Party / Respondent, Legal Representative, Rogers Amber, 1445 Ross Avenue, 37th Floor, Dallas, TX, 75202, (214)468-3308
Charged Party / Respondent, Legal Representative, Larkin Kurt, 2951 East Byrd Street, Riverfront Plaza, East Tower, Richmond, VA, 23219, (804)788-8776
Charged Party / Respondent, Employer, Amazon.com Services LLC, Staten Island, NY, 10314
Charging Party, Union, Amazon Labor Union, Staten Island, NY, 10314
",,,
C,"Region 02, New York, New York",02-CA-331635,"Amazon SWF1 Fulfillment Center",Open,12/11/2023,,,"Rock Tavern",NY,1200,"8(a)(3) Discipline
","Charged Party / Respondent, Legal Representative, Silver Jason, Seyfarth Shaw LLP, 620 8th Avenue, 32nd Floor, New York, NY, 10018, (212)218-5282
Charging Party, Legal Representative, Gutman Dickinson Julie, Bush Gottlieb,  ALC, 801 North Brand Boulevard, Suite 950, Glendale, CA, 91203, (818)973-3228
Charged Party / Respondent, Legal Representative, Vitarelli Victoria, Seyfarth Shaw LLP, 620 8th Avenue, 32nd Floor, New York, NY, 10018, (212)218-4651
Charged Party / Respondent, Employer, Amazon SWF1 Fulfillment Center, Rock Tavern, NY, 12575
Charging Party, Individual
Involved Party, Union, The International Brotherhood of Teamsters, Washington, DC, 20001
",,,
C,"Region 22, Newark, New Jersey",22-CA-331777,"Amazon.com Services LLC",Closed,12/11/2023,03/18/2024,"Dismissal Non-adjusted","Tinton Falls",NJ,200,"8(a)(1) Coercive Statements (Threats, Promises of Benefits, etc.)
8(a)(1) Coercive Actions (Surveillance, etc)
8(a)(1) Coercive Rules
8(a)(5) Refusal to Bargain/Bad Faith Bargaining (incl'g surface bargaining/direct dealing)
8(a)(5) Repudiation/Modification of Contract [Sec 8(d)/Unilateral Changes]
8(a)(1) Concerted Activities (Retaliation, Discharge, Discipline)
","Charged Party / Respondent, Legal Representative, Silver Jason, Seyfarth Shaw LLP, 620 8th Avenue, 32nd Floor, New York, NY, 10018, (212)218-5282
Charged Party / Respondent, Legal Representative, Lussier Nicolas, Seyfarth Shaw LLP, 620 Eighth Avenue, New York, NY, 10018, (212)218-5566
Charged Party / Respondent, Employer, Amazon.com Services LLC, Tinton Falls, NJ, 07753
Charging Party, Union, Amazon Labor Union, Staten Island, NY, 10314
",,,
C,"Region 02, New York, New York",02-CA-331323,"Amazon SWF1 Fulfillment Center",Open,12/06/2023,,,"Rock Tavern",NY,1200,"8(a)(1) Weingarten
","Charged Party / Respondent, Legal Representative, Silver Jason, Seyfarth Shaw LLP, 620 8th Avenue, 32nd Floor, New York, NY, 10018, (212)218-5282
Charged Party / Respondent, Legal Representative, Vitarelli Victoria, Seyfarth Shaw LLP, 620 8th Avenue, 32nd Floor, New York, NY, 10018, (212)218-4651
Charged Party / Respondent, Employer, Amazon SWF1 Fulfillment Center, Rock Tavern, NY, 12575
Charging Party, Individual
",,,
C,"Region 29, Brooklyn, New York",29-CA-331160,"Amazon.com Services LLC",Closed,12/04/2023,12/18/2024,"Dismissal Non-adjusted","Staten Island",NY,8500,"8(a)(1) Concerted Activities (Retaliation, Discharge, Discipline)
","Charged Party / Respondent, Legal Representative, Rogers Amber, Hunton Andrews Kurth LLP, 1445 Ross Avenue, Suite 3700, Dallas, TX, 75202, (214)468-3308
Charged Party / Respondent, Legal Representative, Larkin Kurt, Hunton Andrews Kurth LLP, 951 East Byrd Street, Suite 1300, Richmond, VA, 23219, (804)788-8776
Charging Party, Union, Amazon Labor Union, Staten Island, NY, 10314
Charged Party / Respondent, Employer, Staten Island, NY, 10314
",,,
C,"Region 29, Brooklyn, New York",29-CA-331278,"Amazon.com Services LLC",Closed,12/04/2023,04/01/2024,"Dismissal Non-adjusted","Staten Island",NY,8500,"8(a)(1) Concerted Activities (Retaliation, Discharge, Discipline)
8(a)(5) Refusal to Bargain/Bad Faith Bargaining (incl'g surface bargaining/direct dealing)
","Charged Party / Respondent, Legal Representative, Rogers Amber, Hunton Andrews Kurth LLP, 1445 Ross Ave., Ste 3700, Dallas, TX, 75202, (241)468-3308
Charged Party / Respondent, Legal Representative, Larkin Kurt, 2951 East Byrd Street, Riverfront Plaza, East Tower, Richmond, VA, 23219, (804)788-8776
Charging Party, Union, Amazon Labor Union, Staten Island, NY, 10314
Charged Party / Respondent, Employer, Amazon.com Services LLC, Staten Island, NY, 10314
",,,
C,"Region 22, Newark, New Jersey",22-CA-331320,"Amazon.com Services",Closed,12/04/2023,03/18/2024,"Dismissal Non-adjusted","Tinton Falls",NJ,8500,"8(a)(1) Coercive Statements (Threats, Promises of Benefits, etc.)
8(a)(1) Concerted Activities (Retaliation, Discharge, Discipline)
8(a)(1) Coercive Actions (Surveillance, etc)
8(a)(1) Interrogation (including Polling)
8(a)(1) Coercive Rules
8(a)(1) Weingarten
","Charged Party / Respondent, Legal Representative, Silver Jason, Seyfarth Shaw LLP, 620 8th Avenue, 32nd Floor, New York, NY, 10018, (212)218-5282
Charged Party / Respondent, Legal Representative, Lussier Nicolas, Seyfarth Shaw LLP, 620 Eighth Avenue, New York, NY, 10018, (212)218-5566
Charged Party / Respondent, Employer, Amazon.com Services, Tinton Falls, NJ, 07753
Charging Party, Union, Amazon Labor Union, Staten Island, NY, 10314
",,,
C,"Region 29, Brooklyn, New York",29-CA-331154,"Amazon.com Services LLC",Closed,12/04/2023,01/23/2024,"Withdrawal Non-adjusted","Staten Island",NY,8500,"8(a)(5) Refusal to Bargain/Bad Faith Bargaining (incl'g surface bargaining/direct dealing)
8(a)(1) Concerted Activities (Retaliation, Discharge, Discipline)
","Charged Party / Respondent, Legal Representative, Rogers Amber, Hunton Andrews Kurth LLP, Fountain Place, 1445 Ross Avenue, Ste 3700, Dallas, TX, 75202, (214)468-3308
Charged Party / Respondent, Legal Representative, LARKIN KURT, Hunton Andrews Kurth LLP, 951 East Byrd Street, Suite 1300, Richmond, VA, 23219, (804)788-8776
Charged Party / Respondent, Employer, Amazon.com Services LLC, Staten Island, NY, 10314
Charging Party, Union, Amazon Labor Union, Staten Island, NY, 10314
",,,
C,"Region 29, Brooklyn, New York",29-CA-331242,"Amazon.com Services LLC",Closed,12/01/2023,07/12/2024,"Dismissal Non-adjusted","Staten Island",NY,8500,"8(a)(5) Refusal to Bargain/Bad Faith Bargaining (incl'g surface bargaining/direct dealing)
8(a)(5) Repudiation/Modification of Contract [Sec 8(d)/Unilateral Changes]
8(a)(1) Concerted Activities (Retaliation, Discharge, Discipline)
","Charged Party / Respondent, Employer, Amazon.com Services LLC, Staten Island, NY, 10314
Charging Party, Union, Amazon Labor Union, Staten Island, NY, 10314
",,,
C,"Region 29, Brooklyn, New York",29-CA-331028,"Amazon.com Services LLC",Open,12/01/2023,,,"Staten Island",NY,1400000,"8(a)(5) Refusal to Bargain/Bad Faith Bargaining (incl'g surface bargaining/direct dealing)
8(a)(4) Discharge (including Layoff and Refusal to Hire)
8(a)(5) Refusal to Recognize
8(a)(3) Discipline
8(a)(4) Discipline
","Charged Party / Respondent, Legal Representative, Rogers Amber, Hunton Andrews Kurth LLP, Fountain Place, 1445 Ross Avenue, Ste 3700, Dallas, TX, 75202, (214)468-3308
Charging Party, Legal Representative, Schwartz Arthur, 225 Broadway, Suite 1902, New York, NY, 10007, (212)285-1400
Charged Party / Respondent, Legal Representative, LARKIN KURT, Hunton Andrews Kurth LLP, 951 East Byrd Street, Suite 1300, Richmond, VA, 23219, (804)788-8776
Charged Party / Respondent, Employer, Amazon.com Service LLC, Staten Island, NY, 10314
Charging Party, Individual
",,,
C,"Region 20, San Francisco, California",20-CA-331145,Amazon,Closed,11/30/2023,12/15/2023,"Withdrawal Non-adjusted",Sacramento,CA,150,"8(a)(1) Concerted Activities (Retaliation, Discharge, Discipline)
","Charged Party / Respondent, Legal Representative, Rich Jamie, Seyfarth Shaw LLP, 560 Mission Street, Suite 3100, San Francisco, CA, 94105-2930, (916)498-7078
Charged Party / Respondent, Employer, Amazon, Sacramento, CA, 95835
Charging Party, Individual
",,,
C,"Region 08, Cleveland, Ohio",08-CA-330973,"Amazon.com Services LLC",Closed,11/28/2023,07/02/2026,"Informal Settlement",Pataskala,OH,1000,"8(a)(3) Discharge (Including Layoff and Refusal to Hire (not salting))
8(a)(1) Coercive Statements (Threats, Promises of Benefits, etc.)
","Charging Party, Legal Representative, Sellers Adreanna, Murphy Anderson, PLLC, 1401 K Street NW, Suite 300, Washington, DC, 20005, (202)568-2857
Charged Party / Respondent, Legal Representative, Vetter Bret, Seyfarth Shaw, 233 South Wacker Drive, Suite 8000, Chicago, IL, 60606, (312)460-5724
Charged Party / Respondent, Legal Representative, Vento Joseph, Seyfarth Shaw LLP, 626 Eighth Avenue, 31st Floor, New York, NY, 10018, (212)218-5548
Charged Party / Respondent, Legal Representative, Sanchez Karla, Seyfarth Shaw LLP, 233 South Wacker Drive, Suite 8000, Chicago, IL, 60606-6448, (312)460-5277
Charging Party, Legal Representative, Anderson Michael, Murphy Anderson PLLC, 33 Harrison Ave, 7th Floor, Boston, MA, 02111, (617)227-5720
Charging Party, Union, American Postal Workers Union (APWU), AFL-CIO, 1500 L. Street NW, Washington, DC, 20005, (202)842-4200
Charged Party / Respondent, Employer, Amazon.com Services LLC, MEM5, 8591 Mink S SW, Pataskala, OH, 43062, (570)843-3146
",,,
C,"Region 16, Fort Worth, Texas",16-CA-331071,"Amazon, Inc.",Closed,11/27/2023,04/07/2025,"Dismissal Non-adjusted","Round Rock",TX,450,"8(a)(1) Concerted Activities (Retaliation, Discharge, Discipline)
","Charged Party / Respondent, Legal Representative, NORTH EDWARD, SEYFARTH SHAW LLP, 975 F STREET, NW, WASHINGTON, DC, 20004, (202)828-5323
Charged Party / Respondent, Legal Representative, PHILLIPS JOHN, 700 Milam Street, Ste1400, Houston, TX, 77002-2812, (713)238-1832
Charged Party / Respondent, Employer, Amazon, Inc., Pflugerville, TX, 78665
Charging Party, Individual
",,,
C,"Region 29, Brooklyn, New York",29-CA-330698,"Amazon.com Services LLC",Open,11/27/2023,,,Queens,NY,300,"8(a)(1) Coercive Statements (Threats, Promises of Benefits, etc.)
","Charging Party, Legal Representative, Tykulsker David, 161 Walnut St, Montclair, NJ, 07042-3801, (973)509-9292
Charged Party / Respondent, Legal Representative, Silver Jason, Seyfarth Shaw LLP, 620 8th Avenue, 32nd Floor, New York, NY, 10018, (212)218-5282
Charged Party / Respondent, Legal Representative, Vitarelli Victoria, Seyfarth Shaw LLP, 620 8th Avenue, 32nd Floor, New York, NY, 10018, (212)218-4651
Charged Party / Respondent, Employer, Amazon Logistics Inc. or Amazon.com Services LLC (collectively, “Amazon”), Queens, NY, 11378
Charging Party, Union, Amazonians United NYC, Jackson Heights, NY, 11373
",,,
C,"Region 09, Cincinnati, Ohio",09-CA-330650,"AMAZON SERVICES LLC",Closed,11/21/2023,05/03/2024,"Withdrawal Non-adjusted",Florence,KY,4500,"8(a)(1) Coercive Statements (Threats, Promises of Benefits, etc.)
8(a)(1) Coercive Actions (Surveillance, etc)
8(a)(3) Discipline
8(a)(1) Concerted Activities (Retaliation, Discharge, Discipline)
8(a)(1) Coercive Rules
","Charged Party / Respondent, Legal Representative, Stolzenbach Brian, Seyfarth Shaw LLP, 233 South Wacker Drive, Suite 8000, Chicago, IL, 60606, (312)460-5551
Charged Party / Respondent, Legal Representative, Rich Jamie, Seyfarth Shaw LLP, 560 Mission Street, Suite 3100, San Francisco, CA, 94105-2930, (916)498-7078
Charged Party / Respondent, Legal Representative, Sloan Matthew, Seyfarth Shaw LLP, 233 South Wacker Drive, Suite 8000, Chicago, IL, 60606, (312)460-5000
Charged Party / Respondent, Employer, Amazon Services LLC, Erlanger, KY, 41048
Charging Party, Individual
",,,
C,"Region 29, Brooklyn, New York",29-CA-330458,"Amazon.com Services LLC",Closed,11/20/2023,04/08/2025,"Dismissal Non-adjusted","Staten Island",NY,8500,"8(a)(1) Coercive Actions (Surveillance, etc)
8(a)(5) Refusal to Bargain/Bad Faith Bargaining (incl'g surface bargaining/direct dealing)
8(a)(5) Repudiation/Modification of Contract [Sec 8(d)/Unilateral Changes]
8(a)(3) Discharge (Including Layoff and Refusal to Hire (not salting))
8(a)(1) Concerted Activities (Retaliation, Discharge, Discipline)
","Charged Party / Respondent, Legal Representative, Rogers Amber, Hunton Andrews Kurth LLP, 1445 Ross Avenue, Suite 3700, Dallas, TX, 75202, (214)468-3308
Charging Party, Legal Representative, Mirer Jeanne, Julien Mirer & Associates, PLLC, 300 Cadman Plaza West, 12th Floor, Brooklyn, NY, 11201, (212)231-2235
Charged Party / Respondent, Legal Representative, Larkin Kurt, Hunton Andrews Kurth LLP, 951 East Byrd Street, Suite 1300, Richmond, VA, 23219, (804)788-8776
Charging Party, Union, International Brotherhood of Teamsters, Washington, DC, 20001
Charged Party / Respondent, Employer, Amazon.com Services LLC, Staten Island, NY, 10314
",,,
C,"Region 29, Brooklyn, New York",29-CA-330092,"Amazon.com Services",Closed,11/15/2023,01/16/2024,"Withdrawal Non-adjusted","Staten Island",NY,8500,"8(a)(1) Concerted Activities (Retaliation, Discharge, Discipline)
","Charged Party / Respondent, , Rogers Amber, Hunton Andrews Kurth LLP, 1445 Ross Avenue, Suite 3700, Dallas, TX, 75202, (214)468-3308
Charged Party / Respondent, Legal Representative, LARKIN KURT, Hunton Andrews Kurth LLP, 951 East Byrd Street, Suite 1300, Richmond, VA, 23219, (804)788-8776
Charged Party / Respondent, Employer, Amazon.com Services LLC, Staten Island, NY, 10314
Charging Party, Union, Amazon Labor Union, Staten Island, NY, 10314
",,,
C,"Region 29, Brooklyn, New York",29-CA-330288,"Amazon.com Services LLC",Closed,11/13/2023,09/10/2024,"Dismissal Non-adjusted","Staten Island",NY,8500,"8(a)(1) Concerted Activities (Retaliation, Discharge, Discipline)
","Charging Party, Legal Representative, Vasquez Jason, International Brotherhood of Teamsters, 25 Louisiana Avenue NW, Washington, DC, 20001, (202)624-6945
Charged Party / Respondent, Employer, Amazon.com Services LLC, Staten Island, NY, 10314
Charging Party, Union, Amazon Labor Union, Staten Island, NY, 10314
",,,
C,"Region 29, Brooklyn, New York",29-CA-330402,"Amazon.com Services LLC",Closed,11/13/2023,06/27/2024,"Dismissal Non-adjusted","Staten Island",NY,8500,"8(a)(1) Concerted Activities (Retaliation, Discharge, Discipline)
","Charged Party / Respondent, Legal Representative, Rogers Amber, Hunton Andrews Kurth LLP, 1445 Ross Avenue, Suite 3700, Dallas, TX, 75202, (214)468-3308
Charged Party / Respondent, Employer, Amazon.com Services LLC, Staten Island, NY, 10314
Charging Party, Union, Amazon Labor Union, Staten Island, NY, 10314
",,,
C,"Region 09, Cincinnati, Ohio",09-CA-330536,"AMAZON.COM SERVICES LLC AND ITS SUBSIDIARY, AMAZON AIR",Open,11/13/2023,,,Hebron,KY,4500,"8(a)(3) Discipline
8(a)(1) Concerted Activities (Retaliation, Discharge, Discipline)
8(a)(1) Coercive Actions (Surveillance, etc)
","Charged Party / Respondent, Legal Representative, Stolzenbach Brian, Seyfarth Shaw LLP, 233 South Wacker Drive, Suite 8000, Chicago, IL, 60606, (312)460-5000
Charged Party / Respondent, Legal Representative, Rich Jamie, Seyfarth Shaw LLP, 560 Mission Street, Suite 3100, San Francisco, CA, 94105-2930, (916)498-7078
Charging Party, Legal Representative, Newport Pamela, Herzfeld, Suetholz, Gastel, Leniski and Wall, PLLC, 600 Vine Street, Suite 2720, Cincinnati, OH, 45202, (513)381-2224
Charged Party / Respondent, Legal Representative, Reed Rachael, Seyfarth Shaw, LLP, 1075 Peachtree St  NE, Suite 2500, Atlanta, GA, 30309-3958, (404)885-1500
Charging Party, Legal Representative, Rekowski Rachel, Herzfeld, Suetholz, Gastel, Leniski and Wall, PLLC, 600 Vine Street, Suite 2720, Cincinnati, OH, 45202, (513)381-2224
Charging Party, Individual
Charged Party / Respondent, Employer, AMAZON.COM SERVICES LLC AND ITS SUBSIDIARY, AMAZON AIR, 289 Wendell H Ford Blvd, Hebron, KY, 41048, (513)399-0748
",,,
C,"Region 29, Brooklyn, New York",29-CA-330001,"Amazon.com Services LLC",Closed,11/09/2023,06/12/2024,"Dismissal Non-adjusted","Staten Island",NY,8500,"8(a)(5) Refusal to Bargain/Bad Faith Bargaining (incl'g surface bargaining/direct dealing)
8(a)(1) Coercive Statements (Threats, Promises of Benefits, etc.)
8(a)(1) Concerted Activities (Retaliation, Discharge, Discipline)
","Charged Party / Respondent, Legal Representative, Larkin Kurt, Hunton Andrews Kurth LLP, 951 East Byrd Street, Suite 1300, Richmond, VA, 23219, (804)788-8776
Charged Party / Respondent, Employer, Amazon.com Services LLC, Staten Island, NY, 10314
Charging Party, Union, Amazon Labor Union, Staten Island, NY, 10314
",,,
C,"Region 29, Brooklyn, New York",29-CA-329922,"Amazon.com Services LLC",Open,11/09/2023,,,"Staten Island",NY,8500,"8(a)(3) Changes in Terms and Conditions of Employment
8(a)(1) Concerted Activities (Retaliation, Discharge, Discipline)
8(a)(1) Coercive Statements (Threats, Promises of Benefits, etc.)
","Charged Party / Respondent, Legal Representative, Rogers Amber, Hunton Andrews Kurth LLP, 1445 Ross Avenue, Suite 3700, Dallas, TX, 75202, (214)468-3308
Charging Party, Legal Representative, Mirer Jeanne, 300 Cadman Plaza West, 12th Floor, Brooklyn, NY, 11201, (212)231-2235
Charged Party / Respondent, Legal Representative, Larkin Kurt, Hunton Andrews Kurth LLP, 951 East Byrd Street, Richmond, VA, 23219, (804)788-8776
Charged Party / Respondent, Employer, Amazon.com Services LLC, Staten Island, NY, 10314
Charging Party, Union, Amazon Labor Union, Staten Island, NY, 10314
",,,
C,"Region 09, Cincinnati, Ohio",09-CA-330000,"AMAZON.COM SERVICES LLC AND ITS SUBSIDIARY, AMAZON AIR",Open,11/08/2023,,,Hebron,KY,4500,"8(a)(1) Coercive Actions (Surveillance, etc)
8(a)(1) Coercive Statements (Threats, Promises of Benefits, etc.)
8(a)(1) Interrogation (including Polling)
","Charged Party / Respondent, Legal Representative, Stolzenbach Brian, Seyfarth Shaw LLP, 233 South Wacker Drive, Suite 8000, Chicago, IL, 60606, (312)460-5000
Charged Party / Respondent, Legal Representative, Rich Jamie, Seyfarth Shaw LLP, 560 Mission Street, Suite 3100, San Francisco, CA, 94105-2930, (916)498-7078
Charging Party, Legal Representative, Newport Pamela, Herzfeld, Suetholz, Gastel, Leniski and Wall, PLLC, 600 Vine Street, Suite 2720, Cincinnati, OH, 45202, (513)381-2224
Charged Party / Respondent, Legal Representative, Reed Rachael, Seyfarth Shaw, LLP, 1075 Peachtree St  NE, Suite 2500, Atlanta, GA, 30309-3958, (404)885-1500
Charging Party, Legal Representative, Rekowski Rachel, Herzfeld, Suetholz, Gastel, Leniski and Wall, PLLC, 600 Vine Street, Suite 2720, Cincinnati, OH, 45202, (513)381-2224
Charged Party / Respondent, Employer, Amason.com Services LLC and its Subsidiary, Amazon Air, 289 Wendell H Ford Drive, Hebron, KY, 41048, (630)244-2208
Charging Party, Individual
",,,
C,"Region 13, Chicago, Illinois",13-CA-329153,Amazon,Closed,11/01/2023,11/13/2023,"Withdrawal Non-adjusted","University Park",IL,400,"8(a)(1) Concerted Activities (Retaliation, Discharge, Discipline)
","Charged Party / Respondent, Legal Representative, Stolzenbach Brian, Seyfarth Shaw LLP, 233 South Wacker Drive, Suite 8000, Chicago, IL, 60606, (312)460-5000
Charged Party / Respondent, Legal Representative, Stokes Kristin, 233 South Wacker Drive, Suite 8000, Chicago, IL, 60606, (312)460-5000
Charged Party / Respondent, Employer, Amazon, University Park, IL, 60484
Charging Party, Individual
",,,
C,"Region 07, Detroit, Michigan",07-CA-328847,"Amazon Hub DDT6",Closed,10/25/2023,04/10/2024,"Dismissal Non-adjusted",Pontiac,MI,250,"8(a)(3) Discharge (Including Layoff and Refusal to Hire (not salting))
","Charging Party, Individual
Charged Party / Respondent, Employer, Amazon Hub DDT6, Pontiac, MI, 48342
",,,
C,"Region 31, Los Angeles, California",31-CA-328608,Amazon,Closed,10/24/2023,02/12/2026,"Dismissal Non-adjusted",Bakersfield,CA,2500,"8(a)(1) Coercive Statements (Threats, Promises of Benefits, etc.)
8(a)(1) Coercive Actions (Surveillance, etc)
8(a)(1) Interrogation (including Polling)
","Charged Party / Respondent, Legal Representative, Fiss Adam, Littler Mendelson P.C., 50 W. San Fernando Street, 7th Floor, San Jose, CA, 95113-2303, (408)998-4150
Charged Party / Respondent, Legal Representative, Shirvanian Sevag, Littler Mendelson, P.C., 2049 Century Park East, 5th Floor, Los Angeles, CA, 90067, (310)712-7348
Charging Party, Individual
Charged Party / Respondent, Employer, Amazon, Bakersfiled, CA, 93308
",,,
C,"Region 22, Newark, New Jersey",22-CA-328609,"Amazon.com Services LLC",Closed,10/23/2023,12/27/2023,"Withdrawal Non-adjusted","Robbinsville (Township)",NJ,100,"8(a)(5) Refusal to Bargain/Bad Faith Bargaining (incl'g surface bargaining/direct dealing)
8(a)(1) Concerted Activities (Retaliation, Discharge, Discipline)
","Charged Party / Respondent, Legal Representative, Moronta Grayson, Seyfarth Shaw, LLP, 620 8th Avenue, New York, NY, 10018, (404)704-9671
Charged Party / Respondent, Legal Representative, Silver Jason, Seyfarth Shaw, LLP, 233 S Wacker Dr Ste 8000, Chicago, IL, 60606-6448, (212)218-5282
Charged Party / Respondent, Employer, Amazon.com Services LLC, Robbinsville Township, NJ, 08691
Charging Party, Union, Amazon Labor Union, Staten Island, NY, 10314
",,,
C,"Region 15, New Orleans, Louisiana",15-CA-328290,Amazon,Closed,10/20/2023,03/05/2026,"Dismissal Non-adjusted","Horn Lake",MS,2500,"8(a)(3) Discharge (Including Layoff and Refusal to Hire (not salting))
","Charged Party / Respondent, Legal Representative, Reed Rachael, Seyfarth Shaw, LLP, 1075 Peachtree St  NE, Suite 2500, Atlanta, GA, 30309-3958, (404)885-1500
Charged Party / Respondent, Legal Representative, Franco Samantha, Seyfarth Shaw LLP, 1075 Peachtree St NE Ste 2500, Atlanta, GA, 30309, (404)885-1500
Charged Party / Respondent, Employer, Amazon, Horn Lake, MS, 38637
Charging Party, Individual
",,,
C,"Region 16, Fort Worth, Texas",16-CA-328167,"Amazon Web Services",Closed,10/16/2023,11/21/2024,"Withdrawal Non-adjusted",Houston,TX,1000,"8(a)(1) Interrogation (including Polling)
","Charging Party, Legal Representative, GOLUB ANDREW, 2700 POST OAK BLVD. SUITE 1750, HOUSTON, TX, 77056, (713)526-3700
Charged Party / Respondent, Legal Representative, NORTH EDWARD, SEYFARTH SHAW LLP, 975 F STREET, NW, WASHINGTON, DC, 20004, (202)828-5323
Charged Party / Respondent, Legal Representative, Phillips John, Seyfarth Shaw LLP, 700 MILAM STREET, STE 1400, HOUSTON, TX, 77002, (713)225-2300
Charging Party, Legal Representative, Van Ness Lauren, 2700 Post Oak Boulevard, Suite 1750, Houston, TX, 77056, (713)526-3700
Charging Party, Individual
Charged Party / Respondent, Employer, Amazon Web Services, New Jersey, NJ, 07302
Charged Party / Respondent, 
",,,
C,"Region 08, Cleveland, Ohio",08-CA-327951,"Amazon Fulfillment Center AKR1",Closed,10/16/2023,12/13/2023,"Withdrawal Non-adjusted",Canton,OH,100,"8(a)(1) Coercive Statements (Threats, Promises of Benefits, etc.)
8(a)(1) Concerted Activities (Retaliation, Discharge, Discipline)
","Charged Party / Respondent, Legal Representative, Moronta Grayson, Seyfarth Shaw, LLP, 620 8th Avenue, New York, NY, 10018, (404)704-9671
Charging Party, Individual
Charged Party / Respondent, Employer, Amazon Fulfillment Center AKR1, Canton, OH, 44705
",,,
C,"Region 31, Los Angeles, California",31-CB-327627,"Teamsters Joint Council 42 and Teamsters Local 396 (Amazon.com Services LLC)",Closed,10/10/2023,08/02/2024,"Dismissal Non-adjusted",Palmdale,CA,100000,,"Charged Party / Respondent, Legal Representative, Lively Amanda, Wohlner Kaplon Cutler Halford Rosenfeld & Levy, 16501 Ventura Boulevard, Suite 304, Encino, CA, 91436-2067, (818)501-8030
Charging Party, Legal Representative, Stolzenbach Brian, Seyfarth Shaw LLP, 233 South Wacker Drive, Suite 8000, Chicago, IL, 60606, (312)460-5000
Charged Party / Respondent, Legal Representative, De Haro Hector, Bush Gottlieb, ALC, 801 N. Brand Blvd.,, Suite 950, Glendale, CA, 91203, (818)973-3260
Charged Party / Respondent, Legal Representative, De Haro Hector, Bush Gottlieb, ALC, 801 N. Brand Blvd.,, Suite 950, Glendale, CA, 91203, (818)973-3260
Charged Party / Respondent, Legal Representative, Gutman-Dickinson Julie, Bush Gottlieb, ALC, 801 North Brand Blvd.,, Suite 950, Glendale, CA, 91203, (818)973-3228
Charged Party / Respondent, Legal Representative, Gutman-Dickinson Julie, Bush Gottlieb, ALC, 801 North Brand Blvd.,, Suite 950, Glendale, CA, 91203, (818)973-3228
Charging Party, Legal Representative, Mirrafati Kamran, Seyfarth Shaw LLP, 2029 Century Park East, Suite 3500, Los Angeles, CA, 90067-3021, (310)201-5290
Charging Party, Employer, Amazon.com Services LLC, Seattle, WA, 98109
Charged Party / Respondent, Union, Teamsters Joint Council 42, Pomona, CA, 91768
Charged Party / Respondent, Union, Teamsters Local 396, Utility and Package Drivers, affiliated with the International Brotherhood of Teamsters, Covina, CA, 91724
",,,
C,"Region 07, Detroit, Michigan",07-CA-327680,"Amazon Det6 Fulfillment Warehouse",Closed,10/10/2023,11/27/2023,"Dismissal Non-adjusted",Detroit,MI,3000,"8(a)(1) Coercive Rules
","Charged Party / Respondent, Employer, Amazon Hub (DET6), Detroit, MI, 48203
Charging Party, Individual
",,,
C,"Region 16, Fort Worth, Texas",16-CA-327978,"Amazon.com Services, Inc.",Closed,10/10/2023,02/16/2024,"Dismissal Non-adjusted",Dallas,TX,1000,"8(a)(1) Concerted Activities (Retaliation, Discharge, Discipline)
","Charged Party / Respondent, Legal Representative, NORTH EDWARD, SEYFARTH SHAW LLP, 975 F STREET, NW, WASHINGTON, DC, 20004, (202)828-5323
Charged Party / Respondent, Legal Representative, Phillips John, Seyfarth Shaw LLP, 700 MILAM STREET, STE 1400, HOUSTON, TX, 77002, (713)225-2300
Charging Party, Individual
Charged Party / Respondent, Employer, AMAZON.COM SERVICES INC., DALLAS, TX, 75241
",,,
C,"Region 10, Atlanta, Georgia",10-CA-327301,"Amazon.com Services LLC",Closed,10/05/2023,07/17/2025,"Informal Settlement",Cary,NC,1,"8(a)(1) Concerted Activities (Retaliation, Discharge, Discipline)
","Charged Party / Respondent, Legal Representative, Kuntz Harrison, Seyfarth Shaw LLP, 233 S. Wacker Dr Ste 8000, Chicago, IL, 60606-6448, (312)460-5811
Charging Party, Legal Representative, Calvert Jared, 303 W Madison St Ste 2600, Chicago, IL, 60606, (312)431-0888
Charged Party / Respondent, Legal Representative, Jenkins Olivia, 191 Bonnafield Dr, Hermitage, TN, 37076-1005, (404)885-1500
Charged Party / Respondent, Employer, Amazon.com Services LLC,  2626 Glenwood Ave, Ste 550, Raleigh, NC, 27608
Charging Party, Individual
",,,
C,"Region 29, Brooklyn, New York",29-CA-327405,"Amazon.com Services LLC",Open,10/04/2023,,,"Staten Island",NY,8500,"8(a)(1) Concerted Activities (Retaliation, Discharge, Discipline)
8(a)(5) Refusal to Furnish Information
8(a)(1) Weingarten
","Charged Party / Respondent, Legal Representative, Rogers Amber, Hunton Andrews Kurth LLP, Fountain Place, 1445 Ross Avenue, Ste 3700, Dallas, TX, 75202, (214)468-3308
Charging Party, Legal Representative, Mirer Jeanne, 300 Cadman Plaza West, 12th Floor, Brooklyn, NY, 11201, (212)231-2235
Charged Party / Respondent, Legal Representative, Larkin Kurt, Hunton Andrews Kurth LLP, Riverfront Plaza, East Tower, 2951 East Byrd Street, Richmond, VA, 23219, (804)788-8776
Charged Party / Respondent, Employer, Amazon.com Services LLC, Staten Island, NY, 10314
Charging Party, Union, Amazon Labor Union, Staten Island, NY, 10314
",,,
C,"Region 29, Brooklyn, New York",29-CA-327356,"Amazon.com Services LLC",Closed,10/02/2023,01/03/2024,"Dismissal Non-adjusted","Staten Island",NY,8500,"8(a)(5) Refusal to Furnish Information
8(a)(1) Concerted Activities (Retaliation, Discharge, Discipline)
8(a)(1) Weingarten
","Charged Party / Respondent, Legal Representative, Rogers Amber, Hunton Andrews Kurth LLP, 1445 Ross Ave., Ste 3700, Dallas, TX, 75202, (241)468-3308
Charged Party / Respondent, Legal Representative, Larkin Kurt, Hunton Andrews Kurth LLP, 951 East Byrd Street, Richmond, VA, 23219, (804)788-8776
Charged Party / Respondent, Employer, Amazon.com Services LLC, Staten Island, NY, 10314
Charging Party, Union, Amazon Labor Union, Staten Island, NY, 10314
",,,
C,"Region 29, Brooklyn, New York",29-CA-327102,"Amazon.com Services LLC",Closed,10/02/2023,02/27/2024,"Dismissal Non-adjusted","Staten Island",NY,8500,"8(a)(1) Concerted Activities (Retaliation, Discharge, Discipline)
8(a)(3) Discipline
","Charged Party / Respondent, Legal Representative, Rogers Amber, Hunton Andrews Kurth LLP, 1445 Ross Avenue, Suite 3700, Dallas, TX, 75202, (214)468-3308
Charged Party / Respondent, Legal Representative, Larkin Kurt, Hunton Andrews Kurth LLP, 951 East Byrd Street, Suite 1300, Richmond, VA, 23219, (804)788-8776
Charged Party / Respondent, Employer, Amazon.com Services LLC, Staten Island, NY, 10314
Charging Party, Union, Amazon Labor Union, Staten Island, NY, 10314
",,,
C,"Region 04, Philadelphia, Pennsylvania",04-CA-326987,"Amazon.com Services LLC",Open,09/29/2023,,,"West Deptford",NJ,3500,"8(a)(1) Concerted Activities (Retaliation, Discharge, Discipline)
8(a)(1) Coercive Rules
","Charged Party / Respondent, Legal Representative, Stolzenbach Brian, Seyfarth Shaw LLP, 233 South Wacker Drive, Suite 8000, Chicago, IL, 60606, (312)460-5000
Charging Party, Legal Representative, Tykulsker David, David Tykulsker & Associates, 161 Walnut Street, Montclair, NJ, 07042-3801, (973)509-9292
Charged Party / Respondent, Legal Representative, Sanchez Karla, Seyfarth Shaw LLP, 233 South Wacker Drive, Suite 8000, Chicago, IL, 60606, (312)460-5000
Charging Party, Union, Amazonians United South Jersey Chapter, Philadelphia, PA, 19122
Charged Party / Respondent, Employer, Amazon Inc ACY1, West Deptford, NJ, 08066
",,,
C,"Region 29, Brooklyn, New York",29-CA-327103,"Amazon.com Services LLC",Closed,09/29/2023,11/30/2023,"Withdrawal Non-adjusted","Staten Island",NY,8500,"8(a)(1) Concerted Activities (Retaliation, Discharge, Discipline)
8(a)(5) Refusal to Furnish Information
8(a)(1) Weingarten
8(a)(3) Discipline
","Charged Party / Respondent, Legal Representative, Rogers Amber, Hunton Andrews Kurth LLP, Fountain Place, 1445 Ross Avenue, Ste 3700, Dallas, TX, 75202, (214)468-3308
Charged Party / Respondent, Legal Representative, Larkin Kurt, Hunton Andrews Kurth LLP, 951 East Byrd Street, Suite 1300, Richmond, VA, 23219, (804)788-8776
Charged Party / Respondent, Employer, Amazon.com Services LLC, Staten Island, NY, 10314
Charging Party, Union, Amazon Labor Union, Staten Island, NY, 10314
",,,
C,"Region 29, Brooklyn, New York",29-CA-326836,"Amazon.com Services LLC",Closed,09/28/2023,01/04/2024,"Withdrawal Non-adjusted","Staten Island",NY,8500,"8(a)(1) Concerted Activities (Retaliation, Discharge, Discipline)
8(a)(1) Weingarten
","Charged Party / Respondent, Legal Representative, Rogers Amber, Hunton Andrews Kurth LLP, 1445 Ross Avenue, Suite 3700, Dallas, TX, 75202, (214)468-3308
Charged Party / Respondent, Legal Representative, Larkin Kurt, Hunton Andrews Kurth LLP, 951 East Byrd Street, Suite 1300, Richmond, VA, 23219, (804)788-8776
Charged Party / Respondent, Employer, Amazon.com Services LLC, Staten Island, NY, 10314
Charging Party, Union, Amazon Labor Union, Staten Island, NY, 10314
",,,
C,"Region 07, Detroit, Michigan",07-CA-327071,"Amazon Hub DDT6",Closed,09/27/2023,08/05/2024,"Dismissal Non-adjusted",Pontiac,MI,400,"8(a)(3) Discharge (Including Layoff and Refusal to Hire (not salting))
8(a)(1) Concerted Activities (Retaliation, Discharge, Discipline)
","Charging Party, Legal Representative, Dickinson Julie, Bush Gottlieb, ALC, 801 N. Brand Blvd.,, Suite 950, Glendale, CA, 91203, (818)973-3228
Charged Party / Respondent, Legal Representative, Sanchez Karla, Seyfarth Shaw LLP, 233 South Wacker Drive, Suite 8000, Chicago, IL, 60606-6448, (312)460-5000
Charging Party, Individual
Charged Party / Respondent, Employer, Amazon Hub DDT6, Pontiac, MI, 48342
Charging Party, Additional Service, Bush Gottlieb,  ALC, Glendale, CA, 91203
",,,
C,"Region 29, Brooklyn, New York",29-CA-326789,"Amazon.com Services LLC",Closed,09/26/2023,01/19/2024,"Dismissal Non-adjusted",Melville,NY,900,"8(a)(3) Changes in Terms and Conditions of Employment
8(a)(1) Concerted Activities (Retaliation, Discharge, Discipline)
","Charged Party / Respondent, Legal Representative, Silver Jason, Seyfarth Shaw, LLP, 233 S Wacker Dr Ste 8000, Chicago, IL, 60606-6448, (212)218-5282
Charged Party / Respondent, Legal Representative, Vento Joseph, Seyfarth Shaw LLP, 626 Eighth Avenue, 31st Floor, New York, NY, 10018, (212)218-5548
Charged Party / Respondent, Employer, Amazon.com Services LLC, Melville, NY, 11747
Charging Party, Union, Amazon Labor Union, Staten Island, NY, 10314
",,,
C,"Region 29, Brooklyn, New York",29-CA-326811,"Amazon.com Services LLC",Closed,09/26/2023,01/23/2024,"Dismissal Non-adjusted","Staten Island",NY,8500,"8(a)(5) Repudiation/Modification of Contract [Sec 8(d)/Unilateral Changes]
8(a)(1) Concerted Activities (Retaliation, Discharge, Discipline)
8(a)(3) Changes in Terms and Conditions of Employment
8(a)(5) Refusal to Furnish Information
","Charged Party / Respondent, Legal Representative, Rogers Amber, Hunton Andrews Kurth LLP, 1445 Ross Ave., Ste 3700, Dallas, TX, 75202, (241)468-3308
Charged Party / Respondent, Legal Representative, Larkin Kurt, Hunton Andrews Kurth LLP, 951 East Byrd Street, Richmond, VA, 23219, (804)788-8776
Charged Party / Respondent, Employer, Amazon.com Services LLC, Staten Island, NY, 10314
Charging Party, Union, Amazon Labor Union, Staten Island, NY, 10314
",,,
C,"Region 10, Atlanta, Georgia",10-CA-326417,"Amazon.com Services, LLC",Closed,09/22/2023,11/29/2023,"Withdrawal Non-adjusted",Bessemer,AL,5000,"8(a)(3) Discharge (Including Layoff and Refusal to Hire (not salting))
8(a)(4) Discharge (including Layoff and Refusal to Hire)
","Charged Party / Respondent, Legal Representative, Sullivan C., Hunton Andrews Kurth LLP, 951 East Byrd Street, Richmond, VA, 23219-4074, (804)788-8399
Charged Party / Respondent, Legal Representative, Dumbacher Robert, Hunton Andrews Kurth LLP, Bank of America Plaza, 600 Peachtree Street NE, Suite 4100, Atlanta, GA, 30308-2217, (404)888-4007
Charging Party, Individual
Charged Party / Respondent, Employer, Amazon.com Services, LLC, Bessemer, , 35022
",,,
C,"Region 29, Brooklyn, New York",29-CA-326342,"Amazon.com Services LLC",Closed,09/20/2023,10/16/2023,"Withdrawal Non-adjusted","Staten Island",NY,8500,"8(a)(1) Concerted Activities (Retaliation, Discharge, Discipline)
","Charged Party / Respondent, Employer, Amazon.com Services LLC, Staten Island, NY, 10314
Charging Party, Union, Amazon Labor Union, Staten Island, NY, 10314
",,,
C,"Region 29, Brooklyn, New York",29-CA-326472,"Amazon.com Services LLC",Closed,09/20/2023,11/21/2023,"Withdrawal Adjusted","Staten Island",NY,8500,"8(a)(1) Concerted Activities (Retaliation, Discharge, Discipline)
8(a)(1) Weingarten
","Charged Party / Respondent, Legal Representative, Rogers Amber, Hunton Andrews Kurth LLP, 1445 Ross Avenue, Suite 3700, Dallas, TX, 75202, (214)468-3308
Charged Party / Respondent, Legal Representative, LARKIN KURT, Hunton Andrews Kurth LLP, 951 East Byrd Street, Suite 1300, Richmond, VA, 23219, (804)788-8776
Charged Party / Respondent, Employer, Amazon.com Services LLC, Staten Island, NY, 10314
Charging Party, Union, Amazon Labor Union, Staten Island, NY, 10314
",,,
C,"Region 29, Brooklyn, New York",29-CA-326237,"Amazon JFK8",Closed,09/18/2023,10/17/2024,"Withdrawal Non-adjusted","Staten Island",NY,8000,"8(a)(1) Concerted Activities (Retaliation, Discharge, Discipline)
8(a)(3) Changes in Terms and Conditions of Employment
8(a)(4) Changes in Terms and Conditions of Employment
","Charged Party / Respondent, Legal Representative, Rogers Amber, Hunton Andrews Kurth LLP, Fountain Place, 1445 Ross Avenue, Ste 3700, Dallas, TX, 75202, (214)468-3308
Charged Party / Respondent, Legal Representative, Larkin Kurt, Hunton Andrews Kurth LLP, Riverfront Plaza, East Tower, 2951 East Byrd Street, Richmond, VA, 23219, (804)788-8776
Charging Party, Individual
Charged Party / Respondent, Employer, Amazon.com Services LLC, Staten Island, NY, 10314
",,,
C,"Region 16, Fort Worth, Texas",16-CA-326010,Amazon,Closed,09/15/2023,12/11/2025,"Dismissal Non-adjusted",Coppell,TX,1000,"8(a)(1) Concerted Activities (Retaliation, Discharge, Discipline)
","Charged Party / Respondent, Legal Representative, NORTH EDWARD, SEYFARTH SHAW LLP, 975 F STREET, NW, WASHINGTON, DC, 20004, (202)828-5323
Charged Party / Respondent, Legal Representative, PHILLIPS JOHN, 700 Milam Street, Ste1400, Houston, TX, 77002-2812, (713)238-1832
Charged Party / Respondent, Employer, AMAZON, COPPELL, TX, 75019
Charging Party, Individual
",,,
C,"Region 29, Brooklyn, New York",29-CA-325798,"Amazon.com Services LLC",Closed,09/11/2023,11/21/2023,"Dismissal Non-adjusted","Staten Island",NY,8500,"8(a)(3) Discharge (Including Layoff and Refusal to Hire (not salting))
8(a)(1) Concerted Activities (Retaliation, Discharge, Discipline)
","Charged Party / Respondent, Legal Representative, Larkin Kurt, Hunton Andrews Kurth LLP, 951 East Byrd Street, Suite 1300, Richmond, VA, 23219, (804)788-8776
Charged Party / Respondent, Employer, Amazon.com Services LLC, Staten Island, NY, 10314
Charging Party, Union, Amazon Labor Union, Staten Island, NY, 10314
",,,
C,"Region 29, Brooklyn, New York",29-CA-325999,"Amazon.com Services",Closed,09/08/2023,10/24/2023,"Dismissal Non-adjusted","Staten Island",NY,8000,"8(a)(3) Discharge (Including Layoff and Refusal to Hire (not salting))
","Charged Party / Respondent, Legal Representative, Rogers Amber, Hunton Andrews Kurth LLP, 1445 Ross Avenue, Suite 3700, Dallas, TX, 75202, (214)468-3308
Charged Party / Respondent, Employer, Amazon.com Services LLC, New York City, NY, 10314
Charging Party, Individual
Charged Party / Respondent, Legal Representative
",,,
C,"Region 29, Brooklyn, New York",29-CA-325565,"Amazon.com Services",Open,09/08/2023,,,"Staten Island",NY,8000,"8(a)(3) Discharge (Including Layoff and Refusal to Hire (not salting))
8(a)(1) Weingarten
8(a)(1) Concerted Activities (Retaliation, Discharge, Discipline)
8(a)(5) Refusal to Furnish Information
","Charged Party / Respondent, Legal Representative, Rogers Amber, Hunton Andrews Kurth LLP, 1445 Ross Avenue, Suite 3700, Dallas, TX, 75202, (214)468-3308
Charged Party / Respondent, Legal Representative, Larkin Kurt, 2951 East Byrd Street, Riverfront Plaza, East Tower, Richmond, VA, 23219, (804)788-8776
Charged Party / Respondent, Employer, Amazon.com Services LLC, Staten Island, NY, 10314
Charging Party, Individual
Involved Party, Union, Teamsters Amazon National Negotiating Committee (TANNC) IBT, 25 Louisiana Avenue N.W., Washington, DC, 20001
",,,
C,"Region 29, Brooklyn, New York",29-CA-325473,"Amazon.com Services LLC",Closed,09/08/2023,10/02/2023,"Withdrawal Non-adjusted","Staten Island",NY,8500,"8(a)(1) Concerted Activities (Retaliation, Discharge, Discipline)
","Charged Party / Respondent, Legal Representative, Rogers Amber, Hunton Andrews Kurth LLP, Fountain Place, 1445 Ross Avenue, Ste 3700, Dallas, TX, 75202, (214)468-3308
Charged Party / Respondent, Legal Representative, Larkin Kurt, Hunton Andrews Kurth LLP, 951 East Byrd Street, Suite 1300, Richmond, VA, 23219, (804)788-8776
Charged Party / Respondent, Employer, Amazon.com Services LLC, Staten Island, NY, 10314
Charging Party, Union, Amazon Labor Union, Staten Island, NY, 10314
",,,
R,"Region 21, Los Angeles, California",21-RC-325363,"Amazon.com Services",Closed,09/07/2023,09/27/2023,"Withdrawal Non-adjusted","Moreno Valley",CA,800,,"Petitioner, Legal Representative, Mirer Jeanne, Julien, Mirer, Singla & Goldstein PLLC, 1 Whitehall Street, 16th Floor, New York, NY, 10004, (313)515-2046
Employer, Legal Representative, Mirrafati Kamran, Buchalter, 2029 Century Park East, Suite 3500, Los Angeles, CA, 90067-3021, (310)201-5290
Petitioner, Union, Amazon Labor Union, Staten Island, NY, 10314, (718)498-8818
Employer, Employer, Amazon.com Services, Merino Valley, CA, 92551, (951)243-6060
",,"Included: All hourly full time and regular part time employees, inbound and outbound fulfillment center associates employed at the Employer's ONT8 building located at 24300 Nandina Ave, Moreno Valley California, including all employees in the unit who have worked an average of four (4) hours each week for the 13 weeks immediately preceeding the eligibility date for the election Excluded: Delivery Truck drivers, seasonal employees, temporary employees, clerical employees, professional employees, managerial employees, engineering employees, maintenance employees, robotica employees, information technology employees, delivery associates, loss prevention employees, on-site medical employees, guards and supervisors as defined by the Act. ,",
C,"Region 25, Indianapolis, Indiana",25-CA-325162,Amazon,Closed,09/05/2023,09/29/2023,"Dismissal Non-adjusted",Greenwood,IN,600,"8(a)(1) Concerted Activities (Retaliation, Discharge, Discipline)
","Charged Party / Respondent, Legal Representative, Stolzenbach Brian, Seyfarth Shaw LLP, 233 South Wacker Drive, Suite 8000, Chicago, IL, 60606, (312)460-5000
Charged Party / Respondent, Legal Representative, Reed Rachael, Seyfarth Shaw LLP, 1075 Peachtree St NE, Suite 2500, Atlanta, GA, 30309-3958, (404)885-1500
Charged Party / Respondent, Employer, Amazon, Greenwood, IN, 46143
Charging Party, Individual
",,,
C,"Region 29, Brooklyn, New York",29-CA-324932,"Amazon.com Services LLC",Closed,08/29/2023,04/10/2025,"Withdrawal Non-adjusted","Staten Island",NY,8500,"8(a)(1) Concerted Activities (Retaliation, Discharge, Discipline)
8(a)(5) Refusal to Bargain/Bad Faith Bargaining (incl'g surface bargaining/direct dealing)
8(a)(3) Discipline
","Charged Party / Respondent, Legal Representative, Rogers Amber, Hunton Andrews Kurth LLP, 1445 Ross Avenue, Suite 3700, Dallas, TX, 75202, (214)468-3308
Charged Party / Respondent, Legal Representative, Larkin Kurt, Hunton Andrews Kurth LLP, 951 East Byrd Street, Suite 1300, Richmond, VA, 23219, (804)788-8776
Charged Party / Respondent, Employer, Amazon.com Services LLC, Staten Island, NY, 10314
Charging Party, Union, Amazon Labor Union, Staten Island, NY, 10314
",,,
C,"Region 31, Los Angeles, California",31-CA-324853,"Amazon Studios LLC",Closed,08/29/2023,08/20/2026,"Withdrawal Non-adjusted","Los Angeles",CA,500,"8(a)(5) Refusal to Furnish Information
","Charged Party / Respondent, Legal Representative, Levin Adam, Mitchell, Silberberg & Knupp LLP, 2049 Century Park East, 18th Floor, Los Angeles, CA, 90067, (310)312-3116
Charged Party / Respondent, Legal Representative, McLaughlin Gary, Mitchell, Silberberg & Knupp LLP, 2049 Century Park East, 18th Floor, Los Angeles, CA, 90067, (310)312-2000
Charging Party, Legal Representative, Arbiter Melissa, Writers Guild of America, West, Inc., 7000 W. 3rd Street, Los Angeles, CA, 90048, (323)782-4710
Charged Party / Respondent, Employer, Amazon Studios LLC, Santa Monica, CA, 90404
Charging Party, Union, Writers Guild of America, West, Inc., Los Angeles, CA, 90048
",,,
C,"Region 29, Brooklyn, New York",29-CA-324875,"Amazon.com Services LLC",Closed,08/28/2023,04/10/2025,"Withdrawal Non-adjusted","Staten Island",NY,8500,"8(a)(1) Concerted Activities (Retaliation, Discharge, Discipline)
8(a)(5) Repudiation/Modification of Contract[Sec 8(d)/Unilateral Changes]
8(a)(5) Refusal to Bargain/Bad Faith Bargaining (incl'g surface bargaining/direct dealing)
","Charged Party / Respondent, Legal Representative, Rogers Amber, Hunton Andrews Kurth LLP, 1445 Ross Avenue, Suite 3700, Dallas, TX, 75202, (214)468-3308
Charged Party / Respondent, Legal Representative, Larkin Kurt, Hunton Andrews Kurth LLP, 951 East Byrd Street, Suite 1300, Richmond, VA, 23219, (804)788-8776
Charged Party / Respondent, Employer, Amazon.com Services LLC, Staten Island, NY, 10314
Charging Party, Union, Amazon Labor Union, Staten Island, NY, 10314
",,,
C,"Region 29, Brooklyn, New York",29-CA-324959,"Amazon.com Services LLC",Closed,08/28/2023,04/10/2025,"Withdrawal Non-adjusted","Staten Island",NY,8500,"8(a)(1) Concerted Activities (Retaliation, Discharge, Discipline)
8(a)(5) Refusal to Bargain/Bad Faith Bargaining (incl'g surface bargaining/direct dealing)
8(a)(3) Discipline
","Charged Party / Respondent, Legal Representative, Rogers Amber, Hunton Andrews Kurth LLP, 1445 Ross Avenue, Suite 3700, Dallas, TX, 75202, (214)468-3308
Charged Party / Respondent, Legal Representative, Larkin Kurt, Hunton Andrews Kurth LLP, 951 East Byrd Street, Suite 1300, Richmond, VA, 23219, (804)788-8776
Charged Party / Respondent, Employer, Amazon.com Services LLC, Staten Island, NY, 10314
Charging Party, Union, Amazon Labor Union, Staten Island, NY, 10314
",,,
C,"Region 13, Chicago, Illinois",13-CA-324648,"Amazon.com Services LLC",Closed,08/28/2023,03/07/2024,"Withdrawal Non-adjusted",Matteson,IL,100,"8(a)(1) Concerted Activities (Retaliation, Discharge, Discipline)
","Charged Party / Respondent, Legal Representative, Stolzenbach Brian, Seyfarth Shaw LLP, 233 South Wacker Drive, Suite 8000, Chicago, IL, 60606, (312)460-5000
Charged Party / Respondent, Legal Representative, Sloan Matthew, Seyfarth Shaw LLP, 233 S. Wacker Drive, Ste 8000, Chicago, IL, 60606, (312)460-5248
Charged Party / Respondent, Employer, Amazon Services, LLC, Matteson, IL, 60443
Charging Party, Individual
",,,
C,"Region 29, Brooklyn, New York",29-CA-324931,"Amazon.com Services LLC",Closed,08/28/2023,01/23/2024,"Withdrawal Non-adjusted","Staten Island",NY,8500,"8(a)(1) Concerted Activities (Retaliation, Discharge, Discipline)
8(a)(1) Coercive Actions (Surveillance, etc)
","Charged Party / Respondent, Legal Representative, Rogers Amber, Hunton Andrews Kurth LLP, 1445 Ross Avenue, Suite 3700, Dallas, TX, 75202, (214)468-3308
Charged Party / Respondent, Legal Representative, Larkin Kurt, Hunton Andrews Kurth LLP, 951 East Byrd Street, Suite 1300, Richmond, VA, 23219, (804)788-8776
Charged Party / Respondent, Employer, Amazon.com Services LLC, Staten Island, NY, 10314
Charging Party, Union, Amazon Labor Union, Staten Island, NY, 10314
",,,
C,"Region 29, Brooklyn, New York",29-CA-324917,"Amazon.com Services LLC",Open,08/28/2023,,,Melville,NY,880,"8(a)(1) Coercive Statements (Threats, Promises of Benefits, etc.)
8(a)(3) Changes in Terms and Conditions of Employment
8(a)(1) Coercive Actions (Surveillance, etc)
8(a)(1) Coercive Rules
","Charged Party / Respondent, Legal Representative, Silver Jason, Seyfarth Shaw LLP, 620 8th Avenue, 32nd Floor, New York, NY, 10018, (212)218-5282
Charged Party / Respondent, Legal Representative, Vento Joseph, Seyfarth Shaw LLP, 626 Eighth Avenue, 31st Floor, New York, NY, 10018, (212)218-5548
Charged Party / Respondent, Employer, Amazon.com Services LLC, Melville, NY, 11747
Charging Party, Union, Amazon Labor Union, Staten Island, NY, 10314
",,,
C,"Region 29, Brooklyn, New York",29-CA-324974,"Amazon.com Services LLC",Closed,08/24/2023,11/06/2024,"Dismissal Non-adjusted","Staten Island",NY,8500,"8(a)(1) Concerted Activities (Retaliation, Discharge, Discipline)
","Charged Party / Respondent, Legal Representative, Rogers Amber, Hunton Andrews Kurth LLP, 1445 Ross Avenue, Suite 3700, Dallas, TX, 75202, (214)468-3308
Charged Party / Respondent, Legal Representative, Larkin Kurt, Hunton Andrews Kurth LLP, 951 East Byrd Street, Suite 1300, Richmond, VA, 23219, (804)788-8776
Charged Party / Respondent, Employer, Amazon.com Services LLC, Staten Island, NY, 10314
Charging Party, Union, Amazon Labor Union, Staten Island, NY, 10314
",,,
C,"Region 29, Brooklyn, New York",29-CA-324855,"Amazon.com Services LLC",Closed,08/24/2023,09/14/2023,"Withdrawal Adjusted","Staten Island",NY,8500,"8(a)(1) Concerted Activities (Retaliation, Discharge, Discipline)
","Charged Party / Respondent, Legal Representative, Rogers Amber, Hunton Andrews Kurth LLP, Fountain Place, 1445 Ross Avenue, Ste 3700, Dallas, TX, 75202, (214)468-3308
Charged Party / Respondent, Legal Representative, Larkin Kurt, Hunton Andrews Kurth LLP, Riverfront Plaza, East Tower, 2951 East Byrd Street, Richmond, VA, 23219, (804)788-8776
Charged Party / Respondent, Employer, Amazon.com Services LLC, Staten Island, NY, 10314
Charging Party, Union, Amazon Labor Union, Staten Island, NY, 10314
",,,
C,"Region 29, Brooklyn, New York",29-CA-324925,"Amazon.com Services LLC",Closed,08/24/2023,10/16/2023,"Withdrawal Non-adjusted","Staten Island",NY,8500,"8(a)(1) Concerted Activities (Retaliation, Discharge, Discipline)
","Charged Party / Respondent, Employer, Amazon.com Services LLC, Staten Island, NY, 10314
Charging Party, Union, Amazon Labor Union, Staten Island, NY, 10314
",,,
C,"Region 29, Brooklyn, New York",29-CA-324921,"Amazon.com Services LLC",Closed,08/24/2023,09/27/2023,"Withdrawal Non-adjusted","Staten Island",NY,8500,"8(a)(1) Concerted Activities (Retaliation, Discharge, Discipline)
","Charged Party / Respondent, Legal Representative, Rogers Amber, Hunton Andrews Kurth LLP, Fountain Place, 1445 Ross Avenue, Ste 3700, Dallas, TX, 75202, (214)468-3308
Charged Party / Respondent, Legal Representative, Larkin Kurt, Hunton Andrews Kurth LLP, Riverfront Plaza, East Tower, 2951 East Byrd Street, Richmond, VA, 23219, (804)788-8776
Charged Party / Respondent, Employer, Amazon.com Services LLC, Staten Island, NY, 10314
Charging Party, Union, Amazon Labor Union, Staten Island, NY, 10314
",,,
C,"Region 29, Brooklyn, New York",29-CA-324891,"Amazon.com Services LLC",Closed,08/23/2023,10/26/2023,"Withdrawal Non-adjusted","Staten Island",NY,8500,"8(a)(1) Concerted Activities (Retaliation, Discharge, Discipline)
","Charged Party / Respondent, Employer, Amazon.com Services LLC, Staten Island, NY, 10314
Charging Party, Union, Amazon Labor Union, Staten Island, NY, 10314
",,,
C,"Region 29, Brooklyn, New York",29-CA-324865,"Amazon.com Services LLC",Closed,08/23/2023,02/27/2024,"Withdrawal Non-adjusted","Staten Island",NY,8500,"8(a)(1) Concerted Activities (Retaliation, Discharge, Discipline)
","Charged Party / Respondent, Legal Representative, Rogers Amber, Hunton Andrews Kurth LLP, 1445 Ross Avenue, Suite 3700, Dallas, TX, 75202, (214)468-3308
Charged Party / Respondent, Legal Representative, Larkin Kurt, Hunton Andrews Kurth LLP, Riverfront Plaza, East Tower, 2951 East Byrd Street, Richmond, VA, 23219, (804)788-8776
Charged Party / Respondent, Employer, Amazon.com Services LLC, Staten Island, NY, 10314
Charging Party, Union, Amazon Labor Union, Staten Island, NY, 10314
",,,
C,"Region 14, Saint Louis, Missouri",14-CA-323970,"Amazon.com, Inc.",Closed,08/17/2023,12/27/2023,"Withdrawal Non-adjusted","Saint Peters",MO,100,"8(a)(3) Discharge (Including Layoff and Refusal to Hire (not salting))
","Charging Party, Legal Representative, Kleefuss Bret, The Law Office of Derald Gab, 1708 Olive, St. Louis, MO, 63103, (314)367-4878
Charged Party / Respondent, Legal Representative, Stolzenbach Brian, Seyfarth Shaw LLP, 233 South Wacker Drive, Suite 8000, Chicago, IL, 60606, (312)460-5551
Charged Party / Respondent, Legal Representative, Kuntz Harrison, Seyfarth Shaw LLP, 233 South Wacker Drive, Suite 8000, Chicago, IL, 60606, (310)597-1559
Charged Party / Respondent, Legal Representative, Alexander Neil, Littler Mendelson, 2301 McGee St., Suite 800, Kansas City, MO, 64108, (314)616-3598
Charged Party / Respondent, Employer, Amazon.com, Inc., Saint Peters, MO, 63376
Charging Party, Individual
",,,
C,"Region 19, Seattle, Washington",19-CA-323984,"Amazon.com Services, LLC",Closed,08/17/2023,08/13/2025,"Informal Settlement",Seattle,WA,85000,"8(a)(1) Concerted Activities (Retaliation, Discharge, Discipline)
8(a)(1) Coercive Rules
8(a)(3) Discharge (Including Layoff and Refusal to Hire (not salting))
","Charged Party / Respondent, Legal Representative, Moriarty Andrew, Perkins Coie LLP, 1201 3rd Ave Ste 4900, Seattle, WA, 98101-3266, (206)359-8629
Charged Party / Respondent, Legal Representative, Galetti Beth, Amazon.com, PO Box 81226, Seattle, WA, 98109, (206)266-8122
Charged Party / Respondent, Legal Representative, Pratt Michael, Perkins Coie LLP, 500 North Akard Street, Suite 3300, Dallas, TX, 75201-3347, (214)259-4922
Charged Party / Respondent, Legal Representative, Hankins Richard, Perkins Coie LLP, 2699 Howell St., Suite 700, Dallas, TX, 75204, (214)259-4960
Charging Party, Legal Representative, Thornton Troy, Streepy Law, PLLC, 4218 227th Avenue Ct E, Buckley, WA, 98321-9744, (253)528-0202
Charging Party, Union, United Food and Commercial Workers, Local 3000, 23040 Pacific Hwy S Suite 101, Des Moines, WA, 98198, (360)409-0549
Charged Party / Respondent, Employer, Amazon.com Services, LLC, 410 Terry Ave. N, Seattle, WA, 98109, (206)266-1000
",,,
C,"Region 05, Baltimore, Maryland",05-CA-324610,"Amazon.com Services LLC: PHL4",Open,08/16/2023,,,Carlisle,PA,700,"8(a)(1) Concerted Activities (Retaliation, Discharge, Discipline)
","Charging Party, Legal Representative, Hoban Christian J., Malamut Law, 457 Haddonfield Road, suite 500, Cherry Hill, NJ, 08002, (856)424-1808
Charged Party / Respondent, Legal Representative, Sanchez Karla, Seyfarth Shaw LLP, 233 S. Wacker Drive, Ste 8000, Chicago, IL, 60606, (312)460-5000
Charged Party / Respondent, Legal Representative, Sloan Matthew, Seyfarth Shaw LLP, 233 South Wacker Drive, Suite 8000, Chicago, IL, 60606, (312)460-5000
Charged Party / Respondent, Employer, Amazon.com Services LLC: PHL4, Carlisle, PA, 17013
Charging Party, Individual
",,,
C,"Region 10, Atlanta, Georgia",10-CA-323791,"Amazon.com Services, LLC",Closed,08/15/2023,10/11/2023,"Withdrawal Non-adjusted",Bessemer,AL,5000,"8(a)(3) Discipline
8(a)(4) Discipline
","Charged Party / Respondent, Legal Representative, Sullivan C. Randolph, Hunton Andrews Kurth LLP, 951 East Byrd Street, Richmond, VA, 23219, (804)788-8399
Charged Party / Respondent, Legal Representative, Dumbacher Robert, Hunton Andrews & Kurth LLP, 600 Peachtree Street, NE, Suite 4100, Atlanta, GA, 30308-2217, (404)888-4007
Charging Party, Individual
Charged Party / Respondent, Employer, Amazon.com Services, LLC, Bessemer, , 35022
",,,
C,"Region 10, Atlanta, Georgia",10-CA-323577,"Amazon.Com Services LLC",Closed,08/11/2023,01/21/2025,"Informal Settlement","East Point",GA,1500,"8(a)(1) Concerted Activities (Retaliation, Discharge, Discipline)
8(a)(1) Coercive Actions (Surveillance, etc)
8(a)(1) Interrogation (including Polling)
","Charged Party / Respondent, Legal Representative, Sanchez Karla, Seyfarth Shaw LLP, 233 South Wacker Drive, Suite 8000, Chicago, IL, 60606-6448, (312)460-5000
Charged Party / Respondent, Legal Representative, Reed Rachael, Seyfarth Shaw LLP, 1075 Peachtree Street NE, Suite 2500, Atlanta, GA, 30309, (404)704-9648
Charging Party, Individual
Charged Party / Respondent, Employer, Amazon.Com Services LLC, 4200 North Commerce, East Point, GA, 30344, (404)629-6733
",,,
C,"Region 10, Atlanta, Georgia",10-CA-323595,"Amazon.Com Services LLC",Closed,08/11/2023,01/21/2025,"Informal Settlement","East Point",GA,1500,"8(a)(1) Concerted Activities (Retaliation, Discharge, Discipline)
8(a)(1) Coercive Actions (Surveillance, etc)
","Charged Party / Respondent, Legal Representative, Sanchez Karla, Seyfarth Shaw LLP, 233 South Wacker Drive, Suite 8000, Chicago, IL, 60606-6448, (312)460-5000
Charged Party / Respondent, Legal Representative, Reed Rachael, Seyfarth Shaw, LLP, 1075 Peachtree St  NE, Suite 2500, Atlanta, GA, 30309-3958, (404)885-1500
Charged Party / Respondent, Employer, Amazon.Com Services LLC, 4200 North Commerce Dr, East Point, GA, 30344, (404)629-6733
Charging Party, Individual
",,,
C,"Region 29, Brooklyn, New York",29-CA-323486,"Amazon.com Services LLC",Closed,08/09/2023,10/26/2023,"Dismissal Non-adjusted","Staten Island",NY,8000,"8(a)(1) Coercive Statements (Threats, Promises of Benefits, etc.)
8(a)(1) Coercive Rules
8(a)(5) Refusal to Bargain/Bad Faith Bargaining (incl'g surface bargaining/direct dealing)
8(a)(1) Concerted Activities (Retaliation, Discharge, Discipline)
8(a)(5) Refusal to Recognize
8(a)(3) Discipline
","Charged Party / Respondent, Legal Representative, Rogers Amber, Hunton Andrews Kurth LLP, Fountain Place, 1445 Ross Avenue, Ste 3700, Dallas, TX, 75202, (214)468-3308
Charged Party / Respondent, Legal Representative, Larkin Kurt, Hunton Andrews Kurth LLP, Riverfront Plaza, East Tower, 2951 East Byrd Street, Richmond, VA, 23219, (804)788-8776
Charging Party, Individual
Charged Party / Respondent, Employer, Amazon.Com Services LLC, Staten Island, NY, 10303
",,,
C,"Region 31, Los Angeles, California",31-CA-322817,"Amazon.com Services, LLC LGB5 Fulfillment Center",Closed,07/28/2023,10/31/2023,"Withdrawal Non-adjusted","San Bernardino",CA,1500,"8(a)(3) Discharge (Including Layoff and Refusal to Hire (not salting))
","Charged Party / Respondent, Legal Representative, Fiss Adam, Littler Mendelson, P.C., 50 W. San Fernando Street, 7th Floor, San Jose, CA, 95113, (408)795-3438
Charging Party, Legal Representative, Acevedo Mindy, Warehouse Worker Resource Center, 521 N. Euclid Ave., Ontario, CA, 91762, (909)454-8840
Charged Party / Respondent, Legal Representative, Shirvanian Sevag, Littler Mendelson, P.C., 2049 Century Park East, 5th Floor, Los Angeles, CA, 90067, (310)712-7348
Charged Party / Respondent, Employer, Amazon.com Services, LLC LGB5 Fulfillment Center, San Bernardino, CA, 92408
Charging Party, Individual
",,,
C,"Region 10, Atlanta, Georgia",10-CA-322529,"Amazon.com Services, LLC",Closed,07/27/2023,01/10/2025,"Withdrawal Non-adjusted","Stone Mountain",GA,100,"8(a)(1) Coercive Rules
","Charged Party / Respondent, Legal Representative, Reed Rachael, Seyfarth Shaw LLP, 1075 Peachtree St NE, Suite 2500, Atlanta, GA, 30309-3958, (404)885-1500
Charged Party / Respondent, Employer, Amazon.com Services LLC, Stone Mountain, GA, 30087
Charging Party, Individual
",,,
C,"Region 10, Atlanta, Georgia",10-CA-322528,"Amazon.com Services, LLC",Closed,07/27/2023,08/01/2023,"Withdrawal Non-adjusted","Stone Mountain",GA,4000,"8(a)(1) Coercive Rules
","Charged Party / Respondent, Legal Representative, Burke Cary, Seyfarth Shaw, LLP, 1075 Peachtree Street, N.E., Suite 2500, Atlanta, GA, 30309, (404)704-9667
Charged Party / Respondent, Employer, Amazon.com Services, LLC, Stone Mountain, GA, 30087
Charging Party, Individual
",,,
C,"Region 28, Phoenix, Arizona",28-CA-322869,"Amazon Fulfillment Center VGT 1",Closed,07/27/2023,04/30/2026,"Withdrawal Non-adjusted","North Las Vegas",NV,1500,"8(a)(1) Concerted Activities (Retaliation, Discharge, Discipline)
","Charged Party / Respondent, Legal Representative, Miner Frederick, Littler Mendelson P.C., Camelback Esplanade, 2425 E Camelback Rd Ste 900, Phoenix, AZ, 85016, (602)474-3653
Charged Party / Respondent, Employer, Amazon Fulfillment Center VGT 1, North Las Vegas, NV, 89115
Charging Party, Individual
",,,
C,"Region 07, Detroit, Michigan",07-CA-322763,"Amazon.com Services, LLC",Closed,07/26/2023,12/12/2024,"Informal Settlement",Pontiac,MI,150,"8(a)(1) Coercive Statements (Threats, Promises of Benefits, etc.)
8(a)(1) Interrogation (including Polling)
","Charging Party, Legal Representative, Wojciechowski Jason, Bush Gottlieb, ALC, 801 No. Brand Blvd, Suite 950, Glendale, CA, 91203, (818)973-3208
Charged Party / Respondent, Legal Representative, Vento Joseph, Seyfarth Shaw LLP, 626 Eighth Avenue, 31st Floor, New York, NY, 10018, (212)218-5548
Charging Party, Legal Representative, Gutman Dickinson Julie, Bush Gottlieb,  ALC, 801 North Brand Boulevard, Suite 950, Glendale, CA, 91203, (818)973-3228
Charged Party / Respondent, Legal Representative, Sanchez Karla, Seyfarth Shaw LLP, 233 S. Wacker Drive, Ste 8000, Chicago, IL, 60606, (312)460-5000
Charged Party / Respondent, Employer, Amazon Hub DDT6, 1300 Featherstone Road, Pontiac, MI, 48342, (248)440-0606
Charging Party, Individual
",,,
C,"Region 09, Cincinnati, Ohio",09-CA-322463,AMAZON,Closed,07/21/2023,01/08/2026,"Withdrawal Adjusted",Obetz,OH,1000,"8(a)(1) Concerted Activities (Retaliation, Discharge, Discipline)
","Charged Party / Respondent, Legal Representative, Niedecken Brooke, Littler Mendelson, P.C., 41 South High Street, Columbus, OH, 43215, (614)463-4214
Charged Party / Respondent, Legal Representative, Hartzell Jason, Littler Mendelson, P.C., Key Tower, 127 Public Square, Suite 1600, Cleveland, OH, 44114, (216)623-6065
Charged Party / Respondent, Legal Representative, Sanchez Karla, Seyfarth Shaw LLP, 233 South Wacker Drive, Suite 8000, Chicago, IL, 60606, (312)460-5000
Charged Party / Respondent, Legal Representative, Carter Morena, Littler Mendelson, P. C., 41 South High Street, Suite 3250, Columbus, OH, 43215, (614)463-4207
Charged Party / Respondent, Legal Representative, Reed Rachael, Seyfarth Shaw, LLP, 1075 Peachtree St  NE, Suite 2500, Atlanta, GA, 30309-3958, (404)885-1500
Charging Party, Legal Representative, Protiva Richard, Spitz, the Employee's Law Firm, 3 Summit Park Dr, Suite 200, Independence, OH, 44131, (216)291-9595
Charged Party / Respondent, Employer, Amazon, Obetz, OH, 43125
Charging Party, Individual
",,,
C,"Region 29, Brooklyn, New York",29-CA-322180,"Amazon.com Services LLC",Closed,07/20/2023,01/29/2026,"Withdrawal Adjusted","Staten Island",NY,8200,"8(a)(1) Concerted Activities (Retaliation, Discharge, Discipline)
8(a)(5) Refusal to Bargain/Bad Faith Bargaining (incl'g surface bargaining/direct dealing)
","Charged Party / Respondent, Legal Representative, Rogers Amber, Hunton Andrews Kurth LLP, 1445 Ross Avenue, Suite 3700, Dallas, TX, 75202, (214)468-3308
Charged Party / Respondent, Legal Representative, Larkin Kurt, Hunton Andrews Kurth LLP, 951 East Byrd Street, Suite 1300, Richmond, VA, 23219, (804)788-8776
Charged Party / Respondent, Employer, Amazon.com Services LLC, JFK8/ 546 Gulf Avenue, Staten Island, NY, 10314, (888)892-7180
Charging Party, Individual
Involved Party, Union, Teamsters Amazon National Negotiating Committee (TANNC) IBT, 25 Louisiana Avenue N.W., Washington, DC, 20001
",,,
C,"Region 12, Tampa, Florida",12-CA-322067,"Amazon.com, Inc.",Closed,07/19/2023,08/21/2023,"Withdrawal Non-adjusted","Pompano Beach",FL,150,"8(a)(3) Discipline
","Charged Party / Respondent, Legal Representative, Burke Cary, Seyfarth Shaw, LLP, 1075 Peachtree Street, N.E., Suite 2500, Atlanta, GA, 30309, (404)704-9667
Charged Party / Respondent, Legal Representative, Sloan Matthew, Seyfarth Shaw LLP, 233 South Wacker Drive, Suite 8000, Chicago, IL, 60606, (312)460-5000
Charged Party / Respondent, Legal Representative, Schwartz-Fenwick Samuel, Seyfarth Shaw LLP, 233 South Wacker Drive, Suite 8000, Chicago, IL, 60606-6448, (312)460-5948
Charged Party / Respondent, Employer, Amazon.com, Inc., Pompano Beach, FL, 33064
Charging Party, Individual
",,,
C,"Region 07, Detroit, Michigan",07-CA-322295,"Amazon.com Services, LLC",Open,07/19/2023,,,Pontiac,MI,100,"8(a)(1) Coercive Statements (Threats, Promises of Benefits, etc.)
8(a)(3) Changes in Terms and Conditions of Employment
8(a)(1) Coercive Rules
","Charged Party / Respondent, Legal Representative, Stolzenbach Brian, Seyfarth Shaw LLP, 233 South Wacker Drive, Suite 8000, Chicago, IL, 60606, (312)460-5000
Charging Party, Legal Representative, Wojciechowski Jason, Bush Gottlieb, ALC, 801 North Brand Boulevard, Suite 950, Glendale, CA, 91203, (818)973-3208
Charging Party, Legal Representative, Dickinson Julie, Bush Gottlieb, ALC, 801 N. Brand Blvd, Ste. 950, Glendale, CA, 91203, (818)973-3228
Charged Party / Respondent, Legal Representative, Sanchez Karla, Seyfarth Shaw LLP, 233 South Wacker Drive, Suite 8000, Chicago, IL, 60606, (312)460-5000
Charged Party / Respondent, Legal Representative, Vitarelli Victoria, Seyfarth Shaw LLP, 620 8th Avenue, 32nd Floor, New York, NY, 10018, (212)218-4651
Charged Party / Respondent, Employer, Amazon (DDT6), 1300 Featherstone Road, Pontiac, MI, 48342, (248)440-0606
Charging Party, Union, International Brotherhood of Teamsters (IBT), 25 Louisiana Avenue, N.W., Washington, DC, 20001, (202)624-6951
",,,
C,"Region 14, Saint Louis, Missouri",14-CA-322018,Amazon,Closed,07/18/2023,09/12/2024,"Dismissal Adjusted",Tulsa,OK,1000,"8(a)(1) Coercive Statements (Threats, Promises of Benefits, etc.)
8(a)(1) Coercive Rules
","Charged Party / Respondent, Legal Representative, Stolzenbach Brian, Seyfarth Shaw LLP, 233 South Wacker Drive, Suite 8000, Chicago, IL, 60606, (312)460-5551
Charged Party / Respondent, Legal Representative, Kuntz Harrison, Seyfarth Shaw LLP, 233 South Wacker Drive, Suite 8000, Chicago, IL, 60606, (310)597-1559
Charged Party / Respondent, Employer, Amazon, Tulsa, OK, 74116
Charging Party, Individual
",,,
C,"Region 07, Detroit, Michigan",07-CA-323547,"Amazon Hub DDT6",Closed,07/18/2023,04/11/2024,"Withdrawal Non-adjusted",Pontiac,MI,150,"8(a)(3) Discharge (Including Layoff and Refusal to Hire (not salting))
","Charged Party / Respondent, Legal Representative, Vento Joseph, Seyfarth Shaw LLP, 626 Eighth Avenue, 31st Floor, New York, NY, 10018, (212)218-5548
Charged Party / Respondent, Legal Representative, Sanchez Karla, Seyfarth Shaw LLP, 233 South Wacker Drive, Suite 8000, Chicago, IL, 60606-6448, (312)460-5000
Charged Party / Respondent, Employer, Amazon Hub DDT6, Pontiac, MI, 48342
Charging Party, Individual
",,,
C,"Region 07, Detroit, Michigan",07-CA-321925,"Amazon.com Services, LLC",Closed,07/17/2023,12/12/2024,"Informal Settlement",Pontiac,MI,150,"8(a)(1) Coercive Statements (Threats, Promises of Benefits, etc.)
8(a)(1) Coercive Actions (Surveillance, etc)
","Charging Party, Legal Representative, Wojciechowski Jason, Bush Gottlieb, ALC, 801 No. Brand Blvd, Suite 950, Glendale, CA, 91203, (818)973-3208
Charging Party, Legal Representative, Dickinson Julie, Bush Gottlieb, ALC, 801 N. Brand Blvd, Ste. 950, Glendale, CA, 91203, (818)973-3228
Charged Party / Respondent, Legal Representative, Sanchez Karla, Seyfarth Shaw LLP, 233 S. Wacker Drive, Ste 8000, Chicago, IL, 60606, (312)460-5000
Charging Party, Legal Representative, Wright Vanessa, Bush Gottlieb,  ALC, 801 No. Brand Blvd, Suite 950, Glendale, CA, 91203, (818)973-3228
Charged Party / Respondent, Employer, Amazon.com Services, LLC, 1300 Featherstone Road, Pontiac, MI, 48342, (248)440-0606
Charging Party, Individual
",,,
C,"Region 07, Detroit, Michigan",07-CA-321936,"Amazon Hub DDT6",Closed,07/17/2023,12/12/2024,"Informal Settlement",Pontiac,MI,150,"8(a)(1) Coercive Statements (Threats, Promises of Benefits, etc.)
8(a)(1) Coercive Actions (Surveillance, etc)
","Charging Party, Legal Representative, Wojciechowski Jason, Bush Gottlieb, ALC, 801 No. Brand Blvd, Suite 950, Glendale, CA, 91203, (818)973-3208
Charging Party, Legal Representative, Dickinson Julie, Bush Gottlieb, ALC, 801 N. Brand Blvd, Ste. 950, Glendale, CA, 91203, (818)973-3228
Charged Party / Respondent, Legal Representative, Sanchez Karla, Seyfarth Shaw LLP, 233 S. Wacker Drive, Ste 8000, Chicago, IL, 60606, (312)460-5000
Charging Party, Legal Representative, Wright Vanessa, Bush Gottlieb,  ALC, 801 No. Brand Blvd, Suite 950, Glendale, CA, 91203, (818)973-3228
Charged Party / Respondent, Employer, Amazon Hub DDT6, 1300 Featherstone Road, Pontiac, MI, 48342, (248)440-0606
Charging Party, Individual
",,,
C,"Region 28, Phoenix, Arizona",28-CA-322198,"Amazon Fulfillment Center PHX3",Closed,07/17/2023,05/17/2024,"Dismissal Non-adjusted",Phoenix,AZ,500,"8(a)(1) Concerted Activities (Retaliation, Discharge, Discipline)
","Charged Party / Respondent, Legal Representative, Miner Frederick, Littler Mendelson, PC, Camelback Esplanade, 2425 East Camelback Road, Suite 900, Phoenix, AZ, 85016-4242, (602)474-3600
Charging Party, Individual
Charged Party / Respondent, Employer, Amazon Fulfillment Center PHX3, Phoenix, AZ, 85043
",,,
C,"Region 18, Minneapolis, Minnesota",18-CA-321758,"Amazon Fulfillment Center",Closed,07/13/2023,09/13/2023,"Dismissal Non-adjusted","Oak Creek",WI,1500,"8(a)(1) Coercive Statements (Threats, Promises of Benefits, etc.)
8(a)(1) Concerted Activities (Retaliation, Discharge, Discipline)
","Charged Party / Respondent, Legal Representative, Stolzenbach Brian, Seyfarth Shaw LLP, 233 South Wacker Drive, Suite 8000, Chicago, IL, 60606, (312)460-5551
Charged Party / Respondent, Legal Representative, Kuntz Harrison, Seyfarth Shaw LLP, 233 S. Wacker Dr Ste 8000, Chicago, IL, 60606-6448, (312)460-5811
Charged Party / Respondent, Employer, Amazon Fulfillment Center, Oak Creek, WI, 53154
Charging Party, Individual
",,,
C,"Region 28, Phoenix, Arizona",28-CA-322194,"Amazon PHX3 Fulfillment Center",Closed,07/12/2023,04/15/2024,"Withdrawal Non-adjusted",Phoenix,AZ,500,"8(a)(1) Concerted Activities (Retaliation, Discharge, Discipline)
","Charged Party / Respondent, Legal Representative, Miner Frederick, Littler Mendelson, PC, Camelback Esplanade, 2425 East Camelback Road, Suite 900, Phoenix, AZ, 85016-4242, (602)474-3600
Charged Party / Respondent, Employer, Amazon Fulfillment Center PHX3, Phoenix, AZ, 85043
Charging Party, Individual
",,,
C,"Region 29, Brooklyn, New York",29-CA-321768,"Amazon.com Services Inc",Closed,07/12/2023,10/03/2023,"Dismissal Non-adjusted","Staten Island",NY,8000,"8(a)(1) Weingarten
8(a)(3) Discharge (Including Layoff and Refusal to Hire (not salting))
8(a)(5) Refusal to Recognize
","Charged Party / Respondent, Legal Representative, Rogers Amber, Hunton Andrews Kurth LLP, 1445 Ross Avenue, Suite 3700, Dallas, TX, 75202, (214)468-3308
Charged Party / Respondent, Legal Representative, Larkin Kurt, Hunton Andrews Kurth LLP, 951 East Byrd Street, Suite 1300, Richmond, VA, 23219, (804)788-8776
Charging Party, Individual
Charging Party, Legal Representative
Charged Party / Respondent, Employer, Amazon.com Services LLC, Staten Island, NY, 10314
",,,
C,"Region 10, Atlanta, Georgia",10-CA-321641,"Amazon.com Services, LLC",Closed,07/12/2023,11/07/2024,"Dismissal Non-adjusted",Bessemer,AL,5000,"8(a)(1) Concerted Activities (Retaliation, Discharge, Discipline)
8(a)(4) Changes in Terms and Conditions of Employment
8(a)(3) Changes in Terms and Conditions of Employment
","Charged Party / Respondent, Legal Representative, Sullivan C. Randolph, Hunton Andrews Kurth LLP, 951 East Byrd Street, Richmond, VA, 23219, (804)788-8399
Charging Party, Legal Representative, Rouco Richard, Quinn Connor Weaver Davies and Rouco, 2-20th Street North, Suite 930, Birmingham, AL, 35203, (205)870-9989
Charged Party / Respondent, Legal Representative, Dumbacher Robert, (404)888-4007
Charging Party, Union, Retail, Wholesale and Department Store Union, Birmingham, AL, 35205
Charged Party / Respondent, Employer, Bessemer, AL, 35022
",,,
C,"Region 09, Cincinnati, Ohio",09-CA-321713,"AMAZON.COM SERVICES LLC AND ITS SUBSIDIARY, AMAZON AIR",Closed,07/10/2023,03/08/2024,"Withdrawal Non-adjusted",Florence,KY,4500,"8(a)(1) Coercive Actions (Surveillance, etc)
8(a)(1) Interrogation (including Polling)
","Charging Party, Legal Representative, Iglitzin Dmitri, Barnard Iglitzin & Lavitt LLP, 18 West Mercer Street, Suite 400, Seattle, WA, 98119, (206)257-6038
Charged Party / Respondent, Legal Representative, Rich Jamie, Seyfarth Shaw, LLP, 560 Mission Street, Suite 3100, San Francisco, CA, 94105, (415)397-2823
Charged Party / Respondent, Employer, AMAZON.COM SERVICES LLC AND ITS SUBSIDIARY, AMAZON AIR, Florence, KY, 41042
Charging Party, Individual
",,,
C,"Region 31, Los Angeles, California",31-CB-321456,"International Brotherhood of Teamsters, Teamsters Joint Council 42 & Teamsters Local 396 (Amazon.com Services LLC)",Open,07/07/2023,,,Palmdale,CA,1000000,,"Charging Party, Legal Representative, Dieckman Alyson, Seyfarth Shaw LLP, 999 Third Avenue, Suite 4700, Seattle, WA, 98104-4041, (206)393-4027
Charged Party / Respondent, Legal Representative, Lively Amanda, Wohlner Kaplon Cutler Halford Rosenfeld & Levy, 16501 Ventura Boulevard, Suite 304, Encino, CA, 91436, (818)501-8030
Charging Party, Legal Representative, Stolzenbach Brian, Seyfarth Shaw LLP, 233 South Wacker Drive, Suite 8000, Chicago, IL, 60606, (312)460-5000
Charged Party / Respondent, Legal Representative, Wojciechowski Jason, Bush Gottlieb, ALC, 801 No. Brand Blvd, Suite 950, Glendale, CA, 91203, (818)973-3208
Charged Party / Respondent, Legal Representative, Gutman Dickinson Julie, Bush Gottlieb,  ALC, 801 North Brand Boulevard, Suite 950, Glendale, CA, 91203, (818)973-3228
Charging Party, Legal Representative, Mirrafati Kamran, Seyfarth Shaw LLP, 2029 Century Park East, Suite 3500, Los Angeles, CA, 90067-3021, (310)201-5290
Charging Party, Legal Representative, Fishelman Sage, Seyfarth Shaw LLP, 601 South Figueroa Steet, Suite 3300, Los Angeles, CA, 90017, (213)270-9730
Charged Party / Respondent, Legal Representative, Keng Samantha, Bush Gottlieb, ALC, 801 North Brand Blvd, Suite 950, Glendale, CA, 91203, (818)973-3203
Charged Party / Respondent, Union, Teamsters Joint Council 42, Pomona, CA, 91768
Charging Party, Additional Service, Amazon’s ONT5 Facility, San Bernadino, CA, 92408
",,,
C,"Region 29, Brooklyn, New York",29-CA-321473,"Amazon.com Services LLC",Closed,07/06/2023,05/16/2024,"Dismissal Non-adjusted","Staten Island",NY,8500,"8(a)(1) Concerted Activities (Retaliation, Discharge, Discipline)
","Charged Party / Respondent, Legal Representative, Rogers Amber, Hunton Andrews Kurth LLP, 1445 Ross Avenue, Suite 3700, Dallas, TX, 75202, (214)468-3308
Charged Party / Respondent, Legal Representative, LARKIN KURT, Hunton Andrews Kurth LLP, 951 East Byrd Street, Suite 1300, Richmond, VA, 23219, (804)788-8776
Charged Party / Respondent, Employer, Amazon.com Services LLC, Staten Island, NY, 10314
Charging Party, Union, Amazon Labor Union, Staten Island, NY, 10314
",,,
C,"Region 29, Brooklyn, New York",29-CA-321469,"Amazon.com Services LLC",Closed,07/06/2023,07/27/2023,"Withdrawal Adjusted","Staten Island",NY,8500,"8(a)(1) Concerted Activities (Retaliation, Discharge, Discipline)
8(a)(3) Discipline
","Charged Party / Respondent, Legal Representative, Rogers Amber, Hunton Andrews Kurth LLP, 1445 Ross Avenue, Suite 3700, Dallas, TX, 75202, (214)468-3308
Charged Party / Respondent, Legal Representative, Larkin Kurt, Hunton Andrews Kurth LLP, 951 East Byrd Street, Suite 1300, Richmond, VA, 23219, (804)788-8776
Charged Party / Respondent, Employer, Amazon.com Services LLC, Staten Island, NY, 10314
Charging Party, Union, Amazon Labor Union, Staten Island, NY, 10314
",,,
C,"Region 10, Atlanta, Georgia",10-CA-321168,"Amazon.com Services, LLC",Closed,07/05/2023,10/11/2023,"Withdrawal Non-adjusted",Bessemer,AL,5000,"8(a)(3) Discipline
","Charged Party / Respondent, Legal Representative, Sullivan Randy, Hunton Andrews Kurth LLP, (404)888-4007
Charged Party / Respondent, Legal Representative, Dumbacher Robert, Hunton Andrews & Kurth LLP, 600 Peachtree Street, NE, Suite 4100, Atlanta, GA, 30308-2217, (404)888-4007
Charging Party, Individual
Charged Party / Respondent, Employer, Amazon.com Services, LLC, Bessemer, , 35022
",,,
C,"Region 10, Atlanta, Georgia",10-CA-320679,"Amazon.com Services, LLC",Closed,06/26/2023,03/21/2024,"Dismissal Non-adjusted",Garner,NC,5000,"8(a)(3) Discipline
","Charging Party, Notification, Stromme Adam, Carolina Amazonians United for Solidarity & Empowerment (CAUSE), 111 Grey Elm Trail, Durham, NC, 27713
Charged Party / Respondent, Legal Representative, Burke Cary, Seyfarth Shaw, LLP, 1075 Peachtree Street, N.E., Suite 2500, Atlanta, GA, 30309, (404)704-9667
Charged Party / Respondent, Legal Representative, Kuntz Harrison, Seyfarth Shaw LLP, 233 South Wacker Drive, Suite 8000, Chicago, IL, 60606, (310)597-1559
Charging Party, Union, Carolina Amazonians United for Solidarity & Empowerment (CAUSE), Durham, NC, 27713
Charged Party / Respondent, Employer, Amazon.com Services, LLC, Garner, NC, 27529
",,,
C,"Region 31, Los Angeles, California",31-CA-320596,"Amazon.com Services, LLC and its agent Amazon Logistics, Inc. (collectively ""Amazon""), as a joint employer with Battle Tested Strategies (""BTS"")",Open,06/26/2023,,,Palmdale,CA,80,"8(a)(5) Refusal to Bargain/Bad Faith Bargaining (incl'g surface bargaining/direct dealing)
","Charged Party / Respondent, Legal Representative, Stolzenbach Brian, Seyfarth Shaw LLP, 233 South Wacker Drive, Suite 8000, Chicago, IL, 60606, (312)460-5000
Charging Party, Legal Representative, De Haro Hector, Bush Gottlieb, a Law Corporation, 801 N. Brand Blvd.,, Suite 950, Glendale, CA, 91203, (818)973-3260
Charging Party, Legal Representative, Gutman-Dickinson Julie, Bush Gottlieb, ALC, 801 North Brand Blvd.,, Suite 950, Glendale, CA, 91203, (818)973-3228
Charging Party, Union, Teamsters Joint Council 42, 981 Corporate Center Dr. Suite 200, Pomona, CA, 91768, (908)877-4760
Charged Party / Respondent, Employer, Amazon.com Services, LLC and its agent Amazon Logistics, Inc. (collectively ""Amazon""), as a joint employer with Battle Tested Strategies (""BTS""), Amazon DAX8 Facility 600 Technology Drive,  Palmdale, CA, 93551, (206)529-5817
Charged Party / Respondent, Employer, Amazon.com Services, LLC and its agent Amazon Logistics, Inc., c/o Corporation Service Company, 300 Deschutes Way SW, Suite 208 MC-CSC1, Tumwater, WA, 98501
Charged Party / Respondent, Employer, Battle-Tested Strategies, LLC, Palmdale, CA, 93551
Charging Party, Union, Teamsters Local 396, Utility and Package Drivers, affiliated with the International Brotherhood of Teamsters, 880 Oak Park Road, Suite 200, Covina, CA, 91724, (626)915-3636
",,,
C,"Region 29, Brooklyn, New York",29-CA-320519,"Amazon.com Services LLC",Closed,06/23/2023,08/01/2023,"Withdrawal Non-adjusted","Staten Island",NY,8200,"8(a)(1) Discharge of supervisor (Parker-Robb Chevrolet)
","Charged Party / Respondent, Legal Representative, Rogers Amber, Hunton Andrews Kurth LLP, 1445 Ross Avenue, Suite 3700, Dallas, TX, 75202, (214)468-3308
Charged Party / Respondent, Legal Representative, Larkin Kurt, Hunton Andrews Kurth LLP, 951 East Byrd Street, Suite 1300, Richmond, VA, 23219, (804)788-8776
Charged Party / Respondent, Employer, Amazon.com Services LLC, Staten Island, NY, 10314
Charging Party, Union, Amazon Labor Union, Staten Island, NY, 10314
",,,
C,"Region 29, Brooklyn, New York",29-CA-320536,"Amazon.com Services LLC",Closed,06/23/2023,08/01/2023,"Withdrawal Non-adjusted","Staten Island",NY,8200,"8(a)(5) Refusal to Bargain/Bad Faith Bargaining (incl'g surface bargaining/direct dealing)
8(a)(5) Refusal to Furnish Information
8(a)(3) Discipline
8(a)(1) Concerted Activities (Retaliation, Discharge, Discipline)
","Charged Party / Respondent, Legal Representative, Rogers Amber, Hunton Andrews Kurth LLP, 1445 Ross Avenue, Suite 3700, Dallas, TX, 75202, (214)468-3308
Charged Party / Respondent, Legal Representative, Larkin Kurt, Hunton Andrews Kurth LLP, 951 East Byrd Street, Suite 1300, Richmond, VA, 23219, (804)788-8776
Charged Party / Respondent, Employer, Amazon.com Services LLC, Staten Island, NY, 10314
Charging Party, Union, Amazon Labor Union, Staten Island, NY, 10314
",,,
C,"Region 29, Brooklyn, New York",29-CA-321476,"Amazon.com Services LLC",Closed,06/23/2023,11/06/2023,"Dismissal Non-adjusted","Staten Island",NY,6000,"8(a)(3) Discharge (Including Layoff and Refusal to Hire (not salting))
8(a)(1) Concerted Activities (Retaliation, Discharge, Discipline)
","Charged Party / Respondent, Legal Representative, LARKIN KURT, Hunton Andrews Kurth LLP, 951 East Byrd Street, Suite 1300, Richmond, VA, 23219, (804)788-8776
Charging Party, Legal Representative, Goldstein Seth, Working Peoples Law, 11 Broadway, Suite 615, New York, NY, 10004, (646)460-1309
Charged Party / Respondent, Employer, Amazon.com Services LLC, Staten Island, NY, 10314
Charging Party, Individual
",,,
C,"Region 10, Atlanta, Georgia",10-CA-320353,"Amazon.com Services, LLC",Closed,06/21/2023,04/04/2024,"Dismissal Non-adjusted",Garner,NC,5000,"8(a)(3) Discharge (Including Layoff and Refusal to Hire (not salting))
","Charging Party, Notification, Stromme Adam, Carolina Amazonians United for Solidarity & Empowerment (CAUSE), 111 Grey Elm Trail, Durham, NC, 27713
Charged Party / Respondent, Legal Representative, Burke Cary, Seyfarth Shaw, LLP, 1075 Peachtree Street, N.E., Suite 2500, Atlanta, GA, 30309, (404)704-9667
Charged Party / Respondent, Legal Representative, Kuntz Harrison, Seyfarth Shaw LLP, 233 South Wacker Drive, Suite 8000, Chicago, IL, 60606, (310)597-1559
Charged Party / Respondent, Legal Representative, SHATTEEN LAVERN, 233 W. WAKER DR. STE. 800, CHICAGO, IL, (312)460-6276
Charging Party, Union, Carolina Amazonians United for Solidarity & Empowerment (CAUSE)
Charged Party / Respondent, Employer, Amazon.com Services, LLC, Garner, NC, 27529
",,,
C,"Region 10, Atlanta, Georgia",10-CA-320290,"Amazon.com Services, LLC (Corporation Service Company Inc.)",Closed,06/20/2023,10/11/2023,"Withdrawal Non-adjusted",Bessemer,AL,6000,"8(a)(1) Coercive Statements (Threats, Promises of Benefits, etc.)
8(a)(3) Changes in Terms and Conditions of Employment
8(a)(3) Discipline
","Charged Party / Respondent, Legal Representative, Sullivan C. Randolph, 951 East Bryd Street, Richmond, VA, 23219, (804)788-8399
Charged Party / Respondent, Legal Representative, Dumbacher Robert, Hunton Andrews & Kurth LLP, 600 Peachtree Street, NE, Suite 4100, Atlanta, GA, 30308-2217, (404)888-4007
Charged Party / Respondent, Employer, Amazon.com Services, LLC, Bessemer, AL, 35022
Charged Party / Respondent, Employer, Corporation Service Company Inc., Montgomery, AL, 36104
Charging Party, Individual
",,,
C,"Region 04, Philadelphia, Pennsylvania",04-CA-320317,"Amazon Logistics",Closed,06/20/2023,01/10/2024,"Dismissal Non-adjusted",Philadelphia,PA,100,"8(a)(3) Discharge (Including Layoff and Refusal to Hire (not salting))
8(a)(1) Concerted Activities (Retaliation, Discharge, Discipline)
","Charging Party, Legal Representative, Tykulsker David, David Tykulsker & Associates, 161 Walnut Street, Montclair, NJ, 07042-3801, (973)509-9292
Charged Party / Respondent, Legal Representative, Silver Jason, Seyfarth Shaw LLP, 620 8th Avenue, 32nd Floor, New York, NY, 10018, (212)218-5282
Charged Party / Respondent, Employer, Amazon Logistics, Philadelphia, PA, 19153
Charging Party, Union, Amazonians United, South Jersey Chapter, Philadelphia, PA, 19122
",,,
C,"Region 29, Brooklyn, New York",29-CA-320277,"Amazon.com Services LLC",Closed,06/16/2023,07/27/2023,"Withdrawal Non-adjusted","Staten Island",NY,8500,"8(a)(3) Discharge (Including Layoff and Refusal to Hire (not salting))
8(a)(1) Concerted Activities (Retaliation, Discharge, Discipline)
","Charged Party / Respondent, Legal Representative, Rogers Amber, Hunton Andrews Kurth LLP, 1445 Ross Avenue, Suite 3700, Dallas, TX, 75202, (214)468-3308
Charged Party / Respondent, Legal Representative, Larkin Kurt, Hunton Andrews Kurth LLP, 951 East Byrd Street, Suite 1300, Richmond, VA, 23219, (804)788-8776
Charged Party / Respondent, Employer, Amazon.com Services LLC, Staten Island, NY, 10314
Charging Party, Union, Amazon Labor Union, Staten Island, NY, 10314
",,,
C,"Region 29, Brooklyn, New York",29-CA-320271,"Amazon.com Services LLC",Closed,06/13/2023,11/06/2023,"Dismissal Non-adjusted","Staten Island",NY,6000,"8(a)(1) Coercive Rules
8(a)(1) Weingarten
","Charged Party / Respondent, Legal Representative, Rogers Amber, Hunton Andrews Kurth LLP, 1445 Ross Avenue, Suite 3700, Dallas, TX, 75202, (214)468-3308
Charged Party / Respondent, Legal Representative, Larkin Kurt, Hunton Andrews Kurth LLP, 951 East Byrd Street, Suite 1300, Richmond, VA, 23219, (804)788-8776
Charging Party, Legal Representative, Goldstein Seth, Singla & Goldstein, PLLC, A Working People's Law Center, 11 Broadway, Suite 615, New York City, NY, 10004, (646)460-1309
Charged Party / Respondent, Employer, Amazon.com Services LLC, Staten Island, NY, 10314
Charging Party, Union, Amazon Labor Union, Staten Island, NY, 10314
",,,
C,"Region 13, Chicago, Illinois",13-CA-319685,"Amazon.com Services, LLC",Open,06/09/2023,,,Joliet,IL,1000,"8(a)(1) Concerted Activities (Retaliation, Discharge, Discipline)
8(a)(1) Coercive Rules
","Charged Party / Respondent, Legal Representative, Stolzenbach Brian, Seyfarth Shaw LLP, 233 South Wacker Drive, Suite 8000, Chicago, IL, 60606, (312)460-5000
Charging Party, Individual
Charged Party / Respondent, Employer, Amazon.com Services, LLC, Joliet, IL, 60433
",,,
C,"Region 31, Los Angeles, California",31-CA-319781,"Amazon.com Services, LLC and its agent Amazon Logistics, Inc. (collectively ""Amazon""), as a joint employer with Battle Tested Strategies (""BTS"")",Open,06/09/2023,,,Palmdale,CA,80,,"Charged Party / Respondent, Legal Representative, Stolzenbach Brian, Seyfarth Shaw LLP, 233 South Wacker Drive, Suite 8000, Chicago, IL, 60606, (312)460-5551
Charged Party / Respondent, Legal Representative, Kuntz Harrison, Seyfarth Shaw LLP, 233 South Wacker Drive, Suite 8000, Chicago, IL, 60606, (310)597-1559
Charging Party, Legal Representative, De Haro Hector, Bush Gottlieb, a Law Corporation, 801 N. Brand Blvd.,, Suite 950, Glendale, CA, 91203, (818)973-3260
Charged Party / Respondent, Legal Representative, Raduechel Janine, Seyfarth Shaw LLP, 601 South Figueroa Street,, Suite 3300, Los Angeles, CA, 90017, (213)270-9725
Charging Party, Legal Representative, Gutman-Dickinson Julie, Bush Gottlieb, ALC, 801 North Brand Blvd.,, Suite 950, Glendale, CA, 91203, (818)973-3228
Charging Party, Union, Teamsters Joint Council 42, 981 Corporate Center Dr. Suite 200, Pomona, CA, 91768, (908)877-4760
Charged Party / Respondent, Employer, Amazon.com Services, LLC and its agent Amazon Logistics, Inc. (collectively ""Amazon""), as a joint employer with Battle Tested Strategies (""BTS""), Amazon DAX8 Facility 600 Technology Drive,  Palmdale, CA, 93551, (206)529-5817
Charged Party / Respondent, Employer, Amazon.com Services, LLC and its agent Amazon Logistics, Inc., c/o Corporation Service Company, 300 Deschutes Way SW, Suite 208 MC-CSC1, Tumwater, WA, 98501
Charged Party / Respondent, Employer, Battle-Tested Strategies, LLC, Palmdale, CA, 93551
Charging Party, Union, Teamsters Local 396, Utility and Package Drivers, affiliated with the International Brotherhood of Teamsters, 880 Oak Park Road, Suite 200, Covina, CA, 91724, (626)915-3636
",,,
C,"Region 29, Brooklyn, New York",29-CA-319572,"Amazon.com Services LLC",Closed,06/08/2023,11/20/2023,"Dismissal Non-adjusted","Staten Island",NY,8200,"8(a)(3) Discharge (Including Layoff and Refusal to Hire (not salting))
8(a)(1) Concerted Activities (Retaliation, Discharge, Discipline)
","Charged Party / Respondent, Legal Representative, Rogers Amber, Hunton Andrews Kurth LLP, 1445 Ross Avenue, Suite 3700, Dallas, TX, 75202, (214)468-3308
Charged Party / Respondent, Legal Representative, Larkin Kurt, Hunton Andrews Kurth LLP, 951 East Byrd Street, Suite 1300, Richmond, VA, 23219, (804)788-8776
Charged Party / Respondent, Employer, Amazon.com Services LLC, Staten Island, NY, 10314
Charging Party, Union, Amazon Labor Union, Staten Island, NY, 10314
",,,
C,"Region 29, Brooklyn, New York",29-CA-319550,"Amazon.com Services LLC",Closed,06/08/2023,07/14/2023,"Withdrawal Non-adjusted","Staten Island",NY,8200,"8(a)(3) Discharge (Including Layoff and Refusal to Hire (not salting))
8(a)(1) Concerted Activities (Retaliation, Discharge, Discipline)
","Charged Party / Respondent, Legal Representative, LARKIN KURT, Hunton Andrews Kurth LLP, 951 East Byrd Street, Suite 1300, Richmond, VA, 23219, (804)788-8776
Charged Party / Respondent, Employer, Amazon.com Services LLC, Staten Island, NY, 10314
Charging Party, Union, Amazon Labor Union, Staten Island, NY, 10314
",,,
C,"Region 10, Atlanta, Georgia",10-CA-319386,"Amazon.com Services LLC",Closed,06/06/2023,07/22/2024,"Dismissal Non-adjusted",Bessemer,AL,5000,"8(a)(1) Concerted Activities (Retaliation, Discharge, Discipline)
8(a)(3) Discharge (Including Layoff and Refusal to Hire (not salting))
8(a)(4) Discharge (including Layoff and Refusal to Hire)
","Charged Party / Respondent, Legal Representative, Sullivan C. Randolph, 951 East Bryd Street, Richmond, VA, 23219, (804)788-8399
Charging Party, Legal Representative, Rouco Richard, 2 20th St N, Ste 930, Birmingham, AL, 35203-4014, (205)918-7430
Charged Party / Respondent, Employer, Bessemer, AL, 35022
Charging Party, Union, Retail, Wholesale and Department Store Union, Birmingham, AL, 35205
",,,
C,"Region 29, Brooklyn, New York",29-CA-318998,"Amazon.com Services LLC",Closed,05/31/2023,06/05/2023,"Withdrawal Non-adjusted","Staten Island",NY,8200,"8(a)(5) Refusal to Bargain/Bad Faith Bargaining (incl'g surface bargaining/direct dealing)
8(a)(5) Repudiation/Modification of Contract [Sec 8(d)/Unilateral Changes]
8(a)(1) Coercive Rules
","Charging Party, Legal Representative, Goldstein Seth, Julien Mirer & Singla, PLLC, A Working Peoples' Law Firm, One Whitehall Street, 16th Floor, Manhattan, NY, 10004, (646)460-1309
Charged Party / Respondent, Employer, Amazon.com Services LLC, Staten Island, NY, 10314
Charging Party, Union, Amazon Labor Union, Staten Island, NY, 10314
",,,
C,"Region 07, Detroit, Michigan",07-CA-319062,"Amazon.com Services LLC",Closed,05/31/2023,03/21/2024,"Withdrawal Non-adjusted",Romulus,MI,1000,"8(a)(3) Discipline
","Charged Party / Respondent, Legal Representative, Vento Joseph, Seyfarth Shaw LLP, 620 Eighth Avenue, New York, NY, 10018, (973)507-7636
Charged Party / Respondent, Legal Representative, Sanchez Karla, Seyfarth Shaw LLP, 233 S. Wacker Drive, Ste 8000, Chicago, IL, 60606, (312)460-5000
Charging Party, Legal Representative, Anderson Murphy, Murphy Anderson, PLLC, 1401 K Street NW, Suite 300, Washington, DC, 20005, (202)223-2620
Charged Party / Respondent, Employer, Amazon.com Services LLC, Romulus, MI, 48174
Charging Party, Union, American Postal Workers Union (APWU), AFL-CIO, Washington, DC, 20005
Charged Party / Respondent, Employer, Amazon.com Services LLC, Seattle, WA, 98109-5210
",,,
C,"Region 10, Atlanta, Georgia",10-CA-318307,"Amazon.com Services, LLC",Closed,05/18/2023,01/09/2024,"Dismissal Non-adjusted",Garner,NC,5000,"8(a)(1) Coercive Statements (Threats, Promises of Benefits, etc.)
8(a)(3) Changes in Terms and Conditions of Employment
","Charging Party, Legal Representative, Russell Carley, Cohen, Weiss and Simon LLP, 909 Third Ave, 12th Floor, New York, NY, 10022, (212)356-0210
Charged Party / Respondent, Legal Representative, Burke Cary, Seyfarth Shaw, LLP, 1075 Peachtree Street, N.E., Suite 2500, Atlanta, GA, 30309, (404)704-9667
Charging Party, Union, Carolina Amazonians United for Solidarity & Empowerment (CAUSE), Durham, NC, 27713
Charged Party / Respondent, Employer, Amazon.com Services, LLC, Garner, NC, 27529
",,,
C,"Region 29, Brooklyn, New York",29-CA-318323,"Amazon Studios",Closed,05/17/2023,11/09/2023,"Dismissal Non-adjusted",Brooklyn,NY,100,"8(a)(1) Coercive Actions (Surveillance, etc)
8(a)(3) Union Security Related Actions
","Charging Party, Individual
Charged Party / Respondent, Employer, Amazon Studios, Culver City, CA, 90232
",,,
C,"Region 03, Buffalo, New York",03-CA-318096,"Amazon Fulfillment Center",Closed,05/16/2023,05/25/2023,"Withdrawal Non-adjusted",Castleton-on-Hudson,NY,1000,"8(a)(1) Coercive Statements (Threats, Promises of Benefits, etc.)
8(a)(3) Discharge (Including Layoff and Refusal to Hire (not salting))
8(a)(3) Retaliatory Lawsuit
","Charged Party / Respondent, Legal Representative, Dumbacher Robert, Hunton Andrews Kurth LLP, 600 Peachtree St., N.E., Ste.4100, Atlanta, GA, 30308-2219, (404)888-4007
Charged Party / Respondent, Legal Representative, Glasgow Ryan, Hunton Andrews Kurth LLP, 951 East Byrd Street, Richmond, VA, 23219, (804)788-8791
Charged Party / Respondent, Employer, Amazon Fulfillment Center, Castleton, NY, 12033
Charging Party, Individual
",,,
C,"Region 10, Atlanta, Georgia",10-CA-317957,"Amazon.com Services, LLC",Closed,05/12/2023,03/19/2024,"Dismissal Non-adjusted",Garner,NC,5000,"8(a)(3) Discharge (Including Layoff and Refusal to Hire (not salting))
8(a)(1) Concerted Activities (Retaliation, Discharge, Discipline)
","Charged Party / Respondent, Legal Representative, Burke Cary, Seyfarth Shaw, LLP, 1075 Peachtree Street, N.E., Suite 2500, Atlanta, GA, 30309, (404)704-9667
Charged Party / Respondent, Legal Representative, Kuntz Harrison, Seyfarth Shaw LLP, 233 South Wacker Drive, Suite 8000, Chicago, IL, 60606, (310)597-1559
Charging Party, Union, Carolina  Amazonians United for Solidarity and Empowerment (CAUSE), Durham, NC, 27713
Charged Party / Respondent, Employer, Amazon.com Services, LLC, Garner, NC, 27529
",,,
C,"Region 10, Atlanta, Georgia",10-CA-317943,"Amazon.com Services, LLC",Closed,05/12/2023,03/21/2024,"Dismissal Non-adjusted",Garner,NC,5000,"8(a)(1) Coercive Actions (Surveillance, etc)
","Charged Party / Respondent, Legal Representative, Burke Cary, Seyfarth Shaw, LLP, 1075 Peachtree Street, N.E., Suite 2500, Atlanta, GA, 30309, (404)704-9667
Charged Party / Respondent, Legal Representative, Kuntz Harrison, Seyfarth Shaw LLP, 233 South Wacker Drive, Suite 8000, Chicago, IL, 60606, (310)597-1559
Charging Party, Union, Carolina Amazonians United for Solidarity & Empowerment (CAUSE)
Charged Party / Respondent, Employer, Amazon.com Services, LLC, Garner, NC, 27529
",,,
C,"Region 29, Brooklyn, New York",29-CB-318245,"Local 52 IATSE (Something Ideal, Arts and Sciences, Amazon Studios, Apple Studios, Big Indie Pictures, Biscuit Filmworks, O Positive, Park Pictures, Radical Media, Smuggler, Spare Parts)",Closed,05/10/2023,11/09/2023,"Dismissal Non-adjusted",Brooklyn,NY,100,"8(b)(1)(A) Union Dues and/or Membership Related (including excessive fees)
","Charged Party / Respondent, Legal Representative, Johnson Nicholas, Spivak Lipton LLP, 1040 Avenue of the Americas, 20th Floor, New York, NY, 10018, (212)765-2100
Charged Party / Respondent, Union, Local 52 IATSE, Astoria, NY, 11105
Charging Party, Individual
Involved Party, Employer, Smuggler Inc, New York, NY, 10010
",,,
C,"Region 19, Seattle, Washington",19-CA-317771,"Amazon Web Services, Inc.",Closed,05/10/2023,07/18/2023,"Withdrawal Non-adjusted",Seattle,WA,9000,"8(a)(4) Changes in Terms and Conditions of Employment
","Charged Party / Respondent, Legal Representative, Swedlow Daniel, Seyfarth Shaw LLP, 999 Third Avenue, Suite 4700, Seattle, WA, 98104-4041, (206)946-4940
Charged Party / Respondent, Legal Representative, Kuntz Harrison, Seyfarth Shaw LLP, 233 S. Wacker Dr Ste 8000, Chicago, IL, 60606-6448, (312)460-5811
Charging Party, Individual
Charged Party / Respondent, Employer, Amazon Web Services, Inc., Seattle, WA, 98109
",,,
C,"Region 09, Cincinnati, Ohio",09-CA-317598,"AMAZON.COM LLC AND ITS SUBSIDIARY AMAZON AIR",Closed,05/08/2023,12/28/2023,"Dismissal Non-adjusted",Florence,KY,4500,"8(a)(1) Interrogation (including Polling)
","Charged Party / Respondent, Legal Representative, Rich Jamie, Seyfarth Shaw LLP, 560 Mission Street, Suite 3100, San Francisco, CA, 94105-2930, (916)498-7078
Charged Party / Respondent, Legal Representative, Nichols Lisa, Seyfarth Shaw LLP, 999 Third Avenue, Suite 4700, Seattle, WA, 98104-4041, (206)946-4932
Charged Party / Respondent, Employer, Amazon.com LLC and Its Subsidiary Amazon Air, Florence, KY, 41042
Charging Party, Individual
",,,
C,"Region 12, Tampa, Florida",12-CA-317273,"Amazon Fulfillment (TPA 3)",Closed,05/03/2023,12/15/2023,"Dismissal Non-adjusted",Auburndale,FL,2000,"8(a)(1) Concerted Activities (Retaliation, Discharge, Discipline)
","Charged Party / Respondent, Legal Representative, Kim Sul, (404)885-1500 x719693
Charged Party / Respondent, Legal Representative, Park Sul Ah, Seyfarth Shaw LLP, 1075 Peachtree St NE Ste 2500, Atlanta, GA, 30309, (404)885-1500
Charged Party / Respondent, Employer, Amazon Fulfillment (TPA 3), Aauburndale, FL, 33823
Charging Party, Individual
",,,
C,"Region 31, Los Angeles, California",31-CA-317349,"Amazon.com Services, LLC and its agent Amazon Logistics, Inc. (collectively Amazon), as a joint employer with Battle Tested Strategies (BTS)",Open,05/02/2023,,,Palmdale,CA,80,,"Charged Party / Respondent, Legal Representative, Stolzenbach Brian, Seyfarth Shaw LLP, 233 South Wacker Drive, Suite 8000, Chicago, IL, 60606, (312)460-5000
Charged Party / Respondent, Legal Representative, Kuntz Harrison, Seyfarth Shaw LLP, 233 South Wacker Drive, Suite 8000, Chicago, IL, 60606
Charging Party, Legal Representative, De Haro Hector, Bush Gottlieb, a Law Corporation, 801 N. Brand Blvd.,, Suite 950, Glendale, CA, 91203, (818)973-3260
Charged Party / Respondent, Legal Representative, Raduechel Janine, Seyfarth Shaw LLP, 601 South Figueroa Street,, Suite 3300, Los Angeles, CA, 90017, (213)270-9725
Charging Party, Legal Representative, Gutman-Dickinson Julie, Bush Gottlieb, ALC, 801 North Brand Blvd.,, Suite 950, Glendale, CA, 91203, (818)973-3228
Charged Party / Respondent, Legal Representative, Mirrafati Kamran, Seyfarth Shaw LLP, 2029 Century Park East, Suite 3500, Los Angeles, CA, 90067-3021, (310)201-5290
Charged Party / Respondent, Employer, Amazon.com Services, LLC and its agent Amazon Logistics, Inc. (collectively ""Amazon""), as a joint employer with Battle Tested Strategies (""BTS""), Amazon DAX8 Facility 600 Technology Drive,  Palmdale, CA, 93551, (206)529-5817
Charging Party, Union, Teamsters Local 396, Utility and Package Drivers, affiliated with the International Brotherhood of Teamsters, 880 Oak Park Road Suite 200, Covina, CA, 91724, (626)915-3636
Charging Party, Union, Teamsters Joint Council 42, 981 Corporate Center Dr. Suite 200, Pomona, CA, 91768, (908)877-4760
Charged Party / Respondent, Employer, Battle-Tested Strategies, LLC, 829 W. Palmdale Blvd., #181, Palmdale, CA, 93551, (661)754-1505
",,,
C,"Region 29, Brooklyn, New York",29-CA-317210,Amazon,Open,05/01/2023,,,"Staten Island",NY,8000,"8(a)(1) Weingarten
","Charged Party / Respondent, Legal Representative, Rogers Amber, 1445 Ross Ave., Ste 3700, Dallas, TX, 75202, (214)468-3308
Charged Party / Respondent, Legal Representative, LARKIN KURT, Hunton Andrews Kurth LLP, 951 East Byrd Street, Suite 1300, Richmond, VA, 23219, (804)788-8776
Charged Party / Respondent, Employer, Amazon, Staten ISland, NY, 10314
Charging Party, Individual
",,,
C,"Region 03, Buffalo, New York",03-CA-316750,"Amazon Fulfillment Center",Closed,04/25/2023,07/28/2023,"Dismissal Non-adjusted",Castleton-on-Hudson,NY,1000,"8(a)(1) Coercive Actions (Surveillance, etc)
8(a)(3) Changes in Terms and Conditions of Employment
","Charged Party / Respondent, Legal Representative, Dumbacher Robert, Hunton Andrews Kurth LLP, 600 Peachtree St., N.E., Ste.4100, Atlanta, GA, 30308-2219, (404)888-4007
Charged Party / Respondent, Legal Representative, Glasgow Ryan, Hunton Andrews Kurth LLP, Riverfront Plaza, East Tower, 951 East Byrd St, Richmond, NY, 23219, (804)788-8791
Charged Party / Respondent, Employer, Amazon Fulfillment Center, Castleton-On-Hudson, NY, 12033
Charging Party, Individual
",,,
C,"Region 29, Brooklyn, New York",29-CA-317014,"Amazon.com Services",Closed,04/24/2023,05/19/2023,"Withdrawal Non-adjusted","Staten Island",NY,8200,"8(a)(5) Refusal to Bargain/Bad Faith Bargaining (incl'g surface bargaining/direct dealing)
8(a)(5) Repudiation/Modification of Contract [Sec 8(d)/Unilateral Changes]
","Charged Party / Respondent, Legal Representative, Rogers Amber, Hunton Andrews Kurth LLP, Fountain Place, 1445 Ross Avenue, Ste 3700, Dallas, TX, 75202, (214)468-3308
Charged Party / Respondent, Legal Representative, LARKIN KURT, Hunton Andrews Kurth LLP, 951 East Byrd Street, Suite 1300, Richmond, VA, 23219, (804)788-8776
Charging Party, Legal Representative, Goldstein Seth, One Whitehall Street, 16th Floor, Manhattan, NY, 10004, (646)460-1309
Charged Party / Respondent, Employer, Amazon.com Services, Staten Island, NY, 10314
Charging Party, Union, Amazon Labor Union, Staten Island, NY, 10314
",,,
C,"Region 29, Brooklyn, New York",29-CA-316637,"Amazon.com Services LLC",Open,04/20/2023,,,"Staten Island",NY,8200,"8(a)(5) Refusal to Bargain/Bad Faith Bargaining (incl'g surface bargaining/direct dealing)
8(a)(3) Discharge (Including Layoff and Refusal to Hire (not salting))
8(a)(1) Concerted Activities (Retaliation, Discharge, Discipline)
8(a)(3) Changes in Terms and Conditions of Employment
8(a)(3) Discipline
","Charged Party / Respondent, Legal Representative, Rogers Amber, Hunton Andrews Kurth LLP, 1445 Ross Avenue, Suite 3700, Dallas, TX, 75202, (214)468-3308
Charging Party, Legal Representative, Mirer Jeannie, Julien Mirer & Associates, PLLC, 300 Cadman Plaza West, 12th Floor, Brooklyn, NY, 11201, (212)231-2235
Charged Party / Respondent, Legal Representative, LARKIN KURT, Hunton Andrews Kurth LLP, 951 East Byrd Street, Suite 1300, Richmond, VA, 23219, (804)788-8776
Charged Party / Respondent, Employer, Amazon.com Services LLC, Staten Island, NY, 10314
Charging Party, Union, Amazon Labor Union, Staten Island, NY, 10314
",,,
C,"Region 09, Cincinnati, Ohio",09-CA-316429,"AMAZON.COM LLC AND ITS SUBSIDIARY AMAZON AIR",Open,04/17/2023,,,Florence,KY,4500,"8(a)(3) Changes in Terms and Conditions of Employment
","Charged Party / Respondent, Legal Representative, Rich Jamie, Seyfarth Shaw, LLP, 560 Mission Street, Suite 3100, San Francisco, CA, 94105, (415)397-2823
Charged Party / Respondent, Legal Representative, Nichols Lisa, Seyfarth Shaw LLP, 999 Third Avenue, Suite 4700, Seattle, WA, 98104-4041, (206)946-4932
Charging Party, Legal Representative, Newport Pamela, Herzfeld, Suetholz, Gastel, Leniski and Wall, PLLC, 600 Vine Street, Suite 2720, Cincinnati, OH, 45202, (513)381-2224
Charged Party / Respondent, Employer, Amazon.com LLC and its Subsidiary Amazon Air, 460 Day One Dr., Florence, KY, 41042, (206)765-3538
Charging Party, Individual
",,,
C,"Region 09, Cincinnati, Ohio",09-CA-316439,"AMAZON.COM LLC AND ITS SUBSIDIARY AMAZON AIR",Open,04/17/2023,,,Florence,KY,4500,"8(a)(3) Changes in Terms and Conditions of Employment
","Charged Party / Respondent, Legal Representative, Rich Jamie, Seyfarth Shaw, LLP, 560 Mission Street, Suite 3100, San Francisco, CA, 94105, (415)397-2823
Charged Party / Respondent, Legal Representative, Nichols Lisa, Seyfarth Shaw LLP, 999 Third Avenue, Suite 4700, Seattle, WA, 98104-4041, (206)946-4932
Charging Party, Legal Representative, Newport Pamela, Herzfeld, Suetholz, Gastel, Leniski and Wall, PLLC, 600 Vine Street, Suite 2720, Cincinnati, OH, 45202, (513)381-2224
Charging Party, Legal Representative, Rekowski Rachel, Herzfeld, Suetholz, Gastel, Leniski and Wall, PLLC, 600 Vine Street, Suite 2720, Cincinnati, OH, 45202, (513)381-2224
Charged Party / Respondent, Employer, Amazon.com LLC and its subsidiary Amazon Air, 460 Day One Dr., Florence, KY, 41042, (206)765-3538
Charging Party, Individual
",,,
C,"Region 09, Cincinnati, Ohio",09-CA-316422,"AMAZON.COM LLC, AND ITS SUBSIDIARY AMAZON AIR",Open,04/17/2023,,,Florence,KY,4500,"8(a)(3) Changes in Terms and Conditions of Employment
","Charged Party / Respondent, Legal Representative, Rich Jamie, Seyfarth Shaw, LLP, 560 Mission Street, Suite 3100, San Francisco, CA, 94105, (415)397-2823
Charged Party / Respondent, Legal Representative, Nichols Lisa, Seyfarth Shaw LLP, 999 Third Avenue, Suite 4700, Seattle, WA, 98104-4041, (206)946-4932
Charged Party / Respondent, Employer, Amazon.com LLC, and its subsidiary Amazon Air, 460 Day One Dr., Florence, KY, 41042, (206)765-3538
Charging Party, Individual
",,,
C,"Region 29, Brooklyn, New York",29-CA-316634,"Amazon.com Services LLC",Open,04/17/2023,,,"Staten Island",NY,8200,"8(a)(1) Coercive Statements (Threats, Promises of Benefits, etc.)
8(a)(1) Coercive Actions (Surveillance, etc)
8(a)(1) Coercive Rules
8(a)(5) Refusal to Bargain/Bad Faith Bargaining (incl'g surface bargaining/direct dealing)
8(a)(1) Concerted Activities (Retaliation, Discharge, Discipline)
","Charged Party / Respondent, Legal Representative, Rogers Amber, Hunton Andrews Kurth LLP, Fountain Place, 1445 Ross Avenue, Ste 3700, Dallas, TX, 75202, (214)468-3308
Charged Party / Respondent, Legal Representative, Larkin Kurt, Hunton Andrews Kurth LLP, 951 East Byrd Street, Suite 1300, Richmond, VA, 23219, (804)788-8776
Charging Party, Legal Representative, Goldstein Seth, Julien, Mirer, Singla and Goldstein, One Whitehall Street, 16th Floor, Manhattan, NY, 10314, (646)460-1309
Charged Party / Respondent, Employer, Amazon.com Services LLC, Staten Island, NY, 10314
Charging Party, Union, Amazon Labor Union, Staten Island, NY, 10314
",,,
C,"Region 10, Atlanta, Georgia",10-CA-316148,"Amazon.com Services, LLC",Closed,04/14/2023,11/09/2023,"Dismissal Non-adjusted",Garner,NC,5000,"8(a)(3) Changes in Terms and Conditions of Employment
","Charging Party, Legal Representative, Russell Carley, Cohen, Weiss & Simon, LLP, 900 Third Ave Ste 2100, New York, NY, 10022, (212)356-0210
Charged Party / Respondent, Legal Representative, Burke Cary, Seyfarth Shaw, LLP, 1075 Peachtree Street, N.E., Suite 2500, Atlanta, GA, 30309, (404)704-9667
Charged Party / Respondent, Employer, Amazon.com Services, LLC., Garner, NC, 27529
Charging Party, Union, Carolina Amazonians United for Solidarity & Empowerment (CAUSE), Durham, NC, 27713
",,,
C,"Region 07, Detroit, Michigan",07-CA-316249,"Amazon Hub DDT6",Closed,04/13/2023,08/05/2024,"Dismissal Non-adjusted",Pontiac,MI,150,"8(a)(1) Concerted Activities (Retaliation, Discharge, Discipline)
8(a)(3) Discipline
","Charged Party / Respondent, Legal Representative, Vento Joseph, Seyfarth Shaw LLP, 620 Eighth Avenue, 32nd Floor, New York, NY, 10018, (212)218-5548
Charging Party, Legal Representative, Dickinson Julie, Bush Gottlieb, ALC, 801 N. Brand Blvd, Ste. 950, Glendale, CA, 91203, (818)973-3228
Charging Party, Legal Representative, Wright Vanessa, Bush Gottlieb,  ALC, 801 No. Brand Blvd, Suite 950, Glendale, CA, 91203, (818)973-3228
Charged Party / Respondent, Employer, Amazon (DDT6), Pontiac, MI, 48342
Charging Party, Individual
",,,
C,"Region 09, Cincinnati, Ohio",09-CA-316101,"AMAZON.COM SERVICES LLC AND ITS SUBSIDIARY, AMAZON AIR",Closed,04/07/2023,03/11/2025,"Dismissal Non-adjusted",Florence,KY,4500,"8(a)(1) Coercive Actions (Surveillance, etc)
","Charged Party / Respondent, Legal Representative, Rich Jamie, Seyfarth Shaw, LLP, 560 Mission Street, Suite 3100, San Francisco, CA, 94105, (415)397-2823
Charged Party / Respondent, Employer, Amazon.com Services LLC and its Subsidiary, Amazon Air, Florence, KY, 41042
Charging Party, Individual
",,,
C,"Region 09, Cincinnati, Ohio",09-CA-316568,"AMAZON.COM LLC AND ITS SUBSIDIARY AMAZON AIR",Open,04/07/2023,,,Florence,KY,4500,"8(a)(1) Coercive Actions (Surveillance, etc)
","Charged Party / Respondent, Legal Representative, Rich Jamie, Seyfarth Shaw LLP, 560 Mission Street, Suite 3100, San Francisco, CA, 94105-2930, (916)498-7078
Charged Party / Respondent, Legal Representative, Nichols Lisa, Seyfarth Shaw LLP, 999 Third Avenue, Suite 4700, Seattle, WA, 98104-4041, (206)946-4932
Charging Party, Legal Representative, Newport Pamela, Herzfeld, Suetholz, Gastel, Leniski and Wall, PLLC, 600 Vine Street, Suite 2720, Cincinnati, OH, 45202, (513)381-2224
Charged Party / Respondent, Employer, Amazon.com LLC and its Subsidiary Amazon Air, Florence, KY, 41042
Charging Party, Individual
",,,
C,"Region 09, Cincinnati, Ohio",09-CA-316086,AMAZON,Open,04/04/2023,,,Florence,KY,4500,"8(a)(1) Coercive Actions (Surveillance, etc)
","Charged Party / Respondent, Legal Representative, Rich Jamie, Seyfarth Shaw, LLP, 560 Mission Street, Suite 3100, San Francisco, CA, 94105, (415)397-2823
Charged Party / Respondent, Legal Representative, Nichols Lisa, Seyfarth Shaw LLP, 999 Third Avenue, Suite 4700, Seattle, WA, 98104-4041, (206)946-4932
Charged Party / Respondent, Employer, Amazon, 460 Day One Drive, Florence, KY, 41042, (206)765-3538
Charging Party, Individual
",,,
C,"Region 32, Oakland, California",32-CA-315689,"Amazon, Inc.",Closed,04/02/2023,04/20/2023,"Withdrawal Non-adjusted",Tracy,CA,900,"8(a)(1) Concerted Activities (Retaliation, Discharge, Discipline)
","Charged Party / Respondent, Legal Representative, Rich Jamie, Seyfarth Shaw, LLP, 560 Mission Street, Suite 3100, San Francisco, CA, 94105, (415)397-2823
Charged Party / Respondent, Employer, Amazon, Inc., Tracy, CA, 95304
Charging Party, Individual
",,,
C,"Region 09, Cincinnati, Ohio",09-CA-316035,"AMAZON KCVG AIR",Closed,03/30/2023,05/16/2023,"Withdrawal Non-adjusted",Florence,KY,250,"8(a)(1) Concerted Activities (Retaliation, Discharge, Discipline)
","Charged Party / Respondent, Legal Representative, Rich Jamie, Seyfarth Shaw, LLP, 560 Mission Street, Suite 3100, San Francisco, CA, 94105, (415)397-2823
Charged Party / Respondent, Legal Representative, Haque Saman, Seyfarth Shaw LLP, 233 South Wacker Driver, Suite 8000, Chicago, IL, 60606-6448, (312)460-5812
Charging Party, Legal Representative, Long Samuel, Spitz Law Firm, 11260 Chester Rd., Suite 825, Cincinnati, OH, 45246, (859)317-5921
Charged Party / Respondent, Employer, Amazon KCVG Air, Florence, KY, 41042
Charging Party, Individual
",,,
C,"Region 09, Cincinnati, Ohio",09-CA-315970,AMAZON,Closed,03/27/2023,12/14/2023,"Dismissal Non-adjusted",Florence,KY,4500,"8(a)(3) Discharge (Including Layoff and Refusal to Hire (not salting))
","Charged Party / Respondent, Legal Representative, Rich Jamie, Seyfarth Shaw, LLP, 560 Mission Street, Suite 3100, San Francisco, CA, 94105, (415)397-2823
Charged Party / Respondent, Legal Representative, Haque Saman, Seyfarth Shaw LLP, 233 South Wacker Driver, Suite 8000, Chicago, IL, 60606-6448, (312)460-5812
Charged Party / Respondent, Employer, Amazon, Florence, KY, 41042
Charging Party, Individual
",,,
C,"Region 09, Cincinnati, Ohio",09-CA-314834,AMAZON,Open,03/23/2023,,,Florence,KY,4500,"8(a)(1) Coercive Actions (Surveillance, etc)
","Charged Party / Respondent, Legal Representative, Rich Jamie, Seyfarth Shaw LLP, 560 Mission Street, Suite 3100, San Francisco, CA, 94105-2930, (916)498-7078
Charged Party / Respondent, Legal Representative, Nichols Lisa, Seyfarth Shaw LLP, 999 Third Avenue, Suite 4700, Seattle, WA, 98104-4041, (206)946-4932
Charging Party, Legal Representative, Newport Pamela, Herzfeld, Suetholz, Gastel, Leniski and Wall, PLLC, 600 Vine Street, Suite 2720, Cincinnati, OH, 45202, (513)381-2224
Charging Party, Legal Representative, Rekowski Rachel, Herzfeld, Suetholz, Gastel, Leniski and Wall, PLLC, 600 Vine Street, Suite 2720, Cincinnati, OH, 45202, (513)381-2224
Charged Party / Respondent, Employer, Amazon, 460 Day One Dr., Florence, KY, 41042, (206)765-3538
Charging Party, Individual
",,,
C,"Region 09, Cincinnati, Ohio",09-CA-314850,"AMAZON.COM SERVICES LLC AND ITS SUBSIDIARY, AMAZON AIR",Open,03/23/2023,,,Florence,KY,4500,"8(a)(1) Coercive Actions (Surveillance, etc)
8(a)(1) Coercive Rules
","Charged Party / Respondent, Legal Representative, Rich Jamie, Seyfarth Shaw LLP, 560 Mission Street, Suite 3100, San Francisco, CA, 94105-2930, (916)498-7078
Charged Party / Respondent, Employer, Amazon.com Services LLC and its subsidiary, Amazon Air, Florence, KY, 41042
Charging Party, Individual
",,,
C,"Region 29, Brooklyn, New York",29-CA-314505,"Amazon.com Services LLC",Closed,03/22/2023,08/15/2023,"Withdrawal Non-adjusted","Staten Island",NY,8200,"8(a)(1) Coercive Statements (Threats, Promises of Benefits, etc.)
8(a)(1) Concerted Activities (Retaliation, Discharge, Discipline)
8(a)(3) Changes in Terms and Conditions of Employment
8(a)(1) Weingarten
","Charged Party / Respondent, Legal Representative, Rogers Amber, Hunton Andrews Kurth LLP, 1445 Ross Avenue, Suite 3700, Dallas, TX, 75202, (214)468-3308
Charging Party, Legal Representative, Goldstein Seth, Julien, Mirer, Singla and Goldstein PLLC, One Whitehall Street, 16th Floor, Manhattan, NY, 10004, (646)460-1309
Charged Party / Respondent, Employer, Amazon.com Services LLC, Staten Island, NY, 10314
Charging Party, Union, Amazon Labor Union, Staten Island, NY, 10314
",,,
C,"Region 09, Cincinnati, Ohio",09-CA-316073,AMAZON,Open,03/22/2023,,,Florence,KY,4500,"8(a)(1) Coercive Rules
","Charged Party / Respondent, Legal Representative, Rich Jamie, Seyfarth Shaw, LLP, 560 Mission Street, Suite 3100, San Francisco, CA, 94105, (415)397-2823
Charged Party / Respondent, Legal Representative, Nichols Lisa, Seyfarth Shaw LLP, 999 Third Avenue, Suite 4700, Seattle, WA, 98104-4041, (206)946-4932
Charging Party, Legal Representative, Newport Pamela, Herzfeld, Suetholz, Gastel, Leniski and Wall, PLLC, 600 Vine Street, Suite 2720, Cincinnati, OH, 45202, (513)381-2224
Charging Party, Legal Representative, Rekowski Rachel, Herzfeld, Suetholz, Gastel, Leniski and Wall, PLLC, 600 Vine Street, Suite 2720, Cincinnati, OH, 45202, (513)381-2224
Charged Party / Respondent, Employer, Amazon, 460 Day One Dr, Florence, KY, 41042, (206)765-3538
Charging Party, Individual
",,,
C,"Region 09, Cincinnati, Ohio",09-CA-314766,"AMAZON.COM SERVICES LLC AND ITS SUBSIDIARY, AMAZON AIR",Closed,03/21/2023,03/08/2024,"Withdrawal Non-adjusted",Florence,KY,4500,"8(a)(1) Coercive Actions (Surveillance, etc)
8(a)(3) Changes in Terms and Conditions of Employment
","Charged Party / Respondent, Legal Representative, Rich Jamie, Seyfarth Shaw LLP, 560 Mission Street, Suite 3100, San Francisco, CA, 94105-2930, (916)498-7078
Charged Party / Respondent, Employer, Amazon.com Services LLC and its Subsidiary, Amazon Air, Florence, KY, 41042
Charging Party, Individual
",,,
C,"Region 21, Los Angeles, California",21-CA-314428,"Amazon.com Services LLC",Closed,03/20/2023,04/25/2024,"Withdrawal Non-adjusted","Moreno Valley",CA,875,"8(a)(1) Coercive Statements (Threats, Promises of Benefits, etc.)
","Charging Party, Legal Representative, Goldstein Seth, Julien, Mirer, Singla and Goldstein PLLC, One Whitehall Street, 16th Floor, Manhattan, NY, 10004, (646)460-1309
Charging Party, Union, Amazon Labor Union, Staten Island, NY, 10314
Charged Party / Respondent, Employer, Amazon.com Services LLC, Moreno Valley, CA, 92551
",,,
C,"Region 09, Cincinnati, Ohio",09-CA-314731,AMAZON,Closed,03/20/2023,07/26/2023,"Dismissal Non-adjusted",Florence,KY,4500,"8(a)(3) Changes in Terms and Conditions of Employment
","Charged Party / Respondent, Legal Representative, Rich Jamie, Seyfarth Shaw LLP, 560 Mission Street, Suite 3100, San Francisco, CA, 94105-2930, (916)498-7078
Charged Party / Respondent, Employer, Amazon, Florence, KY, 41042
Charging Party, Individual
",,,
C,"Region 09, Cincinnati, Ohio",09-CA-314748,AMAZON,Closed,03/20/2023,07/13/2023,"Dismissal Non-adjusted",Florence,KY,4500,"8(a)(3) Changes in Terms and Conditions of Employment
","Charged Party / Respondent, Legal Representative, Rich Jamie, Seyfarth Shaw LLP, 560 Mission Street, Suite 3100, San Francisco, CA, 94105-2930, (916)498-7078
Charged Party / Respondent, Employer, Amazon, Florence, KY, 41042
Charging Party, Individual
",,,
C,"Region 09, Cincinnati, Ohio",09-CA-314751,AMAZON,Closed,03/20/2023,07/13/2023,"Dismissal Non-adjusted",Florence,KY,4500,"8(a)(3) Changes in Terms and Conditions of Employment
","Charged Party / Respondent, Legal Representative, Rich Jamie, Seyfarth Shaw LLP, 560 Mission Street, Suite 3100, San Francisco, CA, 94105-2930, (916)498-7078
Charged Party / Respondent, Employer, Amazon, Florence, KY, 41042
Charging Party, Individual
",,,
C,"Region 03, Buffalo, New York",03-CA-314224,"Amazon Fulfillment Center",Closed,03/17/2023,07/28/2023,"Dismissal Non-adjusted",Castleton-on-Hudson,NY,1000,"8(a)(3) Changes in Terms and Conditions of Employment
8(a)(1) Coercive Actions (Surveillance, etc)
8(a)(1) Coercive Rules
8(a)(3) Discipline
8(a)(4) Discipline
","Charged Party / Respondent, Legal Representative, Dumbacher Robert, Hunton Andrews Kurth LLP, 600 Peachtree St., N.E., Ste.4100, Atlanta, GA, 30308-2219, (404)888-4007
Charged Party / Respondent, Legal Representative, Glasgow Ryan, Hunton Andrews Kurth LLP, 951 East Byrd Street, Richmond, VA, 23219, (804)788-8791
Charged Party / Respondent, Employer, Amazon Fulfillment Center, Albany, NY, 12210
Charging Party, Individual
",,,
C,"Region 03, Buffalo, New York",03-CA-314137,"Amazon Fulfillment Center",Closed,03/16/2023,07/28/2023,"Dismissal Non-adjusted",Castleton-on-Hudson,NY,1000,"8(a)(1) Coercive Statements (Threats, Promises of Benefits, etc.)
8(a)(1) Coercive Actions (Surveillance, etc)
8(a)(1) Interrogation (including Polling)
8(a)(1) Coercive Rules
8(a)(3) Discharge (Including Layoff and Refusal to Hire (not salting))
","Charged Party / Respondent, Legal Representative, Dumbacher Robert, Hunton Andrews & Kurth LLP, 600 Peachtree Street, NE, Suite 4100, Atlanta, GA, 30308-2217, (404)888-4007
Charged Party / Respondent, Legal Representative, Glasgow Ryan, Hunton Andrews Kurth LLP, 951 East Byrd Street, Richmond, VA, 23219, (804)788-8791
Charged Party / Respondent, Employer, Amazon Fulfillment Center, Castleton-On-Hudson, NY, 12033
Charging Party, Individual
",,,
C,"Region 21, Los Angeles, California",21-CA-314191,"Amazon.com Services LLC",Closed,03/15/2023,12/13/2024,"Informal Settlement","Moreno Valley",CA,875,"8(a)(3) Discipline
8(a)(1) Coercive Actions (Surveillance, etc)
","Charged Party / Respondent, Legal Representative, Raduechel Janine, Buchalter, 601 South Figueroa Street, Suite 3300, Los Angeles, CA, 90017-5793, (213)270-9600
Charged Party / Respondent, Legal Representative, Mirrafati Kamran, Buchalter, 2029 Century Park East, Suite 3500, Los Angeles, CA, 90067, (310)201-5290
Charging Party, Legal Representative, Goldstein Seth, Julien, Mirer, Singla and Goldstein PLLC, One Whitehall Street, 16th Floor, Manhattan, NY, 10004, (646)460-1309
Charging Party, Union, Amazon Labor Union, Staten Island, NY, 10314
Charged Party / Respondent, Employer, Amazon.com Services LLC, Moreno Valley, CA, 92551
",,,
C,"Region 09, Cincinnati, Ohio",09-CA-314145,"AMAZON.COM SERVICES LLC AND ITS SUBSIDIARY, AMAZON AIR",Closed,03/14/2023,03/11/2025,"Dismissal Non-adjusted",Florence,KY,4500,"8(a)(3) Discipline
","Charged Party / Respondent, Legal Representative, Rich Jamie, Seyfarth Shaw, LLP, 560 Mission Street, Suite 3100, San Francisco, CA, 94105, (415)397-2823
Charged Party / Respondent, Legal Representative, Nichols Lisa, Seyfarth Shaw LLP, 999 Third Avenue, Suite 4700, Seattle, WA, 98104-4041, (206)946-4932
Charged Party / Respondent, Employer, Amazon.com Services LLC and its Subsidiary, Amazon Air, Florence, KY, 41042
Charging Party, Individual
Charged Party / Respondent, Additional Service, Seyfarth Shaw LLP, Chicago, IL, 60606
",,,
C,"Region 31, Los Angeles, California",31-CA-314007,"Amazon.com Services LLC",Closed,03/13/2023,12/09/2025,"Informal Settlement","San Bernardino",CA,1000,,"Charged Party / Respondent, Legal Representative, Raduechel Janine, Seyfarth Shaw LLP, 601 South Figueroa Street,, Suite 3300, Los Angeles, CA, 90017, (213)270-9725
Charged Party / Respondent, Legal Representative, Raduechel Janine, Seyfarth Shaw LLP, 601 South Figueroa Street,, Suite 3300, Los Angeles, CA, 90017, (213)270-9725
Charging Party, Legal Representative, Gutman-Dickinson Julie, Bush Gottlieb, ALC, 801 North Brand Blvd.,, Suite 950, Glendale, CA, 91203, (818)973-3228
Charged Party / Respondent, Legal Representative, Mirrafati Kamran, Cardone Industries, 2029 Century Park East, Suite 3500, Los Angeles, CA, 90067-3021, (310)201-5290
Charged Party / Respondent, Legal Representative, Mirrafati Kamran, Buchalter, 2029 Century Park East, Suite 3500, Los Angeles, CA, 90067, (310)201-5290
Involved Party, Legal Representative, Acevedo Mindy, Warehouse Worker Resource Center, 521 N. Euclid Ave., Ontario, CA, 91762, (909)454-8840
Involved Party, Legal Representative, Shadix Timothy, Warehouse Worker Resource Center, 521 No. Euclid Avenue, Ontario, CA, 91762
Involved Party, Individual
Charged Party / Respondent, Employer, Amazon.com Services LLC, Amazon KSBD, 2535 E. 3rd St., San Bernardino, CA, 92346, (888)280-4331
Charging Party, Union, Inland Empire Amazon Workers United, 521 N. Euclid Ave., Ontario, CA, 91762, (909)307-4415
",,,
C,"Region 29, Brooklyn, New York",29-CA-314522,"Amazon.com Services, LLC",Open,03/13/2023,,,"Staten Island",NY,8000,"8(a)(3) Discharge (Including Layoff and Refusal to Hire (not salting))
","Charged Party / Respondent, Legal Representative, Rogers Amber, Hunton Andrews Kurth LLP, 1445 Ross Avenue, Suite 3700, Dallas, TX, 75202, (214)468-3308
Charging Party, Legal Representative, Mirer Jeanne, Julien Mirer & Associates, PLLC, 300 Cadman Plaza West, 12th Floor, Brooklyn, NY, 11201, (212)231-2235
Charged Party / Respondent, Legal Representative, Larkin Kurt, Hunton Andrews Kurth LLP, 951 East Byrd Street, Suite 1300, Richmond, VA, 23219, (804)788-8776
Charged Party / Respondent, Employer, Amazon.com Services, LLC, Staten Island, NY, 10314
Charging Party, Union, Amazon Labor Union, Staten Island, NY, 10314
",,,
C,"Region 03, Buffalo, New York",03-CA-313637,"Amazon Fulfillment Center",Closed,03/08/2023,07/28/2023,"Dismissal Non-adjusted",Castleton-on-Hudson,NY,1000,"8(a)(1) Coercive Actions (Surveillance, etc)
8(a)(1) Coercive Rules
8(a)(3) Discipline
","Charged Party / Respondent, Legal Representative, Dumbacher Robert, (404)888-4007
Charged Party / Respondent, Legal Representative, Glasgow Ryan, Hunton Andrews Kurth LLP, 951 East Byrd Street, Richmond, VA, 23219, (804)788-8791
Charged Party / Respondent, Employer, Amazon Fulfillment Center, Castleton-On-Hudson, NY, 12033
Charging Party, Individual
",,,
C,"Region 10, Atlanta, Georgia",10-CA-313744,"Amazon.com Services, LLC",Closed,03/08/2023,09/29/2023,"Dismissal Non-adjusted",Garner,NC,5000,"8(a)(3) Discharge (Including Layoff and Refusal to Hire (not salting))
8(a)(1) Concerted Activities (Retaliation, Discharge, Discipline)
","Charging Party, Legal Representative, Russell Carley, Cohen, Weiss & Simon, LLP, 900 Third Ave Ste 2100, New York, NY, 10022, (212)356-0210
Charged Party / Respondent, Legal Representative, Burke Cary, Seyfarth Shaw, LLP, 1075 Peachtree Street, N.E., Suite 2500, Atlanta, GA, 30309, (404)704-9667
Charged Party / Respondent, Employer, Garner, NC, 27529
Charging Party, Union, Durham, NC, 27713
",,,
C,"Region 29, Brooklyn, New York",29-CA-313191,Amazon.com,Closed,03/01/2023,03/14/2023,"Withdrawal Non-adjusted","Staten Island",NY,5000,"8(a)(1) Coercive Actions (Surveillance, etc)
8(a)(1) Coercive Rules
8(a)(1) Concerted Activities (Retaliation, Discharge, Discipline)
","Charged Party / Respondent, Legal Representative, Rogers Amber, Hunton Andrews Kurth LLP, 1445 Ross Avenue, Suite 3700, Dallas, TX, 75202, (214)468-3308
Charged Party / Respondent, Legal Representative, Larkin Kurt, Hunton Andrews Kurth LLP, 951 East Byrd Street, Suite 1300, Richmond, VA, 23219, (804)788-8776
Charged Party / Respondent, Employer, Amazon.com, Staten Island, NY, 10314
Charging Party, Individual
Charged Party / Respondent, Legal Representative
",,,
C,"Region 29, Brooklyn, New York",29-CA-313119,"Amazon.com Services LLC",Open,02/28/2023,,,"Staten Island",NY,8000,"8(a)(1) Concerted Activities (Retaliation, Discharge, Discipline)
8(a)(3) Changes in Terms and Conditions of Employment
8(a)(4) Changes in Terms and Conditions of Employment
","Charged Party / Respondent, Legal Representative, Rogers Amber, Hunton Andrews Kurth LLP, 1445 Ross Avenue, Suite 3700, Dallas, TX, 75202, (214)468-3308
Charged Party / Respondent, Legal Representative, Larkin Kurt, Hunton Andrews Kurth LLP, 951 East Byrd Street, Suite 1300, Richmond, VA, 23219, (804)788-8776
Charged Party / Respondent, Employer, Amazon.com Services LLC, Staten Island, NY, 10314
Charging Party, Individual
",,,
C,"Region 04, Philadelphia, Pennsylvania",04-CA-312899,"Amazon.com Services LLC",Closed,02/24/2023,04/05/2024,"Withdrawal Non-adjusted",Covington,PA,1000,"8(a)(3) Discharge (Including Layoff and Refusal to Hire (not salting))
8(a)(4) Discipline
8(a)(1) Concerted Activities (Retaliation, Discharge, Discipline)
8(a)(3) Discipline
","Charging Party, Legal Representative, Sellers Adreanna, Murphy Anderson, PLLC, 1401 K Street NW, Suite 300, Washington, DC, 20005, (202)568-2857
Charged Party / Respondent, Legal Representative, Stolzenbach Brian, Seyfarth Shaw LLP, 233 South Wacker Drive, Suite 8000, Chicago, IL, 60606, (312)460-5000
Charged Party / Respondent, Legal Representative, Vento Joseph, Seyfarth Shaw LLP, 626 Eighth Avenue, 31st Floor, New York, NY, 10018, (212)218-5548
Charging Party, Legal Representative, Anderson Michael, Murphy Anderson PLLC, 1401 K Street, NW, Suite 300, Washington, DC, 20005, (202)223-2620
Charging Party, Union, American Postal Workers Union, AFL-CIO, Washington, DC, 20005
Charged Party / Respondent, Employer, Amazon.com Services LLC, Covington Township, PA, 18424
",,,
C,"Region 29, Brooklyn, New York",29-CA-312496,"Amazon.com Services LLC",Closed,02/21/2023,03/17/2023,"Withdrawal Non-adjusted","Staten Island",NY,8200,"8(a)(1) Weingarten
8(a)(5) Refusal to Bargain/Bad Faith Bargaining (incl'g surface bargaining/direct dealing)
8(a)(5) Refusal to Furnish Information
8(a)(5) Repudiation/Modification of Contract [Sec 8(d)/Unilateral Changes]
","Charged Party / Respondent, Legal Representative, Rogers Amber, Hunton Andrews Kurth LLP, 1445 Ross Avenue, Suite 3700, Dallas, TX, 75202, (214)468-3308
Charged Party / Respondent, Legal Representative, Larkin Kurt, Hunton Andrews Kurth LLP, 951 East Byrd Street, Suite 1300, Richmond, VA, 23219, (804)788-8776
Charging Party, Legal Representative, Goldstein Seth, Julien, Mirer, Singla and Goldstein PLLC, One Whitehall Street, 16th Floor, Manhattan, NY, 10004, (646)460-1309
Charged Party / Respondent, Employer, Amazon.com Services LLC, Staten Island, NY, 10314
Charging Party, Union, Amazon Labor Union, Staten Island, NY, 10314
",,,
C,"Region 21, Los Angeles, California",21-CA-312628,"Amazon.com Services LLC",Closed,02/21/2023,03/03/2023,"Withdrawal Non-adjusted","Moreno Valley",CA,875,"8(a)(1) Coercive Statements (Threats, Promises of Benefits, etc.)
8(a)(1) Coercive Rules
","Charged Party / Respondent, Legal Representative, Raduechel Janine, Buchalter, 601 S Figueroa Street, Suite 3300, Los Angeles, CA, 90017, (213)270-9745
Charged Party / Respondent, Legal Representative, Mirrafati Kamran, Buchalter, 2029 Century Park East, Suite 3500, Los Angeles, CA, 90067, (310)201-5290
Charging Party, Legal Representative, Gdstein Seth, Julien, Mirer, Singla and Goldstein PLLC, One Whitehall Street, 16th Floor, Manhattan, NY, 10094, (646)460-1309
Charging Party, Union, Amazon Labor Union, Staten Island, NY, 10314
Charged Party / Respondent, Employer, Amazon.com Services LLC, Moreno Valley, CA, 92551
",,,
C,"Region 29, Brooklyn, New York",29-CA-312516,"Amazon.com Services LLC",Open,02/21/2023,,,"Staten Island",NY,8200,"8(a)(1) Concerted Activities (Retaliation, Discharge, Discipline)
8(a)(5) Refusal to Furnish Information
8(a)(1) Weingarten
8(a)(5) Refusal to Bargain/Bad Faith Bargaining (incl'g surface bargaining/direct dealing)
8(a)(5) Repudiation/Modification of Contract [Sec 8(d)/Unilateral Changes]
","Charged Party / Respondent, Legal Representative, Rogers Amber, Hunton Andrews Kurth LLP, 1445 Ross Avenue, Suite 3700, Dallas, TX, 75202, (214)468-3308
Charged Party / Respondent, Legal Representative, Larkin Kurt, Hunton Andrews Kurth LLP, 951 East Byrd Street, Suite 1300, Richmond, VA, 23219, (804)788-8776
Charging Party, Legal Representative, Goldstein Seth, Julien, Mirer, Singla and GoldsteinPLLC, One Whitehall Street, 16th Floor, Manhattan, NY, 10004, (646)460-1309
Charged Party / Respondent, Employer, Amazon.com Services LLC, Staten Island, NY, 10314
Charging Party, Union, Amazon Labor Union, Staten Island, NY, 10314
",,,
C,"Region 21, Los Angeles, California",21-CA-312416,"Amazon.com Services LLC",Closed,02/16/2023,12/13/2024,"Informal Settlement","Moreno Valley",CA,875,"8(a)(1) Coercive Statements (Threats, Promises of Benefits, etc.)
8(a)(1) Coercive Rules
8(a)(1) Coercive Actions (Surveillance, etc)
","Charging Party, Legal Representative, Goldstein Seth, Julien, Mirer, Singla and Goldstein PLLC, One Whitehall Street, 16th Floor, Manhattan, NY, 10004, (646)460-1309
Charging Party, Union, Amazon Labor Union, 900 South Avenue, Suite 100, Staten Island, NY, 10314, (201)836-6658
Charged Party / Respondent, Employer, Amazon.com Services LLC, ONT8, 24300 Nandina Avenue, Moreno Valley, CA, 92551, (951)243-6060
",,,
C,"Region 08, Cleveland, Ohio",08-CA-312246,"Amazon Fulfillment Center",Closed,02/15/2023,09/19/2024,"Dismissal Non-adjusted","North Randall",OH,390,"8(a)(1) Coercive Actions (Surveillance, etc)
8(a)(1) Concerted Activities (Retaliation, Discharge, Discipline)
8(a)(3) Discharge (Including Layoff and Refusal to Hire (not salting))
8(a)(3) Discipline
","Charged Party / Respondent, Legal Representative, Niedecken Brooke, Littler Mendelson, P.C., 41 South High Street, Columbus, OH, 43215, (614)463-4214
Charged Party / Respondent, Legal Representative, Carter Morena, Littler Mendelson, P. C., 41 South High Street, Suite 3250, Columbus, OH, 43215, (614)463-4207
Charged Party / Respondent, Employer, Amazon Fulfillment Center, North Randall, OH, 44128
Charging Party, Individual
",,,
C,"Region 29, Brooklyn, New York",29-CA-312138,"Amazon.com Services",Closed,02/14/2023,04/04/2023,"Dismissal Non-adjusted","Staten Island",NY,8200,"8(a)(1) Coercive Statements (Threats, Promises of Benefits, etc.)
","Charged Party / Respondent, Legal Representative, Rogers Amber, Hunton Andrews Kurth LLP, 1445 Ross Avenue, Suite 3700, Dallas, TX, 75202, (214)468-3308
Charged Party / Respondent, Legal Representative, Larkin Kurt, Hunton Andrews Kurth LLP, 951 East Byrd Street, Suite 1300, Richmond, VA, 23219, (804)788-8776
Charging Party, Legal Representative, Goldstein Seth, One Whitehall Street, 16th Floor, Manhattan, NY, 10004, (646)469-1309
Charged Party / Respondent, Employer, Amazon.com Services, Staten Island, NY, 10314
Charging Party, Union, Amazon Labor Union, Staten Island, NY, 10314
",,,
C,"Region 29, Brooklyn, New York",29-CA-311762,"Amazon.com Services LLC",Open,02/08/2023,,,"Staten Island",NY,8000,"8(a)(1) Concerted Activities (Retaliation, Discharge, Discipline)
8(a)(3) Discipline
8(a)(4) Discipline
","Charged Party / Respondent, Legal Representative, Rogers Amber, Hunton Andrews Kurth LLP, 1445 Ross Avenue, Suite 3700, Dallas, TX, 75202, (214)468-3308
Charged Party / Respondent, Legal Representative, Larkin Kurt, Hunton Andrews Kurth LLP, 951 East Byrd Street, Suite 1300, Richmond, VA, 23219, (804)788-8776
Charged Party / Respondent, Employer, Amazon.Com Services LLC, Staten Island, NY, 10303
Charging Party, Individual
",,,
C,"Region 29, Brooklyn, New York",29-CA-311756,"Amazon.com Services LLC",Open,02/08/2023,,,"Staten Island",NY,8200,"8(a)(3) Discharge (Including Layoff and Refusal to Hire (not salting))
8(a)(1) Concerted Activities (Retaliation, Discharge, Discipline)
8(a)(3) Discipline
8(a)(1) Weingarten
","Charged Party / Respondent, Legal Representative, Rogers Amber, Hunton Andrews Kurth LLP, 1445 Ross Avenue, Suite 3700, Dallas, TX, 75202, (214)468-3308
Charged Party / Respondent, Legal Representative, Larkin Kurt, Hunton Andrews Kurth LLP, 951 East Byrd Street, Suite 1300, Richmond, VA, 23219, (804)788-8776
Charging Party, Legal Representative, Goldstein Seth, Julien, Mirer, Singla and Goldstein PLLC, One Whitehall Street, 16th Floor, Manhattan, NY, 10004, (646)460-1309
Charged Party / Respondent, Employer, Amazon.com Services LLC, Staten Island, NY, 10314
Charging Party, Union, Amazon Labor Union, Staten Island, NY, 10314
",,,
C,"Region 10, Atlanta, Georgia",10-CA-311541,"Amazon.com Services, LLC",Closed,02/03/2023,12/27/2023,"Dismissal Non-adjusted",Bessemer,AL,5000,"8(a)(3) Discharge (Including Layoff and Refusal to Hire (not salting))
","Charged Party / Respondent, Legal Representative, Sullivan C., Hunton Andrews Kurth LLP, 951 East Byrd Street, Richmond, VA, 23219-4074, (804)788-8399
Charging Party, Legal Representative, Russell Carly, 900 Third Avenue, New York, NY, 10022, (212)356-0210
Charging Party, Legal Representative, Rouco Richard, Quinn Connor Weaver Davies and Rouco, 2-20th Street North, Suite 930, Birmingham, AL, 35203, (205)870-9989
Charged Party / Respondent, Legal Representative, Dumbacher Robert, Hunton Andrews & Kurth LLP, 600 Peachtree Street, NE, Suite 4100, Atlanta, GA, 30308-2217, (404)888-4007
Charged Party / Respondent, Employer, Amazon.com Services, LLC, Bessemer, AL, 35022
Charging Party, Union, Retail, Wholesale and Department Store Union International, Birmingham, AL, 35205
",,,
C,"Region 09, Cincinnati, Ohio",09-CA-311473,"AMAZON.COM SERVICES LLC AND ITS SUBSIDIARY, AMAZON AIR",Closed,01/31/2023,12/14/2023,"Dismissal Non-adjusted",Florence,KY,4500,"8(a)(3) Discipline
","Charged Party / Respondent, Legal Representative, Rich Jamie, Seyfarth Shaw LLP, 560 Mission Street, Suite 3100, San Francisco, CA, 94105-2930, (916)498-7078
Charged Party / Respondent, Employer, Amazon.com Services LLC and its Subsidiary, Amazon Air, Florence, KY, 41042
Charging Party, Individual
",,,
C,"Region 09, Cincinnati, Ohio",09-CA-311530,"AMAZON.COM SERVICES LLC AND ITS SUBSIDIARY, AMAZON AIR",Closed,01/31/2023,12/14/2023,"Dismissal Non-adjusted",Florence,KY,4500,"8(a)(3) Discipline
","Charged Party / Respondent, Legal Representative, Rich Jamie, Seyfarth Shaw LLP, 560 Mission Street, Suite 3100, San Francisco, CA, 94105-2930, (916)498-7078
Charged Party / Respondent, Legal Representative, Haque Saman, Seyfarth Shaw LLP, 233 South Wacker Driver, Suite 8000, Chicago, IL, 60606-6448, (312)460-5812
Charged Party / Respondent, Employer, Amazon.com Services LLC and its Subsidiary, Amazon Air, Florence, KY, 41042
Charging Party, Individual
",,,
C,"Region 09, Cincinnati, Ohio",09-CA-311529,"AMAZON.COM SERVICES LLC AND ITS SUBSIDIARY, AMAZON AIR",Open,01/31/2023,,,Florence,KY,4500,"8(a)(3) Changes in Terms and Conditions of Employment
8(a)(3) Discharge (Including Layoff and Refusal to Hire (not salting))
8(a)(1) Coercive Actions (Surveillance, etc)
","Charged Party / Respondent, Legal Representative, Stolzenbach Brian, Seyfarth Shaw LLP, 233 South Wacker Drive, Suite 8000, Chicago, IL, 60606-6448, (312)460-5000
Charged Party / Respondent, Legal Representative, Rich Jamie, Seyfarth Shaw LLP, 560 Mission Street, Suite 3100, San Francisco, CA, 94105-2930, (916)498-7078
Charging Party, Legal Representative, Newport Pamela, Herzfeld, Suetholz, Gastel, Leniski and Wall, PLLC, 600 Vine Street, Suite 2720, Cincinnati, OH, 45202, (513)381-2224
Charged Party / Respondent, Legal Representative, Reed Rachael, Seyfarth Shaw LLP, 1075 Peachtree Street NE, Suite 2500, Atlanta, GA, 30309, (404)704-9648
Charging Party, Legal Representative, Rekowski Rachel, Herzfeld, Suetholz, Gastel, Leniski and Wall, PLLC, 600 Vine Street, Suite 2720, Cincinnati, OH, 45202, (513)381-2224
Charging Party, Legal Representative, Lavenski Travis, Barnard Iglitzin & Lavitt LLP, 18 West Mercer St., Suite 400, Seattle, WA, 98119, (206)257-6032
Charging Party, Individual
",,,
C,"Region 29, Brooklyn, New York",29-CA-310868,"Amazon.com Services LLC",Closed,01/25/2023,09/19/2023,"Dismissal Non-adjusted","Staten Island",NY,8200,"8(a)(3) Discharge (Including Layoff and Refusal to Hire (not salting))
8(a)(1) Concerted Activities (Retaliation, Discharge, Discipline)
8(a)(3) Discipline
","Charged Party / Respondent, Legal Representative, Rogers Amber, Hunton Andrews Kurth LLP, 1445 Ross Avenue, Suite 3700, Dallas, TX, 75202, (214)468-3308
Charged Party / Respondent, Legal Representative, Larkin Kurt, Hunton Andrews Kurth LLP, 951 East Byrd Street, Suite 1300, Richmond, VA, 23219, (804)788-8776
Charging Party, Legal Representative, Goldstein Seth, Julien, Mirer, Singla and Goldstein, One Whitehall Street, 16th Floor, Staten Island, NY, 10004, (646)460-1309
Charged Party / Respondent, Employer, Amazon.com Services LLC, Staten Island, NY, 10314
Charging Party, Union, Amazon Labor Union, Staten Island, NY, 10314
",,,
C,"Region 10, Atlanta, Georgia",10-CA-310897,"Amazon.com Services, LLC",Closed,01/25/2023,07/13/2023,"Dismissal Non-adjusted",Bessemer,AL,5000,"8(a)(3) Discharge (Including Layoff and Refusal to Hire (not salting))
","Charged Party / Respondent, Legal Representative, Sullivan C., Hunton Andrews Kurth LLP, 951 East Byrd Street, Richmond, VA, 23219-4074, (804)788-8399
Charging Party, Legal Representative, Rouco Richard, Quinn Connor Weaver Davies and Rouco, 2-20th Street North, Suite 930, Birmingham, AL, 35203, (205)870-9989
Charged Party / Respondent, Legal Representative, Dumbacher Robert, Hunton Andrews & Kurth LLP, 600 Peachtree Street, NE, Suite 4100, Atlanta, GA, 30308-2217, (404)888-4007
Charged Party / Respondent, Employer, Amazon.com Services, LLC, Bessemer, AL, 35022
Charging Party, Union, Retail, Wholesale and Department Store Union International, Birmingham, AL, 35205
",,,
C,"Region 29, Brooklyn, New York",29-CA-310869,"Amazon.com Services LLC",Open,01/25/2023,,,"Staten Island",NY,8200,"8(a)(5) Refusal to Bargain/Bad Faith Bargaining (incl'g surface bargaining/direct dealing)
8(a)(5) Refusal to Recognize
","Charged Party / Respondent, Legal Representative, Rogers Amber, Hunton Andrews Kurth LLP, 1445 Ross Avenue, Suite 3700, Dallas, TX, 75202, (214)468-3308
Charging Party, Legal Representative, Dickinson Julie, Bush Gottlieb, ALC, 801 N. Brand Blvd, Suite 950, Glendale, CA, 91203, (818)973-3228
Charged Party / Respondent, Legal Representative, Larkin Kurt, Hunton Andrews Kurth LLP, Riverfront Plaza, East Tower, 2951 East Byrd Street, Richmond, VA, 23219, (804)788-8776
Charging Party, Legal Representative, Burden Willie, 25 Louisiana Avenue, N.W., Washington, DC, 20001-2130, (202)624-6951
Charging Party, Union, Teamsters Amazon National Negotiating Committee, Washington, DC, 20001
Charged Party / Respondent, Employer, Amazon.com Services LLC, Staten Island, NY, 10314
Charging Party, Union, Amazon Labor Union, Staten Island, NY, 10314
",,,
C,"Region 21, Los Angeles, California",21-CA-310761,"Amazon.com Services LLC",Closed,01/23/2023,12/13/2024,"Informal Settlement","Moreno Valley",CA,800,"8(a)(1) Concerted Activities (Retaliation, Discharge, Discipline)
8(a)(1) Coercive Rules
","Charged Party / Respondent, Legal Representative, Mirrafati Kamran, Buchalter, 2029 Century Park East, Suite 3500, Los Angeles, CA, 90067, (310)201-5290
Charging Party, Legal Representative, Goldstein Seth, Julien, Mirer, Singla and Goldstein, One Whitehall Street, 16th Floor, Manhattan, NY, 10004, (646)460-1309
Charging Party, Union, Amazon Labor Union, 900 South Avenue, Suite 100, Staten Island, NY, 10314, (201)283-6658
Charged Party / Respondent, Employer, Amazon.com Services LLC, ONT8, 24300 Nandina Avenue, Moreno Valley, CA, 92551
",,,
C,"Region 09, Cincinnati, Ohio",09-CA-310708,"AMAZON.COM SERVICES LLC AND ITS SUBSIDIARY, AMAZON AIR",Open,01/23/2023,,,Florence,KY,4500,"8(a)(1) Coercive Actions (Surveillance, etc)
8(a)(1) Coercive Rules
","Charged Party / Respondent, Legal Representative, Rich Jamie, Seyfarth Shaw LLP, 560 Mission Street, Suite 3100, San Francisco, CA, 94105-2930, (916)498-7078
Charging Party, Legal Representative, Newport Pamela, Herzfeld, Suetholz, Gastel, Leniski and Wall, PLLC, 600 Vine Street, Suite 2720, Cincinnati, OH, 45202, (513)381-2224
Charging Party, Legal Representative, Rekowski Rachel, Herzfeld, Suetholz, Gastel, Leniski and Wall, PLLC, 600 Vine Street, Suite 2720, Cincinnati, OH, 45202, (513)381-2224
Charged Party / Respondent, Employer, Amazon.com Services LLC and its Subsidiary, Amazon Air, 460 Day One Dr, Florence, KY, 41042, (206)765-3538
Charging Party, Individual
Charged Party / Respondent, Additional Service, Seyfarth Shaw LLP, 233 S. Wacker Drive, Ste 8000, Chicago, IL, 60606, (312)460-5000
",,,
C,"Region 29, Brooklyn, New York",29-CA-310658,"Amazon.com Services LLC",Closed,01/23/2023,02/07/2023,"Withdrawal Non-adjusted","Staten Island",NY,8000,"8(a)(1) Concerted Activities (Retaliation, Discharge, Discipline)
8(a)(1) Coercive Rules
","Charged Party / Respondent, Legal Representative, Rogers Amber, Hunton Andrews Kurth LLP, 1445 Ross Avenue, Suite 3700, Dallas, TX, 75202, (214)468-3308
Charged Party / Respondent, Legal Representative, Larkin Kurt, Hunton Andrews Kurth LLP, 951 East Byrd Street, Suite 1300, Richmond, VA, 23219, (804)788-8776
Charged Party / Respondent, Legal Representative, Roach Ray, Amazon.com Services LLC, JFK8/ 546 Gulf Avenue, Staten Island, NY, 10314, (888)892-7180
Charged Party / Respondent, Employer, Amazon.com Services LLC, Staten Island, NY, 10314
Charging Party, Individual
",,,
C,"Region 27, Denver, Colorado",27-CA-310670,Amazon,Closed,01/20/2023,04/16/2024,"Informal Settlement",Thornton,CO,3500,"8(a)(3) Discharge (Including Layoff and Refusal to Hire (not salting))
8(a)(1) Concerted Activities (Retaliation, Discharge, Discipline)
8(a)(3) Changes in Terms and Conditions of Employment
8(a)(1) Coercive Actions (Surveillance, etc)
8(a)(1) Interrogation (including Polling)
","Charged Party / Respondent, Legal Representative, Moriarty Andrew, Perkins Coie LLP, 1201 3rd Ave Ste 4900, Seattle, WA, 98101-3266, (206)359-8629
Charged Party / Respondent, Legal Representative, Pratt Michael, Perkins Coie LLP, 500 North Akard Street, Suite 3300, Dallas, TX, 75201-3347, (214)259-4922
Charged Party / Respondent, Legal Representative, Hankins Richard, Perkins Coie LLP, 500 N. Akard Street, Suite 3300, Dallas, TX, 75201-3347, (214)259-4960
Charging Party, Individual
Charged Party / Respondent, Employer, Amazon, Thornton, CO, 80023
",,,
C,"Region 10, Atlanta, Georgia",10-CA-310544,"Elite Line Services at Amazon CLT2",Closed,01/19/2023,03/03/2023,"Withdrawal Non-adjusted",Charlotte,NC,50,"8(a)(1) Concerted Activities (Retaliation, Discharge, Discipline)
","Charged Party / Respondent, Legal Representative, Kaplan Alan, Union and Employment Advisory LLC, 660 Carriage Way, Deerfield, IL, 60015, (630)939-5807
Charged Party / Respondent, Legal Representative, Kaplan Alan, 660 Carriage Way, Deerfield, IL, 60015, (630)939-5807
Charging Party, Individual
Charged Party / Respondent, Employer, Elite Line Services at Amazon CLT2, Novi, MI, 48377
",,,
C,"Region 21, Los Angeles, California",21-CA-310373,"Amazon.com Services",Closed,01/17/2023,01/23/2024,"Dismissal Non-adjusted","Moreno Valley",CA,800,"8(a)(3) Discharge (Including Layoff and Refusal to Hire (not salting))
8(a)(1) Coercive Statements (Threats, Promises of Benefits, etc.)
8(a)(1) Concerted Activities (Retaliation, Discharge, Discipline)
8(a)(1) Coercive Rules
8(a)(3) Discipline
","Charged Party / Respondent, Legal Representative, Mirrafati Kamran, Buchalter, 2029 Century Park East, Suite 3500, Los Angeles, CA, 90067, (310)201-5290
Charging Party, Legal Representative, Goldstein Seth, Julien, Mirer, Singla and Goldstein, One Whitehall Street, Manhattan, NY, 10004, (646)460-1309
Charging Party, Union, Amazon Labor Union, Manhattan, NY, 10314
Charged Party / Respondent, Employer, Amazon.com Services, Moreno Valley, CA, 92551
",,,
C,"Region 12, Tampa, Florida",12-CA-310186,"Amazon.com Services, LLC.",Closed,01/11/2023,05/09/2023,"Withdrawal Adjusted",Orlando,FL,2465,"8(a)(1) Concerted Activities (Retaliation, Discharge, Discipline)
8(a)(4) Discharge (including Layoff and Refusal to Hire)
8(a)(1) Coercive Rules
","Charged Party / Respondent, Legal Representative, Sloan Matthew, Seyfarth Shaw LLP, 233 South Wacker Drive, Suite 8000, Chicago, IL, 60606, (312)460-5000
Charged Party / Respondent, Legal Representative, Schwartz-Fenwick Samuel, Seyfarth Shaw LLP, 233 South Wacker Drive, Suite 8000, Chicago, IL, 60606-6448, (312)460-5948
Charged Party / Respondent, Employer, Amazon.com Services, LLC., Orlando, FL, 32824
Charging Party, Individual
",,,
C,"Region 13, Chicago, Illinois",13-CA-310091,"Amazon.com LLC",Closed,01/10/2023,01/27/2023,"Withdrawal Non-adjusted",Chicago,IL,100,"8(a)(3) Discharge (Including Layoff and Refusal to Hire (not salting))
8(a)(1) Concerted Activities (Retaliation, Discharge, Discipline)
","Charged Party / Respondent, Legal Representative, Stolzenbach Brian, Seyfarth Shaw LLP, 233 South Wacker Drive, Suite 8000, Chicago, IL, 60606, (312)460-5000
Charged Party / Respondent, Legal Representative, Sloan Matthew, Seyfarth Shaw LLP, 233 South Wacker Drive, Suite 8000, Chicago, IL, 60606-6448, (312)460-5000
Charged Party / Respondent, Employer, Amazon.com LLC, Chicago, IL, 60632
Charging Party, Individual
",,,
C,"Region 12, Tampa, Florida",12-CA-309960,"Amazon.com Services, LLC.",Closed,01/09/2023,05/09/2023,"Withdrawal Adjusted",Orlando,FL,2465,"8(a)(1) Concerted Activities (Retaliation, Discharge, Discipline)
8(a)(4) Discharge (including Layoff and Refusal to Hire)
","Charged Party / Respondent, Legal Representative, Sloan Matthew, Seyfarth Shaw LLP, 233 South Wacker Drive, Suite 8000, Chicago, IL, 60606, (312)460-5000
Charged Party / Respondent, Legal Representative, Schwartz-Fenwick Samuel, Seyfarth Shaw LLP, 233 South Wacker Drive, Suite 8000, Chicago, IL, 60606-6448, (312)460-5948
Charged Party / Respondent, Employer, Amazon.com Services, LLC., Orlando, FL, 32824
Charging Party, Individual
",,,
C,"Region 07, Detroit, Michigan",07-CA-310077,"Amazon.com Services LLC",Closed,01/09/2023,03/08/2024,"Withdrawal Non-adjusted",Romulus,MI,1000,"8(a)(1) Concerted Activities (Retaliation, Discharge, Discipline)
8(a)(1) Coercive Statements (Threats, Promises of Benefits, etc.)
8(a)(1) Coercive Actions (Surveillance, etc)
","Charged Party / Respondent, Legal Representative, Sanchez Karla, Seyfarth Shaw LLP, 233 S. Wacker Drive, Ste 8000, Chicago, IL, 60606, (312)460-5000
Charged Party / Respondent, Legal Representative, Sanchez Karla, Seyfarth Shaw LLP, 233 S. Wacker Drive, Ste 8000, Chicago, IL, 60606, (312)460-5000
Charging Party, Legal Representative, Anderson Michael, Murphy Anderson PLLC, 1401 K Street, NW, Suite 300, Washington, DC, 20005, (202)223-2620
Charged Party / Respondent, Employer, Amazon.com Services LLC, Romulus, MI, 48174
Charging Party, Union, American Postal Workers Union (APWU), AFL-CIO, Washington, DC, 20005
Charged Party / Respondent, Employer, Amazon.com Services LLC, Seattle, WA, 98109-5210
",,,
C,"Region 21, Los Angeles, California",21-CA-309993,"Amazon.com Services Inc.",Open,01/09/2023,,,"Moreno Valley",CA,800,"8(a)(1) Coercive Actions (Surveillance, etc)
8(a)(1) Coercive Rules
","Charged Party / Respondent, Legal Representative, Mirrafati Kamran, Buchalter, 2029 Century Park East, Suite 3500, Los Angeles, CA, 90067-3021, (310)201-5290
Charging Party, Legal Representative, Singla Retu, Julien, Mirer and Singla, 1 Whitehall Street, 16th Floor, New York, NY, 10004, (646)228-4729
Charging Party, Union, Amazon Labor Union, Staten Island, NY, 10314
Charged Party / Respondent, Employer, Amazon.com Services LLC, Moreno Valley, CA, 92551
",,,
C,"Region 21, Los Angeles, California",21-CA-309980,"Amazon.com Services LLC",Closed,01/05/2023,12/13/2024,"Informal Settlement","Acalanes Ridge",CA,800,"8(a)(1) Coercive Rules
","Charged Party / Respondent, Legal Representative, Raduechel Janine, Buchalter, 601 South Figueroa Street, Suite 3300, Los Angeles, CA, 90017, (213)270-9600
Charging Party, Legal Representative, Mirer Jeanne, (212)231-2235
Charged Party / Respondent, Legal Representative, Mirrafati Kamran, Buchalter, 2029 Century Park East, Suite 3500, Los Angeles, CA, 90067, (310)201-5290
Charging Party, Legal Representative, Julien Ria, 1 Whitehall Street, 16th Floor, New York, NY, 10004, (646)228-4729
Charging Party, Union, Amazon Labor Union, 900 South Avenue, Suite 100, Staten Island, NY, 10314, (201)283-6658
Charged Party / Respondent, Employer, Amazon.com Services LLC, ONT8, 24300 Nandina Avenue, Moreno Valley, CA, 92551
",,,
C,"Region 31, Los Angeles, California",31-CA-309820,"Amazon.com Services LLC",Closed,01/03/2023,12/09/2025,"Informal Settlement","San Bernardino",CA,1000,"8(a)(1) Concerted Activities (Retaliation, Discharge, Discipline)
8(a)(1) Coercive Actions (Surveillance, etc)
8(a)(1) Coercive Statements (Threats, Promises of Benefits, etc.)
","Involved Party, Legal Representative, Weissman Eli, Rothner, Segall & Greenstone, 510 South Marengo Avenue, Pasadena, CA, 91101-3115, (626)796-7555
Charging Party, Legal Representative, Dickinson Julie, Bush Gottlieb, ALC, 801 N. Brand Blvd.,, Suite 950, Glendale, CA, 91203, (818)973-3228
Charged Party / Respondent, Legal Representative, Mirrafati Kamran, Buchalter, 2029 Century Park East, Suite 3500, Los Angeles, CA, 90067, (310)201-5290
Charged Party / Respondent, Legal Representative, Mirrafati Kamran, Cardone Industries, 2029 Century Park East, Suite 3500, Los Angeles, CA, 90067-3021, (310)201-5290
Involved Party, Individual
Charged Party / Respondent, Employer, Amazon.com Services LLC, Amazon KSBD, 2535 E. 3rd St., San Bernardino, CA, 92346, (888)280-4331
Charging Party, Union, Inland Empire Amazon Workers United, 521 N. Euclid Ave., Ontario, CA, 91762, (909)307-4415
",,,
C,"Region 29, Brooklyn, New York",29-CA-309679,"Amazon JFK",Open,12/30/2022,,,"Staten Island",NY,8000,"8(a)(1) Coercive Statements (Threats, Promises of Benefits, etc.)
","Charged Party / Respondent, Legal Representative, Rogers Amber, Hunton Andrews Kurth LLP, 1445 Ross Avenue, Suite 3700, Dallas, TX, 75202, (214)468-3308
Charged Party / Respondent, Legal Representative, Larkin Kurt, Hunton Andrews Kurth LLP, 951 East Byrd Street, Suite 1300, Richmond, VA, 23219, (804)788-8776
Charging Party, Individual
Charged Party / Respondent, Employer, Amazon.com, Inc. (JFK8 Hub), 546 Gulf Avenue, Staten Island, NY, 10314, (888)892-7180
",,,
C,"Region 12, Tampa, Florida",12-CA-309635,"Amazon.com Services, LLC.",Closed,12/29/2022,05/09/2023,"Withdrawal Adjusted",Orlando,FL,2465,"8(a)(1) Concerted Activities (Retaliation, Discharge, Discipline)
8(a)(4) Discharge (including Layoff and Refusal to Hire)
8(a)(4) Discipline
","Charged Party / Respondent, Legal Representative, Sloan Matthew, Seyfarth Shaw LLP, 233 South Wacker Drive, Suite 8000, Chicago, IL, 60606, (312)460-5000
Charged Party / Respondent, Legal Representative, Schwartz-Fenwick Samuel, Seyfarth Shaw LLP, 233 South Wacker Drive, Suite 8000, Chicago, IL, 60606-6448, (312)460-5948
Charged Party / Respondent, Employer, Amazon.com Services, LLC., Orlando, FL, 32824
Charging Party, Individual
",,,
C,"Region 10, Atlanta, Georgia",10-CA-309050,Amazon,Closed,12/16/2022,06/24/2024,"Dismissal Non-adjusted",Charlotte,NC,5000,"8(a)(1) Concerted Activities (Retaliation, Discharge, Discipline)
8(a)(4) Discharge (including Layoff and Refusal to Hire)
","Charged Party / Respondent, Legal Representative, Kershaw Kyllan, Littler Mendelson, P.C., 3424 Peachtree Road NE, Suite 1200, Atlanta, GA, 30326, (404)443-4590
Charged Party / Respondent, Employer, Amazon, Charlotte, NC, 28214
Charging Party, Individual
",,,
C,"Region 29, Brooklyn, New York",29-CA-308983,"Amazon.com Services LLC",Open,12/16/2022,,,"Staten Island",NY,8200,"8(a)(1) Concerted Activities (Retaliation, Discharge, Discipline)
8(a)(1) Coercive Rules
8(a)(3) Discipline
8(a)(4) Discipline
","Charged Party / Respondent, Legal Representative, Rogers Amber, Hunton Andrews Kurth LLP, Fountain Place, 1445 Ross Avenue, Ste 3700, Dallas, TX, 75202, (214)468-3308
Charged Party / Respondent, Legal Representative, Larkin Kurt, Hunton Andrews Kurth LLP, 951 East Byrd Street, Suite 1300, Richmond, VA, 23219, (804)788-8776
Charging Party, Legal Representative, Singla Retu, Julien, Mirer & Singla, PLLC, 1 Whitehall Street, 16th Floor, New York, NY, 10004, (212)884-9104
Charged Party / Respondent, Employer, Amazon.com Services Inc., Staten Island, NY, 10314
Charging Party, Union, Amazon Labor Union, Staten Island, NY, 10314-3426
",,,
C,"Region 18, Minneapolis, Minnesota",18-CA-308707,"Amazon Fulfillment Center",Closed,12/12/2022,07/25/2023,"Dismissal Non-adjusted",Kenosha,WI,3120,"8(a)(1) Coercive Statements (Threats, Promises of Benefits, etc.)
8(a)(3) Discharge (Including Layoff and Refusal to Hire (not salting))
8(a)(4) Discharge (including Layoff and Refusal to Hire)
","Charged Party / Respondent, Legal Representative, Stolzenbach Brian, Seyfarth Shaw LLP, 233 South Wacker Drive, Suite 8000, Chicago, IL, 60606, (312)460-5000
Charged Party / Respondent, Legal Representative, Kuntz Harrison, 233 South Wacker Drive, Suite 8000, Chicago, IL, 60606, (310)597-1559
Charged Party / Respondent, Employer, Amazon Fulfillment Center, Kenosha, WI, 53144
Charging Party, Individual
",,,
C,"Region 10, Atlanta, Georgia",10-CA-308537,"Amazon.com Services, LLC",Closed,12/08/2022,10/10/2024,"Withdrawal Non-adjusted",Garner,NC,5000,"8(a)(1) Concerted Activities (Retaliation, Discharge, Discipline)
8(a)(3) Discipline
8(a)(1) Coercive Actions (Surveillance, etc)
","Charged Party / Respondent, Legal Representative, Kuntz Harrison, Seyfarth Shaw LLP, 233 South Wacker Drive, Suite 8000, Chicago, IL, 60606, (310)597-1559
Charged Party / Respondent, Legal Representative, Jenkins Olivia, Seyfarth Shaw, LLP, 1075 Peachtree St NE Ste 2500, Atlanta, GA, 30309-3958, (404)885-1500
Charging Party, Union, Carolina Amazonians United for Solidarity & Empowerment (CAUSE), 111 Grey Elm Trail, Durham, NC, 27713
Charging Party, Individual
Charged Party / Respondent, Employer, Seyfarth Shaw, LLP, 1075 Peachtree St NE Ste 2500, Atlanta, GA, 30309-3958, (404)704-9667
",,,
C,"Region 12, Tampa, Florida",12-CA-308502,"Amazon.com Services LLC",Open,12/08/2022,,,Deltona,FL,2000,"8(a)(1) Concerted Activities (Retaliation, Discharge, Discipline)
8(a)(3) Changes in Terms and Conditions of Employment
8(a)(3) Discipline
","Charged Party / Respondent, Legal Representative, Sloan Matthew, Seyfarth Shaw LLP, 233 South Wacker Drive, Suite 8000, Chicago, IL, 60606, (312)460-5000
Charged Party / Respondent, Legal Representative, Schwartz-Fenwick Samuel, Seyfarth Shaw LLP, 233 South Wacker Drive, Suite 8000, Chicago, IL, 60606-6448, (312)460-5948
Charged Party / Respondent, Employer, 2600 N. Normandy Blvd. MCO2, Deltona, FL, 32725, (800)362-6509
Charging Party, Individual
",,,
C,"Region 29, Brooklyn, New York",29-CA-308509,"Amazon.com Services Inc.",Open,12/08/2022,,,"Staten Island",NY,8000,"8(a)(3) Discharge (Including Layoff and Refusal to Hire (not salting))
8(a)(1) Concerted Activities (Retaliation, Discharge, Discipline)
8(a)(4) Discharge (including Layoff and Refusal to Hire)
8(a)(1) Weingarten
8(a)(3) Discipline
","Charged Party / Respondent, Legal Representative, Rogers Amber, Hunton Andrews Kurth LLP, 1445 Ross Avenue, Suite 3700, Dallas, TX, 75202, (214)468-3308
Charging Party, Legal Representative, Mirer Jeannie, Amazon Labor Union, 1 Whitehall Street, 16th Floor, New York, NY, 10004, (212)231-2235
Charged Party / Respondent, Legal Representative, Larkin Kurt, Hunton Andrews Kurth LLP, 951 East Byrd Street, Suite 1300, Richmond, VA, 23219, (804)788-8776
Charged Party / Respondent, Employer, Amazon.com Services Inc., Staten Island, NY, 10314
Charging Party, Union, Amazon Labor Union, Staten Island, NY, 10314
",,,
C,"Region 14, Saint Louis, Missouri",14-CA-308419,"Amazon.com, Inc.",Open,12/07/2022,,,"St. Charles",MO,3300,"8(a)(1) Concerted Activities (Retaliation, Discharge, Discipline)
8(a)(1) Coercive Rules
","Charged Party / Respondent, Legal Representative, Stolzenbach Brian, Seyfarth Shaw LLP, 233 South Wacker Drive, Suite 8000, Chicago, IL, 60606, (312)460-5551
Charged Party / Respondent, Legal Representative, Kuntz Harrison, Seyfarth Shaw LLP, 233 S. Wacker Dr Ste 8000, Chicago, IL, 60606-6448, (312)460-5811
Charged Party / Respondent, Legal Representative, Sanchez Karla, Seyfarth Shaw LLP, 233 S. Wacker Drive, Ste 8000, Chicago, IL, 60606, (312)460-5000
Charged Party / Respondent, Employer, Amazon.com Services, Inc., 4000 Premier Pkwy, St. Peters, MO, 63376
Charging Party, Individual, Schuchat, Cook & Werner
",,,
C,"Region 09, Cincinnati, Ohio",09-CA-308373,AMAZON,Closed,12/05/2022,01/23/2023,"Dismissal Non-adjusted",Florence,KY,4500,"8(a)(4) Changes in Terms and Conditions of Employment
","Charged Party / Respondent, Legal Representative, Stolzenbach Brian, Seyfarth Shaw LLP, 233 South Wacker Drive, Suite 8000, Chicago, IL, 60606, (312)460-5000
Charged Party / Respondent, Legal Representative, Rich Jamie, Seyfarth Shaw LLP, 560 Mission Street, Suite 3100, San Francisco, CA, 94105-2930, (916)498-7078
Charged Party / Respondent, Employer, Amazon.com Services LLC and its Subsidiary, Amazon Air, Florence, KY, 41042
Charging Party, Individual
",,,
C,"Region 09, Cincinnati, Ohio",09-CA-308354,AMAZON,Closed,12/05/2022,01/23/2023,"Dismissal Non-adjusted",Florence,KY,4500,"8(a)(3) Changes in Terms and Conditions of Employment
","Charged Party / Respondent, Legal Representative, Stolzenbach Brian, Seyfarth Shaw LLP, 233 South Wacker Drive, Suite 8000, Chicago, IL, 60606, (312)460-5000
Charged Party / Respondent, Legal Representative, Rich Jamie, Seyfarth Shaw LLP, 560 Mission Street, Suite 3100, San Francisco, CA, 94105-2930, (916)498-7078
Charging Party, Individual
Charged Party / Respondent, Employer, Amazon.com Services LLC d/b/a Amazon Air, Florence, KY, 41042
",,,
C,"Region 29, Brooklyn, New York",29-CA-308092,"Amazon.com Services Inc.",Open,12/01/2022,,,"Staten Island",NY,8200,"8(a)(1) Coercive Statements (Threats, Promises of Benefits, etc.)
","Charged Party / Respondent, Legal Representative, Stolzenbach Brian, Seyfarth Shaw LLP, 233 South Wacker Drive, Suite 8000, Chicago, IL, 60606, (312)460-5000
Charging Party, Legal Representative, Singla Retu, Julien, Mirer, Singla and Goldstein, 1 Whitehall Street, 16th floor, New York, NY, 10004, (646)228-4729
Charged Party / Respondent, Employer, Amazon.com Services Inc., Staten Island, NY, 10314
Charging Party, Union, Amazon Labor Union, Staten Island, NY, 10314
",,,
C,"Region 29, Brooklyn, New York",29-CA-308071,"Amazon.com Services LLC",Open,12/01/2022,,,"Staten Island",NY,8000,"8(a)(5) Refusal to Bargain/Bad Faith Bargaining (incl'g surface bargaining/direct dealing)
8(a)(5) Repudiation/Modification of Contract[Sec 8(d)/Unilateral Changes]
8(a)(5) Refusal to Furnish Information
8(a)(1) Coercive Rules
8(a)(1) Weingarten
","Charged Party / Respondent, Legal Representative, Rogers Amber, Hunton Andrews Kurth LLP, 1445 Ross Avenue, Suite 3700, Dallas, TX, 75202, (214)468-3308
Charged Party / Respondent, Legal Representative, Larkin Kurt, Hunton Andrews Kurth LLP, 951 East Byrd Street, Suite 1300, Richmond, VA, 23219, (804)788-8776
Charging Party, Legal Representative, Singla Retu, Amazon Labor Union, 1 Whitehall Street, 16th Floor, New York, NY, 10008, (646)228-4729
Charged Party / Respondent, Employer, Amazon.com Services Inc., JFK8/ 546 Gulf Avenue, Staten Island, NY, 10314, (888)892-7180
Charging Party, Union, Amazon Labor Union, 900 South Avenue Suite 100, Staten Island, NY, 10314, (201)283-6658
",,,
C,"Region 18, Minneapolis, Minnesota",18-CA-308295,Amazon,Closed,11/28/2022,02/28/2023,"Dismissal Non-adjusted",Seattle,WA,1000000,"8(a)(1) Coercive Actions (Surveillance, etc)
","Charged Party / Respondent, Legal Representative, Stolzenbach Brian, Seyfarth Shaw LLP, 233 South Wacker Drive, Suite 8000, Chicago, IL, 60606, (312)460-5551
Charged Party / Respondent, Legal Representative, Kuntz Harrison, Seyfarth Shaw LLP, 233 S. Wacker Dr Ste 8000, Chicago, IL, 60606-6448, (312)460-5811
Charging Party, Individual
Charged Party / Respondent, Employer, Amazon, Seattle, WA, 98109
",,,
C,"Region 29, Brooklyn, New York",29-CA-308068,"Amazon.com Services LLC",Open,11/28/2022,,,"Staten Island",NY,8000,"8(a)(1) Concerted Activities (Retaliation, Discharge, Discipline)
8(a)(1) Coercive Rules
8(a)(5) Refusal to Bargain/Bad Faith Bargaining (incl'g surface bargaining/direct dealing)
8(a)(5) Repudiation/Modification of Contract [Sec 8(d)/Unilateral Changes]
8(a)(5) Refusal to Furnish Information
","Charged Party / Respondent, Legal Representative, Rogers Amber, Hunton Andrews Kurth LLP, 1445 Ross Avenue, Suite 3700, Dallas, TX, 75202, (214)468-3308
Charged Party / Respondent, Legal Representative, LARKIN KURT, Hunton Andrews Kurth LLP, 951 East Byrd Street, Suite 1300, Richmond, VA, 23219, (804)788-8776
Charging Party, Legal Representative, Singla Retu, Julien, Mirer and Singla, 1 Whitehall Street, 16th Floor, New York, NY, 10004, (646)228-4729
Charged Party / Respondent, Employer, Amazon.com Services Inc., Staten Island, NY, 10314
Charging Party, Union, Amazon Labor Union, Staten Island, NY, 10314
",,,
C,"Region 29, Brooklyn, New York",29-CA-307667,"Amazon.com Services LLC",Open,11/22/2022,,,"Staten Island",NY,8000,"8(a)(5) Refusal to Bargain/Bad Faith Bargaining (incl'g surface bargaining/direct dealing)
8(a)(5) Repudiation/Modification of Contract [Sec 8(d)/Unilateral Changes]
8(a)(1) Concerted Activities (Retaliation, Discharge, Discipline)
8(a)(5) Refusal to Furnish Information
8(a)(1) Coercive Rules
","Charged Party / Respondent, Legal Representative, Rogers Amber, Hunton Andrews Kurth LLP, 1445 Ross Avenue, Suite 3700, Dallas, TX, 75202, (214)468-3308
Charged Party / Respondent, Legal Representative, Larkin Kurt, Hunton Andrews Kurth LLP, 951 East Byrd Street, Suite 1300, Richmond, VA, 23219, (804)788-8776
Charging Party, Legal Representative, Singla Retu, Julien, Mirer and Singla, 1 Whitehall Street, 16th floor, New York, NY, 10004, (646)228-4729
Charging Party, Union, Amazon Labor Union, 900 South Avenue, Suite 100, Staten Island, NY, 10314, (201)283-6658
Charged Party / Respondent, Employer, Amazon.com Services Inc., JFK8/ 546 Gulf Avenue, Staten Island, NY, 10314, (855)570-1677
",,,
C,"Region 10, Atlanta, Georgia",10-CA-307500,"Amazon.com Services LLC",Closed,11/21/2022,01/22/2025,"Dismissal Non-adjusted","Stone Mountain",GA,4000,"8(a)(3) Discharge (Including Layoff and Refusal to Hire (not salting))
8(a)(1) Concerted Activities (Retaliation, Discharge, Discipline)
8(a)(4) Discharge (including Layoff and Refusal to Hire)
8(a)(1) Coercive Rules
","Charged Party / Respondent, Legal Representative, Reed Rachael, Seyfarth Shaw LLP, 1075 Peachtree St NE, Suite 2500, Atlanta, GA, 30309-3958, (404)885-1500
Charged Party / Respondent, Employer, Amazon.com Services LLC, Stone Mountain, GA, 30087
Charging Party, Individual
",,,
C,"Region 14, Saint Louis, Missouri",14-CA-307105,"Amazon.com, Inc.",Closed,11/15/2022,05/30/2023,"Withdrawal Non-adjusted","Saint Charles",MO,3300,"8(a)(1) Coercive Actions (Surveillance, etc)
","Charged Party / Respondent, Legal Representative, Stolzenbach Brian, Seyfarth Shaw LLP, 233 South Wacker Drive, Suite 8000, Chicago, IL, 60606, (312)460-5551
Charged Party / Respondent, Legal Representative, Kuntz Harrison, Seyfarth Shaw LLP, 233 S. Wacker Dr Ste 8000, Chicago, IL, 60606-6448, (312)460-5811
Charged Party / Respondent, Employer, Amazon.com Services, Inc., St. Peters, MO, 63376
Charging Party, Individual, Schuchat, Cook & Werner
",,,
C,"Region 29, Brooklyn, New York",29-CA-307366,"Amazon.com Services Inc.",Open,11/15/2022,,,"Staten Island",NY,8000,"8(a)(1) Concerted Activities (Retaliation, Discharge, Discipline)
8(a)(5) Refusal to Furnish Information
8(a)(1) Weingarten
8(a)(3) Discipline
8(a)(4) Discipline
","Charged Party / Respondent, Legal Representative, Rogers Amber, Hunton Andrews Kurth LLP, 1445 Ross Avenue, Suite 3700, Dallas, TX, 75202, (214)468-3308
Charged Party / Respondent, Legal Representative, LARKIN KURT, Hunton Andrews Kurth LLP, 951 East Byrd Street, Suite 1300, Richmond, VA, 23219, (804)788-8776
Charging Party, Legal Representative, Singla Retu, julien, mirer and singla, 1 whitehall street, 16th floor, New York, NY, 10004, (646)228-4729
Charged Party / Respondent, Employer, Amazon.com Services Inc., Staten Island, NY, 10314
Charging Party, Union, Amazon Labor Union, staten Island, NY, 10314
",,,
C,"Region 29, Brooklyn, New York",29-CA-307076,"Amazon.com Services LLC",Open,11/14/2022,,,"Staten Island",NY,8000,"8(a)(1) Concerted Activities (Retaliation, Discharge, Discipline)
8(a)(1) Coercive Rules
8(a)(5) Refusal to Bargain/Bad Faith Bargaining (incl'g surface bargaining/direct dealing)
8(a)(5) Refusal to Furnish Information
8(a)(1) Weingarten
","Charged Party / Respondent, Legal Representative, Rogers Amber, Hunton Andrews Kurth LLP, 1445 Ross Avenue, Suite 3700, Dallas, TX, 75202, (214)468-3308
Charged Party / Respondent, Legal Representative, Larkin Kurt, Hunton Andrews Kurth LLP, 951 East Byrd Street, Suite 1300, Richmond, VA, 23219, (804)788-8776
Charging Party, Legal Representative, Singla Retu, Julien, Mirer and Singla, 1 Whitehall Street, 16th Floor, New York, NY, 10004, (646)228-4729
Charged Party / Respondent, Employer, Amazon.com Services Inc., JFK8/ 546 Gulf Avenue, Staten Island, NY, 10314, (855)570-1766
Charging Party, Union, Amazon Labor Union, 900 South Avenue, Suite 100, Staten Island, NY, 10314, (201)283-6658
",,,
C,"Region 09, Cincinnati, Ohio",09-CA-307012,"Amazon.com Services LLC",Open,11/14/2022,,,Florence,KY,4500,"8(a)(1) Coercive Rules
","Charged Party / Respondent, Legal Representative, Rich Jamie, Seyfarth Shaw LLP, 560 Mission Street, Suite 3100, San Francisco, CA, 94105-2930, (916)498-7078
Charged Party / Respondent, Legal Representative, Haque Saman, Seyfarth Shaw LLP, 233 South Wacker Driver, Suite 8000, Chicago, IL, 60606-6448, (312)460-5812
Charged Party / Respondent, Employer, Amazon.com Services LLC and its Subsidiary, Amazon Air, 460 Day One Drive, Florence, KY, 41042, (206)765-3538
Charging Party, Individual
Charged Party / Respondent, Additional Service, Seyfarth Shaw LLP, 233 S. Wacker Drive, Ste 8000, Chicago, IL, 60606, (312)460-5000
",,,
C,"Region 09, Cincinnati, Ohio",09-CA-307021,"AMAZON.COM SERVICES LLC AND ITS SUBSIDIARY, AMAZON AIR",Open,11/14/2022,,,Florence,KY,4500,,"Charged Party / Respondent, Legal Representative, Rich Jamie, Seyfarth Shaw LLP, 560 Mission Street, Suite 3100, San Francisco, CA, 94105-2930, (916)498-7078
Charged Party / Respondent, Legal Representative, Phillips John, Seyfarth Shaw LLP, 700 MILAM STREET, STE 1400, HOUSTON, TX, 77002, (713)225-2300
Charging Party, Legal Representative, Newport Pamela, Herzfeld, Suetholz, Gastel, Leniski and Wall, PLLC, 600 Vine Street, Suite 2720, Cincinnati, OH, 45202, (513)381-2224
Charging Party, Legal Representative, Rekowski Rachel, Herzfeld, Suetholz, Gastel, Leniski and Wall, PLLC, 600 Vine Street, Suite 2720, Cincinnati, OH, 45202, (513)381-2224
Charged Party / Respondent, Legal Representative, Vitarelli Victoria, Seyfarth Shaw LLP, 620 8th Avenue, 32nd Floor, New York, NY, 10018, (212)218-4651
Charging Party, Individual
Charging Party, Individual
Charging Party, Individual
Charging Party, Individual
Charged Party / Respondent, Employer, Amazon.com Services LLC and its Subsidiary, Amazon Air, 460 Day One Dr, Florence, KY, 45211, (513)739-6172
",,,
C,"Region 31, Los Angeles, California",31-CA-306864,"Amazon.com Services LLC",Open,11/08/2022,,,"San Bernardino",CA,100,,"Charged Party / Respondent, Legal Representative, Stolzenbach Brian, Seyfarth Shaw LLP, 233 S. Wacker Drive, Ste 8000, Chicago, IL, 60606, (312)460-5000
Charged Party / Respondent, Legal Representative, Stolzenbach Brian, Seyfarth Shaw LLP, 233 S. Wacker Drive, Ste 8000, Chicago, IL, 60606, (312)460-5000
Charged Party / Respondent, Legal Representative, Kuntz Harrison, Seyfarth Shaw LLP, 233 S. Wacker Dr Ste 8000, Chicago, IL, 60606-6448, (312)460-5811
Charged Party / Respondent, Legal Representative, Kuntz Harrison, Seyfarth Shaw LLP, 233 S. Wacker Dr Ste 8000, Chicago, IL, 60606-6448, (312)460-5811
Charged Party / Respondent, Legal Representative, Rich Jamie, Seyfarth Shaw LLP, 560 Mission Street, Suite 3100, San Francisco, CA, 94105-2930, (916)498-7078
Charged Party / Respondent, Legal Representative, Rich Jamie, Seyfarth Shaw LLP, 560 Mission Street, Suite 3100, San Francisco, CA, 94105-2930, (916)498-7078
Charging Party, Legal Representative, Wojciechowski Jason, Bush Gottlieb, ALC, 801 No. Brand Blvd, Suite 950, Glendale, CA, 91203, (818)973-3208
Charging Party, Legal Representative, Dickinson Julie, Bush Gottlieb, ALC, 801 N. Brand Blvd.,, Suite 950, Glendale, CA, 91203, (818)973-3228
Charged Party / Respondent, Employer, Amazon.com Services LLC, Amazon KSBD, 2535 E. 3rd St., San Bernardino, CA, 92346, (888)280-4331
Charging Party, Union, Inland Empire Amazon Workers United, 521 N. Euclid Ave., Ontario, CA, 91762, (909)307-4415
",,,
C,"Region 03, Buffalo, New York",03-CA-306252,"Amazon Fulfillment Center",Closed,11/01/2022,05/23/2023,"Dismissal Non-adjusted",Castleton-on-Hudson,NY,950,"8(a)(1) Coercive Statements (Threats, Promises of Benefits, etc.)
8(a)(1) Concerted Activities (Retaliation, Discharge, Discipline)
8(a)(1) Coercive Actions (Surveillance, etc)
8(a)(1) Coercive Rules
8(a)(3) Discharge (Including Layoff and Refusal to Hire (not salting))
8(a)(3) Changes in Terms and Conditions of Employment
","Charged Party / Respondent, Legal Representative, Dumbacher Robert, Hunton Andrews Kurth LLP, Bank of America Plaza, 600 Peachtree Street NE, Suite 4100, Atlanta, GA, 30308-2217, (404)888-4007
Charged Party / Respondent, Legal Representative, Glasgow Ryan, Hunton Andrews Kurth LLP, Riverfront Plaza, East Tower, 951 East Byrd St, Richmond, NY, 23219, (804)788-8791
Charged Party / Respondent, Employer, Amazon Fulfillment Center, Castleton on the Hudson, NY, 12033
Charging Party, Individual
",,,
C,"Region 29, Brooklyn, New York",29-CA-306280,"Amazon.com, Inc.",Open,10/31/2022,,,"Staten Island",NY,1000000,"8(a)(1) Discharge of supervisor (Parker-Robb Chevrolet)
","Charged Party / Respondent, Legal Representative, Rogers Amber, Hunton Andrews Kurth LLP, 1445 Ross Avenue, Suite 3700, Dallas, TX, 75202, (214)468-3308
Charging Party, Legal Representative, White Brandon, Vladeck Raskin & Clark P.C., 565 Fifth Avenue, New York, NY, 10017, (646)385-0251
Charging Party, Legal Representative, White Brandon, Vladeck Raskin & Clark P.C., 565 Fifth Avenue, New York, NY, 10017, (646)385-0251
Charging Party, Legal Representative, Iadevaia Jeremiah, Vladeck Raskin & Clark P.C., 565 Fifth Avenue, 9th Floor, New York, NY, 10017, (212)403-7300
Charging Party, Legal Representative, Iadevaia Jeremiah, Vladeck Raskin & Clark P.C., 565 Fifth Avenue, 9th Floor, New York, NY, 10017, (212)403-7300
Charged Party / Respondent, Legal Representative, Larkin Kurt, Hunton Andrews Kurth LLP, 951 East Byrd Street, Suite 1300, Richmond, VA, 23219, (804)788-8776
Charged Party / Respondent, Employer, Amazon.com Services LLC, Staten Island, NY, 10314
Charging Party, Individual
Charging Party, Individual
",,,
C,"Region 03, Buffalo, New York",03-CA-305904,"Amazon.com Services",Closed,10/26/2022,06/12/2023,"Dismissal Non-adjusted",Castleton-on-Hudson,NY,800,"8(a)(1) Coercive Actions (Surveillance, etc)
","Charging Party, Legal Representative, Singla Retu, Julien, Mirer & Singla, PLLC, 1 Whitehall Street, 16th Floor, New York, NY, 10004, (212)884-9104
Charged Party / Respondent, Legal Representative, Dumbacher Robert, Hunton Andrews Kurth LLP, 600 Peachtree St., N.E., Ste.4100, Atlanta, GA, 30308-2219, (404)888-4007
Charged Party / Respondent, Legal Representative, Glasgow Ryan, Hunton Andrews Kurth LLP, Riverfront Plaza East Tower,  951 East Byrd Street, Richmond, VA, 23219, (804)788-8791
Charged Party / Respondent, Employer, Amazon.Com Services, Castleton-on-Hudson, NY, 12033
Charging Party, Union, Amazon Labor Union (ALU), Staten Island, NY, 10314
",,,
C,"Region 19, Seattle, Washington",19-CA-305894,Amazon,Closed,10/25/2022,05/05/2023,"Withdrawal Non-adjusted",Lacey,WA,500,"8(a)(1) Concerted Activities (Retaliation, Discharge, Discipline)
8(a)(1) Coercive Actions (Surveillance, etc)
","Charged Party / Respondent, Legal Representative, Moriarty Andrew, Perkins Coie LLP, 1201 3rd Ave Ste 4900, Seattle, WA, 98101-3266, (206)359-8629
Charged Party / Respondent, Legal Representative, Pratt Michael, Perkins Coie LLP, 500 North Akard Street, Suite 3300, Dallas, TX, 75201-3347, (214)259-4922
Charging Party, Individual
Charged Party / Respondent, Employer, Amazon.com Services, LLC, Seattle, WA, 98109
Charged Party / Respondent, Additional Service, Amazon, Lacey, WA, 98516
",,,
C,"Region 10, Atlanta, Georgia",10-CA-305713,"Amazon.com Services LLC",Open,10/24/2022,,,Buford,GA,300,"8(a)(3) Discipline
8(a)(1) Coercive Rules
8(a)(1) Concerted Activities (Retaliation, Discharge, Discipline)
","Charged Party / Respondent, Legal Representative, Stolzenbach Brian, Seyfarth Shaw LLP, 233 South Wacker Drive, Suite 8000, Chicago, IL, 60606, (312)460-5000
Charged Party / Respondent, Legal Representative, Burke Cary, Seyfarth Shaw, LLP, 1075 Peachtree St NE Ste 2500, Atlanta, GA, 30309-3958, (404)704-9667
Charged Party / Respondent, Legal Representative, Silver Jason, Seyfarth Shaw LLP, 620 Eighth Ave, 32nd Floor, New York, NY, 10018, (212)218-5282
Charged Party / Respondent, Employer, Amazon.com Services LLC, 5000 Lanier Islands Pkwy, Buford, GA, 30518
Charging Party, Union, DGE9 Workers Union, 2948 Broome Rd, Gainesville, GA, 30507, (770)519-6732
",,,
C,"Region 03, Buffalo, New York",03-CA-305755,"Amazon.com Services Inc.",Closed,10/24/2022,09/01/2023,"Dismissal Non-adjusted",Castleton-on-Hudson,NY,400,"8(a)(1) Coercive Actions (Surveillance, etc)
","Charging Party, Legal Representative, Mirer Jeannie, Amazon Labor Union, 1 Whitehall Street, 16th Floor, New York, NY, 10004, (212)231-2235
Charging Party, Legal Representative, Singla Retu, Julien, Mirer, Singla & Goldstein PLLC, 1 Whitehall Street, 16th Floor, New York, NY, 10004, (646)228-4729
Charged Party / Respondent, Legal Representative, Dumbacher Robert, Hunton Andrews Kurth LLP, 600 Peachtree St., N.E., Ste.4100, Atlanta, GA, 30308-2219, (404)888-4007
Charged Party / Respondent, Legal Representative, Glasgow Ryan, Hunton Andrews Kurth LLP, Riverfront Plaza - East Tower, 951 E. Byrd Street, Richmond, VA, 23219, (804)788-8791
Charged Party / Respondent, Employer, Amazon.com Services Inc., Castleton, NY, 12033
Charging Party, Union, Amazon Labor Union, Staten Island, NY, 10314
",,,
C,"Region 14, Saint Louis, Missouri",14-CA-305671,"Amazon.com Services LLC",Open,10/21/2022,,,"Saint Charles",MO,3300,"8(a)(1) Coercive Rules
","Charged Party / Respondent, Legal Representative, Stolzenbach Brian, Seyfarth Shaw LLP, 233 South Wacker Drive, Suite 8000, Chicago, IL, 60606, (312)460-5000
Charged Party / Respondent, Legal Representative, Kuntz Harrison, Seyfarth Shaw LLP, 233 S. Wacker Dr Ste 8000, Chicago, IL, 60606-6448, (312)460-5811
Charging Party, Individual, Schuchat, Cook & Werner
Charged Party / Respondent, Employer, Amazon.com Services, Inc., 4000 Premier Pkwy, St. Peters, MO, 63376
",,,
C,"Region 19, Seattle, Washington",19-CA-305642,"Amazon Web Services, Inc.",Closed,10/20/2022,07/03/2024,"Withdrawal Adjusted",Seattle,WA,9000,"8(a)(1) Concerted Activities (Retaliation, Discharge, Discipline)
8(a)(1) Coercive Statements (Threats, Promises of Benefits, etc.)
8(a)(1) Weingarten
","Charged Party / Respondent, Legal Representative, Swedlow Daniel, Seyfarth Shaw LLP, 999 Third Avenue, Suite 4700, Seattle, WA, 98104-4041, (206)946-4940
Charged Party / Respondent, Legal Representative, Kuntz Harrison, Seyfarth Shaw LLP, 233 S. Wacker Dr Ste 8000, Chicago, IL, 60606-6448, (312)460-5811
Charged Party / Respondent, Employer, Amazon.com, 410 Terry Ave N, Seattle, WA, 98109, (206)266-1000
Charging Party, Individual
",,,
C,"Region 10, Atlanta, Georgia",10-CA-305709,"Amazon.com Services LLC: ATL6 Sortation Center",Closed,10/20/2022,05/22/2023,"Dismissal Non-adjusted","East Point",GA,1500,"8(a)(1) Coercive Statements (Threats, Promises of Benefits, etc.)
8(a)(1) Concerted Activities (Retaliation, Discharge, Discipline)
","Charged Party / Respondent, Legal Representative, Burke Cary, Seyfarth Shaw, LLP, 1075 Peachtree Street, N.E., Suite 2500, Atlanta, GA, 30309, (404)704-9667
Charged Party / Respondent, Legal Representative, Kuntz Harrison, Seyfarth Shaw LLP, 233 S. Wacker Dr Ste 8000, Chicago, IL, 60606-6448, (312)460-5811
Charged Party / Respondent, Legal Representative, Sanchez Karla, Seyfarth Shaw LLP, 233 S. Wacker Drive, Ste 8000, Chicago, IL, 60606, (312)460-5000
Charging Party, Individual
Charged Party / Respondent, Employer, Amazon.com Services - ATL6 Sortation Center, East Point, GA, 30344
",,,
C,"Region 03, Buffalo, New York",03-CA-305430,"Amazon.com Services Inc.",Closed,10/19/2022,06/12/2023,"Dismissal Non-adjusted",Castleton-on-Hudson,NY,800,"8(a)(1) Coercive Statements (Threats, Promises of Benefits, etc.)
8(a)(3) Changes in Terms and Conditions of Employment
","Charging Party, Legal Representative, Singla Retu, julien, mirer and singla, 1 whitehall street, 16th floor, New York, NY, 10004, (646)228-4729
Charged Party / Respondent, Legal Representative, Dumbacher Robert, Hunton Andrews Kurth LLP, 600 Peachtree St., N.E., Ste.4100, Atlanta, GA, 30308-2219, (404)888-4007
Charged Party / Respondent, Legal Representative, Glasgow Ryan, Hunton Andrews Kurth LLP, 951 East Byrd Street, Richmond, VA, 23219, (804)788-8791
Charged Party / Respondent, Employer, Amazon.com Services Inc., Castleton, NY, 12033
Charging Party, Union, Amazon Labor Union, staten island, NY, 10314
",,,
C,"Region 28, Phoenix, Arizona",28-CA-305888,"Amazon.com Services, LLC",Closed,10/18/2022,04/24/2026,"Dismissal Non-adjusted",Phoenix,AZ,1500,"8(a)(1) Coercive Statements (Threats, Promises of Benefits, etc.)
8(a)(1) Concerted Activities (Retaliation, Discharge, Discipline)
8(a)(1) Coercive Actions (Surveillance, etc)
8(a)(1) Interrogation (including Polling)
","Charged Party / Respondent, Legal Representative, Stolzenbach Brian, Seyfarth Shaw, L. L. P., 233 South Wacker Drive, Suite 8000, Chicago, IL, 60606-6448, (312)460-5551
Charged Party / Respondent, Employer, Amazon.com Services, LLC, Phoenix, AZ, 85043
Charging Party, Individual
",,,
C,"Region 10, Atlanta, Georgia",10-CA-305331,"Amazon.com Services LLC: ATL6 Sortation Center",Closed,10/17/2022,12/06/2022,"Dismissal Non-adjusted","East Point",GA,1500,"8(a)(1) Coercive Statements (Threats, Promises of Benefits, etc.)
8(a)(1) Concerted Activities (Retaliation, Discharge, Discipline)
","Charged Party / Respondent, Legal Representative, Burke Cary, Seyfarth Shaw, LLP, 1075 Peachtree Street, N.E., Suite 2500, Atlanta, GA, 30309, (404)704-9667
Charged Party / Respondent, Legal Representative, Kuntz Harrison, Seyfarth Shaw LLP, 233 S. Wacker Dr Ste 8000, Chicago, IL, 60606-6448, (312)460-5811
Charged Party / Respondent, Legal Representative, Sanchez Karla, Seyfarth Shaw LLP, 233 S. Wacker Drive, Ste 8000, Chicago, IL, 60606, (312)460-5000
Charging Party, Individual
Charged Party / Respondent, Employer, Amazon.com Services - ATL6 Sortation Center, East Point, GA, 30344
",,,
C,"Region 18, Minneapolis, Minnesota",18-CA-305284,"Amazon.com Services LLC",Closed,10/17/2022,02/28/2023,"Withdrawal Non-adjusted",Shakopee,MN,2500,"8(a)(1) Concerted Activities (Retaliation, Discharge, Discipline)
8(a)(3) Discipline
","Charged Party / Respondent, Legal Representative, Stolzenbach Brian, Seyfarth Shaw LLP, 233 South Wacker Drive, Suite 8000, Chicago, IL, 60606, (312)460-5000
Charging Party, Legal Representative, Goldstein Seth, Amazon Labor Union, 900 South Avenue, Suite 100, Staten Island, NY, 10314, (646)460-1309
Charged Party / Respondent, Employer, Amazon.com Services LLC, Shakopee, MN, 55379
Charging Party, Union, Amazon Labor Union, Staten Island, NY, 10314
",,,
C,"Region 10, Atlanta, Georgia",10-CA-305274,"Amazon.Com Services, LLC",Closed,10/15/2022,07/25/2025,"Withdrawal Non-adjusted",Bessemer,AL,3000,"8(a)(1) Coercive Statements (Threats, Promises of Benefits, etc.)
8(a)(3) Discharge (Including Layoff and Refusal to Hire (not salting))
8(a)(1) Concerted Activities (Retaliation, Discharge, Discipline)
8(a)(1) Interrogation (including Polling)
8(a)(1) Coercive Actions (Surveillance, etc)
","Charged Party / Respondent, Legal Representative, Sullivan C., Hunton Andrews Kurth LLP, 951 East Byrd Street, Richmond, VA, 23219-4074, (804)788-8399
Charging Party, Legal Representative, Rouco Richard, Quinn & Walls Weaver & Davies, LLP, 2-20th Street North, Suite 930, Birmingham, AL, 35203, (205)918-7430
Charged Party / Respondent, Legal Representative, Dumbacher Robert, Hunton Andrews & Kurth LLP, 600 Peachtree Street, NE, Suite 4100, Atlanta, GA, 30308-2217, (404)888-4007
Charging Party, Individual
Charged Party / Respondent, Employer, Amazon.Com Services, LLC, 975 Powder Plant Road, Bessemer, AL, 35022, (888)892-7180
",,,
C,"Region 03, Buffalo, New York",03-CA-305150,"Amazon.com Services Inc.",Closed,10/14/2022,02/08/2023,"Withdrawal Non-adjusted",Castleton-on-Hudson,NY,800,"8(a)(1) Coercive Rules
8(a)(1) Coercive Statements (Threats, Promises of Benefits, etc.)
8(a)(1) Weingarten
8(a)(3) Discipline
","Charging Party, Legal Representative, Singla Retu, julien, mirer and singla, 1 whitehall street, 16th floor, New York, NY, 10004, (646)228-4729
Charged Party / Respondent, Legal Representative, Dumbacher Robert, Hunton Andrews Kurth LLP, 600 Peachtree St., N.E., Ste.4100, Atlanta, GA, 30308-2219, (404)888-4007
Charged Party / Respondent, Legal Representative, Glasgow Ryan, Hunton Andrews Kurth LLP, 951 East Byrd Street, Richmond, VA, 23219, (804)788-8791
Charged Party / Respondent, Employer, Amazon.com Services Inc., Castleton, NY, 12033
Charging Party, Union, Amazon Labor Union, staten island, NY, 10314
",,,
C,"Region 10, Atlanta, Georgia",10-CA-305169,"Amazon.com Services LLC",Open,10/14/2022,,,"Stone Mountain",GA,100,"8(a)(1) Coercive Statements (Threats, Promises of Benefits, etc.)
8(a)(1) Concerted Activities (Retaliation, Discharge, Discipline)
8(a)(4) Changes in Terms and Conditions of Employment
8(a)(1) Coercive Actions (Surveillance, etc)
8(a)(1) Weingarten
8(a)(4) Discipline
","Charged Party / Respondent, Legal Representative, Stolzenbach Brian, Seyfarth Shaw LLP, 233 S. Wacker Drive, Ste 8000, Chicago, IL, 60606, (312)460-5551
Charged Party / Respondent, Legal Representative, Reed Rachael, Seyfarth Shaw, LLP, 1075 Peachtree St  NE, Suite 2500, Atlanta, GA, 30309-3958, (404)885-1500
Charged Party / Respondent, Employer, Amazon.com Services LLC, Stone Mountain, GA, 30087
Charging Party, Individual
",,,
C,"Region 31, Los Angeles, California",31-CA-305185,"Amazon.com Services LLC and its subsidiary, Amazon Air",Closed,10/13/2022,01/04/2023,"Withdrawal Non-adjusted","San Bernardino",CA,1000,"8(a)(1) Coercive Statements (Threats, Promises of Benefits, etc.)
8(a)(1) Coercive Actions (Surveillance, etc)
8(a)(1) Concerted Activities (Retaliation, Discharge, Discipline)
8(a)(1) Interrogation (including Polling)
","Charging Party, Legal Representative, Naduris-Weissman Eli, Rothner Segall & Greenstone, 510 S. Marengo Avenue, Pasadena, CA, 91101-3115, (626)796-7555
Charged Party / Respondent, Legal Representative, Rich Jamie, Seyfarth Shaw LLP, 560 Mission Street, Suite 3100, San Francisco, CA, 94105-2930, (916)498-7078
Charged Party / Respondent, Legal Representative, Mirrafati Kamran, Buchalter, 2029 Century Park East, Suite 3500, Los Angeles, CA, 90067, (310)201-5290
Charged Party / Respondent, 
Charging Party, Union, Inland Empire Amazon Workers United, Ontario, CA, 91762
Charged Party / Respondent, Employer, Amazon.com Services LLC and its subsidiary, Amazon Air, San Bernardino, CA, 	92346
",,,
R,"Region 21, Los Angeles, California",21-RC-305034,"Amazon.com Services",Closed,10/12/2022,10/21/2022,"Withdrawal Non-adjusted","Moreno Valley",CA,800,,"Employer, Legal Representative, Toner John, Seyfarth Shaw LLP, 975 F Street, NW, Washington, DC, 20004, (202)463-2400
Employer, Legal Representative, Mirrafati Kamran, Buchalter, 2029 Century Park East, Suite 3500, Los Angeles, CA, 90067, (310)201-5290
Petitioner, Legal Representative, Singla Retu, julien, mirer and singla, 1 whitehall street, 16th floor, New York, NY, 10004, (646)228-4729
Petitioner, Union, Amazon Labor Union (ALU), staten island, NY, 10314, (848)210-0636
Employer, Employer, Amazon.com Services, Moreno Valley, CA, 92551
",,"Employees Included:
All hourly full-time and regular-part time In-bound and Out-bound fulfillment center Associates employed at the Employer’s ONT8 building located at 24300 Nandina Avenue, Moreno Valley, California, including all employees in the unit who have worked an average of four (4) hours or more per week during the 13 weeks immediately preceding the eligibility date for the election.

Employees Excluded:
Truck drivers, seasonal employees, temporary employees, clerical employees, professional employees, managerial employees, engineering employees, maintenance employees, robotics employees, information technology employees, delivery associates, loss prevention employees, on-site medical employees, guards and supervisors as defined by the Act.",
C,"Region 03, Buffalo, New York",03-CA-304885,"Amazon.com Services",Closed,10/11/2022,09/01/2023,"Dismissal Non-adjusted",Castleton-on-Hudson,NY,800,"8(a)(1) Coercive Actions (Surveillance, etc)
","Charging Party, Legal Representative, Mirer Jeannie, Amazon Labor Union, 1 Whitehall Street, 16th Floor, New York, NY, 10004, (212)231-2235
Charging Party, Legal Representative, Singla Retu, Amazon Labor Union, 1 Whitehall Street, 16th Floor, New York, NY, 10008, (646)228-4729
Charged Party / Respondent, Legal Representative, Dumbacher Robert, Hunton Andrews & Kurth LLP, 600 Peachtree Street, NE, Suite 4100, Atlanta, GA, 30308-2217, (404)888-4007
Charged Party / Respondent, Legal Representative, Glasgow Ryan, Hunton Andrews Kurth LLP, 951 East Byrd Street, Richmond, VA, 23219, (804)788-8791
Charging Party, Legal Representative, Goldstein Seth, Julien, Mirer, Singla, & Goldstein PLLC, One Whitehall Street, 16th Floor, Manhattan, NY, 10004, (646)460-1309
Charged Party / Respondent, Employer, Amazon.Com Services, Castleton-on-Hudson, NY, 12033
Charging Party, Union, Toms River, NJ, 08753
",,,
C,"Region 18, Minneapolis, Minnesota",18-CA-305076,"Amazon.com Services LLC",Closed,10/11/2022,02/26/2025,"Dismissal Adjusted",Shakopee,MN,2500,"8(a)(1) Concerted Activities (Retaliation, Discharge, Discipline)
","Charged Party / Respondent, Legal Representative, Dieckman Aly, Seyfarth Shaw, LLP, 233 South Wacker Drive, Suite 8000, Chicago, IL, 60606, (206)393-4027
Charged Party / Respondent, Legal Representative, Stolzenbach Brian, Seyfarth Shaw LLP, 233 South Wacker Drive, Suite 8000, Chicago, IL, 60606, (312)460-5551
Charged Party / Respondent, Legal Representative, Burke Cary, Seyfarth Shaw, LLP, 1075 Peachtree St NE Ste 2500, Atlanta, GA, 30309-3958, (404)704-9667
Charged Party / Respondent, Legal Representative, Kuntz Harrison, Seyfarth Shaw LLP, 233 S. Wacker Dr Ste 8000, Chicago, IL, 60606-6448, (312)460-5811
Charging Party, Legal Representative, Mirer Jeanne, 300 Cadman Plaza West, 12th Floor, Brooklyn, NY, 11201, (212)231-2235
Charged Party / Respondent, Legal Representative, Schwartz-Fenwick Samuel, Seyfarth Shaw LLP, 233 South Wacker Drive, Suite 8000, Chicago, IL, 60606-6448, (312)460-5948
Charging Party, Legal Representative, Goldstein Seth, Amazon Labor Union, 900 South Avenue, Suite 100, Staten Island, NY, 10314-3426, (646)460-1309
Charging Party, Union, Amazon Labor Union, 900 South Avenue, Suite 100, Staten Island, NY, 10314, (848)210-0636
Charged Party / Respondent, Employer, Amazon.com Services LLC, 2601 4th Ave E, Shakopee, MN, 55379
",,,
C,"Region 29, Brooklyn, New York",29-CA-304873,"Amazon.com Services Inc.",Closed,10/11/2022,11/15/2022,"Withdrawal Adjusted","Staten Island",NY,8000,"8(a)(3) Discharge (Including Layoff and Refusal to Hire (not salting))
8(a)(1) Concerted Activities (Retaliation, Discharge, Discipline)
8(a)(3) Discipline
8(a)(5) Refusal to Bargain/Bad Faith Bargaining (incl'g surface bargaining/direct dealing)
","Charged Party / Respondent, Legal Representative, Rogers Amber, Hunton Andrews Kurth LLP, 1445 Ross Avenue, Suite 3700, Dallas, TX, 75202, (214)468-3308
Charged Party / Respondent, Legal Representative, Larkin Kurt, Hunton Andrews Kurth LLP, 951 East Byrd Street, Suite 1300, Richmond, VA, 23219, (804)788-8776
Charging Party, Legal Representative, Singla Retu, Julien, Mirer and Singla, 1 Whitehall Street, 16th floor, New York, NY, 10004, (646)228-4729
Charged Party / Respondent, Employer, Amazon.com Services Inc., Staten Island, NY, 10314
Charging Party, Union, Amazon Labor Union, staten island, NY, 10314
",,,
C,"Region 10, Atlanta, Georgia",10-CA-304861,"Amazon.com Services LLC",Closed,10/07/2022,10/25/2022,"Withdrawal Non-adjusted","Stone Mountain",GA,4000,"8(a)(1) Coercive Actions (Surveillance, etc)
8(a)(1) Concerted Activities (Retaliation, Discharge, Discipline)
8(a)(1) Coercive Rules
8(a)(3) Discipline
","Charged Party / Respondent, Legal Representative, Burke Cary, Seyfarth Shaw, LLP, 1075 Peachtree Street, N.E., Suite 2500, Atlanta, GA, 30309, (404)704-9667
Charged Party / Respondent, Employer, Amazon.com Services LLC, Stone Mountain, GA, 30087
Charging Party, Individual
",,,
C,"Region 13, Chicago, Illinois",13-CA-304768,"Amazon.com Services, LLC",Open,10/06/2022,,,Joliet,IL,100,"8(a)(1) Coercive Actions (Surveillance, etc)
8(a)(1) Coercive Statements (Threats, Promises of Benefits, etc.)
","Charged Party / Respondent, Legal Representative, Stolzenbach Brian, Seyfarth Shaw LLP, 233 South Wacker Drive, Suite 8000, Chicago, IL, 60606, (312)460-5000
Charged Party / Respondent, Legal Representative, Sanchez Karla, Seyfarth Shaw LLP, 233 South Wacker Drive, Suite 8000, Chicago, IL, 60606, (312)460-5000
Charged Party / Respondent, Employer, Amazon.com Services, LLC, 201 Emerald Drive, Joliet, IL, 60433
Charging Party, Individual
",,,
C,"Region 29, Brooklyn, New York",29-CA-304859,"Amazon.com Services Inc.",Closed,10/06/2022,11/15/2022,"Withdrawal Adjusted","Staten Island",NY,8000,"8(a)(5) Refusal to Bargain/Bad Faith Bargaining (incl'g surface bargaining/direct dealing)
8(a)(3) Discharge (Including Layoff and Refusal to Hire (not salting))
8(a)(1) Concerted Activities (Retaliation, Discharge, Discipline)
8(a)(5) Refusal to Furnish Information
8(a)(1) Weingarten
","Charged Party / Respondent, Legal Representative, Rogers Amber, Hunton Andrews Kurth LLP, 1445 Ross Avenue, Suite 3700, Dallas, TX, 75202, (214)468-3308
Charged Party / Respondent, Legal Representative, Larkin Kurt, Hunton Andrews Kurth LLP, 951 East Byrd Street, Suite 1300, Richmond, VA, 23219, (804)788-8776
Charging Party, Legal Representative, Singla Retu, Julien, Mirer and Singla, 1 whitehall street, 16th floor, New York, NY, 10004, (646)228-4729
Charged Party / Respondent, Employer, Amazon.com Services Inc., Staten Island, NY, 10314
Charging Party, Union, Amazon Labor Union, Staten Island, NY, 10314
",,,
C,"Region 10, Atlanta, Georgia",10-CA-304784,"Amazon Services.com LLC",Closed,10/05/2022,10/25/2022,"Withdrawal Non-adjusted","Stone Mountain",GA,4000,"8(a)(1) Concerted Activities (Retaliation, Discharge, Discipline)
8(a)(4) Discharge (including Layoff and Refusal to Hire)
8(a)(1) Coercive Actions (Surveillance, etc)
8(a)(1) Coercive Rules
8(a)(1) Weingarten
","Charging Party, Legal Representative, Brookhuis Amanda, The Kirby G. Smith Law Firm, LLC, 4488 N Shallowford Rd. Suite 105, Atlanta, GA, 30338, (844)454-7529
Charged Party / Respondent, Legal Representative, Burke Cary, Seyfarth Shaw, LLP, 1075 Peachtree Street, N.E., Suite 2500, Atlanta, GA, 30309, (404)704-9667
Charged Party / Respondent, Legal Representative, Kershaw Kyllan, Seyfarth Shaw, LLP, 1075 Peachtree St NE Ste 2500, Atlanta, GA, 30309, (404)885-6766
Charged Party / Respondent, Employer, Amazon Services.com LLC, Stone Mountain, GA, 30087
Charging Party, Individual
",,,
C,"Region 03, Buffalo, New York",03-CA-304410,"Amazon.com Services Inc.",Closed,10/03/2022,06/08/2023,"Dismissal Non-adjusted",Castleton-on-Hudson,NY,400,"8(a)(1) Concerted Activities (Retaliation, Discharge, Discipline)
8(a)(1) Interrogation (including Polling)
8(a)(3) Discipline
8(a)(4) Discipline
","Charging Party, Legal Representative, Singla Retu, Julien, Mirer and Singla, 1 whitehall street, 16th floor, New York, NY, 10004, (646)228-4729
Charged Party / Respondent, Legal Representative, Dumbacher Robert, Hunton Andrews Kurth LLP, 600 Peachtree St., N.E., Ste.4100, Atlanta, GA, 30308-2219, (404)888-4007
Charged Party / Respondent, Legal Representative, Glasgow Ryan, Hunton Andrews Kurth LLP, 951 East Byrd Street, Richmond, VA, 23219, (804)788-8791
Charged Party / Respondent, Employer, Amazon.com Services Inc., Castleton, NY, 12033
Charging Party, Union, Amazon Labor Union, staten island, NY, 10314
",,,
C,"Region 03, Buffalo, New York",03-CA-304197,"Amazon.com Services",Closed,09/28/2022,06/12/2023,"Dismissal Non-adjusted",Castleton-on-Hudson,NY,400,"8(a)(1) Coercive Actions (Surveillance, etc)
8(a)(1) Coercive Statements (Threats, Promises of Benefits, etc.)
","Charging Party, Legal Representative, Singla Retu, julien, mirer and singla, 1 whitehall street, 16th floor, New York, NY, 10004, (646)228-4729
Charged Party / Respondent, Legal Representative, Dumbacher Robert, Hunton Andrews Kurth LLP, 600 Peachtree St., N.E., Ste.4100, Atlanta, GA, 30308-2219, (404)888-4007
Charged Party / Respondent, Legal Representative, Glasgow Ryan, Hunton Andrews Kurth LLP, 951 East Byrd Street, Richmond, VA, 23219, (804)788-8791
Charged Party / Respondent, Employer, Amazon.com Services, Castleton, NY, 12033
Charging Party, Union, Amazon Labor Union, staten island, NY, 10314
",,,
C,"Region 04, Philadelphia, Pennsylvania",04-CA-304238,"Amazon.com Services LLC",Closed,09/28/2022,07/01/2026,"Dismissal Non-adjusted",Swedesboro,NJ,200,"8(a)(3) Changes in Terms and Conditions of Employment
8(a)(1) Coercive Rules
","Charged Party / Respondent, Legal Representative, Stolzenbach Brian, Seyfarth Shaw LLP, 233 S. Wacker Drive, Ste 8000, Chicago, IL, 60606, (312)460-5000
Charging Party, Legal Representative, Tykulsker David, David Tykulsker & Associates, 161 Walnut Street, Montclair, NJ, 07042, (973)509-9292
Charging Party, Union, Amazonians United South Jersey Chapter, Philadelphia, PA, 19122
Charged Party / Respondent, Employer, Amazon.com Services LLC, Swedesboro, NJ, 08085
Charged Party / Respondent, Employer, Amazon Logistics, Inc., Seattle, WA, 98109
",,,
C,"Region 03, Buffalo, New York",03-CA-304145,"Amazon.com Services LLC",Closed,09/27/2022,07/14/2023,"Withdrawal Non-adjusted",Castleton-on-Hudson,NY,400,"8(a)(1) Coercive Actions (Surveillance, etc)
","Charging Party, Legal Representative, Singla Retu, Julien, Mirer and Singla, 1 whitehall street, 16th floor, New York, NY, 10004, (646)228-4729
Charged Party / Respondent, Legal Representative, Dumbacher Robert, Hunton Andrews Kurth LLP, 600 Peachtree St., N.E., Ste.4100, Atlanta, GA, 30308-2219, (404)888-4007
Charged Party / Respondent, Legal Representative, Glasgow Ryan, Hunton Andrews Kurth LLP, Riverfront Plaza, East Tower, 951 East Byrd St, Richmond, NY, 23219, (804)788-8791
Charged Party / Respondent, Employer, Amazon.com Services LLC, Castleton, NY, 12033
Charging Party, Union, Amazon Labor Union, staten island, NY, 10314
",,,
C,"Region 03, Buffalo, New York",03-CA-303990,"Amazon.com Services Inc.",Closed,09/26/2022,02/15/2024,"Withdrawal Non-adjusted",Castleton-on-Hudson,NY,400,"8(a)(1) Coercive Actions (Surveillance, etc)
","Charging Party, Legal Representative, Singla Retu, Julien, Mirer and Singla, 1 Whitehall Street, 16th Floor, New York, NY, 10004, (646)228-4729
Charged Party / Respondent, Legal Representative, Dumbacher Robert, Hunton Andrews Kurth LLP, 600 Peachtree St., N.E., Ste.4100, Atlanta, GA, 30308-2219, (404)888-4007
Charged Party / Respondent, Legal Representative, Glasgow Ryan, Hunton Andrews Kurth LLP, Riverfront Plaza, East Tower, 951 East Byrd Street, Richmond, VA, 23219, (404)888-4007
Charged Party / Respondent, Employer, Amazon.com Services Inc., Castleton, NY, 12033
Charging Party, Union, Amazon Labor Union, Staten Island, NY, 10314
",,,
C,"Region 10, Atlanta, Georgia",10-CA-304003,"Amazon.com Services LLC",Closed,09/23/2022,01/10/2025,"Withdrawal Non-adjusted","Stone Mountain",GA,100,"8(a)(1) Coercive Actions (Surveillance, etc)
8(a)(1) Coercive Statements (Threats, Promises of Benefits, etc.)
","Charged Party / Respondent, Legal Representative, Kershaw Kyllan, Seyfarth Shaw, LLP, 1075 Peachtree St NE Ste 2500, Atlanta, GA, 30309, (404)885-6766
Charged Party / Respondent, Legal Representative, Reed Rachael, Seyfarth Shaw, LLP, 1075 Peachtree St  NE, Suite 2500, Atlanta, GA, 30309-3958, (404)885-1500
Charged Party / Respondent, Employer, Amazon.com Services LLC, Stone Mountain, GA, 30087
Charging Party, Individual
",,,
C,"Region 03, Buffalo, New York",03-CA-303751,"Amazon.com Services",Closed,09/21/2022,06/07/2023,"Dismissal Non-adjusted",Castleton-on-Hudson,NY,400,"8(a)(1) Coercive Statements (Threats, Promises of Benefits, etc.)
","Charging Party, Legal Representative, Singla Retu, julien, mirer and singla, 1 whitehall street, 16th floor, New York, NY, 10004, (646)228-4729
Charged Party / Respondent, Legal Representative, Dumbacher Robert, Hunton Andrews & Kurth LLP, 600 Peachtree Street, NE, Suite 4100, Atlanta, GA, 30308-2217, (404)888-4007
Charged Party / Respondent, Employer, Amazon.com Services, Castleton, NY, 12033
Charging Party, Union, Amazon Labor Union, staten island, NY, 10314
Charged Party / Respondent, Additional Service, Hunton Andrews Kurth LLP, Richmond, VA, 23219
",,,
C,"Region 03, Buffalo, New York",03-CA-303760,"Amazon.com Services Inc.",Closed,09/21/2022,09/01/2023,"Dismissal Non-adjusted",Castleton-on-Hudson,NY,400,"8(a)(1) Coercive Statements (Threats, Promises of Benefits, etc.)
","Charging Party, Legal Representative, Singla Retu, Julien, Mirer and Singla, 1 Whitehall Street, 16th Floor, New York, NY, 10004, (646)228-4729
Charged Party / Respondent, Legal Representative, Dumbacher Robert, Hunton Andrews & Kurth LLP, 600 Peachtree Street, NE, Suite 4100, Atlanta, GA, 30308-2217, (404)888-4007
Charging Party, Legal Representative, Goldstein Seth, Julien, Mirer, Singla, & Goldstein PLLC, One Whitehall Street, 16th Floor, Manhattan, NY, 10004, (646)460-1309
Charged Party / Respondent, Employer, Amazon.com Services Inc., Castleton, NY, 12033
Charging Party, Union, Amazon Labor Union, Staten island, NY, 10314
Charged Party / Respondent, Additional Service, Hunton Andrews Kurth LLP, Richmond, VA, 23219
",,,
C,"Region 03, Buffalo, New York",03-CA-303752,"Amazon.com Services LLC",Closed,09/21/2022,06/12/2023,"Dismissal Non-adjusted",Castleton-on-Hudson,NY,400,"8(a)(1) Coercive Statements (Threats, Promises of Benefits, etc.)
","Charging Party, Legal Representative, Singla Retu, julien, mirer and singla, 1 whitehall street, 16th Floor, New York, NY, 10004, (646)228-4729
Charged Party / Respondent, Legal Representative, Dumbacher Robert, Hunton Andrews & Kurth LLP, 600 Peachtree Street, NE, Suite 4100, Atlanta, GA, 30308-2217, (404)888-4007
Charged Party / Respondent, Employer, Amazon.com Services LLC, Castleton, NY, 12033
Charging Party, Union, Amazon Labor Union, staten island, NY, 10314
Charged Party / Respondent, Additional Service, Hunton Andrews Kurth LLP, Richmond, VA, 23219
",,,
C,"Region 03, Buffalo, New York",03-CA-303767,"Amazon.com Services LLC",Closed,09/21/2022,06/12/2023,"Dismissal Non-adjusted",Castleton-on-Hudson,NY,400,"8(a)(3) Changes in Terms and Conditions of Employment
","Charging Party, Legal Representative, Singla Retu, Julien, Mirer and Singla, 1 whitehall street, 16th floor, New York, NY, 10004, (646)228-4729
Charged Party / Respondent, Legal Representative, Dumbacher Robert, Hunton Andrews & Kurth LLP, 600 Peachtree Street, NE, Suite 4100, Atlanta, GA, 30308-2217, (404)888-4007
Charged Party / Respondent, Employer, amazon.com services, Castleton, NY, 12033
Charging Party, Union, Amazon Labor Union, staten island, NY, 10314
Charged Party / Respondent, Additional Service, Hunton Andrews Kurth LLP, Richmond, VA, 23219
",,,
C,"Region 28, Phoenix, Arizona",28-CA-304123,"Amazon.com Services LLC",Closed,09/20/2022,05/01/2023,"Dismissal Non-adjusted",Phoenix,AZ,500,"8(a)(1) Concerted Activities (Retaliation, Discharge, Discipline)
","Charged Party / Respondent, Legal Representative, Stolzenbach Brian, Seyfarth Shaw LLP, 233 S. Wacker Drive, Ste 8000, Chicago, IL, 60606, (312)460-5000
Charging Party, Individual
Charging Party, Additional Service, Law Office of Elliot S. Isaac, P.C., Phoenix, AZ, 85032
Charged Party / Respondent, Employer, Amazon.com Services, LLC, Seattle, WA, 98109
",,,
C,"Region 18, Minneapolis, Minnesota",18-CA-303823,"Amazon.com Services LLC",Open,09/19/2022,,,Kenosha,WI,3000,"8(a)(1) Coercive Rules
","Charged Party / Respondent, Legal Representative, Stolzenbach Brian, Seyfarth Shaw LLP, 233 South Wacker Drive, Suite 8000, Chicago, IL, 60606, (312)460-5551
Charged Party / Respondent, Legal Representative, Kuntz Harrison, Seyfarth Shaw LLP, 233 S. Wacker Dr Ste 8000, Chicago, IL, 60606-6448, (312)460-5811
Charged Party / Respondent, Employer, Amazon Fulfillment Center, 3501 120th Ave., Kenosha, WI, 53144, (888)892-7180
Charging Party, Individual
",,,
C,"Region 09, Cincinnati, Ohio",09-CA-303736,"AMAZON.COM SERVICES LLC",Open,09/19/2022,,,Campbellsville,KY,1000,"8(a)(3) Changes in Terms and Conditions of Employment
8(a)(3) Discipline
","Charged Party / Respondent, Legal Representative, Niedecken Brooke, Littler Mendelson, P.C., 41 South High Street, Columbus, OH, 43215, (614)463-4214
Charged Party / Respondent, Legal Representative, Thorn Jake, Littler Mendelson, P.C., 41 South High St, Suite 3250, Columbus, OH, 43215, (614)463-4256
Charged Party / Respondent, Employer, Amazon.com Services LLC., 1051 S. Columbia Avenue, Campbellsville, KY, 42718, (202)283-6536
Charging Party, Union, Amazon Labor Union, 900 South Avenue, Suite 100, Staten Island, NY, 10314, (646)460-1309
",,,
C,"Region 10, Atlanta, Georgia",10-CA-303565,"Amazon.com Services LLC",Closed,09/19/2022,10/03/2022,"Withdrawal Non-adjusted","Stone Mountain",GA,4000,"8(a)(1) Coercive Statements (Threats, Promises of Benefits, etc.)
8(a)(1) Coercive Actions (Surveillance, etc)
8(a)(1) Coercive Rules
","Charged Party / Respondent, Legal Representative, Burke Cary, 1075 Peachtree Street, N.E., Suite 2500, Atlanta, GA, 30309, (404)704-9667
Charged Party / Respondent, Employer, Amazon.com Services LLC, Stone Mountain, GA, 30087
Charging Party, Individual
",,,
C,"Region 03, Buffalo, New York",03-CA-303092,"Amazon.com Services",Closed,09/12/2022,09/01/2023,"Dismissal Non-adjusted",Castleton-on-Hudson,NY,400,"8(a)(1) Coercive Actions (Surveillance, etc)
8(a)(1) Concerted Activities (Retaliation, Discharge, Discipline)
8(a)(3) Discipline
","Charging Party, Legal Representative, Singla Retu, Julien, Mirer, Singla & Goldstein PLLC, 1 Whitehall Street, 16th Floor, New York, NY, 10004, (646)228-4729
Charged Party / Respondent, Legal Representative, Dumbacher Robert, Hunton Andrews & Kurth LLP, 600 Peachtree Street, NE, Suite 4100, Atlanta, GA, 30308-2217, (404)888-4007
Charging Party, Legal Representative, Goldstein Seth, Julien, Mirer, Singla & Goldstein PLLC, 1 Whitehall Street, 16th Floor, Manhattan, NY, 10004, (646)460-1309
Charged Party / Respondent, Employer, Amazon.com Services, Castleton, NY, 12033
Charging Party, Union, Amazon Labor Union, Staten Island, NY, 10314
Charged Party / Respondent, Additional Service, Hunton Andrews Kurth LLP, Richmond, VA, 23219
",,,
C,"Region 03, Buffalo, New York",03-CA-303098,"Amazon.com Services LLC",Closed,09/12/2022,06/12/2023,"Dismissal Non-adjusted",Castleton-on-Hudson,NY,400,"8(a)(1) Coercive Actions (Surveillance, etc)
8(a)(1) Coercive Statements (Threats, Promises of Benefits, etc.)
","Charging Party, Legal Representative, Singla Retu, julien, mirer and singla, 1 whitehall street, 16th floor, New York, NY, 10004, (646)228-4729
Charged Party / Respondent, Legal Representative, Dumbacher Robert, Hunton Andrews & Kurth LLP, 600 Peachtree Street, NE, Suite 4100, Atlanta, GA, 30308-2217, (404)888-4007
Charged Party / Respondent, Employer, amazon.com services llc, Castleton, NY, 12033
Charging Party, Union, Amazon Labor Union, staten island, NY, 10314
Charged Party / Respondent, Additional Service, Hunton Andrews Kurth LLP, Richmond, VA, 23219
",,,
C,"Region 03, Buffalo, New York",03-CA-302677,"Amazon.com Services LLC",Closed,09/06/2022,02/08/2023,"Withdrawal Non-adjusted",Castleton-on-Hudson,NY,800,"8(a)(1) Coercive Statements (Threats, Promises of Benefits, etc.)
","Charged Party / Respondent, Legal Representative, Dumbacher Robert, Hunton Andrews & Kurth LLP, 600 Peachtree Street, NE, Suite 4100, Atlanta, GA, 30308-2217, (404)888-4007
Charged Party / Respondent, Employer, Amazon.com Services LLC, Castleton-on-Hudson, NY, 12033
Charging Party, Union, Amazon Labor Union, Staten Island, NY, 10314
Charged Party / Respondent, Additional Service, Hunton Andrews Kurth LLP, Richmond, VA, 23219
",,,
C,"Region 29, Brooklyn, New York",29-CA-302707,"Amazon.com Services LLC",Closed,09/06/2022,12/06/2022,"Dismissal Non-adjusted","Staten Island",NY,8200,"8(a)(1) Coercive Statements (Threats, Promises of Benefits, etc.)
","Charged Party / Respondent, Legal Representative, Rogers Amber, Hunton Andrews Kurth LLP, 1445 Ross Avenue, Suite 3700, Dallas, TX, 75202, (214)468-3308
Charged Party / Respondent, Legal Representative, Larkin Kurt, Hunton Andrews Kurth LLP, 951 East Byrd Street, Suite 1300, Richmond, VA, 23219, (804)788-8776
Charged Party / Respondent, Legal Representative, Glasgow Ryan, Hunton Andrews Kurth LLP, 951 East Byrd Street, Richmond, VA, 23219, (804)788-8791
Charging Party, Legal Representative, Goldstein Seth, 217 Hadleigh Dr., Cherry Hill, NJ, 08003, (646)460-1309
Charged Party / Respondent, Employer, Amazon.com Services LLC, Staten Island, NY, 10314
Charging Party, Union, Amazon Labor Union, Staten Island, NY, 10314
",,,
C,"Region 03, Buffalo, New York",03-CA-302683,"Amazon.com Services LLC",Closed,09/06/2022,06/09/2023,"Dismissal Non-adjusted",Castleton-on-Hudson,NY,800,"8(a)(3) Discharge (Including Layoff and Refusal to Hire (not salting))
8(a)(1) Concerted Activities (Retaliation, Discharge, Discipline)
8(a)(1) Coercive Actions (Surveillance, etc)
","Charged Party / Respondent, Legal Representative, Dumbacher Robert, Hunton Andrews & Kurth LLP, 600 Peachtree Street, NE, Suite 4100, Atlanta, GA, 30308-2217, (404)888-4007
Charged Party / Respondent, Employer, Amazon.Com Services, Castleton-on-Hudson, NY, 12033
Charging Party, Union, Amazon Labor Union, Cherry Hill, NJ, 08003
Charged Party / Respondent, Additional Service, Hunton Andrews Kurth LLP, Richmond, VA, 23219
",,,
C,"Region 03, Buffalo, New York",03-CA-302673,"Amazon.com Services Inc.",Closed,09/06/2022,02/08/2023,"Withdrawal Non-adjusted",Castleton-on-Hudson,NY,400,"8(a)(1) Coercive Statements (Threats, Promises of Benefits, etc.)
","Charging Party, Legal Representative, Singla Retu, julien, mirer and singla, 1 whitehall street, 16th floor, New York, NY, 10004, (646)228-4729
Charged Party / Respondent, Legal Representative, Dumbacher Robert, Hunton Andrews & Kurth LLP, 600 Peachtree Street, NE, Suite 4100, Atlanta, GA, 30308-2217, (404)888-4007
Charged Party / Respondent, Employer, Amazon.com Services Inc., Castleton, NY, 12033
Charging Party, Union, Amazon Labor Union, staten island, NY, 10314
Charged Party / Respondent, Additional Service, Hunton Andrews Kurth LLP, Richmond, VA, 23219
",,,
C,"Region 03, Buffalo, New York",03-CA-302731,"Amazon.com Services",Closed,09/06/2022,06/28/2023,"Dismissal Non-adjusted",Castleton-on-Hudson,NY,400,"8(a)(1) Coercive Actions (Surveillance, etc)
8(a)(1) Coercive Rules
","Charging Party, Legal Representative, Singla Retu, julien, mirer and singla, 1 whitehall street, 16th floor, New York, NY, 10004, (646)228-4729
Charged Party / Respondent, Legal Representative, Dumbacher Robert, Hunton Andrews & Kurth LLP, 600 Peachtree Street, NE, Suite 4100, Atlanta, GA, 30308-2217, (404)888-4007
Charged Party / Respondent, Employer, Amazon.com Services, Castleton, NY, 12033
Charging Party, Union, Amazon Labor Union, staten island, NY, 10314
Charged Party / Respondent, Additional Service, Hunton Andrews Kurth LLP, Richmond, VA, 23219
",,,
C,"Region 29, Brooklyn, New York",29-CA-302695,"Amazon.com Services LLC",Closed,09/06/2022,11/07/2022,"Withdrawal Non-adjusted","Staten Island",NY,8200,"8(a)(1) Coercive Actions (Surveillance, etc)
","Charged Party / Respondent, Legal Representative, Rogers Amber, Hunton Andrews Kurth LLP, 1445 Ross Avenue, Suite 3700, Dallas, TX, 75202, (214)468-3308
Charged Party / Respondent, Legal Representative, Larkin Kurt, Hunton Andrews Kurth LLP, 951 East Byrd Street, Suite 1300, Richmond, VA, 23219, (804)788-8776
Charged Party / Respondent, Legal Representative, Glasgow Ryan, Hunton Andrews Kurth LLP, 951 East Byrd Street, Richmond, VA, 23219, (804)788-8791
Charged Party / Respondent, Employer, Amazon.com Services LLC, Staten Island, NY, 10314
Charging Party, Union, Amazon Labor Union, Staten Island, NY, 10314
",,,
C,"Region 10, Atlanta, Georgia",10-CA-302795,"Amazon.com LLC",Closed,09/06/2022,09/26/2022,"Withdrawal Non-adjusted","Stone Mountain",GA,4000,"8(a)(1) Coercive Statements (Threats, Promises of Benefits, etc.)
8(a)(1) Coercive Actions (Surveillance, etc)
8(a)(1) Coercive Rules
","Charged Party / Respondent, Legal Representative, Burke Cary, 1075 Peachtree Street, N.E., Suite 2500, Atlanta, GA, 30309, (404)704-9667
Charged Party / Respondent, Legal Representative, Kershaw Kyllan, Seyfarth Shaw, LLP, 1075 Peachtree St NE Ste 2500, Atlanta, GA, 30309, (404)885-6766
Charged Party / Respondent, Employer, Amazon.com LLC, Stone Mountain, GA, 30087
Charging Party, Individual
",,,
C,"Region 10, Atlanta, Georgia",10-CA-302786,"Amazon.com Services LLC",Open,09/06/2022,,,"Stone Mountain",GA,4000,"8(a)(1) Coercive Statements (Threats, Promises of Benefits, etc.)
8(a)(1) Coercive Actions (Surveillance, etc)
","Charged Party / Respondent, Legal Representative, Stolzenbach Brian, Seyfarth Shaw LLP, 233 South Wacker Drive, Suite 8000, Chicago, IL, 60606, (312)460-5000
Charged Party / Respondent, Legal Representative, Reed Rachael, Seyfarth Shaw, LLP, 1075 Peachtree St  NE, Suite 2500, Atlanta, GA, 30309-3958, (404)885-1500
Charged Party / Respondent, Employer, Amazon.com Services LLC, Stone Mountain, GA, 30087
Charging Party, Individual
",,,
C,"Region 29, Brooklyn, New York",29-CA-302678,"Amazon.com Services, LLC",Closed,09/02/2022,02/10/2023,"Dismissal Non-adjusted","Staten Island",NY,600,"8(a)(1) Coercive Statements (Threats, Promises of Benefits, etc.)
","Charged Party / Respondent, Legal Representative, Rogers Amber, Hunton Andrews Kurth LLP, 1445 Ross Avenue, Suite 3700, Dallas, TX, 75202, (214)468-3308
Charging Party, Legal Representative, Mirer Jeanne, Julien Mirer & Singla, PLLC, 1 Whitehall Street, 16th Floor, New York, NY, 10004, (212)231-2235
Charged Party / Respondent, Legal Representative, Larkin Kurt, Hunton Andrews Kurth LLP, 951 East Byrd Street, Suite 1300, Richmond, VA, 23219, (804)788-8776
Charged Party / Respondent, Legal Representative, Glasgow Ryan, Hunton Andrews Kurth LLP, 951 East Byrd Street, Richmond, VA, 23219, (804)788-8791
Charged Party / Respondent, Employer, Amazon.com Services, LLC, Staten Island, NY, 10314
Charging Party, Union, Amazon Labor Union, Staten Island, NY, 10314
",,,
C,"Region 03, Buffalo, New York",03-CA-302171,"Amazon.com Services",Closed,08/29/2022,09/01/2023,"Dismissal Non-adjusted",Castleton-on-Hudson,NY,400,"8(a)(3) Discipline
8(a)(4) Discipline
8(a)(1) Weingarten
","Charging Party, Legal Representative, Mirer Jeannie, Amazon Labor Union, 1 Whitehall Street, 16th Floor, New York, NY, 10004, (212)231-2235
Charging Party, Legal Representative, Singla Retu, Julien, Mirer, Singla, & Goldstein PLLC, 1 whitehall street, 16th floor, New York, NY, 10004, (646)228-4729
Charged Party / Respondent, Legal Representative, Dumbacher Robert, Hunton Andrews & Kurth LLP, 600 Peachtree Street, NE, Suite 4100, Atlanta, GA, 30308-2217, (404)888-4007
Charged Party / Respondent, Legal Representative, Glasgow Ryan, Hunton Andrews Kurth LLP, 951 East Byrd Street, Richmond, VA, 23219, (804)788-8791
Charging Party, Legal Representative, Goldstein Seth, Julien, Mirer, Singla, & Goldstein PLLC, One Whitehall Street, 16th Floor, Manhattan, NY, 10004, (646)460-1309
Charged Party / Respondent, Employer, Amazon.com Services, Castleton, NY, 12033
Charging Party, Union, Amazon Labor Union, staten island, NY, 10314
",,,
C,"Region 03, Buffalo, New York",03-CA-302174,"Amazon.com Services LLC",Closed,08/29/2022,09/01/2023,"Dismissal Non-adjusted",Castleton-on-Hudson,NY,400,"8(a)(1) Concerted Activities (Retaliation, Discharge, Discipline)
8(a)(1) Coercive Rules
8(a)(3) Discipline
8(a)(4) Discipline
","Charging Party, Legal Representative, Singla Retu, julien, mirer and singla, 1 whitehall street, 16th floor, New York, NY, 10004, (646)228-4729
Charged Party / Respondent, Legal Representative, Dumbacher Robert, Hunton Andrews Kurth LLP, 600 Peachtree St., N.E., Ste.4100, Atlanta, GA, 30308-2219, (404)888-4007
Charged Party / Respondent, Legal Representative, Glasgow Ryan, Hunton Andrews Kurth LLP, Riverfront Plaza, East Tower, 951 East Byrd Street, Richmond, VA, 23219, (404)888-4007
Charging Party, Legal Representative, Goldstein Seth, Julien, Mirer, Singla, & Goldstein PLLC, One Whitehall Street, 16th Floor, Manhattan, NY, 10004, (646)460-1309
Charged Party / Respondent, Employer, Amazon.com Services LLC, Castleton, NY, 12033
Charging Party, Union, Amazon Labor Union, staten island, NY, 10314
",,,
C,"Region 10, Atlanta, Georgia",10-CA-302410,"Amazon.com Services LLC",Closed,08/29/2022,12/27/2022,"Withdrawal Non-adjusted","Stone Mountain",GA,4000,"8(a)(1) Coercive Actions (Surveillance, etc)
8(a)(1) Coercive Rules
","Charged Party / Respondent, Legal Representative, Burke Cary, Seyfarth Shaw, LLP, 1075 Peachtree St NE Ste 2500, Atlanta, GA, 30309-3958, (404)704-9667
Charged Party / Respondent, Employer, Amazon.com Services LLC, Stone Mountain, GA, 30087
Charging Party, Individual
",,,
C,"Region 03, Buffalo, New York",03-CA-302172,"Amazon.com Services LLC",Open,08/29/2022,,,Castleton-on-Hudson,NY,400,"8(a)(1) Coercive Actions (Surveillance, etc)
8(a)(1) Coercive Rules
","Charging Party, Legal Representative, Mirer Jeannie, Amazon Labor Union, 1 Whitehall Street, 16th Floor, New York, NY, 10004, (212)231-2235
Charging Party, Legal Representative, Singla Retu, Julien, Mirer, Singla, & Goldstein PLLC, 1 whitehall street, 16th floor, New York, NY, 10004, (646)228-4729
Charged Party / Respondent, Legal Representative, Dumbacher Robert, Hunton Andrews & Kurth LLP, 600 Peachtree Street, NE, Suite 4100, Atlanta, GA, 30308-2217, (404)888-4007
Charged Party / Respondent, Legal Representative, Glasgow Ryan, Hunton Andrews Kurth LLP, 951 East Byrd Street, Richmond, VA, 23219, (804)788-8791
Charging Party, Legal Representative, Goldstein Seth, Julien, Mirer, Singla, & Goldstein PLLC, One Whitehall Street, 16th Floor, Manhattan, NY, 10004, (646)460-1309
Charged Party / Respondent, Employer, Amazon.com Services, LLC, Castleton, NY, 12033
Charging Party, Union, Amazon Labor Union, staten island, NY, 10314
",,,
C,"Region 03, Buffalo, New York",03-CA-302091,"Amazon.com Services LLC",Open,08/26/2022,,,Castleton-on-Hudson,NY,400,"8(a)(1) Coercive Actions (Surveillance, etc)
","Charging Party, Legal Representative, Singla Retu, julien, mirer and singla, 1 Whitehall Street, 16th floor, New York, NY, 10004, (646)228-4729
Charged Party / Respondent, Legal Representative, Dumbacher Robert, Hunton Andrews Kurth LLP, 600 Peachtree St., N.E., Ste.4100, Atlanta, GA, 30308-2219, (404)888-4007
Charged Party / Respondent, Legal Representative, Glasgow Ryan, Hunton Andrews Kurth LLP, 951 East Byrd Street, Richmond, VA, 23219, (804)788-8791
Charging Party, Union, Amazon Labor Union, 900 South Avenue, Suite 100, Staten Island, NY, 10314, (848)210-0636
Charged Party / Respondent, Employer, Amazon.com Services Inc., 1835 US Route 9 ALB1, Castleton, NY, 12033, (800)280-4331
",,,
C,"Region 03, Buffalo, New York",03-CA-302078,"Amazon.com Services LLC",Closed,08/26/2022,10/31/2022,"Withdrawal Non-adjusted",Castleton-on-Hudson,NY,400,"8(a)(3) Discharge (Including Layoff and Refusal to Hire (not salting))
8(a)(1) Concerted Activities (Retaliation, Discharge, Discipline)
","Charging Party, Legal Representative, Singla Retu, julien, mirer and singla, 1 Whitehall Street, 16th floor, New York, NY, 10004, (646)228-4729
Charged Party / Respondent, Legal Representative, Dumbacher Robert, Hunton Andrews Kurth LLP, 600 Peachtree St., N.E., Ste.4100, Atlanta, GA, 30308-2219, (404)888-4007
Charged Party / Respondent, Legal Representative, Glasgow Ryan, Hunton Andrews Kurth LLP, 951 East Byrd Street, Richmond, VA, 23219, (804)788-8791
Charged Party / Respondent, Employer, Amazon.com Services LLC, Castleton, NY, 12033
Charging Party, Union, Amazon Labor Union, Staten Island, NY, 10314
",,,
C,"Region 03, Buffalo, New York",03-CA-301909,"Amazon.com Services LLC",Closed,08/24/2022,02/08/2023,"Withdrawal Non-adjusted",Castleton-on-Hudson,NY,400,"8(a)(1) Coercive Statements (Threats, Promises of Benefits, etc.)
","Charging Party, Legal Representative, Singla Retu, julien, mirer and singla, 1 whitehall street, 16th floor, New York, NY, 10004, (646)228-4729
Charged Party / Respondent, Legal Representative, Dumbacher Robert, Hunton Andrews Kurth LLP, 600 Peachtree St., N.E., Ste.4100, Atlanta, GA, 30308-2219, (404)888-4007
Charged Party / Respondent, Legal Representative, Glasgow Ryan, Hunton Andrews Kurth LLP, Riverfront Plaza - East Tower, 951 E. Byrd Street, Richmond, VA, 23219, (804)788-8791
Charged Party / Respondent, Employer, Amazon.com Services LLC, Castleton, NY, 12033
Charging Party, Union, Amazon Labor Union, staten island, NY, 10314
",,,
C,"Region 03, Buffalo, New York",03-CA-301917,"Amazon.com Services LLC",Open,08/24/2022,,,Castleton-on-Hudson,NY,400,"8(a)(1) Coercive Actions (Surveillance, etc)
8(a)(1) Coercive Rules
","Charging Party, Legal Representative, Mirer Jeannie, Amazon Labor Union, 1 Whitehall Street, 16th Floor, New York, NY, 10004, (212)231-2235
Charging Party, Legal Representative, Singla Retu, Julien, Mirer, Singla, & Goldstein PLLC, 1 whitehall street, 16th floor, new york, NY, 10004, (646)228-4729
Charged Party / Respondent, Legal Representative, Dumbacher Robert, Hunton Andrews Kurth LLP, 600 Peachtree St., N.E., Ste.4100, Atlanta, GA, 30308-2219, (404)888-4007
Charged Party / Respondent, Legal Representative, Glasgow Ryan, Hunton Andrews Kurth LLP, Riverfront Plaza - East Tower, 951 E. Byrd Street, Richmond, VA, 23219, (804)788-8791
Charging Party, Legal Representative, Goldstein Seth, Julien, Mirer, Singla, & Goldstein PLLC, One Whitehall Street, 16th Floor, Manhattan, NY, 10004, (646)460-1309
Charging Party, Union, Amazon Labor Union, 900 south avenue, suite 100, staten island, NY, 10314, (848)210-0636
Charged Party / Respondent, Employer, Amazon.com Services, 1835 US Rout 9 ALB1, Castleton, NY, 12033-9634, (800)280-4331
",,,
C,"Region 05, Baltimore, Maryland",05-CA-301894,"Amazon, Inc. LLC",Open,08/23/2022,,,"Upper Marlboro",MD,120,"8(a)(1) Coercive Actions (Surveillance, etc)
8(a)(1) Coercive Statements (Threats, Promises of Benefits, etc.)
8(a)(1) Coercive Rules
","Charged Party / Respondent, Legal Representative, NORTH EDWARD, SEYFARTH SHAW LLP, 975 F STREET, NW, WASHINGTON, DC, 20004, (202)828-5323
Charged Party / Respondent, Legal Representative, Toner Jack, Seyfarth Shaw LLP, 975 F Street NW, Washington, DC, 20004-1454, (202)463-2400
Charged Party / Respondent, Legal Representative, Phillips John, 700 MILAM STREET, STE 1400, HOUSTON, TX, 77002, (713)225-2300
Charged Party / Respondent, Employer, Amazon, Inc. LLC, Upper Marlboro, MD, 20774
Charging Party, Union, Amazonians United, Washington, DC, 20037
",,,
C,"Region 03, Buffalo, New York",03-CA-301886,"Amazon.com Services Inc.",Closed,08/23/2022,09/01/2023,"Dismissal Non-adjusted",Castleton-on-Hudson,NY,400,"8(a)(1) Coercive Actions (Surveillance, etc)
8(a)(1) Coercive Statements (Threats, Promises of Benefits, etc.)
8(a)(1) Interrogation (including Polling)
","Charging Party, Legal Representative, Mirer Jeannie, Amazon Labor Union, 1 Whitehall Street, 16th Floor, New York, NY, 10004, (212)231-2235
Charging Party, Legal Representative, Singla Retu, Julien, Mirer, Singla & Goldstein PLLC, 1 whitehall street, 16th floor, New York, NY, 10004, (646)228-4729
Charged Party / Respondent, , Dumbacher Robert, Hunton Andrews & Kurth LLP, 600 Peachtree Street, NE, Suite 4100, Atlanta, GA, 30308-2217, (404)888-4007
Charged Party / Respondent, , Glasgow Ryan, Hunton Andrews Kurth LLP, 951 East Byrd Street, Richmond, VA, 23219, (804)788-8791
Charged Party / Respondent, Employer, Amazon.com Services Inc., Castleton, NY, 12033-9634
Charging Party, Union, Amazon Labor Union, Staten Island, NY, 10314
",,,
C,"Region 09, Cincinnati, Ohio",09-CA-301987,"AMAZON.COM SERVICES LLC",Open,08/22/2022,,,Campbellsville,KY,800,"8(a)(3) Discharge (Including Layoff and Refusal to Hire (not salting))
8(a)(1) Concerted Activities (Retaliation, Discharge, Discipline)
8(a)(1) Coercive Actions (Surveillance, etc)
","Charged Party / Respondent, Legal Representative, Niedecken Brooke, Littler Mendelson, P.C., 41 South High Street, Columbus, OH, 43215, (614)463-4214
Charged Party / Respondent, Legal Representative, Thorn Jake, Littler Mendelson, P.C., 41 South High St, Suite 3250, Columbus, OH, 43215, (614)463-4256
Charged Party / Respondent, Legal Representative, Carter Morena, Littler Mendelson, P. C., 41 South High Street, Suite 3250, Columbus, OH, 43215, (614)463-4207
Charged Party / Respondent, Employer, Amazon.com Services LLC, SDF1 1051 South Columbia Avenue, Campbellsville, KY, 42718, (855)570-1766
Charging Party, Union, Amazon Labor Union, 900 South Avenue Suite 100, Staten Island, NY, 10314, (773)930-6723
",,,
C,"Region 13, Chicago, Illinois",13-CA-301810,"Amazon.com Services LLC",Open,08/19/2022,,,Joliet,IL,1000,,"Charging Party, Legal Representative, Schwartz Arthur, Advocate for Justice Chartered Attorneys, 225 Broadway, Ste 1902, New York, NY, 10007-3006, (212)285-1400
Charged Party / Respondent, Legal Representative, Stolzenbach Brian, Seyfarth Shaw LLP, 233 S. Wacker Drive, Ste 8000, Chicago, IL, 60606, (312)460-5000
Charged Party / Respondent, Legal Representative, Kuntz Harrison, Seyfarth Shaw LLP, 233 South Wacker Drive, Suite 8000, Chicago, IL, 60606, (310)597-1559
Charging Party, Legal Representative, Mirer Jeannie, Julien Mirer & Associates, PLLC, 300 Cadman Plaza West, 12th Floor, Brooklyn, NY, 11201, (212)231-2235
Charged Party / Respondent, Legal Representative, Sanchez Karla, Seyfarth Shaw LLP, 233 S. Wacker Drive, Ste 8000, Chicago, IL, 60606, (312)460-5000
Charged Party / Respondent, Legal Representative, Larkin Kurt, Hunton Andrews & Kurth LLP, Riverfront Plaza, East Tower, 	436 East Byrd Street, Richmond, VA, 23219, (804)788-8776
Charging Party, Legal Representative, Klein Lucas, Schuchat, Cook & Werner, 555 Washington Ave, Suite 520, St. Louis, MO, 63101, (314)621-2626
Charging Party, Legal Representative, Klein Lucas, Schuchat, Cook & Werner, 555 Washington Avenue, Suite 520, St. Louis, MO, 63101, (314)621-2626
Charged Party / Respondent, Legal Representative, Glasgow Ryan, Hunton Andrews Kurth LLP, 951 East Byrd Street, Richmond, VA, 23219, (804)788-8791
Charged Party / Respondent, Legal Representative, Kopstein Stephen, Hunton Andrews Kurth LLP, 951 East Byrd Street, Richmond, VA, 23219, (202)778-2219
",,,
C,"Region 12, Tampa, Florida",12-CA-301709,"Amazon.com Services, LLC.",Closed,08/18/2022,09/12/2022,"Withdrawal Non-adjusted",Orlando,FL,2465,"8(a)(1) Coercive Statements (Threats, Promises of Benefits, etc.)
8(a)(1) Coercive Actions (Surveillance, etc)
8(a)(1) Coercive Rules
","Charged Party / Respondent, Legal Representative, Schwartz-Fenwick Samuel, Seyfarth Shaw LLP, 233 South Wacker Drive, Suite 8000, Chicago, IL, 60606-6448, (312)460-5948
Charged Party / Respondent, Employer, Amazon.com Services, LLC., Orlando, FL, 32824
Charging Party, Individual
",,,
R,"Region 03, Buffalo, New York",03-RC-301507,"Amazon.com Services LLC",Closed,08/17/2022,07/01/2026,"Certification of Results",Castleton-on-Hudson,NY,400,,"Employer, Legal Representative, Stolzenbach Brian, Seyfarth Shaw LLP, 233 South Wacker Drive, Suite 8000, Chicago, IL, 60606, (312)460-5000
Petitioner, Legal Representative, Singla Retu, Julien, Mirer and Singla, 1 Whitehall Street, 16th floor, New York, NY, 10004, (646)228-4729
Employer, Legal Representative, Dumbacher Robert, Hunton Andrews Kurth LLP, 600 Peachtree St., N.E., Ste.4100, Atlanta, GA, 30308-2219, (404)888-4007
Employer, Legal Representative, Glasgow Ryan, Hunton Andrews Kurth LLP, 951 East Byrd Street, Richmond, VA, 23219, (804)788-8791
Petitioner, Union, Amazon Labor Union (ALU), Staten Island, NY, 10314, (848)210-0636
Employer, Employer, Amazon.com Services LLC, Castleton, NY, 12033-9634, (888)280-4331
",,"Included: All hourly full-time and regular-part time fulfillment center associates employed at the Employer’s ALB1 building located at 1835 US ROUTE 9 US, Castleton, New York, including all employees in the unit who have worked an average of four (4) hours or more per week during the 13 weeks immediately preceding the eligibility date for the election. Excluded: Truck drivers, seasonal employees, temporary employees, clerical employees, professional employees, managerial employees, engineering employees, maintenance employees, robotics employees, information technology employees, delivery associates, loss prevention employees, on-site medical employees, guards and supervisors as defined by the Act.",949
C,"Region 03, Buffalo, New York",03-CA-300876,"Amazon.com Services LLC",Closed,08/08/2022,08/26/2022,"Withdrawal Non-adjusted",Castleton-on-Hudson,NY,400,"8(a)(3) Discharge (Including Layoff and Refusal to Hire (not salting))
8(a)(1) Concerted Activities (Retaliation, Discharge, Discipline)
","Charged Party / Respondent, Legal Representative, Dumbacher Robert, Hunton Andrews Kurth LLP, 600 Peachtree St., N.E., Ste.4100, Atlanta, GA, 30308-2219, (404)888-4007
Charged Party / Respondent, Legal Representative, Glasgow Ryan, Hunton Andrews Kurth LLP, 951 East Byrd Street, Richmond, VA, 23219, (804)788-8791
Charged Party / Respondent, Employer, Amazon.com Services LLC, Castleton-on-Hudson, NY, 12033
Charging Party, Union, Amazon Labor Union, Staten Island, NY, 10314
",,,
C,"Region 03, Buffalo, New York",03-CA-300686,"Amazon.com Services LLC",Closed,08/04/2022,01/26/2024,"Withdrawal Non-adjusted",Castleton-on-Hudson,NY,400,"8(a)(1) Discharge of supervisor (Parker-Robb Chevrolet)
8(a)(3) Discharge (Including Layoff and Refusal to Hire (not salting))
8(a)(4) Discharge (including Layoff and Refusal to Hire)
","Charged Party / Respondent, Legal Representative, Dumbacher Robert, Hunton Andrews Kurth LLP, 600 Peachtree St., N.E., Ste.4100, Atlanta, GA, 30308-2219, (404)888-4007
Charged Party / Respondent, Legal Representative, Glasgow Ryan, Hunton Andrews & Kurth LLP, Riverfront Plaza, East Tower, 951 East Byrd St, Richmond, NY, 23219, (804)788-8791
Charged Party / Respondent, Employer, Amazon.com Services LLC, Castleton-On-Hudson, NY, 12033
Charging Party, Union, Amazon Labor Union, Staten Island, NY, 10314
",,,
C,"Region 29, Brooklyn, New York",29-CA-300805,"Amazon.com Services LLC",Open,08/04/2022,,,"Staten Island",NY,8000,"8(a)(1) Concerted Activities (Retaliation, Discharge, Discipline)
8(a)(1) Coercive Actions (Surveillance, etc)
8(a)(1) Coercive Rules
8(a)(5) Repudiation/Modification of Contract [Sec 8(d)/Unilateral Changes]
","Charged Party / Respondent, Legal Representative, Rogers Amber, Hunton Andrews Kurth LLP, 1445 Ross Avenue, Suite 3700, Dallas, TX, 75202, (214)468-3308
Charged Party / Respondent, Legal Representative, Larkin Kurt, Hunton Andrews Kurth LLP, 951 East Byrd Street, Suite 1300, Richmond, VA, 23219, (804)788-8776
Charging Party, Legal Representative, Singla Retu, Julien Mirer and Singla A Working Peoples Law Center, 1 Whitehall Street, 16th floor, New York, NY, 10004, (646)228-4729
Charged Party / Respondent, Legal Representative, Glasgow Ryan, Hunton Andrews Kurth LLP, Riverfront Plaza East Tower,  951 East Byrd Street, Richmond, VA, 23219, (804)788-8791
Charged Party / Respondent, Employer, Amazon.com Services LLC, Staten Island, NY, 10314
Charging Party, Union, Amazon Labor Union, Staten Island, NY, 10314
",,,
C,"Region 10, Atlanta, Georgia",10-CA-300326,"Amazon SNC2",Closed,07/28/2022,08/16/2022,"Dismissal Non-adjusted",Huntersville,NC,200,"8(a)(5) Refusal to Recognize
","Charged Party / Respondent, Legal Representative, Moore Reilly, Hunton Andrews Kurth LLP, Riverfront Plaza, East Tower, 2951 East Byrd Street, Richmond, VA, 23219, (804)788-8409
Charged Party / Respondent, Employer, Amazon SNC2, Huntersville, NC, 28078
Charging Party, Individual
Charged Party / Respondent, Additional Service, Corporation Service Company Inc., Montgomery, AL, 36104
",,,
C,"Region 03, Buffalo, New York",03-CA-299957,"Amazon.com Services LLC",Open,07/25/2022,,,Castleton-on-Hudson,NY,400,"8(a)(1) Concerted Activities (Retaliation, Discharge, Discipline)
8(a)(3) Discipline
8(a)(3) Refusal to Reinstate E'ee/Striker (e.g. Laidlaw)
8(a)(1) Coercive Actions (Surveillance, etc)
","Charging Party, Legal Representative, Mirer Jeannie, Amazon Labor Union, 1 Whitehall Street, 16th Floor, New York, NY, 10004, (212)231-2235
Charged Party / Respondent, Legal Representative, Dumbacher Robert, Hunton Andrews Kurth LLP, 600 Peachtree St., N.E., Ste.4100, Atlanta, GA, 30308-2219, (404)888-4007
Charged Party / Respondent, Legal Representative, Glasgow Ryan, Hunton Andrews Kurth LLP, Riverfront Plaza - East Tower, 951 E. Byrd Street, Richmond, VA, 23219, (804)788-8791
Charging Party, Legal Representative, Goldstein Seth, Julien Mirer & Singla, PLLC, A Working Peoples' Law Firm, One Whitehall Street, 16th Floor, Manhattan, NY, 10004, (646)460-1309
Charged Party / Respondent, Employer, Amazon.com Services LLC, Castleton-on-Hudson, NY, 12033
Charging Party, Union, Julien, Mirer & Singla, PLLC, New York, NY, 10004
",,,
C,"Region 09, Cincinnati, Ohio",09-CA-299994,"AMAZON.COM SERVICES LLC",Open,07/25/2022,,,Campbellsville,KY,800,"8(a)(1) Concerted Activities (Retaliation, Discharge, Discipline)
8(a)(3) Changes in Terms and Conditions of Employment
8(a)(3) Discipline
","Charged Party / Respondent, Legal Representative, Niedecken Brooke, Littler Mendelson, P.C., 41 South High Street, Columbus, OH, 43215, (614)463-4214
Charged Party / Respondent, Legal Representative, Thorn Jake, Littler Mendelson, P.C., 41 South High St, Suite 3250, Columbus, OH, 43215, (614)463-4256
Charged Party / Respondent, Legal Representative, Carter Morena, Littler Mendelson, P. C., 41 South High Street, Suite 3250, Columbus, OH, 43215, (614)463-4207
Charged Party / Respondent, Employer, Amazon.com Services LLC, SDF1, 1051 South Columbia Avenue, Campbellsville, KY, 42718, (855)570-1766
Charging Party, Union, Amazon Labor Union, 900 South Avenue Suite 100, Staten Island, NY, 10314, (848)210-0636
",,,
C,"Region 29, Brooklyn, New York",29-CA-299975,"Amazon.com Services LLC",Closed,07/21/2022,10/19/2022,"Dismissal Non-adjusted","Staten Island",NY,8200,"8(a)(3) Discipline
8(a)(3) Changes in Terms and Conditions of Employment
","Charged Party / Respondent, Legal Representative, Rogers Amber, Hunton Andrews Kurth LLP, 1445 Ross Avenue, Suite 3700, Dallas, TX, 75202, (214)468-3308
Charged Party / Respondent, Legal Representative, Larkin Kurt, Hunton Andrews Kurth LLP, 951 East Byrd Street, Suite 1300, Richmond, VA, 23219, (804)788-8776
Charged Party / Respondent, Legal Representative, Glasgow Ryan, Hunton Andrews Kurth LLP, Riverfront Plaza East Tower,  951 East Byrd Street, Richmond, VA, 23219, (804)788-8791
Charged Party / Respondent, Employer, Amazon.com Services LLC., Staten Island, NY, 10314
Charging Party, Union, Amazon Labor Union, Staten Island, NY, 10314
",,,
C,"Region 03, Buffalo, New York",03-CA-299486,"Amazon.com Services LLC",Closed,07/18/2022,02/15/2024,"Withdrawal Non-adjusted",Castleton-on-Hudson,NY,400,"8(a)(1) Coercive Actions (Surveillance, etc)
8(a)(1) Coercive Statements (Threats, Promises of Benefits, etc.)
","Charging Party, Legal Representative, Mirer Jeannie, Amazon Labor Union, 1 Whitehall Street, 16th Floor, New York, NY, 10004, (212)231-2235
Charging Party, Legal Representative, Singla Retu, Julien, Mirer, Singla and Goldstein, 1 Whitehall Street, 16th floor, New York, NY, 10004, (646)228-4729
Charged Party / Respondent, Legal Representative, Dumbacher Robert, Hunton Andrews Kurth LLP, 600 Peachtree St., N.E., Ste.4100, Atlanta, GA, 30308-2219, (404)888-4007
Charged Party / Respondent, Legal Representative, Glasgow Ryan, Hunton Andrews & Kurth LLP, Riverfront Plaza, East Tower, 951 East Byrd Street, Richmond, VA, 23219, (404)888-4007
Charging Party, Legal Representative, Goldstein Seth, Julien, Mirer, Singla, & Goldstein PLLC, One Whitehall Street, 16th Floor, Manhattan, NY, 10004, (646)460-1309
Charged Party / Respondent, Employer, Amazon.com Services LLC, ALB1/ 1835 US 9, Castleton-on-Hudson, NY, 12033, (855)750-1766
Charging Party, Union, Amazon Labor Union, 900 South Avenue suite 100, New York, NY, 10314, (952)486-1946
",,,
C,"Region 29, Brooklyn, New York",29-CA-299444,"Amazon.com Services, LLC.",Closed,07/15/2022,07/25/2022,"Withdrawal Non-adjusted","Staten Island",NY,8325,"8(a)(5) Repudiation/Modification of Contract[Sec 8(d)/Unilateral Changes]
","Charged Party / Respondent, Employer, Amazon.com Services, LLC., Staten Island, NY, 10314
Charging Party, Individual
",,,
C,"Region 07, Detroit, Michigan",07-CA-299500,"Amazon.com Services LLC",Closed,07/15/2022,01/24/2024,"Withdrawal Non-adjusted",Romulus,MI,1000,"8(a)(3) Changes in Terms and Conditions of Employment
8(a)(3) Discipline
","Charged Party / Respondent, Legal Representative, Sanchez Karla, Seyfarth Shaw LLP, 233 S. Wacker Drive, Suite 8000, Chicago, IL, 60606-6448, (312)460-5000
Charging Party, Legal Representative, Anderson Murphy, Murphy Anderson PLLC, 401 K Street, NW, #300, Washington, DC, 20005, (202)223-2620
Charged Party / Respondent, Employer, Amazon.com Services LLC, Romulus, MI, 48174
Charging Party, Union, American Postal Workers Union (APWU), AFL-CIO, Washington, DC, 20005
Charged Party / Respondent, Employer, Amazon.com Services LLC, Seattle, WA, 98109-5210
",,,
C,"Region 07, Detroit, Michigan",07-CA-299905,Amazon,Closed,07/15/2022,12/15/2022,"Dismissal Non-adjusted",Romulus,MI,50,"8(a)(1) Concerted Activities (Retaliation, Discharge, Discipline)
","Charged Party / Respondent, Legal Representative, Vento Joseph, Seyfarth Shaw LLP, 620 Eighth Avenue, 32nd Floor, New York, NY, 10018, (212)218-5548
Charged Party / Respondent, Legal Representative, Sanchez Karla, Seyfarth Shaw LLP, 233 S. Wacker Drive, Ste 8000, Chicago, IL, 60606, (312)460-5000
Charged Party / Respondent, Employer, Amazon, Romulus, MI, 48174
Charging Party, Individual
",,,
C,"Region 10, Atlanta, Georgia",10-CA-299415,"Amazon.com Services, LLC.",Closed,07/14/2022,07/18/2022,"Withdrawal Non-adjusted",Bessemer,AL,6153,"8(a)(5) Repudiation/Modification of Contract [Sec 8(d)/Unilateral Changes]
","Charged Party / Respondent, Legal Representative, Sullivan C. Randolph, Hunton Andrews Kurth LLP, 951 East Byrd Street, Suite 1300, Richmond, VA, 23219, (804)788-8399
Charged Party / Respondent, Legal Representative, Dumbacher Robert, Hunton Andrews & Kurth LLP, 600 Peachtree Street, NE, Suite 4100, Atlanta, GA, 30308-2217, (404)888-4007
Charged Party / Respondent, Employer, Amazon.com Services, LLC., Bessemer, AL, 35022
Charging Party, Individual
",,,
C,"Region 29, Brooklyn, New York",29-CA-299418,"Amazon.com Services LLC",Closed,07/14/2022,08/23/2022,"Dismissal Non-adjusted","Staten Island",NY,1500,"8(a)(1) Coercive Statements (Threats, Promises of Benefits, etc.)
8(a)(1) Interrogation (including Polling)
","Charged Party / Respondent, Legal Representative, Rogers Amber, Hunton Andrews Kurth LLP, 1445 Ross Avenue, Suite 3700, Dallas, TX, 75202, (214)468-3308
Charged Party / Respondent, Legal Representative, Larkin Kurt, Hunton Andrews Kurth LLP, 951 East Byrd Street, Suite 1300, Richmond, VA, 23219, (804)788-8776
Charging Party, Legal Representative, Singla Retu, Julien, Mirer and Singla, a working peoples law center, 1 Whitehall Street, 16th floor, New York, NY, 10004, (646)228-4729
Charged Party / Respondent, Legal Representative, Glasgow Ryan, Hunton Andrews Kurth LLP, Riverfront Plaza East Tower,  951 East Byrd Street, Richmond, VA, 23219, (804)788-8791
Charged Party / Respondent, Employer, Amazon.com Services LLC, Staten Island, NY, 10314
Charging Party, Union, Amazon Labor Union, Staten Island, NY, 10314
",,,
C,"Region 29, Brooklyn, New York",29-CA-299410,"Amazon.com Services LLC.",Closed,07/14/2022,08/23/2022,"Dismissal Non-adjusted","Staten Island",NY,8000,"8(a)(1) Coercive Statements (Threats, Promises of Benefits, etc.)
8(a)(1) Interrogation (including Polling)
","Charged Party / Respondent, Legal Representative, Rogers Amber, Hunton Andrews Kurth LLP, 1445 Ross Avenue, Suite 3700, Dallas, TX, 75202, (214)468-3308
Charged Party / Respondent, Legal Representative, Larkin Kurt, Hunton Andrews Kurth LLP, 951 East Byrd Street, Suite 1300, Richmond, VA, 23219, (804)788-8776
Charging Party, Legal Representative, Singla Retu, Julien, Mirer and Singla, 1 Whitehall Street, 16th floor, New York, NY, 10004, (646)228-4729
Charged Party / Respondent, Legal Representative, Glasgow Ryan, Hunton Andrews Kurth LLP, Riverfront Plaza East Tower,  951 East Byrd Street, Richmond, VA, 23219, (804)788-8791
Charging Party, Union, Amazon Labor Union, Staten Island, NY, 10314
Charged Party / Respondent, Employer, Amazon.com Services LLC., Staten Island, NY, 10314
",,,
C,"Region 29, Brooklyn, New York",29-CA-299708,"Amazon.com Services LLC.",Closed,07/14/2022,12/01/2022,"Withdrawal Non-adjusted","Staten Island",NY,8200,"8(a)(1) Coercive Rules
","Charged Party / Respondent, Legal Representative, Rogers Amber, Hunton Andrews Kurth LLP, 1445 Ross Avenue, Suite 3700, Dallas, TX, 75202, (214)468-3308
Charged Party / Respondent, Legal Representative, Larkin Kurt, Hunton Andrews Kurth LLP, 951 East Byrd Street, Suite 1300, Richmond, VA, 23219, (804)788-8776
Charged Party / Respondent, Legal Representative, Glasgow Ryan, Hunton Andrews Kurth LLP, Riverfront Plaza East Tower,  951 East Byrd Street, Richmond, VA, 23219, (804)788-8791
Charging Party, Legal Representative, Goldstein Seth, Amazon Labor Union, 900 South Avenue, Suite 100, Staten Island, NY, 10314, (646)460-1309
Charged Party / Respondent, Employer, Amazon.com Services LLC., Staten Island, NY, 10314
Charging Party, Union, Amazon Labor Union, Staten Island, NY, 10314
",,,
C,"Region 03, Buffalo, New York",03-CA-299328,"Amazon.Com Services LLC",Open,07/14/2022,,,Castleton-on-Hudson,NY,800,"8(a)(1) Coercive Rules
","Charged Party / Respondent, Legal Representative, Stolzenbach Brian, Seyfarth Shaw LLP, 233 South Wacker Drive, Suite 8000, Chicago, IL, 60606, (312)460-5000
Charging Party, Legal Representative, Singla Retu, Julien, Mirer and Singla, 1 Whitehall Street, 16th floor, New York, NY, 10004, (646)228-4729
Charged Party / Respondent, Legal Representative, Dumbacher Robert, Hunton Andrews Kurth LLP, 600 Peachtree St., N.E., Ste.4100, Atlanta, GA, 30308-2219, (404)888-4007
Charged Party / Respondent, Legal Representative, Glasgow Ryan, Hunton Andrews & Kurth LLP, Riverfront Plaza, East Tower, 951 East Byrd Street, Richmond, VA, 23219, (404)888-4007
Charged Party / Respondent, Employer, Amazon.Com Services, ALB1/ 1835 US 9, Castleton-on-Hudson, NY, 12033, (855)759-1766
Charging Party, Union, Amazon Labor Union, 900 South Avenue, Suite 100, Staten Island, NY, 10314, (848)210-0636
",,,
C,"Region 15, New Orleans, Louisiana",15-CA-299347,"Amazon.com Services LLC",Closed,07/13/2022,07/21/2023,"Informal Settlement","North Little Rock",AR,1000,"8(a)(1) Concerted Activities (Retaliation, Discharge, Discipline)
8(a)(1) Coercive Statements (Threats, Promises of Benefits, etc.)
8(a)(1) Coercive Actions (Surveillance, etc)
","Charged Party / Respondent, Legal Representative, Meyer Arrissa, Littler Mendelson, P.C., 2001 Ross Avenue, Suite 1500, Dallas, TX, 75201-2931, (214)880-8180
Charged Party / Respondent, Legal Representative, Jeong Yijee, Littler Mendelson, PC, 2425 East Camelback Road, Suite 900, Phoenix, AZ, 85016-4242, (602)474-3619
Charged Party / Respondent, Employer, Amazon, Little Rock, AR, 72117
Charged Party / Respondent, Employer, Amazon, Little Rock, AR, 72117
Charging Party, Individual
",,,
C,"Region 04, Philadelphia, Pennsylvania",04-CA-299197,"Amazon Logistics",Closed,07/12/2022,10/07/2022,"Withdrawal Non-adjusted",Bellmawr,NJ,93,"8(a)(3) Shutdown or Relocate/ Subcontract Unit Work
","Charging Party, Legal Representative, Tykulsker David, David Tykulsker & Associates, 161 Walnut Street, Montclair, NJ, 07042, (973)509-9292
Charged Party / Respondent, Legal Representative, Silver Jason, Seyfarth Shaw LLP, 620 8th Avenue, 32nd Floor, New York, NY, 10018, (212)218-5282
Charged Party / Respondent, Legal Representative, Schwartz-Fenwick Samuel, Seyfarth Shaw LLP, 233 South Wacker Drive, Suite 8000, Chicago, IL, 60606-6448, (312)460-5948
Charged Party / Respondent, Employer, Amazon Logistics, Inc., Seattle, WA, 98109
Charging Party, Union, Amazonians United South Jersey Chapter, Philadelphia, PA, 19122
",,,
C,"Region 29, Brooklyn, New York",29-CA-299139,"Amazon.com Services LLC",Open,07/11/2022,,,"Staten Island",NY,8500,"8(a)(3) Changes in Terms and Conditions of Employment
8(a)(1) Coercive Actions (Surveillance, etc)
8(a)(1) Coercive Rules
","Charged Party / Respondent, Legal Representative, Glasgow Ryan, Hunton Andrews Kurth LLP, 951 East Byrd Street, Richmond, VA, 23219, (804)788-8791
Charging Party, Legal Representative, Goldstein Seth, Amazon Labor Union, 900 South Avenue, Suite 100, Staten Island, NY, 10314, (646)460-1309
Charged Party / Respondent, Employer, Amazon.com Services LLC, JFK8, 546 Gulf Avenue, Staten Island, NJ, 10314, (855)570-1766
Charging Party, Union, Amazon Labor Union, 900 South Avenue, Suite 100, Staten Island, NY, 10314, (848)210-0636
",,,
C,"Region 07, Detroit, Michigan",07-CA-299258,"Amazon.com Service LLC",Closed,07/07/2022,01/24/2024,"Withdrawal Non-adjusted",Romulus,MI,1000,"8(a)(1) Coercive Actions (Surveillance, etc)
8(a)(1) Coercive Statements (Threats, Promises of Benefits, etc.)
8(a)(3) Changes in Terms and Conditions of Employment
","Charged Party / Respondent, Legal Representative, Vento Joseph, Seyfarth Shaw LLP, 620 Eighth Avenue, 32nd Floor, New York, NY, 10018, (212)218-5548
Charged Party / Respondent, Legal Representative, Sanchez Karla, Seyfarth Shaw LLP, 233 South Wacker Drive, Suite 8000, Chicago, IL, 60606-6448, (312)460-5000
Charging Party, Legal Representative, Anderson Michael, Murphy Anderson PLLC, 1401 K Street NW, Suite 300, Washington, DC, 20005, (202)223-2620
Charging Party, Union, American Postal Workers Union (APWU), AFL-CIO, Washington, DC, 20005
Charged Party / Respondent, Employer, Amazon.com Services LLC, Romulus, MI, 48174
Charged Party / Respondent, Employer, Amazon.com Services LLC, Seattle, WA, 98109-5210
",,,
C,"Region 10, Atlanta, Georgia",10-CA-298933,"Amazon.com Services LLC",Open,07/07/2022,,,Bessemer,AL,5000,,"Charged Party / Respondent, Legal Representative, Sullivan C., Hunton Andrews Kurth LLP, 951 East Byrd Street, Richmond, VA, 23219-4074, (804)788-8399
Charging Party, Legal Representative, Russell Carley, Cohen, Weiss & Simon, LLP, 900 Third Ave Ste 2100, New York, NY, 10022, (212)356-0210
Charging Party, Legal Representative, Davies George, Quinn, Connor, Weaver, Davies and Rouco LLP, 2 - 20th Street North, Suite 930, Birmingham, AL, 35203, (205)870-9989
Charging Party, Legal Representative, Singer Olivia, Cohen, Weiss and Simon LLP, 909 Third Avenue, 12th Floor, New York, NY, 10022-4731, (212)356-0206
Charging Party, Legal Representative, Rouco Richard, Quinn, Connor, Weaver, Davies and Rouco LLP, 2 20th St North, Suite 930, Birmingham, AL, 35203, (205)870-9989
Charged Party / Respondent, Legal Representative, Dumbacher Robert, Hunton Andrews & Kurth LLP, 600 Peachtree Street, NE, Suite 4100, Atlanta, GA, 30308-2217, (404)888-4007
Charging Party, Legal Representative, Davis Susan, Cohen, Weiss and Simon LLP, 900 Third Avenue, 21st Floor, New York, NY, 10022-4869, (212)356-0207
Charged Party / Respondent, Employer, Amazon.com Services LLC, Bessemer, AL, 35022-5497
Charging Party, Union, Retail, Wholesale and Department Store Union, Birmingham, AL, 35205
Charged Party / Respondent, Additional Service, Corporation Service Company Inc., Montgomery, AL, 36104
",,,
C,"Region 10, Atlanta, Georgia",10-CA-298931,"Amazon.com Services, LLC",Open,07/07/2022,,,Bessemer,AL,5000,"8(a)(1) Denial of Access
","Charged Party / Respondent, Legal Representative, Stolzenbach Brian, Seyfarth Shaw LLP, 233 S. Wacker Drive, Ste 8000, Chicago, IL, 60606, (312)460-5000
Charging Party, Legal Representative, Russell Carley, Cohen, Weiss & Simon, LLP, 900 Third Ave Ste 2100, New York, NY, 10022, (212)356-0210
Charging Party, Legal Representative, Davies George, Quinn, Connor, Weaver, Davies and Rouco LLP, 2 - 20th Street North, Suite 930, Birmingham, AL, 35203, (205)870-9989
Charging Party, Legal Representative, Singer Olivia, Cohen, Weiss and Simon LLP, 909 Third Avenue, 12th Floor, New York, NY, 10022-4731, (212)356-0206
Charging Party, Legal Representative, Rouco Richard, Quinn, Connor, Weaver, Davies and Rouco LLP, 2 20th St North, Suite 930, Birmingham, AL, 35203, (205)870-9989
Charging Party, Legal Representative, Davis Susan, Cohen, Weiss and Simon LLP, 900 Third Avenue, 21st Floor, New York, NY, 10022-4869, (212)356-0207
Charged Party / Respondent, Employer, Amazon.com Services, LLC, Bessemer, AL, 35022
Charged Party / Respondent, Notification, Corporation Service Company Inc., 641 South Lawrence Street, Montgomery, AL, 36104
Charging Party, Union, Retail, Wholesale and Department Store Union International, Birmingham, AL, 35205
",,,
C,"Region 09, Cincinnati, Ohio",09-CA-298870,"AMAZON.COM SERVICES, LLC",Open,07/06/2022,,,Lebanon,KY,1000,"8(a)(3) Changes in Terms and Conditions of Employment
","Charged Party / Respondent, Legal Representative, Stolzenbach Brian, Seyfarth Shaw LLP, 233 South Wacker Drive, Suite 8000, Chicago, IL, 60606, (312)460-5000
Charged Party / Respondent, Legal Representative, Niedecken Brooke, Littler Mendelson, P.C., 41 South High Street, Columbus, OH, 43215, (614)463-4214
Charged Party / Respondent, Legal Representative, Thorn Jake, Littler Mendelson, P.C., 41 South High St, Suite 3250, Columbus, OH, 43215, (614)463-4256
Charged Party / Respondent, Legal Representative, Hartzell Jason, Littler Mendelson, P.C., Key Tower, 127 Public Square, Suite 1600, Cleveland, OH, 44114, (216)623-6065
Charged Party / Respondent, Legal Representative, Duplechain Kimberly, Littler Mendelson, P.C., 815 Connecticut Ave, NW, Suite 400, Washington, DC, 20006, (202)789-3417
Charged Party / Respondent, Legal Representative, Short Michael, Littler Mendelson, P.C., 41 S. High Street, Suite 3250, Columbus, OH, 43215, (614)463-4226
Charged Party / Respondent, Legal Representative, Carter Morena, Littler Mendelson, P. C., 41 South High Street, Suite 3250, Columbus, OH, 43215, (614)463-4207
Charging Party, Individual
Charged Party / Respondent, Employer, Amazon SDF1, 428 Elm St, Lebanon, KY, 40033
",,,
C,"Region 05, Baltimore, Maryland",05-CA-298743,"Amazon.com Services LLC",Open,07/05/2022,,,"Upper Marlboro",MD,120,"8(a)(3) Discipline
8(a)(1) Coercive Rules
","Charged Party / Respondent, Legal Representative, TONER JOHN, Seyfarth Shaw LLP, 975 F. Street, N.W., Washington, DC, 20004, (202)828-3575
Charged Party / Respondent, Legal Representative, Phillips John, Seyfarth Shaw LLP, 700 Milam Street, Suite 1400, Houston, TX, 77002-2812, (713)225-2300
Charged Party / Respondent, Legal Representative, Berkheimer Michael, Seyfarth Shaw LLP, 975 F Street NW, Washington, DC, 20004, (202)302-2766
Charged Party / Respondent, Employer, Amazon, Inc., LLC, 1000 Prince Georges Boulevard, Upper Marlboro, MD, 20774, (888)892-7180
Charging Party, Union, Amazonians United, P.O. Box 58113, Washington, DC, 20009, (412)327-5018
",,,
C,"Region 29, Brooklyn, New York",29-CA-298749,"Amazon.com Services LLC",Open,07/05/2022,,,"Staten Island",NY,8200,"8(a)(1) Concerted Activities (Retaliation, Discharge, Discipline)
8(a)(3) Changes in Terms and Conditions of Employment
8(a)(5) Refusal to Bargain/Bad Faith Bargaining (incl'g surface bargaining/direct dealing)
","Charged Party / Respondent, Legal Representative, Stolzenbach Brian, Seyfarth Shaw LLP, 233 South Wacker Drive, Suite 8000, Chicago, IL, 60606, (312)460-5000
Charging Party, Legal Representative, Goldstein Seth, Amazon Labor Union, 900 South Avenue, Suite 100, Staten Island, NY, 10314, (646)460-1309
Charged Party / Respondent, Employer, Amazon.com Services LLC., Staten Island, NY, 10314
Charging Party, Union, Amazon Labor Union, Staten Island, NY, 10314
",,,
C,"Region 19, Seattle, Washington",19-CA-298828,"Amazon Fresh",Closed,07/05/2022,12/07/2022,"Withdrawal Non-adjusted",Seattle,WA,150,"8(a)(3) Discharge (Including Layoff and Refusal to Hire (not salting))
8(a)(1) Concerted Activities (Retaliation, Discharge, Discipline)
8(a)(1) Coercive Actions (Surveillance, etc)
8(a)(3) Discipline
","Charged Party / Respondent, Legal Representative, Rich Jamie, Seyfarth Shaw LLP, 560 Mission Street, Suite 3100, San Francisco, CA, 94105-2930, (916)498-7078
Charged Party / Respondent, Legal Representative, Nichols Lisa, Seyfarth Shaw LLP, 999 Third Avenue, Suite 4700, Seattle, WA, 98104-4041, (206)946-4932
Charged Party / Respondent, Employer, Amazon Fresh, Seattle, WA, 98144
Charging Party, Individual
",,,
C,"Region 12, Tampa, Florida",12-CA-298880,"Amazon.com Services, LLC.",Closed,07/05/2022,07/27/2022,"Withdrawal Non-adjusted",Orlando,FL,2465,"8(a)(5) Repudiation/Modification of Contract [Sec 8(d)/Unilateral Changes]
8(a)(1) Coercive Statements (Threats, Promises of Benefits, etc.)
8(a)(1) Coercive Rules
","Charged Party / Respondent, Employer, Amazon.com Services, LLC., Orlando, FL, 32824
Charging Party, Individual
",,,
C,"Region 04, Philadelphia, Pennsylvania",04-CA-298703,"Amazon.com Services LLC",Closed,07/05/2022,07/01/2026,"Dismissal Non-adjusted",Covington,PA,500000,"8(a)(1) Denial of Access
","Charging Party, Legal Representative, Sellers Adreanna, Murphy Anderson, PLLC, 1401 K Street NW, Suite 300, Washington, DC, 20005, (202)568-2857
Charged Party / Respondent, Legal Representative, Stolzenbach Brian, Seyfarth Shaw LLP, 233 South Wacker Drive, Suite 8000, Chicago, IL, 60606, (312)460-5000
Charged Party / Respondent, Legal Representative, Zapolsky David, Amazon.com Services LLC, 410 Terry Ave N, Seattle, WA, 98109-5210, (570)843-3146
Charging Party, Legal Representative, Anderson Michael, Murphy Anderson PLLC, Tower Building, 1401 K Street, NW Suite 300, Washington, DC, 20005, (202)223-2620
Charging Party, Union, American Postal Workers Union (APWU), AFL-CIO, Washington, DC, 20005
Charged Party / Respondent, Employer, Amazon.com Services LLC, Covington Township, PA, 18424
",,,
C,"Region 04, Philadelphia, Pennsylvania",04-CA-298542,"Amazon.com Services LLC",Closed,06/30/2022,04/05/2024,"Withdrawal Non-adjusted",Covington,PA,1000,"8(a)(1) Coercive Actions (Surveillance, etc)
8(a)(1) Coercive Statements (Threats, Promises of Benefits, etc.)
8(a)(3) Changes in Terms and Conditions of Employment
","Charging Party, Legal Representative, Sellers Adreanna, Murphy Anderson, PLLC, 1401 K Street NW, Suite 300, Washington, DC, 20005, (202)568-2857
Charged Party / Respondent, Legal Representative, Stolzenbach Brian, Seyfarth Shaw LLP, 233 South Wacker Drive, Suite 8000, Chicago, IL, 60606, (312)460-5000
Charged Party / Respondent, Legal Representative, Zapolsky David, Amazon.com Services LLC, 410 Terry Ave N, Seattle, WA, 98109-5210, (570)843-3146
Charged Party / Respondent, Legal Representative, Vento Joseph, Seyfarth Shaw LLP, 620 Eighth Avenue, 32nd Floor, New York, NY, 10018, (212)218-5548
Charging Party, Legal Representative, Anderson Michael, Murphy Anderson PLLC, Tower Building, 1401 K Street, NW Suite 300, Washington, DC, 20005, (202)223-2620
Charged Party / Respondent, Employer, Amazon.com Services LLC, Covington Township, PA, 18424
Charging Party, Union, American Postal Workers Union, AFL-CIO, Washington, DC, 20005
",,,
C,"Region 03, Buffalo, New York",03-CA-298483,"Amazon Fulfillment Center",Closed,06/30/2022,08/10/2022,"Dismissal Non-adjusted",Castleton-on-Hudson,NY,1500,"8(a)(1) Coercive Actions (Surveillance, etc)
8(a)(1) Coercive Rules
","Charged Party / Respondent, Legal Representative, Nixon Brooke, TANNER & GUIN, LLC, Constangy Brooks Smith & Prophete, 2 Chase Corporate Drive, Suite 120, Hoover, AL, 35244, (205)252-9321
Charged Party / Respondent, Employer, Amazon Fulfillment Center, Castleton, NY, 12033
Charging Party, Individual
",,,
C,"Region 29, Brooklyn, New York",29-CA-298278,"Amazon.com Services Inc.",Closed,06/27/2022,12/13/2022,"Dismissal Non-adjusted","Staten Island",NY,8000,"8(a)(1) Concerted Activities (Retaliation, Discharge, Discipline)
8(a)(3) Discharge (Including Layoff and Refusal to Hire (not salting))
8(a)(3) Discipline
","Charged Party / Respondent, Legal Representative, Rogers Amber, Hunton Andrews Kurth LLP, 1445 Ross Avenue, Suite 3700, Dallas, TX, 75202, (214)468-3308
Charged Party / Respondent, Legal Representative, LARKIN KURT, Hunton Andrews Kurth LLP, 951 East Byrd Street, Suite 1300, Richmond, VA, 23219, (804)788-8776
Charging Party, Legal Representative, Singla Retu, Julien, Mirer and Singla, 1 Whitehall Street, 16th floor, New York, NY, 10004, (646)228-4729
Charging Party, Legal Representative, Julien Ria, 1 Whitehall Street, 16th Floor, New York, NY, 10004, (646)228-4729
Charged Party / Respondent, Legal Representative, Glasgow Ryan, Hunton Andrews Kurth LLP, Riverfront Plaza - East Tower, 951 E. Byrd Street, Richmond, VA, 23219, (804)788-8791
Charged Party / Respondent, Employer, Amazon.com Services Inc., Staten Island, NY, 10314
Charging Party, Union, Amazon Labor Union, New York, NY, 10004
",,,
C,"Region 10, Atlanta, Georgia",10-CA-298254,"AMAZON.com Services, Inc.",Closed,06/27/2022,01/03/2023,"Withdrawal Non-adjusted","Lithia Springs",GA,2500,"8(a)(1) Concerted Activities (Retaliation, Discharge, Discipline)
8(a)(1) Coercive Statements (Threats, Promises of Benefits, etc.)
","Charged Party / Respondent, Legal Representative, Dumbacher Robert, Hunton Andrews & Kurth LLP, 600 Peachtree Street, NE, Suite 4100, Atlanta, GA, 30308-2217, (404)888-4007
Charged Party / Respondent, Employer, AMAZON.com Services, Inc., Lithia Springs, GA, 30122
Charging Party, Individual
Charged Party / Respondent, Additional Service, Corporation Service Company Inc., Montgomery, AL, 36104
",,,
C,"Region 10, Atlanta, Georgia",10-CA-298152,"Amazon.com Services, LLC.",Closed,06/23/2022,08/11/2022,"Withdrawal Non-adjusted",Garner,NC,3000,"8(a)(1) Coercive Rules
","Charged Party / Respondent, Legal Representative, NORTH EDWARD, Seyfarth Shaw LLP, 975 F ST NW, Washington, DC, 20004, (202)828-5323
Charged Party / Respondent, Legal Representative, Schwartz-Fenwick Samuel, Seyfarth Shaw LLP, 233 South Wacker Drive, Suite 8000, Chicago, IL, 60606-6448, (312)460-5948
Charged Party / Respondent, Employer, Amazon.com Services, LLC., Garner, NC, 27529
Charging Party, Individual
",,,
C,"Region 19, Seattle, Washington",19-CA-298023,"Amazon.com Services, LLC.",Closed,06/22/2022,07/26/2022,"Withdrawal Non-adjusted",Seattle,WA,1000000,"8(a)(1) Coercive Statements (Threats, Promises of Benefits, etc.)
8(a)(5) Refusal to Bargain/Bad Faith Bargaining (incl'g surface bargaining/direct dealing)
8(a)(5) Refusal to Recognize
","Charged Party / Respondent, Legal Representative, Stolzenbach Brian, Seyfarth Shaw LLP, 233 S. Wacker Drive, Ste 8000, Chicago, IL, 60606, (312)460-5000
Charged Party / Respondent, Legal Representative, Reed Rachael, Seyfarth Shaw LLP, 1075 Peachtree St NE, Suite 2500, Atlanta, GA, 30309-3958, (404)885-1500
Charging Party, Individual
Charged Party / Respondent, Employer, Amazon.com Services, LLC, Seattle, WA, 98109-5210
",,,
C,"Region 25, Indianapolis, Indiana",25-CA-298315,"Amazon.com Services LLC",Closed,06/20/2022,11/04/2022,"Dismissal Non-adjusted","Staten Island",NY,8200,"8(a)(1) Coercive Actions (Surveillance, etc)
","Charged Party / Respondent, Legal Representative, Rogers Amber, Hunton Andrews Kurth LLP, 1445 Ross Avenue, Suite 3700, Dallas, TX, 75202, (214)468-3308
Charged Party / Respondent, Legal Representative, Larkin Kurt, Hunton Andrews Kurth LLP, 951 East Byrd Street, Suite 1300, Richmond, VA, 23219, (804)788-8776
Charged Party / Respondent, Legal Representative, Glasgow Ryan, Hunton Andrews Kurth LLP, 951 East Byrd Street, Richmond, VA, 23219, (804)788-8791
Charging Party, Legal Representative, Goldstein Seth, Amazon Labor Union, 217 Hadleigh Drive, Cherry Hill, NJ, 08003, (646)460-1309
Charged Party / Respondent, Employer, Amazon.com Services  Inc., Staten Island, NY, 10314
Charging Party, Union, Amazon Labor Union, Staten island, NY, 10314
",,,
C,"Region 28, Phoenix, Arizona",28-CA-297896,"Amazon ABQ1 Fulfillment Center",Closed,06/17/2022,11/03/2022,"Dismissal Non-adjusted",Albuquerque,NM,250,"8(a)(1) Concerted Activities (Retaliation, Discharge, Discipline)
","Charged Party / Respondent, Legal Representative, Stolzenbach Brian, Seyfarth Shaw LLP, 233 South Wacker Drive, Suite 8000, Chicago, IL, 60606, (312)460-5551
Charged Party / Respondent, Employer, Amazon ABQ1 Fulfillment Center, Albuquerque, NM, 87120
Charging Party, Individual
",,,
C,"Region 05, Baltimore, Maryland",05-CA-297762,"Amazon, Inc., LLC",Closed,06/14/2022,08/15/2022,"Dismissal Non-adjusted","Upper Marlboro",MD,120,"8(a)(3) Discharge (Including Layoff and Refusal to Hire (not salting))
8(a)(1) Concerted Activities (Retaliation, Discharge, Discipline)
","Charged Party / Respondent, Legal Representative, PHILLIPS JOHN, 700 Milam Street, Ste1400, Houston, TX, 77002-2812, (713)238-1832
Charged Party / Respondent, Employer, Amazon, Inc., LLC, Upper Marlboro, MD, 20774
Charging Party, Union, Amazonians United, Washington, DC, 20037A
",,,
C,"Region 05, Baltimore, Maryland",05-CA-297775,"Amazon, Inc. LLC",Closed,06/14/2022,07/07/2022,"Withdrawal Non-adjusted","Upper Marlboro",MD,120,"8(a)(1) Concerted Activities (Retaliation, Discharge, Discipline)
8(a)(3) Changes in Terms and Conditions of Employment
8(a)(3) Discipline
","Charged Party / Respondent, , PHILLIPS JOHN, 700 Milam Street, Ste1400, Houston, TX, 77002-2812, (713)238-1832
Charged Party / Respondent, Employer, Amazon, Inc., LLC, Upper Marlboro, MD, 20774
Charging Party, Union, Amazonians United, Washington, DC, 20037
",,,
C,"Region 05, Baltimore, Maryland",05-CA-297760,"Amazon, Inc., LLC",Open,06/14/2022,,,"Upper Marlboro",MD,120,"8(a)(3) Discharge (Including Layoff and Refusal to Hire (not salting))
8(a)(1) Concerted Activities (Retaliation, Discharge, Discipline)
","Charged Party / Respondent, Legal Representative, NORTH EDWARD, (202)828-5323
Charged Party / Respondent, Legal Representative, PHILLIPS JOHN, 700 Milam Street, Ste1400, Houston, TX, 77002-2812, (713)238-1832
Charged Party / Respondent, Legal Representative, TONER JOHN, Seyfarth Shaw LLP, 975 F Street, NW, Washington, DC, 20004, (202)828-3575
Charged Party / Respondent, Employer, Amazon, Inc., LLC, Upper Marlboro, MD, 20774
Charging Party, Union, Amazonians United, Washington, DC, 20037A
",,,
C,"Region 05, Baltimore, Maryland",05-CA-297763,"Amazon, Inc. LLC",Closed,06/14/2022,07/07/2022,"Withdrawal Non-adjusted","Upper Marlboro",MD,120,"8(a)(1) Concerted Activities (Retaliation, Discharge, Discipline)
8(a)(3) Discharge (Including Layoff and Refusal to Hire (not salting))
","Charged Party / Respondent, , PHILLIPS JOHN, 700 Milam Street, Ste1400, Houston, TX, 77002-2812, (713)238-1832
Charged Party / Respondent, Employer, Amazon, Inc., LLC, Upper Marlboro, MD, 20774
Charging Party, Union, Amazonians United, Washington, DC, 20037
",,,
C,"Region 04, Philadelphia, Pennsylvania",04-CA-297653,"Amazon.Com Services LLC",Open,06/14/2022,,,Swedesboro,NJ,,,"Charged Party / Respondent, Legal Representative, Vetter Bret, Seyfarth Shaw LLP, 233 South Wacker Drive, Ste. 8000, Chicago, IL, 60606, (312)460-5724
Charged Party / Respondent, Legal Representative, Stolzenbach Brian, Seyfarth Shaw LLP, 233 South Wacker Drive, Suite 8000, Chicago, IL, 60606, (312)460-5000
Charging Party, Legal Representative, Tykulsker David, David Tykulsker & Associates, 161 Walnut Street, Montclair, NJ, 07042, (973)509-9292
Charging Party, Legal Representative, De Haro Hector, Bush Gottlieb, ALC, 801 N. Brand Blvd.,, Suite 950, Glendale, CA, 91203, (818)973-3260
Charging Party, Legal Representative, Wojciechowski Jason, Bush Gottlieb, ALC, 801 North Brand Blvd.,, Suite 950, Glendale, CA, 91203, (818)973-3208
Charging Party, Legal Representative, Wojciechowski Jason, Bush Gottlieb, ALC, 801 North Brand Blvd.,, Suite 950, Glendale, CA, 91203, (818)973-3208
Charged Party / Respondent, Legal Representative, Silver Jason, Seyfarth Shaw LLP, 620 8th Avenue, 32nd Floor, New York, NY, 10018, (212)218-5282
Charging Party, Legal Representative, Mirer Jeanne, 300 Cadman Plaza West, 12th Floor, Brooklyn, NY, 11201, (212)231-2235
Charging Party, Legal Representative, Gutman-Dickinson Julie, BUSH GOTTLIEB, A LAW CORPORATION, 801 N. Brand Blvd.,, Suite 950, Glendale, CA, 91203, (818)973-3228
Charging Party, Legal Representative, Gutman-Dickinson Julie, Bush Gottlieb,  ALC, 801 North Brand Blvd., Suite 950, Glendale, CA, 91203, (818)973-3228
",,,
C,"Region 29, Brooklyn, New York",29-CA-297474,Amazon,Closed,06/13/2022,08/09/2022,"Dismissal Non-adjusted","Staten Island",NY,600,"8(a)(3) Discharge (Including Layoff and Refusal to Hire (not salting))
","Charged Party / Respondent, Legal Representative, Rogers Amber, Hunton Andrews Kurth LLP, 1445 Ross Avenue, Suite 3700, Dallas, TX, 75202, (214)468-3308
Charging Party, Legal Representative, Cornell Angela, Cornell Labor Law Clinic, 152 Myron Taylor Hall, Ithaca, NY, 14853, (607)255-7497
Charged Party / Respondent, Legal Representative, Larkin Kurt, Hunton Andrews Kurth LLP, 951 East Byrd Street, Suite 1300, Richmond, VA, 23219, (804)788-8776
Charged Party / Respondent, Legal Representative, Glasgow Ryan, Hunton Andrews Kurth LLP, 951 East Byrd Street, Richmond, VA, 23219, (804)788-8791
Charged Party / Respondent, Employer, Amazon.com Services LLC, Staten Island, NY, 10314
Charging Party, Individual, Labor Law Clinic on behalf of an Individual
",,,
C,"Region 29, Brooklyn, New York",29-CA-297454,"Amazon.com Services LLC",Open,06/13/2022,,,"Staten Island",NY,8500,"8(a)(1) Coercive Statements (Threats, Promises of Benefits, etc.)
","Charged Party / Respondent, Legal Representative, Rogers Amber, Hunton Andrews Kurth LLP, 1445 Ross Avenue, Suite 3700, Dallas, TX, 75202, (214)468-3308
Charged Party / Respondent, Legal Representative, Larkin Kurt, Hunton Andrews Kurth LLP, 951 East Byrd Street, Suite 1300, Richmond, VA, 23219, (804)788-8776
Charged Party / Respondent, Legal Representative, Glasgow Ryan, Hunton Andrews Kurth LLP, 951 East Byrd Street, Richmond, VA, 23219, (804)788-8791
Charging Party, Legal Representative, Goldstein Seth, Amazon Labor Union, 217 Hadleigh Drive, Cherry Hill, NJ, 08003, (646)460-1309
Charged Party / Respondent, Employer, Amazon.com Services LLC, JFK8, 546 Gulf Avenue, Staten Island, NY, 10314, (855)570-1766
Charging Party, Union, Amazon Labor Union, 67 Radford Avenue, Staten Island, NY, 10314, (848)210-0636
",,,
C,"Region 19, Seattle, Washington",19-CA-297441,"Amazon.com Services LLC",Open,06/10/2022,,,Seattle,WA,1000000,"8(a)(1) Coercive Statements (Threats, Promises of Benefits, etc.)
","Charged Party / Respondent, Legal Representative, Stolzenbach Brian, Seyfarth Shaw LLP, 233 S. Wacker Drive, Ste 8000, Chicago, IL, 60606, (312)460-5000
Charging Party, Legal Representative, Mirer Jeannie, Amazon Labor Union, 1 Whitehall Street, 16th Floor, New York, NY, 10004, (212)231-2235
Charged Party / Respondent, Legal Representative, Reed Rachael, Seyfarth Shaw LLP, 1075 Peachtree St NE, Suite 2500, Atlanta, GA, 30309-3958, (404)885-1500
Charged Party / Respondent, Employer, Amazon.com Services LLC, 440 Terry Avenue North, Seattle, WA, 98109, (206)266-1000
Charging Party, Union, Amazon Labor Union, 900 South Avenue, Suite 100, Staten Island, NY, 10314-3426, (848)210-0636
Charging Party, Union, Amazon Labor Union, 900 South Avenue, Suite 100, Staten Island, NY, 10314, (201)283-6658
",,,
C,"Region 29, Brooklyn, New York",29-CA-297398,"Amazon.com Services, LLC",Open,06/10/2022,,,"Staten Island",NY,8000,"8(a)(3) Discharge (Including Layoff and Refusal to Hire (not salting))
","Charged Party / Respondent, Legal Representative, Rogers Amber, Hunton Andrews Kurth LLP, 1445 Ross Avenue, Suite 3700, Dallas, TX, 75202, (214)468-3308
Charging Party, Legal Representative, Mirer Jeanne, Julien Mirer & Singla, PLLC, 1 Whitehall Street, 16th Floor, New York, NY, 10004, (212)231-2235
Charged Party / Respondent, Legal Representative, Larkin Kurt, Hunton Andrews Kurth LLP, 951 East Byrd Street, Suite 1300, Richmond, VA, 23219, (804)788-8776
Charged Party / Respondent, Employer, Amazon.com Services, LLC, Staten Island, NY, 10314
Charging Party, Union, Amazon Labor Union, Staten Island, NY, 10314
",,,
C,"Region 29, Brooklyn, New York",29-CA-297322,"Amazon.com Services",Closed,06/08/2022,08/04/2022,"Withdrawal Non-adjusted","Staten Island",NY,1500,"8(a)(3) Discharge (Including Layoff and Refusal to Hire (not salting))
8(a)(1) Concerted Activities (Retaliation, Discharge, Discipline)
","Charged Party / Respondent, Legal Representative, Rogers Amber, Hunton Andrews Kurth LLP, 1445 Ross Avenue, Suite 3700, Dallas, TX, 75202, (214)468-3308
Charged Party / Respondent, Legal Representative, Larkin Kurt, Hunton Andrews Kurth LLP, 951 East Byrd Street, Suite 1300, Richmond, VA, 23219, (804)788-8776
Charging Party, Legal Representative, Goldstein Seth, Seth Goldstein, Esq., 217 Hadleigh Avenue, Cherry Hill, NJ, 08003, (646)460-1309
Charged Party / Respondent, Employer, Amazon.com Services, Staten Island, NY, 10314
Charging Party, Union, Amazon Labor Union, Staten Island, NY, 10314
",,,
C,"Region 29, Brooklyn, New York",29-CA-297125,"Amazon.com Services LLC",Closed,06/06/2022,07/28/2022,"Dismissal Non-adjusted","Staten Island",NY,600,"8(a)(3) Discharge (Including Layoff and Refusal to Hire (not salting))
8(a)(1) Concerted Activities (Retaliation, Discharge, Discipline)
8(a)(4) Discharge (including Layoff and Refusal to Hire)
","Charged Party / Respondent, Legal Representative, Rogers Amber, Hunton Andrews Kurth LLP, 1445 Ross Avenue, Suite 3700, Dallas, TX, 75202, (214)468-3308
Charged Party / Respondent, Legal Representative, Larkin Kurt, Hunton Andrews Kurth LLP, 951 East Byrd Street, Suite 1300, Richmond, VA, 23219, (804)788-8776
Charged Party / Respondent, Legal Representative, Glasgow Ryan, Hunton Andrews Kurth LLP, 951 East Byrd Street, Richmond, VA, 23219, (804)788-8791
Charged Party / Respondent, Employer, Amazon.com Services LLC, Staten Island, NY, 10314
Charging Party, Individual
",,,
C,"Region 13, Chicago, Illinois",13-CA-296974,"Amazon.com Services, LLC",Closed,06/03/2022,10/24/2022,"Dismissal Non-adjusted",Chicago,IL,200,"8(a)(3) Discharge (Including Layoff and Refusal to Hire (not salting))
8(a)(1) Concerted Activities (Retaliation, Discharge, Discipline)
","Charged Party / Respondent, Legal Representative, Stolzenbach Brian, Seyfarth Shaw LLP, 233 S. Wacker Drive, Ste 8000, Chicago, IL, 60606, (312)460-5000
Charged Party / Respondent, Employer, Amazon.com Services, LLC, Chicago, IL, 60632
Charging Party, Individual
",,,
C,"Region 13, Chicago, Illinois",13-CA-296992,"Amazon.com Services LLC",Closed,06/03/2022,04/24/2023,"Informal Settlement",Chicago,IL,200,"8(a)(1) Concerted Activities (Retaliation, Discharge, Discipline)
8(a)(1) Coercive Actions (Surveillance, etc)
","Charged Party / Respondent, Legal Representative, Stolzenbach Brian, Seyfarth Shaw LLP, 233 S. Wacker Drive, Ste 8000, Chicago, IL, 60606, (312)460-5000
Charged Party / Respondent, Legal Representative, Sloan Matthew, Seyfarth Shaw LLP, 233 South Wacker Drive, Suite 8000, Chicago, IL, 60606, (312)460-5000
Charged Party / Respondent, Employer, Amazon.com Services, LLC, 3507 West 51st Street, Chicago, IL, 60632, (866)216-1072
Charging Party, Individual
",,,
C,"Region 13, Chicago, Illinois",13-CA-296991,"Amazon.com Services, LLC",Closed,06/03/2022,09/06/2022,"Dismissal Non-adjusted",Chicago,IL,200,"8(a)(1) Concerted Activities (Retaliation, Discharge, Discipline)
8(a)(1) Coercive Actions (Surveillance, etc)
","Charged Party / Respondent, Legal Representative, Stolzenbach Brian, Seyfarth Shaw LLP, 233 S. Wacker Drive, Ste 8000, Chicago, IL, 60606, (312)460-5000
Charged Party / Respondent, Employer, Amazon.com Services, LLC, Chicago, IL, 60632
Charging Party, Individual
",,,
C,"Region 10, Atlanta, Georgia",10-CA-296800,"AMAZON.com, Inc.",Closed,06/01/2022,06/15/2022,"Withdrawal Non-adjusted",Douglasville,GA,1600000,"8(a)(1) Coercive Actions (Surveillance, etc)
","Charged Party / Respondent, Legal Representative, Dumbacher Robert, Hunton Andrews & Kurth LLP, 600 Peachtree Street, NE, Suite 4100, Atlanta, GA, 30308-2217, (404)888-4007
Charged Party / Respondent, Employer, AMAZON.com Services, Inc., Lithia Springs, GA, 30122
Charged Party / Respondent, Additional Service, AMAZON.com Services, Inc., Seattle, WA, 98109
Charging Party, Individual
",,,
C,"Region 29, Brooklyn, New York",29-CA-296758,Amazon,Closed,05/31/2022,11/14/2022,"Dismissal Non-adjusted","Staten Island",NY,600,"8(a)(3) Discharge (Including Layoff and Refusal to Hire (not salting))
8(a)(1) Concerted Activities (Retaliation, Discharge, Discipline)
","Charged Party / Respondent, Legal Representative, Rogers Amber, Hunton Andrews Kurth LLP, 1445 Ross Avenue, Suite 3700, Dallas, TX, 75202, (214)468-3308
Charging Party, Legal Representative, Cornell Angela, Cornell Labor Law Clinic, 152 Myron Taylor Hall, Ithaca, NY, 14853, (607)255-7497
Charged Party / Respondent, Legal Representative, LARKIN KURT, Hunton Andrews Kurth LLP, 951 East Byrd Street, Suite 1300, Richmond, VA, 23219, (804)788-8776
Charged Party / Respondent, Legal Representative, Glasgow Ryan, Hunton Andrews Kurth LLP, 951 East Byrd Street, Richmond, VA, 23219, (804)788-8791
Charged Party / Respondent, Employer, Amazon.com Services LLC, Staten Island, NY, 10314
Charging Party, Individual, Labor Law Clinic on behalf of Individual Charging Party
",,,
C,"Region 27, Denver, Colorado",27-CA-296892,"Amazon.com, Inc.",Closed,05/31/2022,08/02/2022,"Dismissal Non-adjusted","Salt Lake City",UT,5000,"8(a)(1) Concerted Activities (Retaliation, Discharge, Discipline)
","Charged Party / Respondent, Legal Representative, Sanchez Karla, Seyfarth Shaw LLP, 233 South Wacker Drive, Suite 8000, Chicago, IL, 60606, (312)460-5000
Charging Party, Individual
Charged Party / Respondent, Additional Service, Amazon.com, Inc., Seattle, WA, 98109
Charged Party / Respondent, Employer, Amazon.com, Inc., Tumwater, WA, 98501
Charged Party / Respondent, Additional Service, Amazon.com, Inc., Seattle, WA, 98109
",,,
C,"Region 29, Brooklyn, New York",29-CA-296817,"Amazon.com Service, LLC",Open,05/31/2022,,,"Staten Island",NY,600,"8(a)(3) Discipline
","Charged Party / Respondent, Legal Representative, Rogers Amber, Hunton Andrews Kurth LLP, 1445 Ross Avenue, Suite 3700, Dallas, TX, 75202, (214)468-3308
Charging Party, Legal Representative, Mirer Jeanne, Julien Mirer & Associates, PLLC, 300 Cadman Plaza West, 12th Floor, Brooklyn, NY, 11201, (212)231-2235
Charged Party / Respondent, Legal Representative, Larkin Kurt, Hunton Andrews Kurth LLP, 951 East Byrd Street, Suite 1300, Richmond, VA, 23219, (804)788-8776
Charging Party, Union, Amazon Labor Union, 67 Radford Street, Staten Island, NY, 10314, (848)210-0636
Charged Party / Respondent, Employer, Amazon.com Services LLC, 546 Gulf Avenue, Staten Island, NY, 10314, (855)579-1766
",,,
C,"Region 03, Buffalo, New York",03-CA-296520,"Amazon.com Services LLC",Closed,05/26/2022,02/08/2023,"Withdrawal Non-adjusted",Liverpool,NY,1500,"8(a)(1) Concerted Activities (Retaliation, Discharge, Discipline)
8(a)(3) Changes in Terms and Conditions of Employment
","Charged Party / Respondent, Legal Representative, SULLIVAN C. RANDOLPH, Hunton Andrews Kurth LLP, 951 EAST BYRD STREET, RICHMOND, VA, 23219, (804)788-8399
Charged Party / Respondent, Legal Representative, Dumbacher Robert, Hunton Andrews & Kurth LLP, 600 Peachtree Street, NE, Suite 4100, Atlanta, GA, 30308-2217, (404)888-4007
Charged Party / Respondent, Legal Representative, Glasgow Ryan, Hunton Andrews Kurth LLP, 951 East Byrd Street, Richmond, VA, 23219, (804)788-8791
Charging Party, Legal Representative, Goldstein Seth, Seth Goldstein, Esq., 217 Hadleigh Drive, Cherry Hill, NJ, 08003, (646)460-1309
Charged Party / Respondent, Employer, Amazon.com Services LLC, Liverpool, NY, 13090
Charging Party, Individual
",,,
C,"Region 04, Philadelphia, Pennsylvania",04-CA-296053,"Amazon.com Services LLC",Closed,05/18/2022,04/05/2024,"Withdrawal Non-adjusted",Covington,PA,1000,"8(a)(1) Coercive Actions (Surveillance, etc)
8(a)(1) Coercive Statements (Threats, Promises of Benefits, etc.)
","Charging Party, Legal Representative, Sellers Adreanna, Murphy Anderson, PLLC, 1401 K Street NW, Suite 300, Washington, DC, 20005, (202)568-2857
Charged Party / Respondent, Legal Representative, Stolzenbach Brian, Seyfarth Shaw LLP, 233 South Wacker Drive, Suite 8000, Chicago, IL, 60606, (312)460-5551
Charged Party / Respondent, Legal Representative, Zapolsky David, Amazon.com Services LLC, 410 Terry Ave N, Seattle, WA, 98109-5210, (570)843-3146
Charged Party / Respondent, Legal Representative, Vento Joseph, Seyfarth Shaw LLP, 620 Eighth Avenue, 32nd Floor, New York, NY, 10018, (212)218-5548
Charged Party / Respondent, Legal Representative, Sanchez Karla, Seyfarth Shaw LLP, 233 S. Wacker Drive, Ste 8000, Chicago, IL, 60606, (312)460-5000
Charging Party, Legal Representative, Anderson Michael, Murphy Anderson PLLC, Tower Building, 1401 K Street, NW Suite 300, Washington, DC, 20005, (202)223-2620
Charged Party / Respondent, Employer, Amazon.com Services LLC, AVP3 Amazon Fulfillment Center, 298 First Avenue, Covington Township, PA, 18424
Charging Party, Union, American Postal Workers Union, AFL-CIO, 1300 L Street NW, Washington, DC, 20005, (202)842-4200
",,,
C,"Region 03, Buffalo, New York",03-CA-295940,"Amazon.com Services LLC",Closed,05/17/2022,08/09/2022,"Withdrawal Non-adjusted",Liverpool,NY,1500,"8(a)(1) Concerted Activities (Retaliation, Discharge, Discipline)
8(a)(3) Changes in Terms and Conditions of Employment
8(a)(3) Discipline
","Charged Party / Respondent, Legal Representative, Sullivan C., Hunton Andrews Kurth LLP, 951 East Byrd Street, Richmond, VA, 23219-4074, (804)788-8399
Charged Party / Respondent, Legal Representative, Dumbacher Robert, Hunton Andrews & Kurth LLP, 600 Peachtree Street, NE, Suite 4100, Atlanta, GA, 30308-2217, (404)888-4007
Charging Party, Legal Representative, Goldstein Seth, Law Offices of Seth Goldstein, 217 Hadleigh Drive, Cherry Hill, NJ, 08003, (646)460-1309
Charged Party / Respondent, Employer, Amazon.com Services LLC, Liverpool, NY, 13090
Charging Party, Individual
",,,
C,"Region 03, Buffalo, New York",03-CA-295951,"Amazon.com Services LLC",Closed,05/17/2022,04/06/2023,"Withdrawal Non-adjusted",Liverpool,NY,1500,"8(a)(3) Discharge (Including Layoff and Refusal to Hire (not salting))
","Charged Party / Respondent, Legal Representative, Sullivan C., Hunton Andrews Kurth LLP, 951 East Byrd Street, Richmond, VA, 23219-4074, (804)788-8399
Charged Party / Respondent, Legal Representative, Dumbacher Robert, Hunton Andrews Kurth LLP, 600 Peachtree St., N.E., Ste.4100, Atlanta, GA, 30308-2219, (404)888-4007
Charged Party / Respondent, Legal Representative, Glasgow Ryan, Hunton Andrews Kurth LLP, Riverfront Plaza, East Tower, 951 East Byrd Street, Richmond, VA, 23219, (404)888-4007
Charging Party, Legal Representative, Goldstein Seth, Law Offices of Seth Goldstein, 217 Hadleigh Drive, Cherry Hill, NJ, 08003, (646)460-1309
Charged Party / Respondent, Employer, Amazon.com Services LLC, Liverpool, NY, 13090
Charging Party, Individual
",,,
C,"Region 08, Cleveland, Ohio",08-CA-295862,"Amazon.com, Services LLC",Closed,05/16/2022,04/14/2026,"Withdrawal Adjusted",Cleveland,OH,2500,"8(a)(3) Discharge (Including Layoff and Refusal to Hire (not salting))
8(a)(1) Concerted Activities (Retaliation, Discharge, Discipline)
8(a)(1) Coercive Statements (Threats, Promises of Benefits, etc.)
8(a)(3) Discipline
","Charged Party / Respondent, Legal Representative, Niedecken Brooke, Littler Mendelson, P.C., 41 South High Street, Columbus, OH, 43215, (614)463-4214
Charged Party / Respondent, Legal Representative, Hartzell Jason, Littler Mendelson, P.C., Key Tower, 127 Public Square, Suite 1600, Cleveland, OH, 44114, (216)696-7600
Charging Party, Legal Representative, Sauter John, Doll, Jansen & Ford, 111 W. First Street, Ste 1100, Dayton, OH, 45402-1156, (937)461-5310
Charged Party / Respondent, Employer, Amazon.com Services LLC, 21500 Emery Rd, North Randall, OH, 44128
Charged Party / Respondent, Additional Service, Amazon Fulfillment Center, 21500 Emery Rd, North Randall, OH, 44128-4546
Charging Party, Individual
",,,
C,"Region 10, Atlanta, Georgia",10-CA-295749,"Amazon.com Services, LLC",Closed,05/13/2022,08/16/2022,"Dismissal Non-adjusted",Bessemer,AL,5000,"8(a)(1) Coercive Actions (Surveillance, etc)
","Charged Party / Respondent, Legal Representative, Sullivan C., Hunton Andrews Kurth LLP, 951 East Byrd Street, Richmond, VA, 23219-4074, (804)788-8399
Charging Party, Legal Representative, Rouco Richard, Quinn, Connor, Weaver, Davies & Rouco, LLP, 2 20th St North, Suite 930, Birmingham, AL, 35203, (205)918-7430
Charged Party / Respondent, Legal Representative, Dumbacher Robert, Hunton Andrews & Kurth LLP, 600 Peachtree Street, NE, Suite 4100, Atlanta, GA, 30308-2217, (404)888-4007
Charged Party / Respondent, Employer, Amazon.com Services LLC, Bessemer, AL, 35022-5497
Charged Party / Respondent, Additional Service, Corporation Service Company Inc., Montgomery, AL, 36104
Charging Party, Union, Retail, Wholesale and Department Store Union International, Birmingham, AL, 35205
",,,
C,"Region 10, Atlanta, Georgia",10-CA-295758,"Amazon.com Services LLC",Closed,05/13/2022,08/26/2022,"Dismissal Non-adjusted",Bessemer,AL,5000,"8(a)(1) Coercive Actions (Surveillance, etc)
8(a)(3) Changes in Terms and Conditions of Employment
","Charged Party / Respondent, Legal Representative, Sullivan C., Hunton Andrews Kurth LLP, 951 East Byrd Street, Richmond, VA, 23219-4074, (804)788-8399
Charging Party, Legal Representative, Rouco Richard, Quinn, Connor, Weaver, Davies & Rouco, LLP, 2 20th St North, Suite 930, Birmingham, AL, 35203, (205)918-7430
Charged Party / Respondent, Legal Representative, Dumbacher Robert, Hunton Andrews & Kurth LLP, 600 Peachtree Street, NE, Suite 4100, Atlanta, GA, 30308-2217, (404)888-4007
Charged Party / Respondent, Employer, Amazon.com Services LLC, Bessemer, AL, 35022-5497
Charging Party, Union, Retail, Wholesale and Department Store Union, Birmingham, AL, 35205
Charged Party / Respondent, Additional Service, Corporation Service Company Inc., Montgomery, AL, 36104
",,,
C,"Region 10, Atlanta, Georgia",10-CA-295768,"Amazon.com Services LLC",Open,05/13/2022,,,Birmingham,AL,5000,"8(a)(1) Coercive Actions (Surveillance, etc)
","Charged Party / Respondent, Legal Representative, Sullivan C., Hunton Andrews Kurth LLP, 951 East Byrd Street, Richmond, VA, 23219-4074, (804)788-8399
Charging Party, Legal Representative, Russell Carley, Cohen, Weiss & Simon, LLP, 900 Third Ave Ste 2100, New York, NY, 10022, (212)356-0210
Charging Party, Legal Representative, Singer Olivia, Cohen, Weiss and Simon LLP, 909 Third Avenue, 12th Floor, New York, NY, 10022-4731, (212)356-0206
Charging Party, Legal Representative, Rouco Richard, Quinn, Connor, Weaver, Davies & Rouco, LLP, 2 20th St North, Suite 930, Birmingham, AL, 35203, (205)918-7430
Charged Party / Respondent, Legal Representative, Dumbacher Robert, Hunton Andrews & Kurth LLP, 600 Peachtree Street, NE, Suite 4100, Atlanta, GA, 30308-2217, (404)888-4007
Charging Party, Legal Representative, Davis Susan, Cohen, Weiss and Simon LLP, 900 Third Avenue, 21st Floor, New York, NY, 10022-4869, (212)356-0207
Charged Party / Respondent, Employer, Amazon.com Services LLC, Bessemer, AL, 35022-5497
Charging Party, Union, Retail, Wholesale and Department Store Union, Birmingham, AL, 35205
Charged Party / Respondent, Additional Service, Corporation Service Company Inc., Montgomery, AL, 36104
",,,
C,"Region 29, Brooklyn, New York",29-CA-295715,"Amazon.com Services Inc.",Closed,05/12/2022,08/03/2022,"Withdrawal Non-adjusted","Staten Island",NY,8000,"8(a)(3) Discharge (Including Layoff and Refusal to Hire (not salting))
8(a)(1) Concerted Activities (Retaliation, Discharge, Discipline)
8(a)(3) Discipline
","Charged Party / Respondent, Legal Representative, Rogers Amber, Hunton Andrews Kurth LLP, 1445 Ross Avenue, Suite 3700, Dallas, TX, 75202, (214)468-3308
Charged Party / Respondent, Legal Representative, Larkin Kurt, Hunton Andrews Kurth LLP, 951 East Byrd Street, Suite 1300, Richmond, VA, 23219, (804)788-8776
Charging Party, Legal Representative, Singla Retu, Julien, Mirer and Singla, 1 Whitehall Street, 16th floor, New York, NY, 10004, (646)228-4729
Charged Party / Respondent, Legal Representative, Glasgow Ryan, Hunton Andrews Kurth LLP, 951 East Byrd Street, Richmond, VA, 23219, (804)788-8791
Charged Party / Respondent, Employer, Amazon.com Services Inc., staten island, NY, 10314
Charging Party, Union, Amazon Labor Union, Staten Island, NY, 10314
",,,
C,"Region 29, Brooklyn, New York",29-CA-295718,"Amazon.com Services LLC",Closed,05/12/2022,05/25/2022,"Withdrawal Non-adjusted","Staten Island",NY,600,"8(a)(3) Discharge (Including Layoff and Refusal to Hire (not salting))
8(a)(1) Concerted Activities (Retaliation, Discharge, Discipline)
8(a)(1) Coercive Statements (Threats, Promises of Benefits, etc.)
8(a)(1) Interrogation (including Polling)
","Charged Party / Respondent, Legal Representative, Rogers Amber, Hunton Andrews Kurth LLP, 1445 Ross Avenue, Suite 3700, Dallas, TX, 75202, (214)468-3308
Charged Party / Respondent, Legal Representative, Larkin Kurt, Hunton Andrews Kurth LLP, 951 East Byrd Street, Suite 1300, Richmond, VA, 23219, (804)788-8776
Charging Party, Legal Representative, Singla Retu, Julien, Mirer and Singla, 337 46th street, 16th floor, new york, NY, 10004, (646)228-4729
Charged Party / Respondent, Employer, Amazon.com Services LLC, Staten Island, NY, 10314
Charging Party, Union, Amazon Labor Union, Staten Island, NY, 10314
",,,
C,"Region 29, Brooklyn, New York",29-CA-295663,"Amazon.com Services, LLC",Open,05/11/2022,,,"Staten Island",NY,1500,"8(a)(1) Coercive Actions (Surveillance, etc)
8(a)(1) Coercive Statements (Threats, Promises of Benefits, etc.)
","Charged Party / Respondent, Legal Representative, Rogers Amber, Hunton Andrews Kurth LLP, 1445 Ross Avenue, Suite 3700, Dallas, TX, 75202, (214)468-3308
Charged Party / Respondent, Legal Representative, Larkin Kurt, Hunton Andrews Kurth LLP, 951 East Byrd Street, Suite 1300, Richmond, VA, 23219, (804)788-8776
Charging Party, Legal Representative, Goldstein Seth, 217 Hadleigh Drive, Cherry Hill, NJ, 08003, (646)460-1309
Charging Party, Union, Amazon Labor Union, 67 Radford Avenue, Staten Island, NY, 10314, (848)210-0636
Charged Party / Respondent, Employer, Amazon.com Services LLC, 546 Gulf Avenue, JFK8, Staten Island, NY, 10314, (855)579-1766
",,,
C,"Region 19, Seattle, Washington",19-CA-295640,"Amazon.com Services LLC",Open,05/10/2022,,,Seattle,WA,999999,"8(a)(1) Coercive Rules
","Charged Party / Respondent, Legal Representative, Dieckman Alyson, Seyfarth Shaw LLP, 999 Third Avenue, Suite 4700, Seattle, WA, 98104-4041, (206)393-4027
Charged Party / Respondent, Legal Representative, Swedlow Daniel, Seyfarth Shaw, LLP, 999 Third Avenue, Suite 4700, Seattle, WA, 98104, (206)946-4940
Charged Party / Respondent, Legal Representative, Rich Jamie, Seyfarth Shaw LLP, 560 Mission St 31st Fl, San Francisco, CA, 94015, (916)498-7078
Charging Party, Legal Representative, Goldstein Seth, Law Office of Seth Goldstein, 217 Hadleigh Drive, Cherry Hill, NJ, 08003, (646)460-1309
Charged Party / Respondent, Employer, Amazon.com Services LLC, 440 Terry Avenue N, Seattle, WA, 98122, (206)266-1000
Charging Party, Individual
Charged Party / Respondent, Additional Service, Amazon.com, Inc., Attn: Legal Dept., 300 Deschutes Way SW Ste 208 MC-CSC1, Tumwater, WA, 98501
Charging Party, Additional Service, Amazon Labor Union, 1 Whitehall Street, 16th Floor, New York, NY, 10004, (646)228-4729
",,,
C,"Region 09, Cincinnati, Ohio",09-CA-295432,"AMAZON SDF1",Closed,05/06/2022,09/22/2022,"Withdrawal Non-adjusted",Campbellsville,KY,1000,"8(a)(1) Coercive Actions (Surveillance, etc)
8(a)(3) Changes in Terms and Conditions of Employment
8(a)(3) Discipline
","Charged Party / Respondent, Legal Representative, Niedecken Brooke, Littler Mendelson, P.C., 41 South High Street, Columbus, OH, 43215, (614)463-4214
Charging Party, Legal Representative, Merkel Jacob, International Association of Machinists and Aerospace Workers, AFL-CIO (IAM), 97 Hyland Stringer Rd, Raymond, WA, 98577, (360)270-0856
Charged Party / Respondent, Legal Representative, Thorn Jake, Littler Mendelson, P.C., 41 South High St, Suite 3250, Columbus, OH, 43215, (614)463-4256
Charged Party / Respondent, Legal Representative, Short Michael, Littler Mendelson, P.C., 41 S. High Street, Suite 3250, Columbus, OH, 43215, (614)463-4226
Charging Party, Union, International Association of Machinists and Aerospace Workers, AFL-CIO, Arlington, TX, 76011
Charged Party / Respondent, Employer, Amazon.com Services LLC., Campbellsville, KY, 42718
",,,
C,"Region 29, Brooklyn, New York",29-CA-295154,"Amazon.com Services LLC",Closed,05/02/2022,08/04/2022,"Withdrawal Non-adjusted","Staten Island",NY,1500,"8(a)(1) Coercive Statements (Threats, Promises of Benefits, etc.)
8(a)(3) Discipline
","Charged Party / Respondent, Legal Representative, Rogers Amber, Hunton Andrews Kurth LLP, 1445 Ross Avenue, Suite 3700, Dallas, TX, 75202, (214)468-3308
Charged Party / Respondent, Legal Representative, Larkin Kurt, Hunton Andrews Kurth LLP, 951 East Byrd Street, Suite 1300, Richmond, VA, 23219, (804)788-8776
Charged Party / Respondent, Legal Representative, Glasgow Ryan, Hunton Andrews Kurth LLP, 951 East Byrd Street, Richmond, VA, 23219, (804)788-8791
Charging Party, Legal Representative, Goldstein seth, Law Offices of Seth Goldstein, 217 Hadleigh Drive, Cherry Hill, NJ, 08003, (646)460-1309
Charged Party / Respondent, Employer, Amazon.com Services LLC, 10314, NJ, 10314
Charging Party, Union, Amazon Labor Union, Staten Island, NY, 10314
",,,
C,"Region 29, Brooklyn, New York",29-CA-295145,"Amazon.com Services LLC",Closed,05/02/2022,05/25/2022,"Withdrawal Non-adjusted","Staten Island",NY,8200,"8(a)(5) Refusal to Bargain/Bad Faith Bargaining (incl'g surface bargaining/direct dealing)
8(a)(5) Repudiation/Modification of Contract [Sec 8(d)/Unilateral Changes]
","Charged Party / Respondent, Legal Representative, Rogers Amber, Hunton Andrews Kurth LLP, 1445 Ross Avenue, Suite 3700, Dallas, TX, 75202, (214)468-3308
Charged Party / Respondent, Legal Representative, Larkin Kurt, Hunton Andrews Kurth LLP, 951 East Byrd Street, Suite 1300, Richmond, VA, 23219, (804)788-8776
Charging Party, Legal Representative, Goldstein Seth, Law Offices of Seth Goldstein, 217 Hadleigh Drive, Cherry Hill, NJ, 08003, (646)460-1309
Charging Party, Union, Amazon Labor Union, Staten Island, NY, 10314
Charged Party / Respondent, Employer, Amazon.com Services LLC, Staten Island, NY, 10314
",,,
C,"Region 29, Brooklyn, New York",29-CA-294907,"Amazon.com Services LLC",Closed,04/28/2022,05/17/2022,"Withdrawal Non-adjusted","Staten Island",NY,1500,"8(a)(1) Coercive Statements (Threats, Promises of Benefits, etc.)
","Charged Party / Respondent, Legal Representative, Rogers Amber, Hunton Andrews Kurth LLP, 1445 Ross Avenue, Suite 3700, Dallas, TX, 75202, (214)468-3308
Charged Party / Respondent, Legal Representative, Larkin Kurt, Hunton Andrews Kurth LLP, 951 East Byrd Street, Suite 1300, Richmond, VA, 23219, (804)788-8776
Charging Party, Legal Representative, Goldstein Seth, Law Offices of Seth Goldstein, 217 Hadleigh Drive, Cherry Hill, NJ, 08003, (646)460-1309
Charged Party / Respondent, Employer, Amazon.com Services LLC, Staten Island, NY, 10314
Charging Party, Union, Amazon Labor Union, Staten Island, NY, 10314
",,,
C,"Region 29, Brooklyn, New York",29-CA-294857,"Amazon.com Services LLC",Open,04/27/2022,,,"Staten Island",NY,1500,"8(a)(1) Coercive Statements (Threats, Promises of Benefits, etc.)
8(a)(1) Concerted Activities (Retaliation, Discharge, Discipline)
8(a)(3) Discipline
","Charging Party, Legal Representative, Goldstein Seth, Law Offices of Seth Goldstein, 217 Hadleigh Drive, Cherry Hill, NJ, 08003, (646)460-1309
Charged Party / Respondent, Employer, Amazon.com Services LLC, 526 Gulf Avenue, Staten Island, NY, 10314, (855)570-1766
Charging Party, Union, Amazon Labor Union, 67 Radford Avenue, Staten Island, NY, 10314, (848)210-0636
",,,
C,"Region 29, Brooklyn, New York",29-CA-294713,"Amazon.com Services LLC",Closed,04/26/2022,08/25/2022,"Withdrawal Non-adjusted","Staten Island",NY,8200,"8(a)(1) Coercive Actions (Surveillance, etc)
8(a)(1) Concerted Activities (Retaliation, Discharge, Discipline)
8(a)(3) Changes in Terms and Conditions of Employment
8(a)(3) Discipline
","Charged Party / Respondent, Legal Representative, Rogers Amber, Hunton Andrews Kurth LLP, 1445 Ross Avenue, Suite 3700, Dallas, TX, 75202, (214)468-3308
Charged Party / Respondent, Legal Representative, Larkin Kurt, Hunton Andrews Kurth LLP, 951 East Byrd Street, Suite 1300, Richmond, VA, 23219, (804)788-8776
Charging Party, Legal Representative, Goldstein Seth, Law Offices of Seth Goldstein, 217 Hadleigh Drive, Cherry Hill, NJ, 08003, (646)460-1309
Charged Party / Respondent, Employer, Amazon.com Services LLC, Staten Island, NY, 10314
Charging Party, Union, Amazon Labor Union, Staten Island, NY, 10314
",,,
C,"Region 10, Atlanta, Georgia",10-CA-294509,"Amazon.com Services LLC",Closed,04/22/2022,08/25/2022,"Dismissal Non-adjusted",Bessemer,AL,5000,"8(a)(3) Discharge (Including Layoff and Refusal to Hire (not salting))
","Charged Party / Respondent, Legal Representative, Sullivan C., Hunton Andrews Kurth LLP, 951 East Byrd Street, Richmond, VA, 23219-4074, (804)788-8399
Charging Party, Legal Representative, Rouco Richard, Quinn & Walls Weaver & Davies, LLP, 2-20th Street North, Suite 930, Birmingham, AL, 35203, (205)918-7430
Charged Party / Respondent, Legal Representative, Dumbacher Robert, Hunton Andrews Kurth LLP, 600 Peachtree St., N.E., Ste.4100, Atlanta, GA, 30308-2219, (404)888-4007
Charged Party / Respondent, Employer, Amazon.com Services LLC, Bessemer, AL, 35022-5497
Charged Party / Respondent, Additional Service, Corporation Service Company Inc., Montgomery, AL, 36104
Charging Party, Union, Retail Wholesale and Department Store Union Mid-South, Local RW 006, Birmingham, AL, 35205
",,,
C,"Region 19, Seattle, Washington",19-CA-294582,Amazon,Closed,04/22/2022,04/19/2023,"Withdrawal Non-adjusted",Seattle,WA,1000000,"8(a)(1) Coercive Actions (Surveillance, etc)
8(a)(3) Discharge (Including Layoff and Refusal to Hire (not salting))
","Charged Party / Respondent, Legal Representative, Rich Jamie, Seyfarth Shaw LLP, 560 Mission St 31st Fl, San Francisco, CA, 94015, (916)498-7078
Charged Party / Respondent, Legal Representative, Nichols Lisa, Seyfarth Shaw LLP, 999 Third Avenue, Suite 4700, Seattle, WA, 98104-4041, (206)946-4932
Charging Party, Legal Representative, Goldstein Seth, Law Office of Seth Goldstein, 217 Hadleigh Drive, Cherry Hill, NJ, 08003, (646)460-1309
Charged Party / Respondent, Employer, Amazon, Seattle, WA, 98109
Charging Party, Individual
Charging Party, Additional Service, Amazon Labor Union, New York, NY, 10004
",,,
C,"Region 29, Brooklyn, New York",29-CA-294457,"Amazon.com Services LLC",Closed,04/20/2022,05/20/2022,"Withdrawal Non-adjusted","Staten Island",NY,5000,"8(a)(1) Interrogation (including Polling)
","Charged Party / Respondent, Legal Representative, Rogers Amber, Hunton Andrews Kurth LLP, 1445 Ross Avenue, Suite 3700, Dallas, TX, 75202, (214)468-3308
Charging Party, Legal Representative, Milner Eric, Simon & Milner, 99 W. Hawthorne Ave., Suite 308, Valley Stream, NY, 11580, (516)561-6622
Charged Party / Respondent, Employer, Amazon.com Services LLC, Dallas, TX, 75202
Charging Party, Union, Amazon Labor Union, Staten Island, NY, 10314
",,,
C,"Region 10, Atlanta, Georgia",10-CA-294283,"Amazon.com Services, LLC",Open,04/18/2022,,,Bessemer,AL,5000,"8(a)(1) Coercive Statements (Threats, Promises of Benefits, etc.)
","Charged Party / Respondent, Legal Representative, Sullivan C., Hunton Andrews Kurth LLP, 951 East Byrd Street, Richmond, VA, 23219-4074, (804)788-8399
Charging Party, Legal Representative, Russell Carley, Cohen, Weiss & Simon, LLP, 900 Third Ave Ste 2100, New York, NY, 10022, (212)356-0210
Charging Party, Legal Representative, Singer Olivia, Cohen, Weiss and Simon LLP, 909 Third Avenue, 12th Floor, New York, NY, 10022-4731, (212)356-0206
Charging Party, Legal Representative, Rouco Richard, Quinn, Connor, Weaver, Davies and Rouco LLP, 2 20th St North, Suite 930, Birmingham, AL, 35203, (205)870-9989
Charged Party / Respondent, Legal Representative, Dumbacher Robert, Hunton Andrews & Kurth LLP, 600 Peachtree Street, NE, Suite 4100, Atlanta, GA, 30308-2217, (404)888-4007
Charging Party, Legal Representative, Davis Susan, Cohen, Weiss and Simon LLP, 900 Third Avenue, 21st Floor, New York, NY, 10022-4869, (212)356-0207
Charged Party / Respondent, Employer, Amazon.com Services LLC, Bessemer, AL, 35022-5497
Charging Party, Union, Retail, Wholesale and Department Store Union, Birmingham, AL, 35205
Charged Party / Respondent, Additional Service, Corporation Service Company Inc., Montgomery, AL, 36104
",,,
C,"Region 29, Brooklyn, New York",29-CA-294241,"Amazon.com Services, LLC",Closed,04/18/2022,05/03/2022,"Withdrawal Non-adjusted","Staten Island",NY,1500,"8(a)(1) Coercive Actions (Surveillance, etc)
","Charging Party, Legal Representative, Goldstein Seth, 67 Radford Avenue, Staten Island, NY, 10314, (646)460-1309
Charged Party / Respondent, Employer, Amazon.com Services LLC, Staten Island, NY, 10314
Charging Party, Union, Amazon Labor Union, Staten Island, NY, 10314
",,,
C,"Region 29, Brooklyn, New York",29-CA-294069,"Amazon Logistics",Closed,04/14/2022,07/07/2022,"Dismissal Non-adjusted","Long Island City",NY,30,"8(a)(1) Concerted Activities (Retaliation, Discharge, Discipline)
","Charging Party, Legal Representative, Felstiner Alek, Levy Ratner PC, 80 8th Ave. 8th Fl., New York, NY, 10011, (212)627-8100
Charged Party / Respondent, Legal Representative, Smith Ivan, Seyfarth Shaw LLP, 233 S Wacker Dr Ste 8000, Chicago, IL, 60606-6448, (212)218-3392
Charged Party / Respondent, Legal Representative, Silver Jason, Seyfarth Shaw LLP, 620 8th Avenue, 32nd Floor, New York, NY, 10018, (212)218-5282
Charged Party / Respondent, Employer, Amazon Logistics, Long Island City, NY, 11101
Charging Party, Union, Amazonians United, New York, NY, 10011
",,,
C,"Region 28, Phoenix, Arizona",28-CA-294078,"Amazon.com Services LLC",Closed,04/14/2022,04/23/2026,"Dismissal Non-adjusted","North Las Vegas",NV,600,"8(a)(1) Concerted Activities (Retaliation, Discharge, Discipline)
","Charged Party / Respondent, Legal Representative, Stolzenbach Brian, Seyfarth Shaw, L. L. P., 233 South Wacker Drive, Suite 8000, Chicago, IL, 60606-6448, (312)460-5551
Charged Party / Respondent, Legal Representative, Haque Saman, Seyfarth Shaw LLP, 233 South Wacker Driver, Suite 8000, Chicago, IL, 60606-6448, (312)460-5812
Charged Party / Respondent, Employer, Amazon.com Services LLC, North Las Vegas, NV, 89030
Charging Party, Individual
",,,
R,"Region 22, Newark, New Jersey",22-RC-294068,"Amazon.com Services LLC",Closed,04/13/2022,04/19/2022,"Withdrawal Non-adjusted",Bayonne,NJ,200,,"Employer, Legal Representative, Smith Ivan, Seyfarth Shaw LLP, 233 S Wacker Dr Ste 8000, Chicago, IL, 60606-6448, (212)218-3392
Employer, Legal Representative, Silver Jason, Seyfarth Shaw, LLP, 233 S Wacker Dr Ste 8000, Chicago, IL, 60606-6448, (212)218-5282
Petitioner, Legal Representative, Kern Steven, Barnes, Laccarino, & Shepherd LLP, 258 Saw Mill River Road, Suite 3, Elmsford, NY, 10523, (914)592-1515
Employer, Employer, Amazon.com Services LLC, Bayonne, NJ, 07002, (888)892-7180
Petitioner, Union, INTERNATIONAL BROTHERHOOD OF TRADE UNIONS, LOCAL 713, UMD ILA, Carle Place, NY, 11514
",,"INCLUDED:  All hourly full-time and regular part-time fulfillment center associates employed at the employer’s DNK5 building located at 105 Avenue A, Bayonne, New Jersey.

EXCLUDED:  Truck drivers, Seasonal employees, Temporary employees, Clerical employees, professional employees, managerial employees, engineering employees, maintenance employees, Robotics employees, information technology employees, 
delivery associates, loss prevention employees, on-site medical employees, 
guards, and supervisors as defined by the Act.
",
C,"Region 12, Tampa, Florida",12-CA-294015,"Amazon.com Services, LLC.",Closed,04/12/2022,05/09/2023,"Withdrawal Adjusted",Orlando,FL,2465,"8(a)(1) Coercive Statements (Threats, Promises of Benefits, etc.)
8(a)(1) Concerted Activities (Retaliation, Discharge, Discipline)
8(a)(1) Coercive Actions (Surveillance, etc)
8(a)(1) Coercive Rules
","Charged Party / Respondent, Legal Representative, Sanchez Karla, Seyfarth Shaw LLP, 233 South Wacker Drive, Suite 8000, Chicago, IL, 60606-6448, (312)460-5000
Charged Party / Respondent, Legal Representative, Sloan Matthew, Seyfarth Shaw LLP, 233 South Wacker Drive, Suite 8000, Chicago, IL, 60606, (312)460-5000
Charged Party / Respondent, Legal Representative, Reed Rachael, Seyfarth Shaw LLP, 1075 Peachtree St NE, Suite 2500, Atlanta, GA, 30309-3958, (404)885-1500
Charged Party / Respondent, Employer, Amazon.com Services, LLC., Orlando, FL, 32824
Charging Party, Individual
",,,
C,"Region 29, Brooklyn, New York",29-CA-293838,"Amazon.com Services LLC",Open,04/11/2022,,,"Staten Island",NY,1500,"8(a)(1) Coercive Statements (Threats, Promises of Benefits, etc.)
8(a)(1) Concerted Activities (Retaliation, Discharge, Discipline)
8(a)(3) Discipline
","Charging Party, Legal Representative, Goldstein Seth, Law Offices of Seth Goldstein, 217 Hadleigh Drive, Cherry Hill, NJ, 08003, (646)460-1309
Charged Party / Respondent, Employer, Amazon.com Services LLC, 526 Gulf Avenue, Staten Island, NY, 10314, (855)679-1766
Charging Party, Union, Amazon Labor Union, 67 Radford Avenue, Staten Island, NY, 10314, (848)210-0636
",,,
C,"Region 29, Brooklyn, New York",29-CA-294000,"Amazon.com Services LLC",Closed,04/11/2022,04/29/2022,"Withdrawal Non-adjusted","Staten Island",NY,1500,"8(a)(1) Coercive Statements (Threats, Promises of Benefits, etc.)
8(a)(1) Coercive Rules
","Charged Party / Respondent, Legal Representative, Rogers Amber, Hunton Andrews Kurth LLP, 1445 Ross Avenue, Suite 3700, Dallas, TX, 75202, (214)468-3308
Charged Party / Respondent, Legal Representative, Larkin Kurt, Hunton Andrews Kurth LLP, 951 East Byrd Street, Suite 1300, Richmond, VA, 23219, (804)788-8776
Charging Party, Legal Representative, Goldstein Seth, Law Offices of Seth Goldstein, 217 Hadleigh Drive, Cherry Hill, NJ, 08003, (646)460-1309
Charged Party / Respondent, Employer, Amazon.com Services LLC, Staten Island, NY, 10314
Charging Party, Union, Amazon Labor Union, Staten Island, NY, 10314
",,,
C,"Region 29, Brooklyn, New York",29-CA-293617,"Amazon.com Services LLC and its agent Global Strategy Group (GSG)",Closed,04/06/2022,05/20/2022,"Withdrawal Non-adjusted","Staten Island",NY,8200,"8(a)(1) Coercive Statements (Threats, Promises of Benefits, etc.)
","Charged Party / Respondent, Legal Representative, Rogers Amber, Hunton Andrews Kurth LLP, 1445 Ross Avenue, Suite 3700, Dallas, TX, 75202, (214)468-3308
Charged Party / Respondent, Legal Representative, Larkin Kurt, Hunton Andrews Kurth LLP, 951 East Byrd Street, Suite 1300, Richmond, VA, 23219, (804)788-8776
Charging Party, Legal Representative, Goldstein Seth, Law Offices of Seth Goldstein, 217 Hadleigh Drive, Cherry Hill, NJ, 08003, (856)463-0301
Charged Party / Respondent, Employer, Amazon.com Services LLC and its agent Global Strategy Group (GSG), Staten Island, NY, 10314
Charging Party, Union, Amazon Labor Union, Staten Island, NY, 10314
",,,
C,"Region 29, Brooklyn, New York",29-CA-293094,"Amazon Logistics",Closed,03/28/2022,03/26/2025,"Dismissal Adjusted","Long Island City",NY,40,"8(a)(3) Discipline
","Charging Party, Legal Representative, Felstiner Aleksandr, Levy Ratner, P.C., 80 Eighth Avenue, Floor 8, New York, NY, 10011, (212)627-8100
Charged Party / Respondent, , Smith Ivan, Seyfarth Shaw LLP, 233 S Wacker Dr Ste 8000, Chicago, IL, 60606-6448, (212)218-3392
Charged Party / Respondent, Employer, Amazon Logistics, Long Island City, NY, 11101
Charging Party, Union, Amazonians United New York, flushing, NY, 11355
",,,
C,"Region 29, Brooklyn, New York",29-CA-293152,"Amazon.com Services LLC",Closed,03/28/2022,04/15/2022,"Withdrawal Non-adjusted","Staten Island",NY,8000,"8(a)(1) Coercive Statements (Threats, Promises of Benefits, etc.)
","Charged Party / Respondent, Legal Representative, Rogers Amber, Hunton Andrews Kurth LLP, 1445 Ross Avenue, Suite 3700, Dallas, TX, 75202, (214)468-3308
Charged Party / Respondent, Legal Representative, Larkin Kurt, Hunton Andrews Kurth LLP, 951 East Byrd Street, Suite 1300, Richmond, VA, 23219, (804)788-8776
Charging Party, Legal Representative, Goldstein Seth, Law Offices of Seth Goldstein, 217 Hadleigh Drive, Cherry Hill, NJ, 08003, (646)460-1309
Charged Party / Respondent, Employer, Amazon.com Services LLC, Staten Island, NY, 10314
Charging Party, Union, Amazon Labor Union, Staten Island, NY, 10314
",,,
C,"Region 29, Brooklyn, New York",29-CA-293768,"Amazon Logistics",Closed,03/28/2022,02/13/2023,"Dismissal Adjusted","Long Island City",NY,30,"8(a)(1) Coercive Rules
","Charged Party / Respondent, Legal Representative, Smith Ivan, Seyfarth Shaw LLP, 233 S Wacker Dr Ste 8000, Chicago, IL, 60606-6448, (212)218-3392
Charged Party / Respondent, Employer, Amazon Logistics, Long Island City, NY, 11101
Charging Party, Union, Amazonians United New York City, Astoria, NY, 11105
Charging Party, Legal Representative
",,,
C,"Region 10, Atlanta, Georgia",10-CA-292962,"Amazon.com Services, LLC",Closed,03/25/2022,08/25/2022,"Dismissal Non-adjusted",Bessemer,AL,5000,"8(a)(3) Discipline
","Charged Party / Respondent, Legal Representative, Sullivan C., Hunton Andrews Kurth LLP, 951 East Byrd Street, Richmond, VA, 23219-4074, (804)788-8399
Charging Party, Legal Representative, Russell Carley, Cohen, Weiss & Simon, LLP, 900 Third Ave Ste 2100, New York, NY, 10022, (212)356-0210
Charging Party, Legal Representative, Singer Olivia, Cohen, Weiss and Simon LLP, 909 Third Avenue, 12th Floor, New York, NY, 10022-4731, (212)356-0206
Charging Party, Legal Representative, Rouco Richard, Quinn, Connor, Weaver, Davies and Rouco LLP, 2-20th Street North, Suite 930, Birmingham, AL, 35203, (205)870-9989
Charged Party / Respondent, Legal Representative, Dumbacher Robert, Hunton Andrews & Kurth LLP, 600 Peachtree Street, NE, Suite 4100, Atlanta, GA, 30308-2217, (404)888-4007
Charging Party, Legal Representative, Davis Susan, Cohen, Weiss and Simon LLP, 900 Third Avenue, 21st Floor, New York, NY, 10022-4869, (212)356-0207
Charged Party / Respondent, Employer, Amazon.com Services, LLC, Bessemer, AL, 35022
Charging Party, Union, Retail, Wholesale and Department Store Union, Birmingham, AL, 35205
Charged Party / Respondent, Additional Service, Corporation Service Company Inc., Montgomery, AL, 36104
",,,
C,"Region 10, Atlanta, Georgia",10-CA-292966,"Amazon.com Services, LLC",Open,03/25/2022,,,Bessemer,AL,5000,"8(a)(1) Coercive Actions (Surveillance, etc)
","Charged Party / Respondent, Legal Representative, Sullivan C., Hunton Andrews Kurth LLP, 951 East Byrd Street, Richmond, VA, 23219-4074, (804)788-8399
Charging Party, Legal Representative, Russell Carley, Cohen, Weiss & Simon, LLP, 900 Third Ave Ste 2100, New York, NY, 10022, (212)356-0210
Charging Party, Legal Representative, Singer Olivia, Cohen, Weiss and Simon LLP, 909 Third Avenue, 12th Floor, New York, NY, 10022-4731, (212)356-0206
Charging Party, Legal Representative, Rouco Richard, Quinn, Connor, Weaver, Davies and Rouco LLP, 2-20th Street North, Suite 930, Birmingham, AL, 35203, (205)870-9989
Charged Party / Respondent, Legal Representative, Dumbacher Robert, Hunton Andrews & Kurth LLP, 600 Peachtree Street, NE, Suite 4100, Atlanta, GA, 30308-2217, (404)888-4007
Charging Party, Legal Representative, Davis Susan, Cohen, Weiss and Simon LLP, 900 Third Avenue, 21st Floor, New York, NY, 10022-4869, (212)356-0207
Charged Party / Respondent, Employer, Amazon.com Services, LLC, Bessemer, AL, 35022
Charging Party, Union, Retail, Wholesale and Department Store Union, Birmingham, AL, 35205
Charged Party / Respondent, Additional Service, Corporation Service Company Inc., Montgomery, AL, 36104
",,,
C,"Region 10, Atlanta, Georgia",10-CA-292958,"Amazon.com Services, LLC",Closed,03/25/2022,08/16/2022,"Withdrawal Non-adjusted",Bessemer,AL,5000,"8(a)(1) Coercive Rules
8(a)(3) Discipline
","Charged Party / Respondent, Legal Representative, Sullivan C., Hunton Andrews Kurth LLP, 951 East Byrd Street, Richmond, VA, 23219-4074, (804)788-8399
Charging Party, Legal Representative, Rouco Richard, Quinn, Connor, Weaver, Davies and Rouco LLP, 2-20th Street North, Suite 930, Birmingham, AL, 35203, (205)870-9989
Charged Party / Respondent, Legal Representative, Dumbacher Robert, Hunton Andrews & Kurth LLP, 600 Peachtree Street, NE, Suite 4100, Atlanta, GA, 30308-2217, (404)888-4007
Charged Party / Respondent, Employer, Amazon.com Services, LLC, Bessemer, AL, 35022
Charging Party, Union, Retail, Wholesale and Department Store Union, Birmingham, AL, 35205
",,,
C,"Region 29, Brooklyn, New York",29-CA-292872,"Amazon Logistics",Closed,03/24/2022,07/07/2022,"Dismissal Non-adjusted","Long Island City",NY,40,"8(a)(1) Concerted Activities (Retaliation, Discharge, Discipline)
8(a)(3) Discipline
","Charging Party, Legal Representative, Felstiner Aleksandr, Levy Ratner, P.C., 80 Eighth Avenue, Floor 8, New York, NY, 10011, (212)627-8100
Charged Party / Respondent, Legal Representative, Smith Ivan, Seyfarth Shaw LLP, 233 S Wacker Dr Ste 8000, Chicago, IL, 60606-6448, (212)218-3392
Charged Party / Respondent, Employer, Amazon Logistics, Long Island City, NY, 11101
Charging Party, Union, Amazonians United New York City, Astoria, NY, 11105
",,,
C,"Region 10, Atlanta, Georgia",10-CA-292652,"Amazon.com Services, LLC",Closed,03/22/2022,04/18/2022,"Dismissal Non-adjusted",Bessemer,AL,7000,"8(a)(3) Changes in Terms and Conditions of Employment
","Charged Party / Respondent, Legal Representative, Sullivan C., Hunton Andrews Kurth LLP, 951 East Byrd Street, Richmond, VA, 23219-4074, (804)788-8399
Charged Party / Respondent, Legal Representative, Dumbacher Robert, Hunton Andrews & Kurth LLP, 600 Peachtree Street, NE, Suite 4100, Atlanta, GA, 30308-2217, (404)888-4007
Charging Party, Individual
Charged Party / Respondent, Employer, Amazon.com Services, LLC, Bessemer, AL, 35022
",,,
C,"Region 29, Brooklyn, New York",29-CA-292844,"Amazon.com Services LLC",Open,03/22/2022,,,"Staten Island",NY,1500,"8(a)(1) Coercive Rules
8(a)(3) Discipline
","Charging Party, Legal Representative, Mirer Jeannie, Amazon Labor Union, 1 Whitehall Street, 16th Floor, New York, NY, 10004, (212)231-2235
Charged Party / Respondent, Legal Representative, Enjamio Juan, Hunton Andrews Kurth LLP, 333 SE 2nd Ave, Suite 2400, Miami, FL, 33131, (305)810-1613
Charged Party / Respondent, Legal Representative, Powell Kurt, Hunton Andrews Kurth LLP, 600 Peachtree Street, NE  Suite 4100, Atlanta, GA, 30308-2216, (404)602-9071
Charging Party, Legal Representative, Julien Ria, Julien Mirer Singla PLLC, 1 Whitehall Street, 16th Floor, New York, NY, (646)228-4729
Charging Party, Legal Representative, Goldstein Seth, Law Offices of Seth Goldstein, 900 South Avenue, Suite 100, Staten Island, NY, 10314, (646)460-1309
Charged Party / Respondent, Employer, Amazon.com Services LLC, LDJ5, 526 Gulf Avenue, Staten Island, NY, 10314, (855)579-1766
Charging Party, Union, Amazon Labor Union, 900 South Avenue, Suite 100, Staten Island, NY, 10314, (848)210-0636
",,,
C,"Region 29, Brooklyn, New York",29-CA-292392,"Amazon.com Services LLC",Open,03/16/2022,,,"Staten Island",NY,6000,"8(a)(1) Concerted Activities (Retaliation, Discharge, Discipline)
8(a)(1) Coercive Statements (Threats, Promises of Benefits, etc.)
8(a)(1) Coercive Actions (Surveillance, etc)
8(a)(3) Discipline
","Charged Party / Respondent, Legal Representative, Rogers Amber, Hunton Andrews Kurth LLP, HUNTON ANDREWS KURTH LLP, 1445 Ross Avenue, Suite 3700, Dallas, TX, 75202, (214)468-3308
Charged Party / Respondent, Legal Representative, LARKIN KURT, Hunton Andrews Kurth LLP, 951 East Byrd Street, Suite 1300, Richmond, VA, 23219, (804)788-8776
Charging Party, Legal Representative, Singla Retu, Amazon Labor Union, 1 Whitehall Street, 16th Floor, New York, NY, 10008, (646)228-4729
Charging Party, Legal Representative, Goldstein Seth, Law offices of Seth Goldstein, 217 Hadleigh Drive, Cherry Hill, NJ, 08003, (646)646-1309
Charged Party / Respondent, Employer, Amazon.com Services LLC, 546 Gulf Avenue, Staten island, NY, 10341, (855)579-1766
Charging Party, Union, Amazon Labor Union, 67 Radford Avenue, Staten Island, NY, 10341, (848)210-0636
",,,
C,"Region 19, Seattle, Washington",19-CA-292182,"Amazon Fresh",Closed,03/14/2022,03/02/2023,"Withdrawal Non-adjusted",Seattle,WA,150,"8(a)(1) Concerted Activities (Retaliation, Discharge, Discipline)
8(a)(1) Coercive Actions (Surveillance, etc)
","Charged Party / Respondent, Legal Representative, Rich Jamie, Seyfarth Shaw LLP, 560 Mission St 31st Fl, San Francisco, CA, 94015, (916)498-7078
Charged Party / Respondent, Legal Representative, Nichols Lisa, Seyfarth Shaw LLP, 999 Third Avenue, Suite 4700, Seattle, WA, 98104-4041, (206)946-4932
Charged Party / Respondent, Employer, Amazon Fresh, Seattle, WA, 98144
Charging Party, Individual
Charging Party, Additional Service, Seattle, WA, 98144-2192
",,,
C,"Region 10, Atlanta, Georgia",10-CA-292232,"Amazon.com Service  LLC",Closed,03/14/2022,08/16/2022,"Withdrawal Non-adjusted",Bessemer,AL,5000,"8(a)(1) Coercive Actions (Surveillance, etc)
8(a)(3) Changes in Terms and Conditions of Employment
","Charged Party / Respondent, Legal Representative, Sullivan C., Hunton Andrews Kurth LLP, 951 East Byrd Street, Richmond, VA, 23219-4074, (804)788-8399
Charging Party, Legal Representative, Rouco Richard, Quinn, Connor, Weaver, Davies and Rouco LLP, 2 20th St North, Suite 930, Birmingham, AL, 35203, (205)870-9989
Charged Party / Respondent, Legal Representative, Dumbacher Robert, Hunton Andrews & Kurth LLP, 600 Peachtree Street, NE, Suite 4100, Atlanta, GA, 30308-2217, (404)888-4007
Charged Party / Respondent, Employer, Amazon.com Services, LLC, Bessemer, AL, 35022
Charging Party, Union, Retail, Wholesale and Department Store Union, Birmingham, AL, 35205
",,,
C,"Region 10, Atlanta, Georgia",10-CA-292230,"Amazon.com Services, LLC",Open,03/14/2022,,,Bessemer,AL,5000,"8(a)(1) Coercive Actions (Surveillance, etc)
","Charged Party / Respondent, Legal Representative, Sullivan C., Hunton Andrews Kurth LLP, 951 East Byrd Street, Richmond, VA, 23219-4074, (804)788-8399
Charging Party, Legal Representative, Russell Carley, Cohen, Weiss & Simon, LLP, 900 Third Ave Ste 2100, New York, NY, 10022, (212)356-0210
Charging Party, Legal Representative, Singer Olivia, Cohen, Weiss and Simon LLP, 909 Third Avenue, 12th Floor, New York, NY, 10022-4731, (212)356-0206
Charging Party, Legal Representative, Rouco Richard, Quinn, Connor, Weaver, Davies & Rouco, LLP, 2 20th St North, Suite 930, Birmingham, AL, 35203, (205)918-7430
Charged Party / Respondent, Legal Representative, Dumbacher Robert, Hunton Andrews & Kurth LLP, 600 Peachtree Street, NE, Suite 4100, Atlanta, GA, 30308-2217, (404)888-4007
Charging Party, Legal Representative, Davis Susan, Cohen, Weiss and Simon LLP, 900 Third Avenue, 21st Floor, New York, NY, 10022-4869, (212)356-0207
Charged Party / Respondent, Employer, Amazon.com Services, LLC, Bessemer, AL, 35022
Charged Party / Respondent, Additional Service, Corporation Service Company Inc., Montgomery, AL, 36104
Charging Party, Union, Retail, Wholesale and Department Store Union International, Birmingham, AL, 35205
",,,
C,"Region 10, Atlanta, Georgia",10-CA-292238,"Amazon.com Services LLC",Open,03/14/2022,,,Bessemer,AL,5000,"8(a)(1) Coercive Actions (Surveillance, etc)
","Charged Party / Respondent, Legal Representative, Sullivan C., Hunton Andrews Kurth LLP, 951 East Byrd Street, Richmond, VA, 23219-4074, (804)788-8399
Charging Party, Legal Representative, Russell Carley, Cohen, Weiss & Simon, LLP, 900 Third Ave Ste 2100, New York, NY, 10022, (212)356-0210
Charging Party, Legal Representative, Singer Olivia, Cohen, Weiss and Simon LLP, 909 Third Avenue, 12th Floor, New York, NY, 10022-4731, (212)356-0206
Charging Party, Legal Representative, Rouco Richard, Quinn & Walls Weaver & Davies, LLP, 2-20th Street North, Suite 930, Birmingham, AL, 35203, (205)918-7430
Charged Party / Respondent, Legal Representative, Dumbacher Robert, Hunton Andrews & Kurth LLP, 600 Peachtree Street, NE, Suite 4100, Atlanta, GA, 30308-2217, (404)888-4007
Charging Party, Legal Representative, Davis Susan, Cohen, Weiss and Simon LLP, 900 Third Avenue, 21st Floor, New York, NY, 10022-4869, (212)356-0207
Charged Party / Respondent, Employer, Amazon.com Services LLC, Bessemer, AL, 35022-5497
Charging Party, Union, Retail, Wholesale and Department Store Union, Birmingham, AL, 35205
Charged Party / Respondent, Additional Service, Corporation Service Company Inc., Montgomery, AL, 36104
",,,
C,"Region 12, Tampa, Florida",12-CA-292176,"Amazon.com Services, LLC.",Closed,03/14/2022,01/20/2023,"Dismissal Non-adjusted",Orlando,FL,2465,"8(a)(1) Coercive Rules
","Charged Party / Respondent, Legal Representative, Kershaw Kyllan, Seyfarth Shaw, LLP, 1075 Peachtree St NE Ste 2500, Atlanta, GA, 30309, (404)889-2487
Charged Party / Respondent, Legal Representative, Sloan Matthew, Seyfarth Shaw LLP, 233 South Wacker Drive, Suite 8000, Chicago, IL, 60606, (312)460-5000
Charged Party / Respondent, Legal Representative, Reed Rachael, Seyfarth Shaw LLP, 1075 Peachtree St NE, Suite 2500, Atlanta, GA, 30309-3958, (404)885-1500
Charged Party / Respondent, Legal Representative, Schwartz-Fenwick Samuel, Seyfarth Shaw LLP, 233 South Wacker Drive, Suite 8000, Chicago, IL, 60606-6448, (312)460-5948
Charged Party / Respondent, Employer, Amazon.com Services, LLC., Orlando, FL, 32824
Charging Party, Individual
",,,
C,"Region 29, Brooklyn, New York",29-CA-292013,"Amazon.com Services LLC",Closed,03/10/2022,03/31/2022,"Withdrawal Non-adjusted","Staten Island",NY,6000,"8(a)(1) Coercive Statements (Threats, Promises of Benefits, etc.)
","Charged Party / Respondent, Legal Representative, Rogers Amber, Hunton Andrews Kurth LLP, HUNTON ANDREWS KURTH LLP, 1445 Ross Avenue, Suite 3700, Dallas, TX, 75202, (214)468-3308
Charged Party / Respondent, Legal Representative, Larkin Kurt, Hunton Andrews Kurth LLP, 951 East Byrd Street, Suite 1300, Richmond, VA, 23219, (804)788-8776
Charging Party, Legal Representative, Goldstein Seth, Law Offices of Seth Goldstein, 217 Hadleigh Drive, Cherry Hill, NJ, 08003, (646)460-1309
Charged Party / Respondent, Employer, Amazon.com Services LLC, Staten Island, NY, 10314
Charging Party, Union, Amazon Labor Union, Staten Island, NY, 10314
Charged Party / Respondent, 
",,,
C,"Region 29, Brooklyn, New York",29-CA-292004,"Amazon.com Services LLC",Closed,03/09/2022,03/29/2022,"Withdrawal Non-adjusted","Staten Island",NY,6000,"8(a)(1) Coercive Statements (Threats, Promises of Benefits, etc.)
8(a)(3) Changes in Terms and Conditions of Employment
8(a)(3) Discipline
","Charged Party / Respondent, Legal Representative, Rogers Amber, Hunton Andrews Kurth LLP, HUNTON ANDREWS KURTH LLP, 1445 Ross Avenue, Suite 3700, Dallas, TX, 75202, (214)468-3308
Charged Party / Respondent, Legal Representative, Larkin Kurt, Hunton Andrews Kurth LLP, 951 East Byrd Street, Suite 1300, Richmond, VA, 23219, (804)788-8776
Charging Party, Legal Representative, Goldstein Seth, Law Offices of Seth Goldstein, 217 Hadleigh Drive, Cherry Hill, NJ, 08003, (646)460-1309
Charged Party / Respondent, Employer, Amazon.com Services LLC, Staten Island, NY, 10314
Charging Party, Union, Amazon Labor Union, Staten Island, NY, 10314
",,,
C,"Region 19, Seattle, Washington",19-CA-291591,"Amazon Fresh",Closed,03/03/2022,04/06/2022,"Withdrawal Non-adjusted",Seattle,WA,150,"8(a)(1) Coercive Actions (Surveillance, etc)
","Charged Party / Respondent, , Rich Jamie, Seyfarth Shaw LLP, 560 Mission St 31st Fl, San Francisco, CA, 94015, (916)498-7078
Charged Party / Respondent, Legal Representative, Nichols Lisa, Seyfarth Shaw LLP, 999 Third Avenue, Suite 4700, Seattle, WA, 98104-4041, (206)946-4932
Charging Party, Individual
Charged Party / Respondent, Employer, Amazon Fresh, Seattle, WA, 98144
",,,
C,"Region 19, Seattle, Washington",19-CA-291472,"Amazon Fresh",Closed,03/01/2022,04/06/2022,"Withdrawal Non-adjusted",Seattle,WA,150,"8(a)(1) Coercive Actions (Surveillance, etc)
","Charged Party / Respondent, Legal Representative, Rich Jamie, Seyfarth Shaw LLP, 560 Mission St 31st Fl, San Francisco, CA, 94015, (916)498-7078
Charged Party / Respondent, Legal Representative, Nichols Lisa, Seyfarth Shaw LLP, 999 Third Avenue, Suite 4700, Seattle, WA, 98104-4041, (206)946-4932
Charged Party / Respondent, Employer, Amazon Fresh, Seattle, WA, 98144
Charging Party, Individual
",,,
C,"Region 29, Brooklyn, New York",29-CA-291424,"Amazon.com Services LLC",Closed,02/28/2022,03/29/2022,"Withdrawal Non-adjusted","Staten Island",NY,6000,"8(a)(1) Concerted Activities (Retaliation, Discharge, Discipline)
8(a)(1) Weingarten
8(a)(3) Discipline
","Charged Party / Respondent, Legal Representative, Rogers Amber, Hunton Andrews Kurth LLP, HUNTON ANDREWS KURTH LLP, 1445 Ross Avenue, Suite 3700, Dallas, TX, 75202, (214)468-3308
Charged Party / Respondent, Legal Representative, Larkin Kurt, Hunton Andrews Kurth LLP, 951 East Byrd Street, Suite 1300, Richmond, VA, 23219, (804)788-8776
Charging Party, Legal Representative, Goldstein Seth, Law Offices of Seth Goldstein, 217 Hadleigh Drive, Cherry Hill, NJ, 08003, (646)460-1309
Charged Party / Respondent, Employer, Amazon.com Services LLC, Staten Island, NY, 10314
Charging Party, Union, Amazon Labor Union, Staten Island, NY, 10314
",,,
C,"Region 29, Brooklyn, New York",29-CA-291182,"Amazon.com Services",Closed,02/24/2022,04/25/2022,"Dismissal Non-adjusted","Staten Island",NY,6000,"8(a)(1) Coercive Actions (Surveillance, etc)
8(a)(1) Coercive Statements (Threats, Promises of Benefits, etc.)
8(a)(3) Changes in Terms and Conditions of Employment
","Charged Party / Respondent, Legal Representative, Rogers Amber, Hunton Andrews Kurth LLP, HUNTON ANDREWS KURTH LLP, 1445 Ross Avenue, Suite 3700, Dallas, TX, 75202, (214)468-3308
Charged Party / Respondent, Legal Representative, Larkin Kurt, Hunton Andrews Kurth LLP, 951 East Byrd Street, Suite 1300, Richmond, VA, 23219, (804)788-8776
Charging Party, Legal Representative, Goldstein Seth, Law Offices of Seth Goldstein, 217 Hadleigh Drive, Manhattan, NY, 10314, (855)579-1766
Charging Party, Union, Amazon Labor Union, Staten Island, NY, 10314
Charged Party / Respondent, Employer, Amazon.com Services, LLC, Staten Island, NY, 10314
",,,
C,"Region 10, Atlanta, Georgia",10-CA-291045,"Amazon.com Services LLC",Open,02/22/2022,,,Bessemer,AL,5000,"8(a)(1) Coercive Actions (Surveillance, etc)
","Charged Party / Respondent, Legal Representative, Sullivan C., Hunton Andrews Kurth LLP, 951 East Byrd Street, Richmond, VA, 23219-4074, (804)788-8399
Charging Party, Legal Representative, Russell Carley, Cohen, Weiss & Simon, LLP, 900 Third Ave Ste 2100, New York, NY, 10022, (212)356-0210
Charging Party, Legal Representative, Singer Olivia, Cohen, Weiss and Simon LLP, 909 Third Avenue, 12th Floor, New York, NY, 10022-4731, (212)356-0206
Charging Party, Legal Representative, Rouco Richard, Quinn, Connor, Weaver, Davies and Rouco LLP, 2 20th St North, Suite 930, Birmingham, AL, 35203, (205)870-9989
Charged Party / Respondent, Legal Representative, Dumbacher Robert, Hunton Andrews & Kurth LLP, 600 Peachtree Street, NE, Suite 4100, Atlanta, GA, 30308-2217, (404)888-4007
Charging Party, Legal Representative, Davis Susan, Cohen, Weiss and Simon LLP, 900 Third Avenue, 21st Floor, New York, NY, 10022-4869, (212)356-0207
Charged Party / Respondent, Employer, Amazon.com Services, LLC, Bessemer, AL, 35022
Charging Party, Union, Retail, Wholesale and Department Store Union, Birmingham, AL, 35205
Charged Party / Respondent, Additional Service, Corporation Service Company Inc., Montgomery, AL, 36104
",,,
C,"Region 10, Atlanta, Georgia",10-CA-290944,"Amazon.com Services LLC",Open,02/22/2022,,,Bessemer,AL,5000,,"Charged Party / Respondent, Legal Representative, Sullivan C., Hunton Andrews Kurth LLP, 951 East Byrd Street, Richmond, VA, 23219-4074, (804)788-8399
Charging Party, Legal Representative, Russell Carley, Cohen, Weiss & Simon, LLP, 900 Third Ave Ste 2100, New York, NY, 10022, (212)356-0210
Charging Party, Legal Representative, Davies George, Quinn, Connor, Weaver, Davies and Rouco LLP, 2 - 20th Street North, Suite 930, Birmingham, AL, 35203, (205)870-9989
Charged Party / Respondent, Legal Representative, La Rocca James, 200 Park Ave., NY, NY, 10166, (212)309-1395
Charging Party, Legal Representative, Singer Olivia, Cohen, Weiss and Simon LLP, 909 Third Avenue, 12th Floor, New York, NY, 10022-4731, (212)356-0206
Charging Party, Legal Representative, Rouco Richard, Quinn, Connor, Weaver, Davies and Rouco LLP, 2-20th Street North, Suite 930, Birmingham, AL, 35203, (205)870-9989
Charged Party / Respondent, Legal Representative, Dumbacher Robert, Hunton Andrews & Kurth LLP, 600 Peachtree Street, NE, Suite 4100, Atlanta, GA, 30308-2217, (404)888-4007
Charging Party, Legal Representative, Davis Susan, Cohen, Weiss and Simon LLP, 900 Third Avenue, 21st Floor, New York, NY, 10022-4869, (212)356-0207
Charged Party / Respondent, Employer, Amazon.com Services LLC, 975 Powder Plant Rd, Bessemer, AL, 35022-5497, (888)892-7180
Charging Party, Union, Retail, Wholesale and Department Store Union, 1901 10th Avenue South, Birmingham, AL, 35205
",,,
C,"Region 10, Atlanta, Georgia",10-CA-290974,"Amazon.com Services, LLC",Open,02/22/2022,,,Bessemer,AL,5000,"8(a)(3) Changes in Terms and Conditions of Employment
","Charged Party / Respondent, Legal Representative, Sullivan C., Hunton Andrews Kurth LLP, 951 East Byrd Street, Richmond, VA, 23219-4074, (804)788-8399
Charging Party, Legal Representative, Russell Carley, Cohen, Weiss & Simon, LLP, 900 Third Ave Ste 2100, New York, NY, 10022, (212)356-0210
Charging Party, Legal Representative, Singer Olivia, Cohen, Weiss and Simon LLP, 909 Third Avenue, 12th Floor, New York, NY, 10022-4731, (212)356-0206
Charging Party, Legal Representative, Rouco Richard, Quinn, Connor, Weaver, Davies and Rouco LLP, 2 20th St North, Suite 930, Birmingham, AL, 35203, (205)870-9989
Charged Party / Respondent, Legal Representative, Dumbacher Robert, Hunton Andrews & Kurth LLP, 600 Peachtree Street, NE, Suite 4100, Atlanta, GA, 30308-2217, (404)888-4007
Charging Party, Legal Representative, Davis Susan, Cohen, Weiss and Simon LLP, 900 Third Avenue, 21st Floor, New York, NY, 10022-4869, (212)356-0207
Charged Party / Respondent, Employer, Amazon.com Services, LLC, Bessemer, AL, 35022
Charged Party / Respondent, Additional Service, Corporation Service Company Inc., Montgomery, AL, 36104
Charging Party, Union, Retail, Wholesale and Department Store Union International, Birmingham, AL, 35205
",,,
C,"Region 29, Brooklyn, New York",29-CA-290880,"Amazon.com Services LLC",Open,02/17/2022,,,"Staten Island",NY,5000,"8(a)(1) Coercive Statements (Threats, Promises of Benefits, etc.)
","Charged Party / Respondent, Legal Representative, Rogers Amber, Hunton Andrews Kurth LLP, HUNTON ANDREWS KURTH LLP, 1445 Ross Avenue, Suite 3700, Dallas, TX, 75202, (214)468-3308
Charged Party / Respondent, Legal Representative, Larkin Kurt, Hunton Andrews Kurth LLP, 951 East Byrd Street, Suite 1300, Richmond, VA, 23219, (804)788-8776
Charging Party, Legal Representative, Singla Retu, Amazon Labor Union, 1 Whitehall Street, 16th Floor, New York, NY, 10008, (646)228-4729
Charged Party / Respondent, Employer, Amazon.Com Services LLC, 576 Gulf Avenue, Staten Island, NY, 10303
Charging Party, Union, Amazon Labor Union, 67 Radford Avenue, Staten Island, NY, 10314
Charging Party, Additional Service, Amazon Labor Union, 217 Hadleigh Dr., Cherry Hill, NJ, 08003, (646)460-1309
",,,
C,"Region 10, Atlanta, Georgia",10-CA-290818,"Amazon.com Services LLC",Closed,02/17/2022,04/11/2022,"Dismissal Non-adjusted",Bessemer,AL,50,"8(a)(1) Coercive Actions (Surveillance, etc)
8(a)(1) Coercive Statements (Threats, Promises of Benefits, etc.)
","Charged Party / Respondent, Legal Representative, Sullivan C., Hunton Andrews Kurth LLP, 951 East Byrd Street, Richmond, VA, 23219-4074, (804)788-8399
Charged Party / Respondent, Legal Representative, Dumbacher Robert, Hunton Andrews & Kurth LLP, 600 Peachtree Street, NE, Suite 4100, Atlanta, GA, 30308-2217, (404)888-4007
Charged Party / Respondent, Employer, Amazon.com Services LLC, Bessemer, AL, 35022-5497
Charging Party, Individual
",,,
C,"Region 19, Seattle, Washington",19-CA-290571,"Amazon Fresh",Closed,02/14/2022,09/06/2023,"Informal Settlement",Seattle,WA,150,"8(a)(1) Coercive Statements (Threats, Promises of Benefits, etc.)
8(a)(1) Concerted Activities (Retaliation, Discharge, Discipline)
8(a)(1) Coercive Actions (Surveillance, etc)
8(a)(3) Discipline
","Charged Party / Respondent, Legal Representative, Rich Jamie, Seyfarth Shaw LLP, 560 Mission St 31st Fl, San Francisco, CA, 94015, (916)498-7078
Charged Party / Respondent, Legal Representative, Nichols Lisa, Seyfarth Shaw LLP, 999 Third Avenue, Suite 4700, Seattle, WA, 98104-4041, (206)946-4932
Charged Party / Respondent, Employer, Amazon Fresh, Seattle, WA, 98144
Charged Party / Respondent, Additional Service, Amazon Fresh, Seattle, WA, 98144
Charging Party, Individual
",,,
C,"Region 31, Los Angeles, California",31-CA-290309,"ABC Signature Studios, Inc.; Walt Disney Pictures/Twentieth Century Fox Film Corporation; CBS Studios Inc./Showtime; Paramount Pictures Corporation; Sony Pictures Television Inc.; Warner Bros Television/Warner Bros. Pictures/New Line Productions; Home Box Office, Inc.; Netflix, Inc.; NBCUniversal/Universal Television/Universal Content Productions; Lionsgate/LGTV Productions, LLC; and Amazon Studios/Picrow",Closed,02/07/2022,07/05/2023,"Withdrawal Adjusted","Sherman Oaks",CA,100000,,"Charged Party / Respondent, Legal Representative, Foster Christopher, McDermott Will & Emery LLP, 2049 Century Park East, Suite 3200, Los Angeles, CA, 90067-3206, (310)778-1586
Charged Party / Respondent, Legal Representative, Foster Christopher, McDermott Will & Emery LLP, 2049 Century Park East, Suite 3200, Los Angeles, CA, 90067-3206, (310)778-1586
Charged Party / Respondent, Legal Representative, Foster Christopher, McDermott Will & Emery LLP, 2049 Century Park East, Suite 3200, Los Angeles, CA, 90067-3206, (310)778-1586
Charged Party / Respondent, Legal Representative, Foster Christopher, McDermott Will & Emery LLP, 2049 Century Park East, Suite 3200, Los Angeles, CA, 90067-3206, (310)778-1586
Charged Party / Respondent, Legal Representative, Foster Christopher, McDermott Will & Emery LLP, 2049 Century Park East, Suite 3200, Los Angeles, CA, 90067-3206, (310)778-1586
Charged Party / Respondent, Legal Representative, Foster Christopher, McDermott Will & Emery LLP, 2049 Century Park East, Suite 3200, Los Angeles, CA, 90067-3206, (310)778-1586
Charged Party / Respondent, Legal Representative, Foster Christopher, McDermott Will & Emery LLP, 2049 Century Park East, Suite 3200, Los Angeles, CA, 90067-3206, (310)778-1586
Charged Party / Respondent, Legal Representative, Foster Christopher, McDermott Will & Emery LLP, 2049 Century Park East, Suite 3200, Los Angeles, CA, 90067-3206, (310)778-1586
Charged Party / Respondent, Legal Representative, Foster Christopher, McDermott Will & Emery LLP, 2049 Century Park East, Suite 3200, Los Angeles, CA, 90067-3206, (310)778-1586
Charged Party / Respondent, Legal Representative, Foster Christopher, McDermott Will & Emery LLP, 2049 Century Park East, Suite 3200, Los Angeles, CA, 90067-3206, (310)778-1586
",,,
C,"Region 29, Brooklyn, New York",29-CA-290046,"Amazon.com Services LLC",Closed,02/04/2022,02/15/2022,"Withdrawal Non-adjusted","Staten Island",NY,1700,"8(a)(1) Concerted Activities (Retaliation, Discharge, Discipline)
8(a)(3) Discipline
8(a)(4) Discipline
","Charged Party / Respondent, Legal Representative, Rogers Amber, Hunton Andrews Kurth LLP, HUNTON ANDREWS KURTH LLP, 1445 Ross Avenue, Suite 3700, Dallas, TX, 75202, (214)468-3308
Charged Party / Respondent, Legal Representative, Larkin Kurt, Hunton Andrews Kurth LLP, 951 East Byrd Street, Suite 1300, Richmond, VA, 23219, (804)788-8776
Charging Party, Legal Representative, Goldstein Seth, Law Offices of Seth Goldstein, 217 Hadleigh Drive, Cherry Hill, NJ, 08003, (646)460-1309
Charged Party / Respondent, Employer, Amazon.com Services LLC, Staten Island, NY, 10314
Charging Party, Union, Amazon Labor Union, Staten Island, NY, 10314
",,,
C,"Region 05, Baltimore, Maryland",05-CA-290293,"AMAZON.COM SERVICES, LLC",Closed,02/04/2022,03/18/2022,"Withdrawal Non-adjusted","North East",MD,500,"8(a)(1) Concerted Activities (Retaliation, Discharge, Discipline)
","Charged Party / Respondent, Legal Representative, Sanchez Karla, Seyfarth Shaw LLP, 233 South Wacker Drive, Suite 8000, Chicago, IL, 60606, (312)460-5000
Charging Party, Individual
Charged Party / Respondent, Employer, AMAZON.COM SERVICES, LLC, North East, MD, 21901
",,,
C,"Region 29, Brooklyn, New York",29-CA-290059,"Amazon.com Services LLC",Closed,02/04/2022,02/15/2022,"Withdrawal Non-adjusted","Staten Island",NY,6000,"8(a)(1) Coercive Statements (Threats, Promises of Benefits, etc.)
8(a)(1) Coercive Rules
","Charged Party / Respondent, Legal Representative, Rogers Amber, Hunton Andrews Kurth LLP, HUNTON ANDREWS KURTH LLP, 1445 Ross Avenue, Suite 3700, Dallas, TX, 75202, (214)468-3308
Charged Party / Respondent, Legal Representative, Larkin Kurt, Hunton Andrews Kurth LLP, 951 East Byrd Street, Suite 1300, Richmond, VA, 23219, (804)788-8776
Charging Party, Legal Representative, Goldstein Seth, Amazon Labor Union, 217 Hadleigh Road, Cherry Hill, NJ, 08003, (646)460-1309
Charged Party / Respondent, Employer, Amazon.com Services LLC, Staten Island, NY, 10314
Charging Party, Union, Amazon Labor Union, Staten Island, NY, 10314
",,,
R,"Region 29, Brooklyn, New York",29-RC-290053,"Amazon.com Services LLC",Closed,02/03/2022,05/11/2022,"Certification of Results","Staten Island",NY,1500,,"Employer, Legal Representative, Rogers Amber, Hunton Andrews Kurth LLP, HUNTON ANDREWS KURTH LLP, 1445 Ross Avenue, Suite 3700, Dallas, TX, 75202, (214)468-3308
Petitioner, Legal Representative, Milner Eric, Simon & Milner, Esqs., 99 W. Hawthorne Ave., Suite 308, Valley Stream, NY, 11580, (516)561-6622
Employer, Legal Representative, LARKIN KURT, Hunton Andrews Kurth LLP, 951 East Byrd Street, Suite 1300, Richmond, VA, 23219, (804)788-8776
Employer, Legal Representative, Glasgow Ryan, Hunton Andrews Kurth LLP, 951 East Byrd Street, Richmond, VA, 23219, (804)788-8791
Petitioner, Union, Amazon Labor Union, Staten Island, NY, 10314, (201)283-6658
Employer, Employer, Amazon.com Services LLC, Seattle, WA, 98109, (214)468-3308
",,"Included: All hourly full-time and regular part-time fulfillment center associates employed at the LDJ5 Building located at 526 Gulf Avenue, Staten Island, NY 10314. Excluded: Truck Drivers, seasonal employees, temporary employees, clerical employees, professional employees, managerial employees, engineering employees, maintenance employees, robotics employees, information technology employees, delivery associates, security guards, loss prevention employees, on-site medical employees, guards and supervisors as defined by the",1633
C,"Region 10, Atlanta, Georgia",10-CA-289619,Amazon,Closed,01/28/2022,02/02/2022,"Withdrawal Non-adjusted",Bessemer,AL,5000,"8(a)(1) Coercive Statements (Threats, Promises of Benefits, etc.)
","Charged Party / Respondent, Employer, Amazon, Bessemer, AL, 35022
Charging Party, Individual
",,,
C,"Region 29, Brooklyn, New York",29-CA-289893,"Amazon.com Services LLC and Matrix Development Group",Closed,01/27/2022,03/25/2022,"Withdrawal Non-adjusted","Staten Island",NY,5000,"8(a)(1) Concerted Activities (Retaliation, Discharge, Discipline)
8(a)(1) Coercive Actions (Surveillance, etc)
8(a)(3) Retaliatory Lawsuit
8(a)(1) Lawsuits
","Charged Party / Respondent, Legal Representative, Rogers Amber, Hunton Andrews Kurth LLP, HUNTON ANDREWS KURTH LLP, 1445 Ross Avenue, Suite 3700, Dallas, TX, 75202, (214)468-3308
Charged Party / Respondent, Legal Representative, Epstein Donald, (732)521-2900
Charging Party, Legal Representative, Kearl Frank, Make the Road New York, 161 Port Richmond Ave., Staten Island, NY, 10302, (929)265-7692
Charged Party / Respondent, Legal Representative, Larkin Kurt, Hunton Andrews Kurth LLP, 951 East Byrd Street, Suite 1300, Richmond, VA, 23219, (804)788-8776
Charged Party / Respondent, Employer, Amazon.com Services LLC and Matrix Development Group, Staten Island, NY, 10314
Charging Party, Individual
",,,
C,"Region 05, Baltimore, Maryland",05-CA-289714,"Amazon (Prime Now LLC)",Closed,01/26/2022,07/28/2022,"Dismissal Non-adjusted",Baltimore,MD,250,"8(a)(1) Concerted Activities (Retaliation, Discharge, Discipline)
","Charged Party / Respondent, Legal Representative, Sanchez Karla, Seyfarth Shaw LLP, 233 South Wacker Drive, Suite 8000, Chicago, IL, 60606, (312)460-5000
Charged Party / Respondent, Employer, Amazon (Prime Now LLC), Baltimore, MD, 21224
Charging Party, Individual
",,,
C,"Region 10, Atlanta, Georgia",10-CA-289418,"Amazon.com Services, LLC",Closed,01/24/2022,04/27/2022,"Withdrawal Non-adjusted",Bessemer,AL,5000,"8(a)(1) Coercive Statements (Threats, Promises of Benefits, etc.)
8(a)(3) Discipline
","Charged Party / Respondent, Legal Representative, Sullivan C., Hunton Andrews Kurth LLP, 951 East Byrd Street, Richmond, VA, 23219-4074, (804)788-8399
Charging Party, Legal Representative, Rouco Richard, Quinn, Connor, Weaver, Davies & Rouco, LLP, 2 20th St North, Suite 930, Birmingham, AL, 35203, (205)870-9989
Charged Party / Respondent, Legal Representative, Dumbacher Robert, Hunton Andrews & Kurth LLP, 600 Peachtree Street, NE, Suite 4100, Atlanta, GA, 30308-2217, (404)888-4007
Charged Party / Respondent, Employer, Amazon.com Services LLC, Bessemer, AL, 35022-5497
Charging Party, Union, Retail, Wholesale and Department Store Union, Birmingham, AL, 35205
",,,
C,"Region 10, Atlanta, Georgia",10-CA-289415,"Amazon.com Services, LLC",Closed,01/24/2022,04/27/2022,"Withdrawal Non-adjusted",Bessemer,AL,5000,"8(a)(1) Coercive Actions (Surveillance, etc)
8(a)(3) Changes in Terms and Conditions of Employment
","Charged Party / Respondent, Legal Representative, Sullivan C., Hunton Andrews Kurth LLP, 951 East Byrd Street, Richmond, VA, 23219-4074, (804)788-8399
Charging Party, Legal Representative, Rouco Richard, Quinn, Connor, Weaver, Davies & Rouco, LLP, 2 20th St North, Suite 930, Birmingham, AL, 35203, (205)870-9989
Charged Party / Respondent, Legal Representative, Dumbacher Robert, Hunton Andrews & Kurth LLP, 600 Peachtree Street, NE, Suite 4100, Atlanta, GA, 30308-2217, (404)888-4007
Charged Party / Respondent, Employer, Amazon.com Services, LLC, Bessemer, AL, 35022
Charging Party, Union, Retail, Wholesale and Department Store Union International, Birmingham, AL, 35205
",,,
C,"Region 12, Tampa, Florida",12-CA-289126,"Amazon, KLAL Air Gateway",Closed,01/18/2022,04/13/2022,"Withdrawal Non-adjusted",Lakeland,FL,1100,"8(a)(1) Concerted Activities (Retaliation, Discharge, Discipline)
8(a)(3) Discharge (Including Layoff and Refusal to Hire (not salting))
","Charged Party / Respondent, Legal Representative, Kershaw Kyllan, Seyfarth Shaw, LLP, 1075 Peachtree St NE Ste 2500, Atlanta, GA, 30309, (404)889-2487
Charged Party / Respondent, Employer, Amazon, KLAL Air Gateway, Lakeland, FL, 33811
Charging Party, Individual
",,,
C,"Region 03, Buffalo, New York",03-CA-288273,"Amazon.com, Inc.",Closed,12/30/2021,03/10/2022,"Dismissal Non-adjusted",Liverpool,NY,100,"8(a)(1) Concerted Activities (Retaliation, Discharge, Discipline)
","Charged Party / Respondent, Legal Representative, Smith Ivan, Seyfarth Shaw LLP, 233 S Wacker Dr Ste 8000, Chicago, IL, 60606-6448, (212)218-3392
Charging Party, Legal Representative, Karlin Stewart, Stewart Lee Karlin Law Group, PC, 111 John Street, 22nd Floor, New York, NY, 10038, (212)792-9670
Charged Party / Respondent, Employer, Amazon.com, Inc., Liverpool, NY, 13088
Charging Party, Individual
",,,
C,"Region 03, Buffalo, New York",03-CA-288275,"Amazon.com, Inc.",Closed,12/30/2021,01/04/2022,"Withdrawal Non-adjusted",Liverpool,NY,100,"8(a)(3) Discharge (Including Layoff and Refusal to Hire (not salting))
8(a)(1) Concerted Activities (Retaliation, Discharge, Discipline)
","Charging Party, Legal Representative, Karlin Stewart, 111 John Street, 22nd, New York, NY, 11101, (212)792-9670
Charged Party / Respondent, Employer, Amazon.com, Inc., Liverpool, NY, 13088
Charging Party, Individual
",,,
R,"Region 29, Brooklyn, New York",29-RC-288020,"Amazon.com Services LLC",Closed,12/22/2021,01/11/2023,"Certific. of Representative","Staten Island",NY,5000,,"Employer, Legal Representative, Rogers Amber, Hunton Andrews Kurth LLP, Fountain Place, 1445 Ross Avenue, Ste 3700, Dallas, TX, 75202, (214)468-3308
Petitioner, Additional Service, Milner Eric, Simon & Milner, Esqs., 99 West Hawthorne Avenue, Suite 308, Valley Stream, NY, 11580, (516)561-6622
Petitioner, Legal Representative, Mirer Jeannie, Amazon Labor Union, 1 Whitehall Street, 16th Floor, New York, NY, 10004, (212)231-2235
Employer, Legal Representative, White Kevin, Hunton Andrews Kurth LLP, 951 East Byrd Street, Richmond, VA, 23219, (202)955-1886
Employer, Legal Representative, Larkin Kurt, Hunton Andrews Kurth LLP, 951 East Byrd Street, Suite 1300, Richmond, VA, 23219, (804)788-8776
Petitioner, Legal Representative, Singla Retu, Amazon Labor Union, 1 Whitehall Street, 16th Floor, New York, NY, 10004, (646)228-4729
Petitioner, Legal Representative, Julien Ria, Amazon Labor Union, 1 Whitehall Street, 16th Floor, New York, NY, 10004, (646)228-4729
Petitioner, Union, Amazon Labor Union, Staten Island, NY, 10314, (201)283-6658
Employer, Employer, Amazon.com Services LLC, Seattle, WA, 98109
","Amazon Labor Union","Included: All hourly full-time and regular part-time fulfillment center associates employed at the JFK8 Building located at 546 Gulf Avenue, Staten Island, NY 10314.

Excluded: Truck drivers, seasonal employees, temporary employees, clerical employees, professional employees, managerial employees, engineering employees, maintenance employees, robotics employees, information technology employees, delivery associates, security guards, loss prevention employees, on-site medical employees, guard and supervisors as defined by the Act.",8325
C,"Region 16, Fort Worth, Texas",16-CA-287973,"Amazon LLC",Closed,12/21/2021,02/22/2022,"Dismissal Non-adjusted",Spring,TX,100,"8(a)(1) Concerted Activities (Retaliation, Discharge, Discipline)
","Charged Party / Respondent, Legal Representative, Stolzenbach Brian, Seyfarth Shaw LLP, 233 S. Wacker Drive, Ste 8000, Chicago, IL, 60606, (312)460-5000
Charged Party / Respondent, Legal Representative, Sloan Matthew, Seyfarth Shaw LLP, 233 South Wacker Drive, Suite 8000, Chicago, IL, 60606, (312)460-5000
Charged Party / Respondent, Employer, AMAZON LLC, SPRING, TX, 77389
Charging Party, Individual
",,,
C,"Region 29, Brooklyn, New York",29-CA-287940,"Amazon.com Services LLC.",Closed,12/16/2021,05/18/2022,"Withdrawal Non-adjusted","Staten Island",NY,7200,"8(a)(1) Coercive Statements (Threats, Promises of Benefits, etc.)
8(a)(1) Coercive Rules
","Charged Party / Respondent, Legal Representative, Rogers Amber, Hunton Andrews Kurth LLP, HUNTON ANDREWS KURTH LLP, 1445 Ross Avenue, Suite 3700, Dallas, TX, 75202, (214)468-3308
Charged Party / Respondent, Legal Representative, LARKIN KURT, Hunton Andrews Kurth LLP, 951 East Byrd Street, Suite 1300, Richmond, VA, 23219, (804)788-8776
Charging Party, Legal Representative, Goldstein Seth, Law Offices of Seth Goldstein, 217 Hadleigh Drive, Cherry Hill, NJ, 08003, (646)460-1309
Charged Party / Respondent, Employer, Amazon.com Services LLC., Staten Island, NY, 10341
Charging Party, Union, Amazon Labor Union, Staten Island, NY, 10341
",,,
C,"Region 29, Brooklyn, New York",29-CA-287614,"Amazon.com Services LLC",Open,12/13/2021,,,"Staten Island",NY,7200,"8(a)(1) Coercive Statements (Threats, Promises of Benefits, etc.)
","Charged Party / Respondent, Legal Representative, Rogers Amber, Hunton Andrews Kurth LLP, HUNTON ANDREWS KURTH LLP, 1445 Ross Avenue, Suite 3700, Dallas, TX, 75202, (214)468-3308
Charged Party / Respondent, Legal Representative, LARKIN KURT, Hunton Andrews Kurth LLP, 951 East Byrd Street, Suite 1300, Richmond, VA, 23219, (804)788-8776
Charging Party, Legal Representative, Singla Retu, Amazon Labor Union, 1 Whitehall Street, 16th Floor, New York, NY, 10008, (646)228-4729
Charging Party, Legal Representative, Goldstein Seth, 217 Hadleigh Drive, Cherry Hill, NJ, 08003, (646)460-1309
Charged Party / Respondent, Employer, Amazon.com Services  Inc., 546 Gulf Avenue, Staten Island, NY, 10314, (855)579-1766
Charging Party, Union, Amazon Labor Union, 67 Radford Avenue, Staten Island, NY, 10314, (848)210-0636
",,,
C,"Region 29, Brooklyn, New York",29-CA-286898,"Amazon.com Services LLC",Closed,11/29/2021,12/20/2021,"Withdrawal Non-adjusted","Staten Island",NY,7200,"8(a)(3) Discharge (Including Layoff and Refusal to Hire (not salting))
8(a)(1) Concerted Activities (Retaliation, Discharge, Discipline)
","Charged Party / Respondent, Legal Representative, Rogers Amber, Hunton Andrews Kurth LLP, HUNTON ANDREWS KURTH LLP, 1445 Ross Avenue, Suite 3700, Dallas, TX, 75202, (214)468-3308
Charged Party / Respondent, Legal Representative, LARKIN KURT, Hunton Andrews Kurth LLP, 951 East Byrd Street, Suite 1300, Richmond, VA, 23219, (804)788-8776
Charging Party, Legal Representative, Goldstein Seth, Law Offices of Seth Goldstein, 217 Hadleigh Drive, Cherry Hill, NJ, 08003, (646)460-1309
Charged Party / Respondent, Employer, Amazon.com Services LLC, Staten Island, NY, 10314
Charging Party, Union, Amazon Labor Union, Staten Island, NY, 10314
",,,
C,"Region 29, Brooklyn, New York",29-CA-286895,"Amazon.com Services",Closed,11/24/2021,12/20/2021,"Withdrawal Adjusted","Staten Island",NY,7200,"8(a)(1) Coercive Rules
","Charged Party / Respondent, Legal Representative, Rogers Amber, Hunton Andrews Kurth LLP, HUNTON ANDREWS KURTH LLP, 1445 Ross Avenue, Suite 3700, Dallas, TX, 75202, (214)468-3308
Charged Party / Respondent, Legal Representative, Larkin Kurt, Hunton Andrews Kurth LLP, 951 East Byrd Street, Suite 1300, Richmond, VA, 23219, (804)788-8776
Charging Party, Legal Representative, Goldstein Seth, Law Offices of Sethi Goldstein, 217 Hadleigh Drive, Cherry Hill, NJ, 08003, (646)460-1309
Charged Party / Respondent, Employer, Amazon.com Servives, Staten Island, NY, 10314
Charging Party, Union, Amazon Labor Union, Staten Island, NY, 10314
",,,
C,"Region 16, Fort Worth, Texas",16-CA-286742,"Amazon.com, Inc.",Closed,11/23/2021,04/07/2022,"Withdrawal Non-adjusted",Dallas,TX,1000,"8(a)(1) Coercive Statements (Threats, Promises of Benefits, etc.)
8(a)(1) Concerted Activities (Retaliation, Discharge, Discipline)
","Charged Party / Respondent, Legal Representative, Stolzenbach Brian, Seyfarth Shaw LLP, 233 S. Wacker Drive, Ste 8000, Chicago, IL, 60606, (312)460-5551
Charged Party / Respondent, Legal Representative, Phillips John, Seyfarth Shaw LLP, 700 Milam Street, Suite 1400, Houston, TX, 77002-2812, (713)225-2300
Charged Party / Respondent, Employer, AMAZON.COM, INC., DALLAS, TX, 75212
Charged Party / Respondent, Additional Service, AMAZON.COM, INC., SEATTLE, WA, 98109
Charging Party, Individual
",,,
C,"Region 29, Brooklyn, New York",29-CA-286577,"Amazon.com Services LLC",Open,11/19/2021,,,"Staten Island",NY,7200,"8(a)(1) Coercive Statements (Threats, Promises of Benefits, etc.)
","Charged Party / Respondent, Legal Representative, Rogers Amber, Hunton Andrews Kurth LLP, HUNTON ANDREWS KURTH LLP, 1445 Ross Avenue, Suite 3700, Dallas, TX, 75202, (214)468-3308
Charged Party / Respondent, Legal Representative, LARKIN KURT, Hunton Andrews Kurth LLP, 951 East Byrd Street, Suite 1300, Richmond, VA, 23219, (804)788-8776
Charging Party, Legal Representative, Singla Retu, Julien, Mirer & Singla, PLLC, 1 Whitehall Street, 16th Floor, New York, NY, 10004, (212)884-9104
Charging Party, Legal Representative, Goldstein Seth, Law Offices of Seth Goldstein, 217 Hadleigh Drive, Cherry Hill, NJ, 08003, (646)460-1309
Charged Party / Respondent, Employer, Amazon.com Services LLC, 546 Gulf Avenue, Staten Island, NY, 10314, (855)579-1766
Charging Party, Union, Amazon Labor Union, 67 Radford Street, Staten Island, NY, 10314, (848)210-0636
",,,
C,"Region 29, Brooklyn, New York",29-CA-286682,"Amazon.com Services, LLC",Closed,11/19/2021,02/07/2022,"Withdrawal Adjusted","Staten Island",NY,5000,"8(a)(1) Concerted Activities (Retaliation, Discharge, Discipline)
8(a)(3) Retaliatory Lawsuit
8(a)(3) Discipline
8(a)(4) Discipline
8(a)(1) Lawsuits
","Charged Party / Respondent, Legal Representative, Rogers Amber, Hunton Andrews Kurth LLP, Fountain Place, 1445 Ross Avenue, Ste 3700, Dallas, TX, 75202, (214)468-3308
Charging Party, Legal Representative, Kearl Frank, Make the Road New York, 161 Port Richmond Ave., Staten Island, NY, 10302, (929)267-5769
Charged Party / Respondent, Legal Representative, Larkin Kurt, Hunton Andrews Kurth LLP, 951 East Byrd Street, Suite 1300, Richmond, VA, 23219, (804)788-8776
Charged Party / Respondent, Employer, Amazon.com Services, LLC, Staten Island, NY, 10314
Charging Party, Individual
",,,
C,"Region 29, Brooklyn, New York",29-CA-285900,"Amazon.com Services LLC",Closed,11/05/2021,11/18/2021,"Withdrawal Non-adjusted","Staten Island",NY,5600,"8(a)(1) Coercive Statements (Threats, Promises of Benefits, etc.)
8(a)(1) Interrogation (including Polling)
","Charged Party / Respondent, Legal Representative, Rogers Amber, Hunton Andrews Kurth LLP, Fountain Place, 1445 Ross Avenue, Ste 3700, Dallas, TX, 75202, (214)468-3308
Charged Party / Respondent, Legal Representative, Larkin Kurt, Hunton Andrews Kurth LLP, 951 East Byrd Street, Suite 1300, Richmond, VA, 23219, (804)788-8776
Charging Party, Legal Representative, Goldstein Seth, Law Offices of Seth Goldstein, 217 Hadleigh Drive, Cherry Hill, NY, 08003, (646)460-1309
Charged Party / Respondent, Employer, Amazon.com Services LLC, Staten Island, NY, 10314
Charging Party, Union, Amazon Labor Union, Staten Island, NY, 10314
",,,
C,"Region 29, Brooklyn, New York",29-CA-286272,"Amazon.com Services LLC",Open,11/05/2021,,,"Staten Island",NY,5600,"8(a)(3) Discipline
8(a)(3) Discharge (Including Layoff and Refusal to Hire (not salting))
","Charged Party / Respondent, Legal Representative, Rogers Amber, Hunton Andrews Kurth LLP, HUNTON ANDREWS KURTH LLP, 1445 Ross Avenue, Suite 3700, Dallas, TX, 75202, (214)468-3308
Charged Party / Respondent, Legal Representative, Enjamio Juan, Hunton Andrews Kurth LLP, 333 SE 2nd Ave, Suite 2400, Miami, FL, (305)810-1613
Charged Party / Respondent, Legal Representative, Powell Kurt, Hunton Andrews Kurth LLP, 600 Peachtree Street, NE  Suite 4100, Atlanta, GA, 30308-2216, (404)602-9071
Charged Party / Respondent, Legal Representative, LARKIN KURT, Hunton Andrews Kurth LLP, 951 East Byrd Street, Suite 1300, Richmond, VA, 23219, (804)788-8776
Charging Party, Legal Representative, Singla Retu, Julien  Mirer Singla, 1 Whitehall Street, 16th Floor, New York, NY, 10004, (212)884-9104
Charging Party, Legal Representative, Goldstein Seth, Law Offices of Seth Goldstein, 217 Hadleigh Drive, Cherry Hill, NY, 08003, (646)460-1309
Charged Party / Respondent, Employer, Amazon.com Services LLC, 546 Gulf Avenue, Staten Island, NY, 10314, (855)579-1766
Charging Party, Union, Amazon Labor Union, 67 Radford Street, Staten island, NY, 10314, (848)210-0636
",,,
C,"Region 25, Indianapolis, Indiana",25-CA-285564,Amazon,Closed,11/02/2021,02/25/2022,"Withdrawal Non-adjusted",Whitestown,IN,1000,"8(a)(3) Discharge (Including Layoff and Refusal to Hire (not salting))
8(a)(1) Concerted Activities (Retaliation, Discharge, Discipline)
","Charged Party / Respondent, Legal Representative, Stolzenbach Brian, Seyfarth Shaw LLP, 233 South Wacker Drive, Suite 8000, Chicago, IL, 60606, (312)460-5000
Charging Party, Legal Representative, Panico John, Panico Law LLC, 9465 Counselors Row, Ste 200, Indianapolis, IN, 46240, (317)759-7464
Charged Party / Respondent, Legal Representative, Sloan Matthew, Seyfarth Shaw LLP, 233 South Wacker Drive, Suite 8000, Chicago, IL, 60606, (312)460-5000
Charged Party / Respondent, Employer, Amazon, Whitestown, IN, 46075
Charging Party, Individual
",,,
C,"Region 29, Brooklyn, New York",29-CA-285445,"Amazon.com Services LLC",Open,11/01/2021,,,"Staten Island",NY,5600,"8(a)(1) Coercive Statements (Threats, Promises of Benefits, etc.)
8(a)(1) Interrogation (including Polling)
","Charged Party / Respondent, Legal Representative, Rogers Amber, Hunton Andrews Kurth LLP, Fountain Place, 1445 Ross Avenue, Ste 3700, Dallas, TX, 75202, (214)468-3308
Charged Party / Respondent, Legal Representative, Powell Kurt, Hunton Andrews Kurth LLP, 600 Peachtree Street, NE  Suite 4100, Atlanta, GA, 30308-2216, (404)602-9071
Charging Party, Legal Representative, Singla Retu, Julien, Mirer & Singla, PLLC, 1 Whitehall Street, 16th Floor, New York, NY, 10004, (212)884-9104
Charging Party, Legal Representative, Goldstein Seth, Law Offices of Seth Goldstein, 217 Hadleigh Drive, Cherry Hill, NY, 08003, (646)460-1309
Charged Party / Respondent, Employer, Amazon.com Services LLC, 546 Gulf Avenue, Staten Island, NY, 10314, (855)579-1766
Charging Party, Union, Amazon Labor Union, 67 Radford Street, Staten Island, NY, 10314, (848)210-0636
",,,
C,"Region 29, Brooklyn, New York",29-CA-285832,"Amazon.com Services, LLC",Closed,10/29/2021,11/18/2021,"Withdrawal Non-adjusted","Staten Island",NY,5600,"8(a)(1) Coercive Statements (Threats, Promises of Benefits, etc.)
","Charged Party / Respondent, Legal Representative, Rogers Amber, Hunton Andrews Kurth LLP, Fountain Place, 1445 Ross Avenue, Ste 3700, Dallas, TX, 75202, (214)468-3308
Charged Party / Respondent, Legal Representative, Larkin Kurt, Hunton Andrews Kurth LLP, 951 East Byrd Street, Suite 1300, Richmond, VA, 23219, (804)788-8776
Charging Party, Legal Representative, Goldstein Seth, Law Offices of Seth Goldstein, 217 Hadleigh Drive, Cherry Hill, NJ, 08003, (646)460-1309
Charged Party / Respondent, Employer, Amazon.com Services, LLC, Staten Island, NY, 10314
Charging Party, Union, Amazon Labor Union, Staten Island, NY, 10314
",,,
R,"Region 29, Brooklyn, New York",29-RC-285057,"Amazon.com, Inc.",Closed,10/25/2021,11/19/2021,"Withdrawal Non-adjusted","Staten Island",NY,5500,,"Employer, Legal Representative, Rogers Amber, Hunton Andrews Kurth LLP, HUNTON ANDREWS KURTH LLP, 1445 Ross Avenue, Suite 3700, Dallas, TX, 75202, (214)468-3308
Petitioner, Legal Representative, Milner Eric, Simon & Milner, 99 W. Hawthorne Ave., Suite 308, Valley Stream, NY, 11580, (516)561-6622
Employer, Legal Representative, LARKIN KURT, Hunton Andrews Kurth LLP, 951 East Byrd Street, Suite 1300, Richmond, VA, 23219, (804)788-8776
Petitioner, Union, Amazon Labor Union, Staten Island, NY, 10314, (201)283-6658
Employer, Employer, Amazon.com, Inc., Seattle, WA, 98144
",,"Included: All hourly full-time and regular part time fulfillment associates, process assistants, sortation associates and transportation associates employed at the Employer's Gulf Avenue, Staten Island, NY Facility Excluded: Truck drivers, delivery associates, information technology employees, maintenance employees, engineering employees, security guards, loss prevention employees, on-site medical employees, office clerical employees, managerial employees, guards and supervisors as defined by the Act.",
C,"Region 20, San Francisco, California",20-CA-285121,"Amazon Web Services Inc.",Closed,10/25/2021,11/03/2021,"Withdrawal Non-adjusted",Roseville,CA,1000,"8(a)(1) Coercive Rules
8(a)(1) Concerted Activities (Retaliation, Discharge, Discipline)
","Charged Party / Respondent, Legal Representative, Gabel Molly, Seyfarth Shaw LLP, 233 S. Wacker Dr Ste 8000, Chicago, IL, 60606, (206)946-4909
Charging Party, Legal Representative, Kassel Sandford, Kassel Law, 334 West 3rd Street, Suite 207, San Bernardino, CA, 92401, (909)884-6451
Charging Party, Individual
Charged Party / Respondent, Employer, Amazon Web Services Inc., Seattle, WA, 98101
",,,
C,"Region 29, Brooklyn, New York",29-CA-284417,"Amazon.com Services, LLC",Closed,10/12/2021,06/01/2022,"Informal Settlement","Staten Island",NY,5600,"8(a)(3) Changes in Terms and Conditions of Employment
8(a)(1) Coercive Actions (Surveillance, etc)
8(a)(1) Coercive Rules
","Charged Party / Respondent, Legal Representative, Rogers Amber, Hunton Andrews Kurth LLP, HUNTON ANDREWS KURTH LLP, 1445 Ross Avenue, Suite 3700, Dallas, TX, 75202, (214)468-3308
Charged Party / Respondent, , LARKIN KURT, Hunton Andrews Kurth LLP, 951 East Byrd Street, Suite 1300, Richmond, VA, 23219, (804)788-8776
Charged Party / Respondent, Employer, Amazon.com Services  Inc., Staten Island, NY, 10314
Charging Party, Individual, Law Offices of Seth Goldstein
",,,
C,"Region 12, Tampa, Florida",12-CA-283680,"Amazon.com Services, LLC.",Closed,09/23/2021,06/21/2022,"Dismissal Non-adjusted",Orlando,FL,2465,"8(a)(1) Coercive Statements (Threats, Promises of Benefits, etc.)
8(a)(4) Changes in Terms and Conditions of Employment
8(a)(1) Interrogation (including Polling)
8(a)(4) Discipline
8(a)(1) Concerted Activities (Retaliation, Discharge, Discipline)
8(a)(3) Changes in Terms and Conditions of Employment
","Charged Party / Respondent, Legal Representative, Sloan Matthew, Seyfarth Shaw LLP, 233 South Wacker Drive, Suite 8000, Chicago, IL, 60606, (312)460-5000
Charged Party / Respondent, Legal Representative, Schwartz-Fenwick Samuel, Seyfarth Shaw LLP, 233 South Wacker Drive, Suite 8000, Chicago, IL, 60606-6448, (312)460-5948
Charged Party / Respondent, Employer, Amazon.com Services, LLC., Orlando, FL, 32824
Charging Party, Individual
",,,
C,"Region 29, Brooklyn, New York",29-CA-282693,"Amazon.com Services LLC.",Closed,09/09/2021,06/01/2022,"Informal Settlement","Staten Island",NY,5600,"8(a)(1) Coercive Statements (Threats, Promises of Benefits, etc.)
8(a)(1) Coercive Rules
","Charged Party / Respondent, Legal Representative, Rogers Amber, Hunton Andrews Kurth LLP, HUNTON ANDREWS KURTH LLP, 1445 Ross Avenue, Suite 3700, Dallas, TX, 75202, (214)468-3308
Charged Party / Respondent, Legal Representative, LARKIN KURT, Hunton Andrews Kurth LLP, 951 East Byrd Street, Suite 1300, Richmond, VA, 23219, (804)788-8776
Charging Party, Legal Representative, Goldstein Seth, Law Offices of Seth Goldstein, 217 Hadleigh Drive, Cherry Hill, NJ, 08003, (646)460-1309
Charged Party / Respondent, Employer, Amazon.com Services LLC., Staten Island, NY, 10314
Charging Party, Individual
",,,
C,"Region 19, Seattle, Washington",19-CA-281615,Amazon,Closed,08/18/2021,09/08/2021,"Withdrawal Non-adjusted",Seattle,WA,10000,"8(a)(1) Coercive Actions (Surveillance, etc)
8(a)(1) Concerted Activities (Retaliation, Discharge, Discipline)
8(a)(1) Coercive Rules
","Charged Party / Respondent, Legal Representative, Stolzenbach Brian, Seyfarth Shaw LLP, 233 South Wacker Drive, Suite 8000, Chicago, IL, 60606, (312)460-5000
Charging Party, Legal Representative, Bean Matthew, Bean Law Group, 2200 6th Ave, Ste 500, Seattle, WA, 98121-1843, (206)522-0618
Charged Party / Respondent, Legal Representative, Sloan Matthew, Seyfarth Shaw LLP, 233 South Wacker Drive, Suite 8000, Chicago, IL, 60606-6448, (312)460-5000
Charged Party / Respondent, Legal Representative, Gabel Molly, Seyfarth Shaw LLP, 233 S. Wacker Dr Ste 8000, Chicago, IL, 60606, (206)946-4909
Charged Party / Respondent, Employer, Amazon, Seattle, WA, 98109
Charging Party, Individual
",,,
C,"Region 05, Baltimore, Maryland",05-CA-281501,"Amazon Fulfillment",Closed,08/16/2021,10/27/2021,"Withdrawal Non-adjusted",Petersburg,VA,2000,"8(a)(5) Refusal to Bargain/Bad Faith Bargaining (incl'g surface bargaining/direct dealing)
8(a)(1) Concerted Activities (Retaliation, Discharge, Discipline)
8(a)(1) Coercive Rules
8(a)(3) Discipline
","Charged Party / Respondent, Legal Representative, Larkin Kurt, Hunton Andrews Kurth LLP, 951 East Byrd Street, Suite 1300, Richmond, VA, 23219, (804)788-8776
Charged Party / Respondent, Employer, Amazon Fulfillment, Petersburg, VA, 23803-6917
Charging Party, Individual
",,,
C,"Region 29, Brooklyn, New York",29-CA-281358,"Amazon.com Services, LLC",Closed,08/13/2021,10/27/2021,"Withdrawal Non-adjusted","Staten Island",NY,5600,"8(a)(1) Weingarten
","Charged Party / Respondent, Legal Representative, Rogers Amber, Hunton Andrews Kurth LLP, HUNTON ANDREWS KURTH LLP, 1445 Ross Avenue, Suite 3700, Dallas, TX, 75202, (214)468-3308
Charged Party / Respondent, Legal Representative, Larkin Kurt, Hunton Andrews Kurth LLP, 951 East Byrd Street, Suite 1300, Richmond, VA, 23219, (804)788-8776
Charging Party, Legal Representative, Goldstein Seth, 217 Hadleigh Drive, Cherry Hill, NJ, 08003, (646)460-1309
Charged Party / Respondent, Employer, Amazon.com Services  Inc., Staten Island, NY, 10314
Charging Party, Individual
",,,
C,"Region 28, Phoenix, Arizona",28-CA-281240,"Amazon.com Services LLC",Closed,08/10/2021,03/09/2026,"Informal Settlement","Las Vegas",NV,5000,"8(a)(1) Concerted Activities (Retaliation, Discharge, Discipline)
8(a)(1) Coercive Rules
","Charged Party / Respondent, Legal Representative, Stolzenbach Brian, Seyfarth Shaw LLP, 233 S. Wacker Drive, Ste 8000, Chicago, IL, 60606, (312)460-5000
Charged Party / Respondent, Legal Representative, Kuntz Harrison, Seyfarth Shaw LLP, 233 S. Wacker Dr Ste 8000, Chicago, IL, 60606-6448, (312)460-5811
Charged Party / Respondent, Legal Representative, Reed Rachael, Seyfarth Shaw, LLP, 1075 Peachtree St  NE, Suite 2500, Atlanta, GA, 30309-3958, (404)885-1500
Charged Party / Respondent, Employer, Amazon.com Services LLC, 6001 East Tropical Parkway, Las Vegas, NV, 89115, (888)892-7180
Charging Party, Individual
",,,
C,"Region 12, Tampa, Florida",12-CA-280767,Amazon,Closed,08/02/2021,12/23/2021,"Dismissal Non-adjusted","Land O Lakes",FL,150,"8(a)(1) Concerted Activities (Retaliation, Discharge, Discipline)
","Charged Party / Respondent, Legal Representative, Hart Jeremiah, Baker & Hostetler, LLP, 200 Civic Center Drive, Suite 1200, Columbus, OH, 43215, (614)462-5127
Charging Party, Legal Representative, Gadd John, 2727 Ulmerton Rd., Ste. 250, Clearwater, FL, 33762, (727)524-6300
Charged Party / Respondent, Legal Representative, Asencio Mike, Baker & Hostetler, LLP, 200 Civic Center Drive, Suite 1200, Columbus, OH, 43215-4138, (614)462-2622
Charged Party / Respondent, Employer, Amazon, Land O' Lakes, FL, 34638
Charging Party, Individual
",,,
C,"Region 29, Brooklyn, New York",29-CA-280386,"Amazon.com Services, Inc.",Closed,07/23/2021,04/19/2022,"Withdrawal Non-adjusted","Staten Island",NY,5600,"8(a)(1) Coercive Rules
","Charged Party / Respondent, Legal Representative, Rogers Amber, Hunton Andrews Kurth LLP, HUNTON ANDREWS KURTH LLP, 1445 Ross Avenue, Suite 3700, Dallas, TX, 75202, (214)468-3308
Charged Party / Respondent, Legal Representative, LARKIN KURT, Hunton Andrews Kurth LLP, 951 East Byrd Street, Suite 1300, Richmond, VA, 23219, (804)788-8776
Charging Party, Legal Representative, Goldstein Seth, Law Offices of Seth Goldstein, 217 Hadleigh Drive, Cherry Hill, NJ, 08003, (646)460-1309
Charged Party / Respondent, Legal Representative, Goldstein Seth, Office and Professional Employees International Union, AFL_CIO, 265 West 14th Street, 6th Floor, New York City, NY, 10011, (646)460-1309
Charged Party / Respondent, Employer, Amazon.com Services, Inc., Staten Island, NY, 10314
Charging Party, Individual
",,,
C,"Region 28, Phoenix, Arizona",28-CA-280427,"Amazon Hub",Closed,07/23/2021,03/10/2022,"Withdrawal Adjusted",Chandler,AZ,250,"8(a)(1) Coercive Statements (Threats, Promises of Benefits, etc.)
8(a)(1) Concerted Activities (Retaliation, Discharge, Discipline)
8(a)(1) Coercive Actions (Surveillance, etc)
8(a)(1) Denial of Access
8(a)(1) Coercive Rules
","Charged Party / Respondent, Legal Representative, Stolzenbach Brian, Seyfarth Shaw LLP, 233 South Wacker Drive, Suite 8000, Chicago, IL, 60606, (312)460-5551
Charged Party / Respondent, Employer, Amazon Hub, Chandler, AZ, 85225
Charging Party, Individual
",,,
C,"Region 29, Brooklyn, New York",29-CA-280153,"Amazon.com Services, Inc.",Open,07/16/2021,,,"Staten Island",NY,5600,"8(a)(1) Concerted Activities (Retaliation, Discharge, Discipline)
8(a)(1) Coercive Rules
8(a)(3) Discipline
","Charged Party / Respondent, Legal Representative, Rogers Amber, Hunton Andrews Kurth LLP, HUNTON ANDREWS KURTH LLP, 1445 Ross Avenue, Suite 3700, Dallas, TX, 75202, (214)468-3308
Charged Party / Respondent, Legal Representative, Enjamio Juan, 333 SE 2nd Ave, Suite 2400, Miami, FL, 33131, (305)810-1613
Charged Party / Respondent, Legal Representative, LARKIN KURT, Hunton Andrews Kurth LLP, 951 East Byrd Street, Suite 1300, Richmond, VA, 23219, (804)788-8776
Charged Party / Respondent, Legal Representative, Powell Kurt, Hunton Andrews Kurth LLP, 600 Peachtree Street, NE  Suite 4100, Atlanta, GA, 30308-2216, (404)602-9071
Charging Party, Legal Representative, Goldstein Seth, Law Offices of Seth Goldstein, 217 Hadleigh Drive, Cherry Hill, NJ, 08003, (646)460-1309
Charged Party / Respondent, Employer, Amazon.com Services, Inc., 546 Gulf Avenue, Staten Island, NY, 10314, (855)579-1766
Charging Party, Individual
",,,
C,"Region 13, Chicago, Illinois",13-CA-279376,"Amazon.com Services, LLC",Closed,07/02/2021,06/01/2022,"Informal Settlement",Joliet,IL,1000,"8(a)(1) Concerted Activities (Retaliation, Discharge, Discipline)
8(a)(1) Coercive Rules
","Charged Party / Respondent, Legal Representative, Stolzenbach Brian, Seyfarth Shaw LLP, 233 S. Wacker Drive, Ste 8000, Chicago, IL, 60606, (312)460-5000
Charging Party, Individual
Charged Party / Respondent, Employer, Amazon.com Services, LLC, Joliet, IL, 60433
",,,
C,"Region 29, Brooklyn, New York",29-CA-278982,"Amazon.com Services LLC",Closed,06/22/2021,06/01/2022,"Informal Settlement","Staten Island",NY,5600,"8(a)(1) Interrogation (including Polling)
8(a)(1) Coercive Rules
","Charged Party / Respondent, Legal Representative, Rogers Amber, Hunton Andrews Kurth LLP, HUNTON ANDREWS KURTH LLP, 1445 Ross Avenue, Suite 3700, Dallas, TX, 75202, (214)468-3308
Charged Party / Respondent, Legal Representative, Enjamio Juan, Hunton Andrews Kurth LLP, 333 SE 2nd Ave, Suite 2400, Miami, FL, (305)810-1613
Charged Party / Respondent, , Powell Kurt, Hunton Andrews Kurth LLP, 600 Peachtree Street, NE  Suite 4100, Atlanta, GA, 30308-2216, (404)602-9071
Charged Party / Respondent, Legal Representative, LARKIN KURT, Hunton Andrews Kurth LLP, 951 East Byrd Street, Suite 1300, Richmond, VA, 23219, (804)788-8776
Charging Party, Legal Representative, Singla Retu, Julien, Mirer & Singla, PLLC, 1 Whitehall Street, 16th Floor, New York, NY, 10004, (212)884-9104
Charging Party, Legal Representative, Goldstein Seth, Law Offices of Seth Goldstein, 217 Hadleigh Drive, Cherry Hill, NJ, 08003, (646)460-1309
Charged Party / Respondent, Employer, Amazon.com Services LLC, JFK8, 546 Gulf Avenue, Staten Island, NY, 10314, (855)679-1766
Charging Party, Individual
",,,
C,"Region 29, Brooklyn, New York",29-CA-278701,"Amazon.com Services, LLC",Open,06/16/2021,,,"Staten Island",NY,5600,"8(a)(1) Coercive Statements (Threats, Promises of Benefits, etc.)
8(a)(1) Coercive Actions (Surveillance, etc)
","Charged Party / Respondent, Legal Representative, Rogers Amber, Hunton Andrews Kurth LLP, HUNTON ANDREWS KURTH LLP, 1445 Ross Avenue, Suite 3700, Dallas, TX, 75202, (214)468-3308
Charged Party / Respondent, Legal Representative, Enjamio Juan, Hunton Andrews Kurth LLP, 333 SE 2nd Ave, Suite 2400, Miami, FL, (305)810-1613
Charged Party / Respondent, Legal Representative, Powell Kurt, Hunton Andrews Kurth LLP, 600 Peachtree Street, NE  Suite 4100, Atlanta, GA, 30308-2216, (404)602-9071
Charged Party / Respondent, Legal Representative, LARKIN KURT, Hunton Andrews Kurth LLP, 951 East Byrd Street, Suite 1300, Richmond, VA, 23219, (804)788-8776
Charging Party, Legal Representative, Goldstein Seth, Law Offices of Seth Goldstein, 217 Hadleigh Drive, Cherry Hill, NJ, 08003, (646)460-1309
Charged Party / Respondent, Legal Representative, Goldstein Seth, Office and Professional Employees International Union, AFL_CIO, 265 West 14th Street, 6th Floor, New York City, NY, 10011, (646)460-1309
Charged Party / Respondent, Employer, Amazon.com Services, LLC, 546 Gulf Avenue, Staten Island, NY, 10314, (855)579-1766
Charging Party, Individual
",,,
C,"Region 28, Phoenix, Arizona",28-CA-277821,Amazon,Closed,05/28/2021,06/17/2021,"Dismissal Non-adjusted","North Las Vegas",NV,800,"8(a)(1) Concerted Activities (Retaliation, Discharge, Discipline)
","Charged Party / Respondent, Legal Representative, Stolzenbach Brian, Seyfarth Shaw LLP, 233 South Wacker Drive, Suite 8000, Chicago, IL, 60606-6448, (312)460-5000
Charged Party / Respondent, Legal Representative, Costea Flavia, Buchalter, 2029 Century Park E, Suite 3500, Los Angeles, CA, 90067, (310)201-9231
Charged Party / Respondent, Employer, Amazon, North Las Vegas, NV, 89030
Charging Party, Individual
",,,
C,"Region 29, Brooklyn, New York",29-CA-277598,"Amazon.com Services, LLC",Open,05/21/2021,,,"Staten Island",NY,5600,"8(a)(1) Coercive Statements (Threats, Promises of Benefits, etc.)
8(a)(1) Interrogation (including Polling)
8(a)(1) Coercive Actions (Surveillance, etc)
","Charged Party / Respondent, Legal Representative, Rogers Amber, Hunton Andrews Kurth LLP, HUNTON ANDREWS KURTH LLP, 1445 Ross Avenue, Suite 3700, Dallas, TX, 75202, (214)468-3308
Charged Party / Respondent, Legal Representative, Enjamio Juan, Hunton Andrews Kurth LLP, 333 SE 2nd Ave, Suite 2400, Miami, FL, (305)810-1613
Charged Party / Respondent, Legal Representative, Powell Kurt, Hunton Andrews Kurth LLP, 600 Peachtree Street, NE  Suite 4100, Atlanta, GA, 30308-2216, (404)602-9071
Charged Party / Respondent, Legal Representative, LARKIN KURT, Hunton Andrews Kurth LLP, 951 East Byrd Street, Suite 1300, Richmond, VA, 23219, (804)788-8776
Charging Party, Legal Representative, Goldstein Seth, Law Office of Seth Goldstein, 217 Hadleigh Drive, Cherry Hill, NJ, 08003, (646)460-1309
Charged Party / Respondent, Employer, Amazon.com Services, LLC, 546 Gulf Avenue, Staten Island, NY, 10314, (855)579-1766
Charging Party, Individual
",,,
C,"Region 29, Brooklyn, New York",29-CA-277198,"Amazon.com Services, LLC",Open,05/17/2021,,,"Staten Island",NY,5600,,"Charged Party / Respondent, Legal Representative, Rogers Amber, Hunton Andrews Kurth LLP, HUNTON ANDREWS KURTH LLP, 1445 Ross Avenue, Suite 3700, Dallas, TX, 75202, (214)468-3308
Charging Party, Legal Representative, Mirer Jeannie, Mirer Mazzocchi & Julien, PLLC, 1 Whitehall Street, Sixteenth Floor, New York, NY, 10004, (212)231-2235
Charged Party / Respondent, Legal Representative, Enjamio Juan, Hunton Andrews Kurth LLP, 333 SE 2nd Ave, Suite 2400, Miami, FL, (305)810-1613
Charged Party / Respondent, Legal Representative, Powell Kurt, Hunton Andrews Kurth LLP, 600 Peachtree St NE Ste 4100, Atlanta, GA, 30308-2231, (404)888-4015
Charged Party / Respondent, Legal Representative, LARKIN KURT, Hunton Andrews Kurth LLP, 951 East Byrd Street, Suite 1300, Richmond, VA, 23219, (804)788-8776
Charging Party, Legal Representative, Singla Retu, Julien, Mirer & Singla, PLLC, 1 Whitehall Street, 16th Floor, New York, NY, 10004, (212)884-9104
Charging Party, Legal Representative, Goldstein Seth, Law Officers of Seth Goldstein, 217 Hadleigh Avenue, Cherry Hill, NJ, 08003, (646)460-1309
Charged Party / Respondent, Legal Representative, Goldstein Seth, Office and Professional Employees International Union, AFL_CIO, 265 West 14th Street, 6th Floor, New York City, NY, 10011, (646)460-1309
Charged Party / Respondent, Employer, Amazon.com Services Inc., 546 Gulf Avenue, Staten Island, NY, 10314, (855)579-1766
Charging Party, Individual
",,,
C,"Region 29, Brooklyn, New York",29-CA-276926,"Amazon.com Services  Inc.",Closed,05/11/2021,08/06/2021,"Withdrawal Non-adjusted","Staten Island",NY,5600,"8(a)(1) Coercive Statements (Threats, Promises of Benefits, etc.)
8(a)(1) Coercive Rules
8(a)(1) Coercive Actions (Surveillance, etc)
","Charged Party / Respondent, Legal Representative, Rogers Amber, Hunton Andrews Kurth LLP, HUNTON ANDREWS KURTH LLP, 1445 Ross Avenue, Suite 3700, Dallas, TX, 75202, (214)468-3308
Charged Party / Respondent, Legal Representative, LARKIN KURT, Hunton Andrews Kurth LLP, 951 East Byrd Street, Suite 1300, Richmond, VA, 23219, (804)788-8776
Charging Party, Legal Representative, Goldstein Seth, Law Offices of Seth Goldstein, 217 Hadleigh Drive, Cherry Hill, NJ, 08003, (646)460-1309
Charged Party / Respondent, Employer, Amazon.com Services  Inc., 546 Gulf Avenue, Staten Island, NY, 10314, (855)579-1766
Charging Party, Individual
",,,
C,"Region 13, Chicago, Illinois",13-CA-276695,"Amazon.com Services, LLC",Open,05/06/2021,,,Chicago,IL,500,"8(a)(1) Coercive Rules
","Charged Party / Respondent, Legal Representative, Stolzenbach Brian, Seyfarth Shaw LLP, 233 S. Wacker Drive, Ste 8000, Chicago, IL, 60606, (312)460-5000
Charged Party / Respondent, Employer, Amazon.com Services, LLC d/b/a DLN8, Chicago, IL, 60632
Charging Party, Individual
",,,
C,"Region 10, Atlanta, Georgia",10-CA-276082,"Amazon.com Services, LLC",Closed,04/23/2021,06/30/2021,"Withdrawal Non-adjusted",Bessemer,AL,5000,,"Charged Party / Respondent, Legal Representative, Nixon Brooke, Constangy, Brooks, Smith & Prophete, LLP, 2 Chase Corporate Drive, Suite-120, Hoover, AL, 35244-1015, (205)252-9321
Charged Party / Respondent, Legal Representative, Broderdorf David, Morgan, Lewis & Bockius LLP, 1111 Pennsylvania Ave NW, Washington, DC, 20004-2541, (202)739-5817
Charged Party / Respondent, Legal Representative, Kpere-Daibo Dean, Constangy, Brooks, Smith & Prophete, LLP, 680 Craig Road, Suite 400, St. Louis, MO, 63141, (314)925-7267
Charged Party / Respondent, Legal Representative, Guzman Francisco, Morgan, Lewis & Bockius, LLP, 101 Park Avenue, New York, NY, 10178, (212)309-6798
Charged Party / Respondent, Legal Representative, Rosenthal Geoffrey, Morgan, Lewis & Bockius LLP, 2049 Century Park E Ste 700, Los Angeles, CA, 90067-3109, (202)739-5318
Charging Party, Legal Representative, DAVIES GEORGE, 2-20th St N Ste 930, Birmingham, AL, 35203, (205)870-9989
Charged Party / Respondent, Legal Representative, Johnson Harry, Morgan, Lewis & Bockius LLP, 2049 Century Park E Ste 700, Los Angeles, CA, 90067-3109, (310)255-9005
Charging Party, Legal Representative, Stanojevich Nicolas, Quinn, Connor, Weaver, Davies & Rouco LLP, 2 20th Street North Suite 930, Birmingham, AL, 35203, (706)296-1950
Charged Party / Respondent, Legal Representative, Scroggins Thomas, Constangy, Brooks, Smith & Prophete, LLP, 2 Chase Corporate Drive, Suite 120, Birmingham, AL, 35244, (205)226-5472
Charged Party / Respondent, Employer, Amazon.com Services LLC, Bessemer, AL, 35022-5497
",,,
C,"Region 13, Chicago, Illinois",13-CA-276069,"Amazon.com Services, LLC",Closed,04/22/2021,05/10/2021,"Withdrawal Adjusted",Chicago,IL,1,"8(a)(4) Changes in Terms and Conditions of Employment
","Charged Party / Respondent, Legal Representative, Stolzenbach Brian, Seyfarth Shaw LLP, 233 S. Wacker Drive, Ste 8000, Chicago, IL, 60606, (312)460-5000
Charging Party, Individual
Charged Party / Respondent, Employer, Amazon.com Services, LLC d/b/a DCH1, Chicago, IL, 60608-5213
",,,
C,"Region 07, Detroit, Michigan",07-CA-275895,"Amazon Prime/Whole Foods",Closed,04/20/2021,05/20/2021,"Dismissal Non-adjusted","Rochester Hills",MI,50,"8(a)(1) Concerted Activities (Retaliation, Discharge, Discipline)
","Charged Party / Respondent, Employer, Amazon Prime, Seattle, WA, 98109
Charging Party, Individual
Charged Party / Respondent, Employer, Whole Foods, Rochester Hills, MI, 49309
",,,
C,"Region 13, Chicago, Illinois",13-CA-275270,"Amazon.com Services, LLC",Open,04/07/2021,,,Chicago,IL,500,,"Charged Party / Respondent, Legal Representative, Rogers Amber, HUNTON & WILLIAMS, LLP, 1445 Ross Ave, Suite 3700, Dallas, TX, 75202-2755, (214)468-3308
Charged Party / Respondent, Legal Representative, Stolzenbach Brian, Seyfarth Shaw LLP, 233 S. Wacker Drive, Ste 8000, Chicago, IL, 60606, (312)460-5000
Charged Party / Respondent, Legal Representative, Enjamio Juan, HUNTON & WILLIAMS, LLP, 333 SE 2nd Ave, Suite 2400, Miami, FL, 33131, (305)810-1613
Charged Party / Respondent, Legal Representative, Larkin Kurt, Hunton & Williams, LLP, 951 East Bryd Street, Richmond, VA, 23219, (804)788-8776
Charged Party / Respondent, Legal Representative, Powell Kurt, Hunton Andrews Kurth LLP, 600 Peachtree Street, NE  Suite 4100, Atlanta, GA, 30308-2216, (404)602-9071
Charging Party, Legal Representative, Singla Retu, JULIEN, MIRER, SINGLA & GOLDSTEIN, 1 whitehall street, 16th floor, New York, NY, 10004, (646)228-4729
Charging Party, Legal Representative, Goldstein Seth, Law Office of Seth Goldstein, 217 Hadleigh Drive, Cherry Hill, NJ, 08003, (646)460-1309
Charging Party, Individual
Charged Party / Respondent, Employer, Amazon.com Services, LLC d/b/a DLN8, Chicago, IL, 60632
Charging Party, Individual
",,,
C,"Region 28, Phoenix, Arizona",28-CA-275323,Amazon,Closed,04/07/2021,08/01/2024,"Dismissal Non-adjusted",Tucson,AZ,1000,"8(a)(1) Concerted Activities (Retaliation, Discharge, Discipline)
8(a)(1) Coercive Rules
","Charged Party / Respondent, Legal Representative, Stolzenbach Brian, Seyfarth Shaw LLP, 233 South Wacker Drive, Suite 8000, Chicago, IL, 60606-6448, (312)460-5000
Charged Party / Respondent, Legal Representative, Costea Flavia, Buchalter, 2029 Century Park E, Suite 3500, Los Angeles, CA, 90067, (310)201-9231
Charged Party / Respondent, Employer, Amazon, Tucson, AZ, 85756
Charging Party, Individual
",,,
C,"Region 13, Chicago, Illinois",13-CA-273907,Amazon,Closed,03/10/2021,05/11/2021,"Dismissal Non-adjusted",Joliet,IL,1100,"8(a)(1) Concerted Activities (Retaliation, Discharge, Discipline)
","Charged Party / Respondent, Legal Representative, Sturniolo Julia, Morgan, Lewis & Bockius, LLP, 2222 Market Street, Philadelphia, PA, 19103, (215)963-4782
Charged Party / Respondent, Legal Representative, Lee Sang-yul, K&L Gates, 70 West Madison Street Suite 4000, Chicago, IL, 60602-4552, (312)807-4373
Charging Party, Individual
Charged Party / Respondent, Legal Representative
Charged Party / Respondent, Employer, Amazon.com Services, LLC, Joliet, IL, 60433
",,,
C,"Region 10, Atlanta, Georgia",10-CA-273167,Amazon,Closed,02/23/2021,03/22/2021,"Dismissal Non-adjusted",Nashville,TN,250,"8(a)(1) Concerted Activities (Retaliation, Discharge, Discipline)
","Charged Party / Respondent, Legal Representative, Keyser Denise, Ballard, Spahr, LLP, 210 Lake Drive East, Suite 200, Cherry Hill, NJ, 08002-1163, (856)761-3442
Charged Party / Respondent, Legal Representative, Leaf Rebecca, Ballard, Spahr, LLP, 300 E. Lombard Street, 18th Floor, Baltimore, MD, 21202, (215)864-8575
Charged Party / Respondent, Employer, Amazon, Nashville, TN, 37203
Charging Party, Individual
",,,
C,"Region 09, Cincinnati, Ohio",09-CA-273020,AMAZON,Closed,02/17/2021,03/25/2021,"Withdrawal Non-adjusted",Lexington,KY,2000,"8(a)(1) Concerted Activities (Retaliation, Discharge, Discipline)
","Charged Party / Respondent, Employer, Amazon, Lexington, KY, 40511
Charging Party, Individual
",,,
C,"Region 10, Atlanta, Georgia",10-CA-272644,"AMAZON.COM SERVICE LLC",Closed,02/11/2021,11/10/2021,"Informal Settlement",Bessemer,AL,5800,"8(a)(1) Coercive Statements (Threats, Promises of Benefits, etc.)
8(a)(2) Assistance
","Charged Party / Respondent, Legal Representative, Guzman Francisco, Morgan, Lewis & Bockius, LLP, 101 Park Avenue, New York, NY, 10178, (212)309-6798
Charged Party / Respondent, Legal Representative, Rosenthal Geoffrey, Morgan, Lewis & Bockius, LLP, 1111 Pennsylvania Ave NW, Washington, DC, 20004-2541, (215)963-5141
Charged Party / Respondent, Legal Representative, Johnson Harry, Morgan Lewis & Bockius, LLP, 2049 CENTURY PARK EAST, SUITE 700, Los Angeles, CA, 90067-3109, (310)255-9005
Charged Party / Respondent, Legal Representative, Buffalano Nicole, Morgan Lewis & Bockius, LLP, 300 South Grand Avenue, 24th Floor, Los Angeles, CA, 90071, (213)612-7443
Charging Party, Individual
Charged Party / Respondent, Employer, Amazon.com Services LLC, Bessemer, AL, 35022-5497
",,,
C,"Region 29, Brooklyn, New York",29-CA-272290,"Amazon LDJ5",Closed,02/05/2021,03/02/2021,"Dismissal Non-adjusted","Staten Island",NY,2100,"8(a)(1) Coercive Rules
","Charged Party / Respondent, Legal Representative, RAGAGLIA JOSEPH, Morgan, Lewis & Bockius, LLP, 1701 Market Street, Philadelphia, PA, 19103, (215)963-5365
Charged Party / Respondent, Legal Representative, Taylor Michael, Morgan, Lewis & Bockius LLP, 2222 Market Street, Philadelphia, PA, 19103-3007, (215)963-4740
Charged Party / Respondent, Legal Representative, Buffalano Nicole, Morgan, Lewis & Bockius LLP, 300 South Grand Avenue, 24th Floor,  Los Angeles, CA, 90071-3132, (213)612-7443
Charged Party / Respondent, Employer, Amazon LDJ5, Staten Island, NY, 10314
Charging Party, Individual
",,,
C,"Region 13, Chicago, Illinois",13-CA-271075,"Amazon/F.A.E. Distributors Incorporated",Closed,01/06/2021,03/05/2021,"Dismissal Non-adjusted",Chicago,IL,80,"8(a)(3) Discharge (Including Layoff and Refusal to Hire (not salting))
","Charged Party / Respondent, Legal Representative, Kelley Matthew, Ogletree, Deakins, Nash, Smoak & Steward, PC, 111 Monument Circle, Suite 4600, Indianapolis, IN, 46204-5100, (317)916-1300
Charged Party / Respondent, Legal Representative, Buffalano Nicole, Morgan Lewis & Bockius, LLP, 300 South Grand Avenue, 24th Floor, Los Angeles, CA, 90071, (213)612-7443
Charged Party / Respondent, Legal Representative, Friedman Ross, Morgan, Lewis & Bockius, LLP, 77 West Wacker Drive, 5th Floor, Chicago, IL, 60601-1671, (312)324-1172
Charged Party / Respondent, Employer, F.A.E. Distributors Incorporated, Chicago, IL, 60628
Charging Party, Union, Amazon Delivery Drivers Coalition, Joliet, IL, 60436-1909
Charged Party / Respondent, Employer, Amazon, Gary, IN, 46402
",,,
C,"Region 13, Chicago, Illinois",13-CA-270010,Amazon/Espinoza,Closed,12/09/2020,01/11/2021,"Withdrawal Non-adjusted",Gary,IN,100,"8(a)(1) Coercive Actions (Surveillance, etc)
8(a)(1) Coercive Statements (Threats, Promises of Benefits, etc.)
","Charged Party / Respondent, Legal Representative, Manjarrez Norma, Ogletree, Deakins, Nash, Smoak & Stewart, P.C., 155 North Wacker Drive  Suite 4300, Chicago, IL, 60606-1731, (312)558-1235
Charged Party / Respondent, Legal Representative, Friedman Ross, Morgan, Lewis & Bockius, LLP, 77 West Wacker Drive, 5th Floor, Chicago, IL, 60601-1671, (312)324-1172
Charged Party / Respondent, Employer, Amazon/Espinoza, Gary, IN, 46402-____
Charging Party, Union, Amazon Delivery Drivers Coalition, Joliet, IL, 60436-1909
",,,
C,"Region 02, New York, New York",02-CA-270192,"Amazon.com Services LLC aka Amazon.com LLC aka Amazon.com",Closed,12/08/2020,02/26/2021,"Dismissal Non-adjusted","New York",NY,11,"8(a)(1) Concerted Activities (Retaliation, Discharge, Discipline)
","Charging Party, Legal Representative, Ghim Susan, Law Office of Susan Ghim, 244 Fifth Ave, Suite 1434, NY, NY, 10001
Charged Party / Respondent, Legal Representative, Thompson Tanja, Littler Mendelson, P.C., 3725 Champion Hills Drive, Suite 3000, Memphis, TN, 38125-3965, (901)322-1223
Charging Party, Individual
Charged Party / Respondent, Employer, Amazon.com Services LLC aka Amazon.com LLC aka Amazon.com, Seattle, WA, 98109
",,,
C,"Region 13, Chicago, Illinois",13-CA-269950,"Amazon/GBT logistics & Rapid Delivery Services",Closed,12/08/2020,02/19/2021,"Withdrawal Non-adjusted",Elgin,IL,400,"8(a)(1) Coercive Actions (Surveillance, etc)
","Charged Party / Respondent, Legal Representative, Buffalano Nicole, Morgan Lewis & Bockius, LLP, 300 South Grand Avenue, 24th Floor, Los Angeles, CA, 90071, (213)612-7443
Charged Party / Respondent, Legal Representative, Manjarrez Norma, Ogletree, Deakins, Nash, Smoak & Stewart, P.C., 155 North Wacker Drive  Suite 4300, Chicago, IL, 60606-1731, (312)558-1235
Charged Party / Respondent, Legal Representative, Friedman Ross, Morgan, Lewis & Bockius, LLP, 77 West Wacker Drive, 5th Floor, Chicago, IL, 60601-1671, (312)324-1172
Charged Party / Respondent, Employer, Amazon/GBT logistics & Rapid Delivery Services, Elgin, IL, 60123-____
Charging Party, Union, Amazon Delivery Drivers Coalition, Joliet, IL, 60436-1909
",,,
C,"Region 32, Oakland, California",32-CA-269761,Amazon,Closed,12/04/2020,04/16/2021,"Withdrawal Adjusted",Richmond,CA,500,"8(a)(1) Concerted Activities (Retaliation, Discharge, Discipline)
8(a)(1) Coercive Actions (Surveillance, etc)
8(a)(3) Discharge (Including Layoff and Refusal to Hire (not salting))
8(a)(1) Interrogation (including Polling)
","Charged Party / Respondent, Legal Representative, Buffalano Nicole, Morgan, Lewis & Bockius LLP, 300 S Grand Ave  Fl 22, Los Angeles, CA, 90071-3132, (213)612-7443
Charged Party / Respondent, Employer, Amazon, Richmond, CA, 94806
Charging Party, Individual
",,,
R,"Region 10, Atlanta, Georgia",10-RC-269250,"AMAZON.COM SERVICES LLC",Open,11/20/2020,,,Bessemer,AL,1500,,"Employer, Legal Representative, Sullivan C., Hunton Andrews Kurth LLP, 951 East Byrd Street, Suite 1300, Richmond, VA, 23219, (804)788-8399
Petitioner, Legal Representative, Russell Carly, 900 Third Avenue, New York, NY, 10022, (212)356-0210
Petitioner, Legal Representative, Davies George, Quinn, Connor, Weaver, Davies and Rouco LLP, 2-20th Street North, Suite 930, Birmingham, AL, 35203, (205)870-9989
Employer, Legal Representative, La Rocca James, 200 Park Ave., NY, NY, 10166, (212)309-1395
Petitioner, Legal Representative, Stanojevich Nicolas, Quinn, Connor, Weaver, Davies & Rouco LLP, 2 20th Street North Suite 930, Birmingham, AL, 35203, (706)296-1950
Petitioner, Legal Representative, Rouco Richard, Quinn, Connor, Weaver, Davies and Rouco LLP, 2-20th Street North, Suite 930, Birmingham, AL, 35203, (205)870-9989
Employer, Legal Representative, Dumbacher Robert, Hunton Andrews & Kurth LLP, 600 Peachtree Street, NE, Suite 4100, Atlanta, GA, 30308-2217, (404)888-4007
Petitioner, Union, Retail, Wholesale, and Department Store, Local 932, Birmingham, AL, 35205, (205)322-7462
Employer, Employer, Amazon.com Services LLC, Bessemer, AL, 35022-5497, (888)892-7180
Employer, Additional Service, Corporation Service Company Inc., Montgomery, AL, 36104
",,"Included: All hourly full-time and regular part-time fulfillment center employees including leads and
learning ambassadors.

Excluded: All truck drivers, seasonal employees, temporary employees, clerical employees, professional
employees, managerial employees, engineering employees, maintenance employees, robotics
employees, information technology employees and all supervisors as defined by the Act.",6153
C,"Region 05, Baltimore, Maryland",05-CA-267897,"Amazon.com, Inc.",Closed,10/16/2020,11/10/2020,"Withdrawal Non-adjusted",Hyattsville,MD,1000,"8(a)(3) Changes in Terms and Conditions of Employment
8(a)(4) Changes in Terms and Conditions of Employment
","Charging Party, Individual
Charged Party / Respondent, Employer, Amazon.com, Inc., Seattle, WA, 98108
",,,
C,"Region 08, Cleveland, Ohio",08-CA-267405,"Amazon Fulfillment Center",Closed,10/09/2020,10/21/2020,"Withdrawal Non-adjusted","North Randall",OH,3900,"8(a)(1) Concerted Activities (Retaliation, Discharge, Discipline)
","Charged Party / Respondent, Employer, Amazon Fulfillment Center, North Randall, OH, 44128
Charging Party, Individual
",,,
C,"Region 04, Philadelphia, Pennsylvania",04-CA-266922,"Amazon Flex",Closed,10/01/2020,10/02/2020,"Withdrawal Non-adjusted",Philadelphia,PA,1,"8(a)(1) Concerted Activities (Retaliation, Discharge, Discipline)
","Charged Party / Respondent, Employer, Amazon Flex, Philadelphia, PA, 19047-____
Charging Party, Individual
",,,
C,"Region 19, Seattle, Washington",19-CA-266977,"Amazon.com Services LLC",Closed,10/01/2020,09/29/2021,"Withdrawal Adjusted",Seattle,WA,10,"8(a)(1) Coercive Actions (Surveillance, etc)
8(a)(1) Concerted Activities (Retaliation, Discharge, Discipline)
","Charged Party / Respondent, Legal Representative, Guzak Charles, Seyfarth Shaw LLP, 975 F St NW, Washington, DC, 20004, (202)828-3528
Charging Party, Legal Representative, McGuinness James, Streepy Law, PLLC, 4218 227th Avenue Ct E, Buckley, WA, 98321-9744, (253)528-0274
Charged Party / Respondent, Legal Representative, Sanchez Karla, Seyfarth Shaw LLP, 233 S. Wacker Drive, Ste 8000, Chicago, IL, 60606, (312)460-5000
Charged Party / Respondent, Legal Representative, Nichols Lisa, Seyfarth Shaw LLP, 999 Third Avenue, Suite 4700, Seattle, WA, 98104-4041, (206)946-4932
Charged Party / Respondent, Legal Representative, Gabel Molly, Seyfarth Shaw LLP, 233 S. Wacker Dr Ste 8000, Chicago, IL, 60606, (206)946-4909
Charged Party / Respondent, Legal Representative, Spruill-Lewis Tobias, Amazon.com Services LLC, 2021  7th Avenue, 11th Floor, Seattle, WA, 98121, (206)646-2575
Charging Party, Union, United Food and Commercial Workers Local 21, chartered by the United Food and Commercial Workers International Union, CLC, 5030 1st Ave S Ste 200, Seattle, WA, 98134-2438, (206)419-0433
Charged Party / Respondent, Employer, Amazon.com Services LLC, 410 Terry Ave N, Seattle, WA, 98109
",,,
C,"Region 20, San Francisco, California",20-CA-266887,"Amazon Central Operations Phoenix",Closed,09/28/2020,10/14/2020,"Withdrawal Adjusted",Tempe,AZ,400,"8(a)(1) Coercive Rules
","Charged Party / Respondent, Employer, Amazon Central Operations Phoenix, Tempe, AZ, 85284
Charging Party, Individual
",,,
C,"Region 19, Seattle, Washington",19-CA-265594,Amazon,Closed,09/01/2020,03/30/2021,"Withdrawal Non-adjusted",Seattle,WA,1,"8(a)(1) Coercive Actions (Surveillance, etc)
","Charged Party / Respondent, Legal Representative, Buffalano Nicole, Morgan, Lewis & Bockius LLP, 300 S Grand Avenue, 22nd Floor, Los Angeles, CA, 90071-3132, (213)612-7443
Charging Party, Individual
Charged Party / Respondent, Employer, Amazon, Seattle, WA, 98109-5210
",,,
C,"Region 05, Baltimore, Maryland",05-CA-264954,"Amazon.com, Inc.",Closed,08/20/2020,10/15/2020,"Dismissal Non-adjusted","Takoma Park",MD,1000,"8(a)(1) Concerted Activities (Retaliation, Discharge, Discipline)
8(a)(3) Changes in Terms and Conditions of Employment
","Charged Party / Respondent, Legal Representative, Friedman Ross, Morgan, Lewis & Bockius, LLP, 77 West Wacker Drive, 5th Floor, Chicago, IL, 60601-1671, (312)324-1172
Charging Party, Individual
Charged Party / Respondent, Employer, Amazon.com, Seattle, WA, 98108
",,,
C,"Region 08, Cleveland, Ohio",08-CA-264934,"Amazon Fulfillment Center",Closed,08/19/2020,05/21/2021,"Withdrawal Non-adjusted","North Randall",OH,3000,"8(a)(1) Coercive Statements (Threats, Promises of Benefits, etc.)
8(a)(1) Coercive Rules
","Charged Party / Respondent, Legal Representative, Collins Grant, Felhaber Larson, 220 South Sixth Street, Suite 2200, Minneapolis, MN, 55402-4504, (612)339-6321
Charged Party / Respondent, Legal Representative, Friedman Ross, MORGAN, LEWIS & BOCKIUS, 77 W Wacker Drive, Floor 5, Chicago, IL, 60601, (312)324-1172
Charging Party, Individual
Charged Party / Respondent, Employer, Amazon Fulfillment Center, North Randall, OH, 44128
",,,
C,"Region 12, Tampa, Florida",12-CA-264585,"Amazon.com Services, Inc.",Closed,08/07/2020,04/07/2022,"Dismissal Non-adjusted",Orlando,FL,1500,"8(a)(1) Concerted Activities (Retaliation, Discharge, Discipline)
8(a)(1) Coercive Rules
","Charged Party / Respondent, Legal Representative, Sloan Matthew, Seyfarth Shaw LLP, 233 South Wacker Drive, Suite 8000, Chicago, IL, 60606, (312)460-5000
Charged Party / Respondent, Legal Representative, Friedman Ross, Morgan, Lewis & Bockius, LLP, 77 West Wacker Drive, 5th Floor, Chicago, IL, 60601-1671, (312)324-1172
Charged Party / Respondent, Legal Representative, Schwartz-Fenwick Samuel, Seyfarth Shaw LLP, 233 South Wacker Drive, Suite 8000, Chicago, IL, 60606-6448, (312)460-5948
Charged Party / Respondent, Employer, Amazon.com Services, Inc., Orlando, FL, 32824-____
Charging Party, Individual
",,,
C,"Region 13, Chicago, Illinois",13-CA-264214,Amazon/Quote,Closed,08/05/2020,09/17/2020,"Withdrawal Adjusted",Gary,IN,75,"8(a)(3) Discharge (Including Layoff and Refusal to Hire (not salting))
","Charged Party / Respondent, Legal Representative, Manjarrez Norma, Ogletree, Deakins, Nash, Smoak & Stewart, P.C., 155 North Wacker Drive  Suite 4300, Chicago, IL, 60606-1731, (312)558-1235
Charged Party / Respondent, Legal Representative, Friedman Ross, Morgan, Lewis & Bockius, LLP, 77 West Wacker Drive, 5th Floor, Chicago, IL, 60601-1671, (312)324-1172
Charged Party / Respondent, Employer, Amazon/Quote, Gary, IN, 46402-____
Charging Party, Union, Amazon Delivery Drivers Coalition, Joliet, IL, 60436-____
",,,
C,"Region 32, Oakland, California",32-CA-264152,"Amazon.com Services LLC",Closed,08/04/2020,03/11/2021,"Withdrawal Adjusted","San Leandro",CA,300,"8(a)(4) Discipline
","Charged Party / Respondent, Legal Representative, Collins Grant, Felhaber Larson, 220 South Sixth Street, Suite 2200, Minneapolis, MN, 55402-4504, (612)339-6321
Charged Party / Respondent, Legal Representative, Zech Paul, Felhaber Larson, 220 South Sixth Street, Suite 2200, Minneapolis, MN, 55402-4504, (612)339-6321
Charged Party / Respondent, Employer, Amazon.com Services LLC, San Leandro, CA, 94577
Charging Party, Individual
",,,
C,"Region 08, Cleveland, Ohio",08-CA-263143,"Amazon Fulfillment Center (CLE2)",Open,07/17/2020,,,Cleveland,OH,3900,"8(a)(3) Discharge (Including Layoff and Refusal to Hire (not salting))
8(a)(1) Concerted Activities (Retaliation, Discharge, Discipline)
8(a)(1) Coercive Actions (Surveillance, etc)
8(a)(1) Interrogation (including Polling)
8(a)(3) Discipline
","Charged Party / Respondent, Legal Representative, Collins Grant, Felhaber Larson, 220 South Sixth Street, Suite 2200, Minneapolis, MN, 55402-4504, (612)339-6321
Charging Party, Legal Representative, Pesek Mason, The Legal Aid Society of Cleveland (""LASC""), 1223 West Sixth Street, Cleveland, OH, 44113-1339, (216)861-5873
Charged Party / Respondent, Employer, Amazon Fulfillment Center, North Randall, OH, 44128
Charging Party, Individual
",,,
C,"Region 13, Chicago, Illinois",13-CA-262993,"Amazon.com Services, LLC",Closed,07/14/2020,08/14/2020,"Withdrawal Adjusted",Chicago,IL,600,"8(a)(1) Concerted Activities (Retaliation, Discharge, Discipline)
","Charged Party / Respondent, Legal Representative, Roberts Andriette, Morgan, Lewis & Bockius, LLP, 101 Park Avenue, 37th Floor, New York, NY, 10178, (212)309-6622
Charged Party / Respondent, Legal Representative, Friedman Ross, Morgan, Lewis & Bockius, LLP, 77 West Wacker Drive, 5th Floor, Chicago, IL, 60601-1671, (312)324-1172
Charged Party / Respondent, Employer, Amazon.com Services, LLC d/b/a DCH1, Chicago, IL, 60608-5213
Charging Party, Individual
",,,
C,"Region 13, Chicago, Illinois",13-CA-262641,Amazon/Fae,Closed,07/06/2020,07/15/2020,"Withdrawal Non-adjusted",Gary,IN,60,"8(a)(1) Concerted Activities (Retaliation, Discharge, Discipline)
","Charged Party / Respondent, Legal Representative, Kelley Matthew, Ogletree Deakins, 111 Monument Circle, Suite 4600, Indianapolis, IN, 46204, (317)916-2124
Charged Party / Respondent, Legal Representative, Friedman Ross, MORGAN, LEWIS & BOCKIUS LLP, 77 W Wacker Dr  Fl 5, Chicago, IL, 60601-1671, (312)324-1172
Charged Party / Respondent, Employer, Amazon/Fae, Gary, IN, 46402-____
Charging Party, Union, Amazon Delivery Drivers Coalition, Joliet, IL, 60436-____
",,,
C,"Region 13, Chicago, Illinois",13-CA-262094,"Amazon/Fae DIN2 Facility",Closed,06/24/2020,07/09/2020,"Withdrawal Non-adjusted",Gary,IN,60,"8(a)(1) Concerted Activities (Retaliation, Discharge, Discipline)
","Charged Party / Respondent, Legal Representative, Jacob Diana, Morgan, Lewis & Bockius LLP, 77 West Wacker Drive, 5th Floor, Chicago, IL, 60601-5094, (312)324-1193
Charged Party / Respondent, Legal Representative, Kelley Matthew, Ogletree Deakins, Nash, Smoak & Stewart PC, 1601 Cherry Street, Suite 1400, Philadelphia, PA, 19102, (317)916-2124
Charged Party / Respondent, Employer, Amazon/Fae DIN2 Facility, Gary, IN, 46402-____
Charging Party, Union, Amazon Delivery Drivers Coalition, Joliet, IL, 60436-____
",,,
C,"Region 08, Cleveland, Ohio",08-CA-262075,"Amazon DCL3",Closed,06/23/2020,12/03/2020,"Dismissal Non-adjusted","North Jackson",OH,100,"8(a)(1) Concerted Activities (Retaliation, Discharge, Discipline)
","Charged Party / Respondent, Legal Representative, Roberts Andriette, Morgan, Lewis & Bockius, LLP, 101 Park Avenue, 37th Floor, New York, NY, 10178, (212)309-6622
Charged Party / Respondent, Legal Representative, Jacob Diana, Morgan, Lewis & Bockius LLP, 77 West Wacker Drive, 5th Floor, Chicago, IL, 60601-5094, (312)324-1193
Charging Party, Individual
Charged Party / Respondent, Employer, Amazon DCL3, North Jackson, OH, 44451
",,,
C,"Region 29, Brooklyn, New York",29-CA-261755,"Amazon.com Services LLC",Open,06/17/2020,,,"Staten Island",NY,5000,"8(a)(1) Concerted Activities (Retaliation, Discharge, Discipline)
","Charged Party / Respondent, Legal Representative, Murphy Christopher, Morgan, Lewis & Bockius, LLP, 2222 Market Street, Philadelphia, PA, 19103-2921, (215)963-5601
Charged Party / Respondent, Legal Representative, Schwartz Jason, Gibson Dunn & Crutcher LLP, 1050 Connecticut Avenue, N.W., Washington, DC, 20036-5303, (202)955-8242
Charged Party / Respondent, Legal Representative, Phillips Kelcey, Morgan, Lewis & Bockius LLP, 1111 Pennsylvania Ave NW, Washington, DC, 20004-2541, (202)739-5455
Charged Party / Respondent, Legal Representative, Buffalano Nicole, Morgan, Lewis & Bockius LLP, 300 South Grand Avenue, 24th Floor,  Los Angeles, CA, 90071-3132, (213)612-7443
Charged Party / Respondent, Employer, Amazon.com Services LLC, 546 Gulf Ave, Staten Island, NY, 10314-____
Charging Party, Individual
",,,
C,"Region 13, Chicago, Illinois",13-CA-261827,"Amazon.com Services, LLC d/b/a DCH1",Closed,06/17/2020,07/14/2021,"Informal Settlement",Chicago,IL,700,"8(a)(1) Concerted Activities (Retaliation, Discharge, Discipline)
8(a)(1) Coercive Actions (Surveillance, etc)
8(a)(1) Interrogation (including Polling)
","Charged Party / Respondent, Legal Representative, Roberts Andriette, Morgan, Lewis & Bockius, LLP, 101 Park Avenue, 37th Floor, New York, NY, 10178, (212)309-6622
Charged Party / Respondent, Legal Representative, Buffalano Nicole, Morgan, Lewis & Bockius LLP, 300 South Grand Avenue, 24th Floor,  Los Angeles, CA, 90071-3132, (213)612-7443
Charged Party / Respondent, Employer, Amazon.com Services, LLC d/b/a DCH1, Chicago, IL, 60608-5213
Charging Party, Individual
",,,
C,"Region 04, Philadelphia, Pennsylvania",04-CA-261301,Amazon,Closed,06/05/2020,03/24/2021,"Withdrawal Adjusted","King Of Prussia",PA,800,"8(a)(1) Coercive Statements (Threats, Promises of Benefits, etc.)
8(a)(1) Concerted Activities (Retaliation, Discharge, Discipline)
","Charged Party / Respondent, Legal Representative, Roberts Andriette, Morgan, Lewis & Bockius, LLP, 101 Park Avenue, 37th Floor, New York, NY, 10178, (212)309-6622
Charged Party / Respondent, Employer, Amazon, Philadelphia, PA, 19406
Charging Party, Individual
",,,
C,"Region 12, Tampa, Florida",12-CA-260330,"Amazon Jax2",Closed,05/13/2020,05/14/2020,"Withdrawal Non-adjusted",Jacksonville,FL,500,"8(a)(1) Concerted Activities (Retaliation, Discharge, Discipline)
","Charged Party / Respondent, Legal Representative, Ragaglia Joseph, Morgan, Lewis & Bockius, LLP, 1701 Market Street, Philadelphia, PA, 19103, (215)963-5365
Charged Party / Respondent, Employer, Amazon Jax2, Jacksonville, FL, 32218
Charging Party, Individual
",,,
C,"Region 13, Chicago, Illinois",13-CA-260091,"Amazon and FAE, as single and/or joint employers",Closed,05/07/2020,07/01/2020,"Withdrawal Adjusted",Gary,IN,60,"8(a)(3) Discharge (Including Layoff and Refusal to Hire (not salting))
","Charged Party / Respondent, Legal Representative, Jacob Diana, Morgan, Lewis & Bockius LLP, 77 West Wacker Drive, 5th Floor, Chicago, IL, 60601-5094, (312)324-1193
Charged Party / Respondent, Legal Representative, Kelley Matthew, Ogletree, Deakins, Nash, Smoak & Stewart, P.C., 111 Monument Cir Ste 4600, Indianapolis, IN, 46204-5402, (317)916-2520
Charged Party / Respondent, Legal Representative, Rain Sarah, Ogletree, Deakins, Nash, Smoak & Stewart P.C., 111 Monument Circle, Suite 4600, Indianapolis, IN, 46204-5402, (317)916-2167
Charged Party / Respondent, Employer, Amazon and FAE, as single and/or joint employers, Gary, IN, 46402-____
Charging Party, Union, Amazon Delivery Drivers Coalition, Joliet, IL, 60436-____
",,,
C,"Region 29, Brooklyn, New York",29-CA-260062,"Amazon.com Services LLC",Closed,05/06/2020,06/07/2021,"Informal Settlement",Woodside,NY,10000,"8(a)(1) Concerted Activities (Retaliation, Discharge, Discipline)
8(a)(1) Coercive Rules
8(a)(1) Coercive Statements (Threats, Promises of Benefits, etc.)
8(a)(1) Interrogation (including Polling)
","Charged Party / Respondent, Legal Representative, Broderdorf David, Morgan, Lewis & Bockius, LLP, 1111 Pennsylvania Avenue NW, Washington, DC, 20004, (202)739-5817
Charged Party / Respondent, Legal Representative, Jacob Diana, Morgan, Lewis & Bockius LLP, 77 West Wacker Drive, 5th Floor, Chicago, IL, 60601-5094, (312)324-1193
Charged Party / Respondent, Legal Representative, LIGNOWSKI MICHAEL, Morgan, Lewis & Bockius, LLP, 1701 Market St, Philadelphia, PA, 19103-2901, (215)963-5455
Charged Party / Respondent, Employer, Amazon.com Services, LLC, 1 Bulova Avenue, Woodside, NY, 11377
Charging Party, Individual
",,,
C,"Region 32, Oakland, California",32-CA-259826,"Amazon.com Services LLC",Closed,05/01/2020,08/07/2020,"Dismissal Non-adjusted","San Leandro",CA,350,"8(a)(1) Coercive Rules
","Charged Party / Respondent, Legal Representative, Collins Grant, Felhaber Larson, 220 South Sixth Street, Suite 2200, Minneapolis, MN, 55402-4504, (612)339-6321
Charged Party / Respondent, Legal Representative, Zech Paul, Felhaber Larson, 220 South Sixth Street, Suite 2200, Minneapolis, MN, 55402-4504, (612)339-6321
Charged Party / Respondent, Employer, Amazon.com Services LLC, San Leandro, CA, 94577
Charging Party, Individual
",,,
C,"Region 13, Chicago, Illinois",13-CA-259408,"Amazon.com Services, LLC d/b/a DCH1",Closed,04/21/2020,07/14/2021,"Informal Settlement",Chicago,IL,500,"8(a)(1) Concerted Activities (Retaliation, Discharge, Discipline)
","Charged Party / Respondent, Legal Representative, Roberts Andriette, Morgan, Lewis & Bockius, LLP, 101 Park Avenue, 37th Floor, New York, NY, 10178, (212)309-6622
Charged Party / Respondent, Legal Representative, Buffalano Nicole, Morgan, Lewis & Bockius LLP, 300 South Grand Avenue, 24th Floor,  Los Angeles, CA, 90071-3132, (213)612-7443
Charged Party / Respondent, Employer, Amazon, Chicago, IL, 60608-____
Charging Party, Individual
",,,
C,"Region 13, Chicago, Illinois",13-CA-259279,"Amazon.com Services, LLC d/b/a DCH1",Closed,04/20/2020,07/14/2021,"Informal Settlement",Chicago,IL,500,"8(a)(1) Concerted Activities (Retaliation, Discharge, Discipline)
","Charged Party / Respondent, Legal Representative, Roberts Andriette, Morgan, Lewis & Bockius, LLP, 101 Park Avenue, 37th Floor, New York, NY, 10178, (212)309-6622
Charged Party / Respondent, Legal Representative, Buffalano Nicole, Morgan, Lewis & Bockius LLP, 300 South Grand Avenue, 24th Floor,  Los Angeles, CA, 90071-3132, (213)612-7443
Charged Party / Respondent, Employer, Amazon, Chicago, IL, 60608-____
Charging Party, Individual
",,,
C,"Region 13, Chicago, Illinois",13-CA-259200,"Amazon.com Services, LLC d/b/a DCH1",Closed,04/15/2020,07/14/2021,"Informal Settlement",Chicago,IL,500,"8(a)(1) Concerted Activities (Retaliation, Discharge, Discipline)
","Charged Party / Respondent, Legal Representative, Roberts Andriette, Morgan, Lewis & Bockius, LLP, 101 Park Avenue, 37th Floor, New York, NY, 10178, (212)309-6622
Charged Party / Respondent, Legal Representative, Buffalano Nicole, Morgan, Lewis & Bockius LLP, 300 South Grand Avenue, 24th Floor,  Los Angeles, CA, 90071-3132, (213)612-7443
Charged Party / Respondent, Employer, Amazon, Chicago, IL, 60608-____
Charging Party, Individual
",,,
C,"Region 13, Chicago, Illinois",13-CA-259150,"Amazon.com Services, LLC d/b/a DCH1",Closed,04/14/2020,07/14/2021,"Informal Settlement",Chicago,IL,500,"8(a)(1) Concerted Activities (Retaliation, Discharge, Discipline)
","Charged Party / Respondent, Legal Representative, Roberts Andriette, Morgan, Lewis & Bockius, LLP, 101 Park Avenue, 37th Floor, New York, NY, 10178, (212)309-6622
Charged Party / Respondent, Legal Representative, Buffalano Nicole, Morgan, Lewis & Bockius LLP, 300 South Grand Avenue, 24th Floor,  Los Angeles, CA, 90071-3132, (213)612-7443
Charged Party / Respondent, Employer, Amazon, Chicago, IL, 60608-____
Charging Party, Individual
",,,
C,"Region 13, Chicago, Illinois",13-CA-259095,"Amazon.com Services, LLC d/b/a DCH1",Closed,04/13/2020,07/14/2021,"Informal Settlement",Chicago,IL,500,"8(a)(1) Concerted Activities (Retaliation, Discharge, Discipline)
","Charged Party / Respondent, Legal Representative, Roberts Andriette, Morgan, Lewis & Bockius, LLP, 101 Park Avenue, 37th Floor, New York, NY, 10178, (212)309-6622
Charged Party / Respondent, Legal Representative, Buffalano Nicole, Morgan, Lewis & Bockius LLP, 300 South Grand Avenue, 24th Floor,  Los Angeles, CA, 90071-3132, (213)612-7443
Charged Party / Respondent, Employer, Amazon, Chicago, IL, 60608-____
Charging Party, Individual
",,,
C,"Region 04, Philadelphia, Pennsylvania",04-CA-258383,"Amazon.com Services, LLC",Closed,03/25/2020,03/24/2021,"Withdrawal Adjusted","King Of Prussia",PA,800,"8(a)(1) Concerted Activities (Retaliation, Discharge, Discipline)
","Charged Party / Respondent, Legal Representative, Keyser Denise, Ballard, Spahr, Andrews & Ingersoll, LLP, 210 Lake Drive East, Suite 200, Cherry Hill, NJ, 08002, (856)761-3442
Charged Party / Respondent, Legal Representative, Griffin Elliot, Ballard, Spahr, LLP, 1735 Market Street, 51st Floor, Philadelphia, PA, 19103, (215)864-8258
Charged Party / Respondent, Legal Representative, Leaf Rebecca, Ballard, Spahr, LLP, 300 E. Lombard Street, 18th Floor, Baltimore, MD, 21202, (215)864-8575
Charged Party / Respondent, Employer, Amazon.com Services, LLC, 500 American Avenue, King Of Prussia, PA, 19406, (888)892-7180
Charging Party, Individual
",,,
C,"Region 31, Los Angeles, California",31-CA-256127,"Amazon Studios LLC",Closed,02/10/2020,07/28/2020,"Withdrawal Adjusted","Los Angeles",CA,100,"8(a)(5) Refusal to Furnish Information
","Charged Party / Respondent, Legal Representative, WASSERMAN MARK, Mitchell, Silberberg & Knupp LLP, 2049 Century Park East, 18th Floor, Los Angeles, CA, 90067, (310)312-3174
Charged Party / Respondent, Employer, Amazon Studios LLC, Santa Monica, CA, 90404
Charging Party, Union, Writers Guild of America, Los Angeles, CA, 90048
",,,
C,"Region 13, Chicago, Illinois",13-CA-256021,"Amazon.com Services, LLC d/b/a DCH1",Closed,02/07/2020,07/14/2021,"Informal Settlement",Chicago,IL,1000,"8(a)(1) Coercive Actions (Surveillance, etc)
8(a)(1) Interrogation (including Polling)
","Charged Party / Respondent, Legal Representative, Roberts Andriette, Morgan, Lewis & Bockius, LLP, 101 Park Avenue, 37th Floor, New York, NY, 10178, (212)309-6622
Charged Party / Respondent, Legal Representative, Buffalano Nicole, Morgan, Lewis & Bockius LLP, 300 South Grand Avenue, 24th Floor,  Los Angeles, CA, 90071-3132, (213)612-7443
Charging Party, Individual
Charged Party / Respondent, Employer, Amazon.com Services, LLC d/b/a DCH1, Chicago, IL, 60608-5213
",,,
C,"Region 12, Tampa, Florida",12-CA-256013,Amazon,Closed,02/07/2020,06/01/2020,"Dismissal Non-adjusted",Jacksonville,FL,1000,"8(a)(5) Refusal to Bargain/Bad Faith Bargaining (incl'g surface bargaining/direct dealing)
8(a)(1) Concerted Activities (Retaliation, Discharge, Discipline)
","Charged Party / Respondent, Legal Representative, Roberts Andriette, Morgan, Lewis & Bockius, LLP, 101 Park Avenue, 37th Floor, New York, NY, 10178, (212)309-6622
Charged Party / Respondent, Legal Representative, Lignowski Michael, Morgan, Lewis & Bockius, LLP, 1701 Market Street, Philadelphia, PA, 19103-2903, (215)963-5455
Charging Party, Individual
Charged Party / Respondent, Employer, Amazon, Jacksonville, FL, 32221
",,,
C,"Region 29, Brooklyn, New York",29-CA-254766,"Amazon.Com Services, Inc.",Closed,01/16/2020,03/10/2020,"Withdrawal Non-adjusted","Staten Island",NY,3000,"8(a)(1) Concerted Activities (Retaliation, Discharge, Discipline)
","Charged Party / Respondent, Legal Representative, Roberts Andriette, Morgan, Lewis & Bockius, LLP, 101 Park Avenue, 37th Floor, New York, NY, 10178, (212)309-6622
Charging Party, Legal Representative, Kearl Frank, (718)727-1222
Charged Party / Respondent, Legal Representative, LIGNOWSKI MICHAEL, Morgan, Lewis & Bockius, LLP, 1701 Market St, Philadelphia, PA, 19103-2901, (215)963-5455
Charged Party / Respondent, Employer, amazon.com services,inc, Staten Island, NY, 10314-7120
Charging Party, Individual
",,,
C,"Region 16, Fort Worth, Texas",16-CA-249258,"Amazon.com Services, Inc.",Closed,10/02/2019,05/07/2020,"Dismissal Non-adjusted",Houston,TX,1500,"8(a)(1) Coercive Statements (Threats, Promises of Benefits, etc.)
8(a)(1) Coercive Actions (Surveillance, etc)
8(a)(1) Concerted Activities (Retaliation, Discharge, Discipline)
","Charged Party / Respondent, Legal Representative, KULPA LAUREN, Perkins Coie LLP, 500 N. Akard Street, Suite 3300, Dallas, TX, 75201-3347, (217)965-7713
Charging Party, Individual
Charged Party / Respondent, Employer, AMAZON.COM SERVICES, INC., HOUSTON, TX, 77038
",,,
C,"Region 31, Los Angeles, California",31-CA-248692,"Amazon Studios, LLC",Closed,09/20/2019,03/11/2020,"Withdrawal Non-adjusted","Santa Monica",CA,2,"8(a)(5) Refusal to Furnish Information
","Charged Party / Respondent, Legal Representative, Levin Adam, Mitchell, Silberberg & Knupp LLP, 2049 Century Park East, 18th Floor, Los Angeles, CA, 90067, (310)312-3116
Charged Party / Respondent, Legal Representative, WASSERMAN MARK, Mitchell, Silberberg & Knupp LLP, 2049 Century Park East, 18th Floor, Los Angeles, CA, 90067, (310)312-3174
Charged Party / Respondent, Employer, Amazon Studios, LLC, Santa Monica, CA, 90404
Charging Party, Union, Writers Guild of America, West, Los Angeles, CA, 90048
",,,
C,"Region 05, Baltimore, Maryland",05-CA-246517,Amazon,Closed,08/12/2019,10/15/2019,"Dismissal Non-adjusted",Baltimore,MD,600000,"8(a)(1) Concerted Activities (Retaliation, Discharge, Discipline)
","Charged Party / Respondent, Legal Representative, LIGNOWSKI MICHAEL, Morgan, Lewis & Bockius, LLP, 1701 Market St, Philadelphia, PA, 19103-2901, (215)963-5455
Charged Party / Respondent, Legal Representative, Sears Ryan, Morgan, Lewis & Bockius, LLP, MORGAN, LEWIS & BOCKIUS LLP, 1111 PENNSYLVANIA AVE NW, WASHINGTON, DC, 20004-2541, (202)739-5077
Charged Party / Respondent, Employer, Amazon, Seattle, WA, 98109-5210
Charged Party / Respondent, Additional Service, Amazon, Sparrows Point, MD, 21219
Charging Party, Individual
",,,
C,"Region 27, Denver, Colorado",27-CA-245644,"Whole Foods/Amazon",Closed,07/29/2019,10/08/2019,"Dismissal Non-adjusted",Denver,CO,100,"8(a)(1) Coercive Statements (Threats, Promises of Benefits, etc.)
","Charged Party / Respondent, Legal Representative, Brown Jeremy, Greenwald Doherty LLP, One Gateway Center, Suite 1300, Newark, NJ, 07102-5321, (973)639-8259
Charging Party, Individual
Charged Party / Respondent, Employer, Whole Foods/Amazon, Denver, CO, 80210
",,,
C,"Region 19, Seattle, Washington",19-CA-245723,"Amazon, LLC",Closed,07/29/2019,11/13/2019,"Dismissal Non-adjusted",Seattle,WA,1000,"8(a)(3) Discharge (Including Layoff and Refusal to Hire (not salting))
8(a)(1) Concerted Activities (Retaliation, Discharge, Discipline)
8(a)(4) Discharge (including Layoff and Refusal to Hire)
","Charged Party / Respondent, Legal Representative, Ragaglia Joseph, Morgan, Lewis & Bockius, LLP, 2222 Market Street, Philadelphia, PA, 19103-3007, (215)963-5365
Charged Party / Respondent, Legal Representative, Lignowski Michael, Morgan, Lewis & Bockius, LLP, 1701 Market Street, Philadelphia, PA, 19103, (215)963-5455
Charging Party, Individual
Charged Party / Respondent, Employer, Amazon, LLC, Seattle, WA, 98115
",,,
C,"Region 13, Chicago, Illinois",13-CA-245558,"Amazon.com Services, Inc.",Closed,07/26/2019,11/25/2019,"Withdrawal Non-adjusted",Chicago,IL,1000,"8(a)(1) Coercive Statements (Threats, Promises of Benefits, etc.)
","Charged Party / Respondent, Legal Representative, Jacob Diana, 77 W Wacker Drive, Chicago, IL, 60601, (312)324-1193
Charged Party / Respondent, Employer, Amazon.com, Chicago, IL, 60608-5213
Charging Party, Individual
",,,
C,"Region 05, Baltimore, Maryland",05-CA-245205,"Amazon.com, Inc.",Closed,07/19/2019,07/26/2021,"Dismissal Non-adjusted","Takoma Park",MD,1000,"8(a)(1) Concerted Activities (Retaliation, Discharge, Discipline)
","Charged Party / Respondent, Legal Representative, Lignowski Michael, Morgan, Lewis & Bockius, LLP, 1701 Market Street, Philadelphia, PA, 19103-2903, (215)963-5455
Charged Party / Respondent, Legal Representative, Sears Ryan, Morgan, Lewis & Bockius, LLP, 1111 Pennsylvania Ave NW, Washington, DC, 20004-2541, (202)739-5077
Charging Party, Individual
Charged Party / Respondent, Employer, Amazon.com, Inc., Seattle, WA, 98108
",,,
C,"Region 09, Cincinnati, Ohio",09-CA-244827,"AMAZON.COM SERVICES, INC.",Closed,07/15/2019,08/07/2019,"Withdrawal Adjusted",Lexington,KY,1200,"8(a)(1) Concerted Activities (Retaliation, Discharge, Discipline)
","Charged Party / Respondent, Legal Representative, Gonzalez J. Carlos, Morgan Lewis & Bockius, LLP, 300 South Grand Avenue, 22nd Floor, Los Angeles, CA, 90071-3132, (213)612-7266
Charged Party / Respondent, Legal Representative, Ragaglia Joseph, Morgan, Lewis & Bockius, LLP, 2222 Market Street, Philadelphia, PA, 19103-3007, (215)963-5365
Charged Party / Respondent, Legal Representative, Lignowski Michael, Morgan, Lewis & Bockius, LLP, 1701 Market Street, Philadelphia, PA, 19103-2903, (215)963-5455
Charged Party / Respondent, Employer, Amazon.com Services, Inc., Lexington, KY, 40511
Charging Party, Individual
",,,
C,"Region 18, Minneapolis, Minnesota",18-CA-244295,"Amazon.com, Inc.",Closed,07/02/2019,09/27/2019,"Withdrawal Non-adjusted",Shakopee,MN,2500,"8(a)(1) Concerted Activities (Retaliation, Discharge, Discipline)
","Charging Party, Legal Representative, Cummins Brendan, Cummins & Cummins, LLP, 920 Second Avenue South, Suite 1245, Minneapolis, MN, 55402-3318, (612)709-6878
Charged Party / Respondent, Legal Representative, Collins Grant, Felhaber Larson, 220 South Sixth Street, Suite 2200, Minneapolis, MN, 55402-4504, (612)339-6321
Charging Party, Legal Representative, Cummins Justin, Cummins & Cummins, LLP, 920 Second Avenue South, Suite 1245, Minneapolis, MN, 55402-3318, (612)465-0108
Charged Party / Respondent, Employer, Amazon.com, Inc., SHAKOPEE, MN, 55379
Charging Party, Union, THE AWOOD CENTER, Minneapolis, MN, 55406
",,,
C,"Region 19, Seattle, Washington",19-CA-241580,"Amazon LLC",Closed,05/13/2019,12/31/2019,"Dismissal Non-adjusted",Seattle,WA,500,"8(a)(1) Coercive Actions (Surveillance, etc)
","Charged Party / Respondent, Legal Representative, Ragaglia Joseph, Morgan, Lewis & Bockius, LLP, 2222 Market Street, Philadelphia, PA, 19103-3007, (215)963-5365
Charged Party / Respondent, Legal Representative, Lignowski Michael, Morgan, Lewis & Bockius, LLP, 1701 Market Street, Philadelphia, PA, 19103, (215)963-5455
Charging Party, Individual
Charged Party / Respondent, Employer, Amazon, LLC, Seattle, WA, 98115
",,,
C,"Region 29, Brooklyn, New York",29-CA-238044,"Amazon.com Services Inc.",Closed,03/19/2019,06/03/2019,"Withdrawal Non-adjusted","Staten Island",NY,1200,"8(a)(3) Discharge (Including Layoff and Refusal to Hire (not salting))
8(a)(1) Concerted Activities (Retaliation, Discharge, Discipline)
","Charged Party / Respondent, Legal Representative, Carey Crystal, Morgan, Lewis & Bockius, LLP, 1701 Market Street, Philadelphia, PA, 19103-2903, (212)309-6694
Charged Party / Respondent, Legal Representative, Ragaglia Joseph, Morgan, Lewis & Bockius, LLP, 1701 Market Street, Philadelphia, PA, 19103, (215)963-5365
Charged Party / Respondent, Legal Representative, Lignowski Michael, Morgan, Lewis & Bockius, LLP, 1701 Market Street, Philadelphia, PA, 19103-2903, (215)963-5455
Charging Party, Legal Representative, Chierici Wendy, Cary Kane LLP,, 1350 Broadway, Suite 1400, New York, NY, 10018, (212)871-0535
Charging Party, Union, Retail, Wholesale and Department Store Union (RWDSU), New York, NY, 10001-0019
Charged Party / Respondent, Employer, Amazon.com Services Inc., Staten Island, NY, 10314
",,,
C,"Region 09, Cincinnati, Ohio",09-CA-233466,"AMAZON.COM INC",Closed,12/31/2018,02/11/2019,"Dismissal Non-adjusted",Hebron,KY,2000,"8(a)(4) Discharge (including Layoff and Refusal to Hire)
","Charged Party / Respondent, Legal Representative, Carey Crystal, Morgan, Lewis & Bockius, LLP, 2222 Market Street, Philadelphia, PA, 19103, (212)309-6694
Charged Party / Respondent, Legal Representative, Ragaglia Joseph, Morgan, Lewis & Bockius, LLP, 2222 Market Street, Philadelphia, PA, 19103-3007, (215)963-5365
Charged Party / Respondent, Legal Representative, LIGNOWSKI MICHAEL, Morgan, Lewis & Bockius, LLP, 1701 Market St, Philadelphia, PA, 19103-2901, (215)963-5455
Charging Party, Individual
Charged Party / Respondent, Employer, Amazon.com Inc., Seattle, WA, 98109-5210
",,,
C,"Region 10, Atlanta, Georgia",10-CA-231988,"Amazon Warehouse",Closed,12/01/2018,12/11/2018,"Withdrawal Non-adjusted","Union City",GA,80,"8(a)(1) Concerted Activities (Retaliation, Discharge, Discipline)
","Charged Party / Respondent, Employer, Amazon Warehouse, Union City, GA, 30213-____
Charging Party, Individual
",,,
C,"Region 21, Los Angeles, California",21-CA-231732,"GOLDEN STATE, LLC - DBA AMAZON",Closed,11/27/2018,03/27/2019,"Dismissal Non-adjusted","Moreno Valley",CA,3500,"8(a)(1) Concerted Activities (Retaliation, Discharge, Discipline)
","Charged Party / Respondent, Legal Representative, Buffalano Nicole, Morgan, Lewis & Bockius LLP, 300 S Grand Ave  Fl 22, Los Angeles, CA, 90071-3132, (213)612-7443
Charging Party, Individual
Charged Party / Respondent, Employer, GOLDEN STATE, LLC - DBA AMAZON, MORENO VALLEY, CA, 92551
",,,
C,"Region 05, Baltimore, Maryland",05-CA-224856,"Amazon, Inc.",Closed,08/01/2018,09/12/2018,"Withdrawal Non-adjusted",Baltimore,MD,1000,"8(a)(1) Concerted Activities (Retaliation, Discharge, Discipline)
","Charged Party / Respondent, Legal Representative, Carey Crystal, Morgan, Lewis & Bockius, LLP, 1701 Market Street, Philadelphia, PA, 19103, (212)309-6694
Charged Party / Respondent, Legal Representative, Ragaglia Joseph, Morgan, Lewis & Bockius, LLP, 1701 Market Street, Philadelphia, PA, 19103, (215)963-5365
Charged Party / Respondent, Legal Representative, Lignowski Michael, Morgan, Lewis & Bockius LLP, 1701 Market Street, Philadelphia, PA, 19103, (215)963-5455
Charged Party / Respondent, Employer, Amazon, Inc., Baltimore, MD, 21224-6027
Charging Party, Individual
",,,
C,"Region 10, Atlanta, Georgia",10-CA-216313,Amazon.com,Closed,03/12/2018,05/31/2018,"Dismissal Non-adjusted",Atlanta,GA,600,"8(a)(2) Unlawful Recognition
8(a)(2) Domination
8(a)(1) Concerted Activities (Retaliation, Discharge, Discipline)
8(a)(1) Coercive Rules
8(a)(2) Assistance
","Charged Party / Respondent, Legal Representative, Ragaglia Joseph, Morgan, Lewis & Bockius, LLP, 1701 Market Street, Philadelphia, PA, 19103, (215)963-5365
Charged Party / Respondent, Legal Representative, Lignowski Michael, Morgan, Lewis & Bockius LLP, 1701 Market Street, Philadelphia, PA, 19103, (215)963-5455
Charging Party, Individual
Charged Party / Respondent, Employer, Amazon.com, Seattle, WA, 98108-0726
",,,
C,"Region 31, Los Angeles, California",31-CA-216361,"Amazon Fulfillment Center",Closed,03/08/2018,04/25/2018,"Withdrawal Non-adjusted","San Bernardino",CA,100,"8(a)(1) Concerted Activities (Retaliation, Discharge, Discipline)
","Charged Party / Respondent, Legal Representative, DEXTER DOUGLAS, FARELLA BRAUN & MARTEL, LLP, 235 Montgomery St, 18th Floor, San Francisco, CA, 94104-2902, (415)954-4409
Charged Party / Respondent, Legal Representative, Stephens Rebecca, FARELLA BRAUN & MARTEL, LLP, 235 Montgomery St, 18th Floor, San Francisco, CA, 94104-2902, (415)954-4400
Charged Party / Respondent, Employer, Amazon Fulfillment Center, San Bernardino, CA, 92408-0123
Charging Party, Individual
",,,
C,"Region 09, Cincinnati, Ohio",09-CA-212022,AMAZON.COM,Closed,12/21/2017,04/18/2018,"Dismissal Non-adjusted",Hebron,KY,2000,"8(a)(3) Discharge (Including Layoff and Refusal to Hire (not salting))
8(a)(1) Concerted Activities (Retaliation, Discharge, Discipline)
","Charged Party / Respondent, Legal Representative, Lignowski Michael, Morgan, Lewis & Bockius, LLP, 1701 Market Street, Philadelphia, PA, 19103, (215)963-5455
Charged Party / Respondent, Employer, Amazon.com, Inc., Seattle, WA, 98109
Charging Party, Individual
",,,
C,"Region 25, Indianapolis, Indiana",25-CA-210071,Amazon.com,Closed,11/17/2017,02/26/2018,"Dismissal Non-adjusted",Indianapolis,IN,3000,"8(a)(1) Concerted Activities (Retaliation, Discharge, Discipline)
","Charged Party / Respondent, Legal Representative, Ragaglia Joseph, Morgan, Lewis & Bockius, LLP, 1701 Market Street, Philadelpia, PA, 19103, (215)963-5365
Charged Party / Respondent, Legal Representative, White Kirsten, Morgan, Lewis & Bockius, LLP, One Federal Street, Boston, MA, 02110-1726, (617)341-7541
Charging Party, Individual
Charged Party / Respondent, Employer, Amazon.com, Indianapolis, IN, 46231-1132
",,,
C,"Region 10, Atlanta, Georgia",10-CA-209001,"Amazon.dedc, LLC",Closed,11/01/2017,11/13/2017,"Withdrawal Non-adjusted",Murfreesboro,TN,1895,"8(a)(3) Discharge (Including Layoff and Refusal to Hire (not salting))
8(a)(1) Concerted Activities (Retaliation, Discharge, Discipline)
8(a)(3) Changes in Terms and Conditions of Employment
8(a)(1) Coercive Rules
","Charged Party / Respondent, Legal Representative, Lignowski Michael, Morgan, Lewis & Bockius LLP, 1701 Market Street, Philadelphia, PA, 19103, (215)963-5455
Charged Party / Respondent, Employer, Amazon.dedc, LLC, New Castle, DE, 19720-4172
Charging Party, Individual
",,,
C,"Region 09, Cincinnati, Ohio",09-CA-208929,AMAZON.COM,Closed,10/30/2017,04/18/2018,"Dismissal Non-adjusted",Hebron,KY,2000,"8(a)(3) Discharge (Including Layoff and Refusal to Hire (not salting))
8(a)(1) Concerted Activities (Retaliation, Discharge, Discipline)
8(a)(4) Discharge (including Layoff and Refusal to Hire)
8(a)(3) Discipline
8(a)(4) Discipline
","Charged Party / Respondent, Legal Representative, Gruber Marina, Morgan, Lewis & Bockius LLP, 1400 Page Mill Road, Palo Alto, CA, 94304-1124, (650)843-4000 x7587
Charged Party / Respondent, Legal Representative, LIGNOWSKI MICHAEL, Morgan, Lewis & Bockius, LLP, 1701 Market St, Philadelphia, PA, 19103-2901, (215)963-5455
Charged Party / Respondent, Employer, Amazon.com Services LLC, Seattle, WA, 98109
Charging Party, Individual
",,,
C,"Region 07, Detroit, Michigan",07-CA-207782,"Silverstar Delivery LTD, Gold Standard Transportation and Amazon Logistics, Inc., Joint Employers",Closed,10/10/2017,10/17/2018,"Withdrawal Non-adjusted",Brownstown,MI,45,,"Charged Party / Respondent, Legal Representative, Ragaglia Joseph, Morgan, Lewis & Bockius, LLP, 1701 Market Street, Philadelpia, PA, 19103, (215)963-5365
Charging Party, Legal Representative, O'Neill Kevin, Kevin J. O'Neill PC, 22700 Garrison Ave, Suite A, Dearborn, MI, 48124, (313)359-9888
Charged Party / Respondent, Legal Representative, Ricco Meredith, Morgan, Lewis & Bockius, LLP, 300 South Grand Avenue,, 22nd Floor, Los Angeles, CA, 90071-3132, (312)324-1130
Charged Party / Respondent, Legal Representative, Lignowski Michael, Morgan, Lewis & Bockius, LLP, 1701 Market Street, Philadelphia, PA, 19103, (215)963-5455
Charged Party / Respondent, Employer, Silverstar Delivery LTD, Brownstown, MI, 48183
Charged Party / Respondent, Employer, Silverstar Delivery LTD, Hickory Hills, IL, 60457
Charged Party / Respondent, Employer, Silverstar Delivery LTD, Crestwood, IL, 60445-2328
Charged Party / Respondent, Employer, Gold Standard Transportation, Crestwood, IL, 60445
Charged Party / Respondent, Employer, Amazon Logistics, Inc., Brownstown, MI, 48183
Charging Party, Union, Local 337, International Brotherhood of Teamsters (IBT), Detroit, MI, 48216
",,,
C,"Region 07, Detroit, Michigan",07-CA-205496,"Silverstar Delivery LTD, Gold Standard Transportation and Amazon Logistics Inc., Joint Employers",Closed,08/30/2017,10/17/2018,"Withdrawal Non-adjusted",Brownstown,MI,1,"8(a)(1) Coercive Rules
","Charged Party / Respondent, Legal Representative, Ragaglia Joseph, Morgan, Lewis & Bockius, LLP, 1701 Market Street, Philadelphia, PA, 19103, (215)963-5365
Charging Party, Legal Representative, O'Neill Kevin, Kevin J. O'Neill PC, 22700 Garrison Ave, Suite A, Dearborn, MI, 48124, (313)359-9888
Charged Party / Respondent, Legal Representative, Lignowski Michael, Morgan, Lewis & Bockius LLP, 1701 Market Street, Philadelphia, PA, 19103, (215)963-5455
Charged Party / Respondent, Employer, Silverstar Delivery LTD, Brownstown, MI, 48183
Charged Party / Respondent, Employer, Gold Standard Transportation, Crestwood, IL, 60445
Charged Party / Respondent, Employer, Amazon Logistics, Inc., Brownstown, MI, 48183-1693
Charging Party, Union, Local 337, International Brotherhood of Teamsters (IBT), Detroit, MI, 48216
Charged Party / Respondent, Employer, Silverstar Delivery LTD, Hickory Hills, IL, 60457
Charged Party / Respondent, Employer, Silverstar Delivery LTD, Crestwood, IL, 60445-2328
",,,
C,"Region 21, Los Angeles, California",21-CA-204815,AMAZON.COM,Closed,08/21/2017,09/19/2017,"Withdrawal Non-adjusted","MORENO VALLEY",CA,50,"8(a)(1) Concerted Activities (Retaliation, Discharge, Discipline)
","Charged Party / Respondent, Legal Representative, RAGAGLIA JOSEPH, Morgan, Lewis & Bockius, LLP, 1701 Market Street, Philadelphia, PA, 19103, (215)963-5365
Charged Party / Respondent, Legal Representative, Buffalano Nicole, Morgan, Lewis & Bockius LLP, 300 S Grand Ave  Fl 22, Los Angeles, CA, 90071-3132, (213)612-7443
Charging Party, Individual
Charged Party / Respondent, Employer, AMAZON.COM, MORENO VALLEY, CA, 92551-9561
",,,
C,"Region 21, Los Angeles, California",21-CA-202791,AMAZON.COM,Closed,07/20/2017,11/06/2017,"Dismissal Non-adjusted","MORENO VALLEY",CA,3000,"8(a)(1) Concerted Activities (Retaliation, Discharge, Discipline)
8(a)(3) Discharge (Including Layoff and Refusal to Hire (not salting))
","Charged Party / Respondent, Legal Representative, RAGAGLIA JOSEPH, Morgan, Lewis & Bockius, LLP, 1701 Market Street, Philadelphia, PA, 19103, (215)963-5365
Charged Party / Respondent, Legal Representative, Lignowski Michael, Morgan, Lewis & Bockius LLP, 1701 Market Street, Philadelphia, PA, 19103, (215)963-5455
Charged Party / Respondent, Employer, AMAZON.COM, MORENO VALLEY, CA, 92551-9561
Charging Party, Individual
",,,
C,"Region 09, Cincinnati, Ohio",09-CA-201596,AMAZON.COM,Closed,06/28/2017,11/15/2017,"Dismissal Non-adjusted",Hebron,KY,2000,"8(a)(4) Changes in Terms and Conditions of Employment
8(a)(4) Discharge (including Layoff and Refusal to Hire)
","Charged Party / Respondent, Legal Representative, Ragaglia Joseph, Morgan, Lewis & Bockius, LLP, 1701 Market Street, Philadelphia, PA, 19103, (215)963-5365
Charged Party / Respondent, Legal Representative, Gruber Marina, Morgan, Lewis & Bockius LLP, 1400 Page Mill Road, Palo Alto, CA, 94304-1124, (650)843-4000 x7587
Charged Party / Respondent, Legal Representative, LIGNOWSKI MICHAEL, Morgan, Lewis & Bockius, LLP, 1701 Market St, Philadelphia, PA, 19103-2901, (215)963-5455
Charged Party / Respondent, Employer, Amazon.com, Inc., Seattle, WA, 98109
Charging Party, Individual
",,,
C,"Region 01, Boston, Massachusetts",01-CA-200812,"Amazon.com.dedc LLC",Closed,06/16/2017,02/12/2018,"Dismissal Non-adjusted",Stoughton,MA,400,"8(a)(1) Concerted Activities (Retaliation, Discharge, Discipline)
8(a)(1) Coercive Statements (Threats, Promises of Benefits, etc.)
","Charged Party / Respondent, Legal Representative, Ragaglia Joseph, Morgan, Lewis & Bockius, LLP, 1701 Market Street, Philadelpia, PA, 19103, (215)963-5365
Charged Party / Respondent, Legal Representative, White Kirsten, Morgan, Lewis & Bockius, LLP, One Federal Street, Boston, MA, 02110-1726, (617)341-7541
Charged Party / Respondent, Employer, Amazon.com.dedc LLC, Stoughton, MA, 02072
Charging Party, Individual
",,,
C,"Region 07, Detroit, Michigan",07-CA-200543,"Silverstar Delivery LTD, Gold Standard Transportation and Amazon, Logistics, Inc., Joint Employers",Closed,06/12/2017,07/02/2019,"Informal Settlement",Brownstown,MI,45,"8(a)(3) Discharge (Including Layoff and Refusal to Hire (not salting))
","Charged Party / Respondent, Legal Representative, Villaire Daniel, Howard & Howard, 450 W 4th St, Royal Oak, MI, 48067-2557, (248)723-0529
Charged Party / Respondent, Legal Representative, Ragaglia Joseph, Morgan, Lewis & Bockius, LLP, 1701 Market Street, Philadelphia, PA, 19103, (215)963-5365
Charged Party / Respondent, Legal Representative, Lignowski Michael, Morgan, Lewis & Bockius LLP, 1701 Market Street, Philadelphia, PA, 19103, (215)963-5455
Charged Party / Respondent, Employer, Silverstar Delivery LTD, Hickory Hills, IL, 60457
Charged Party / Respondent, Employer, Silverstar Delivery LTD, Crestwood, IL, 60445-2328
Charged Party / Respondent, Employer, Gold Standard Transportation, Crestwood, IL, 60445
Charged Party / Respondent, Employer, Amazon Logistics, Inc., Brownstown, MI, 48183
Charging Party, Individual
Charged Party / Respondent, Employer, Silverstar Delivery LTD, Brownstown, MI, 48183
",,,
C,"Region 32, Oakland, California",32-CA-198945,"Amazon Fulfillment Center",Closed,05/16/2017,06/01/2017,"Dismissal Non-adjusted",Tracy,CA,1500,"8(a)(1) Coercive Actions (Surveillance, etc)
8(a)(3) Discipline
","Charging Party, Legal Representative, Athanassious Andrew, The Athanassious Law Office, PO Box 1145, Folsom, CA, 95763-1145, (916)587-2932
Charged Party / Respondent, Legal Representative, Buffalano Nicole, Morgan, Lewis & Bockius LLP, 300 S Grand Ave  Fl 22, Los Angeles, CA, 90071-3132, (213)612-7443
Charged Party / Respondent, Employer, Amazon Fulfillment Center, Tracy, CA, 95304-9370
Charging Party, Individual
",,,
C,"Region 09, Cincinnati, Ohio",09-CA-195142,"AMAZON.COM INC.",Closed,03/20/2017,11/15/2017,"Dismissal Non-adjusted",Hebron,KY,2000,"8(a)(3) Discharge (Including Layoff and Refusal to Hire (not salting))
8(a)(1) Concerted Activities (Retaliation, Discharge, Discipline)
8(a)(4) Discharge (including Layoff and Refusal to Hire)
","Charged Party / Respondent, Legal Representative, Ragaglia Joseph, Morgan, Lewis & Bockius, LLP, 1701 Market Street, Philadelpia, PA, 19103, (215)963-5365
Charged Party / Respondent, Legal Representative, LIGNOWSKI MICHAEL, Morgan, Lewis & Bockius, LLP, 1701 Market St, Philadelphia, PA, 19103-2901, (215)963-5455
Charging Party, Individual
Charged Party / Respondent, Employer, Amazon.com Services LLC, Seattle, WA, 98109-5210
",,,
C,"Region 09, Cincinnati, Ohio",09-CA-190719,"AMAZON.COM INC.",Closed,01/03/2017,11/15/2017,"Dismissal Non-adjusted",Seattle,WA,1000,"8(a)(1) Coercive Statements (Threats, Promises of Benefits, etc.)
8(a)(3) Discharge (Including Layoff and Refusal to Hire (not salting))
8(a)(1) Concerted Activities (Retaliation, Discharge, Discipline)
8(a)(1) Coercive Actions (Surveillance, etc)
8(a)(3) Discipline
","Charged Party / Respondent, Legal Representative, Lignowski Michael, Morgan, Lewis & Bockius, LLP, 1701 Market Street, Philadelphia, PA, 19103, (215)963-5455
Charging Party, Individual
Charged Party / Respondent, Employer, Amazon.com Inc., Seattle, WA, 98109-5210
",,,
C,"Region 04, Philadelphia, Pennsylvania",04-CA-185911,"Amazon.com.dedc, LLC",Closed,10/11/2016,11/22/2016,"Dismissal Non-adjusted",Hazleton,PA,25,"8(a)(1) Concerted Activities (Retaliation, Discharge, Discipline)
","Charged Party / Respondent, Legal Representative, RAGAGLIA JOSEPH, Morgan, Lewis & Bockius, LLP, 1701 Market Street, Philadelphia, PA, 19103, (215)963-5365
Charged Party / Respondent, Legal Representative, Lignowski Michael, Morgan, Lewis & Bockius, LLP, 1701 Market Street, Philadelphia, PA, 19103, (215)963-5455
Charged Party / Respondent, Legal Representative, Taylor Michael, Morgan, Lewis & Bockius, LLP, 2222 Market Street, Philadelphia, PA, 19103, (215)963-4740
Charged Party / Respondent, Employer, Amazon.com.dedc, LLC, Hazle Township, PA, 18202-9361
Charging Party, Individual
",,,
C,"Region 28, Phoenix, Arizona",28-CA-185018,"Amazon Fulfillment Center",Closed,09/26/2016,11/17/2016,"Dismissal Non-adjusted",phoenix,AZ,1000,"8(a)(1) Concerted Activities (Retaliation, Discharge, Discipline)
","Charged Party / Respondent, Legal Representative, Ragaglia Joseph, Morgan, Lewis & Bockius, LLP, 1701 Market Street, Philadelpia, PA, 19103, (215)963-5365
Charged Party / Respondent, Legal Representative, LIGNOWSKI MICHAEL, Morgan, Lewis & Bockius, LLP, 1701 Market St, Philadelphia, PA, 19103-2901, (215)963-5455
Charged Party / Respondent, Employer, Amazon Fulfillment Center, Phoenix, AZ, 85043-8305
Charging Party, Individual
",,,
C,"Region 04, Philadelphia, Pennsylvania",04-CA-180114,"Amazon.com, Amazon Fulfillment Center (PHL 7)",Closed,07/14/2016,09/16/2016,"Dismissal Non-adjusted",Middletown,DE,2800,"8(a)(1) Coercive Statements (Threats, Promises of Benefits, etc.)
8(a)(3) Discharge (Including Layoff and Refusal to Hire (not salting))
","Charged Party / Respondent, Legal Representative, RAGAGLIA JOSEPH, Morgan, Lewis & Bockius, LLP, 1701 Market Street, Philadelphia, PA, 19103, (215)963-5365
Charged Party / Respondent, Legal Representative, Lignowski Michael, Morgan, Lewis & Bockius, LLP, 1701 Market Street, Philadelphia, PA, 19103, (215)963-5455
Charged Party / Respondent, Employer, Amazon.com, Amazon Fulfillment Center (PHL 7), Middletown, DE, 19709
Charging Party, Individual
Charged Party / Respondent, 
",,,
C,"Region 13, Chicago, Illinois",13-CA-179834,"Amazon Logistics, Inc.",Closed,07/11/2016,10/20/2016,"Withdrawal Non-adjusted",Chicago,IL,1000000,"8(a)(1) Coercive Rules
8(a)(1) Concerted Activities (Retaliation, Discharge, Discipline)
8(a)(4) Discharge (including Layoff and Refusal to Hire)
","Charged Party / Respondent, Legal Representative, Ragaglia Joseph, Morgan, Lewis & Bockius, LLP, 1701 Market Street, Philadelpia, PA, 19103, (215)963-5365
Charged Party / Respondent, Legal Representative, Riccio Meredith, 77 W Wacker Dr Fl 5, Chicago, IL, 60601-1671, (312)324-1130
Charged Party / Respondent, Employer, Amazon Inc, Seattle, WA, 98109
Charging Party, Individual
",,,
C,"Region 05, Baltimore, Maryland",05-CA-179219,Amazon,Closed,06/27/2016,11/09/2016,"Dismissal Adjusted",Chester,VA,800,"8(a)(3) Discharge (Including Layoff and Refusal to Hire (not salting))
8(a)(4) Discharge (including Layoff and Refusal to Hire)
","Charged Party / Respondent, Legal Representative, White Kirsten, Morgan, Lewis & Bockius, LLP, One Federal Street, Boston, MA, 02110-1726, (617)341-7541
Charged Party / Respondent, Legal Representative, LIGNOWSKI MICHAEL, Morgan, Lewis & Bockius, LLP, 1701 Market St, Philadelphia, PA, 19103-2901, (215)963-5455
Charged Party / Respondent, Employer, Amazon, Chester, VA, 23836
Charging Party, Individual
",,,
C,"Region 05, Baltimore, Maryland",05-CA-178675,"Amazon, Inc.",Closed,06/16/2016,08/05/2016,"Withdrawal Non-adjusted",Chester,VA,1000,"8(a)(1) Concerted Activities (Retaliation, Discharge, Discipline)
","Charged Party / Respondent, Legal Representative, Ragaglia Joseph, Morgan, Lewis & Bockius, LLP, 1701 Market Street, Philadelpia, PA, 19103, (215)963-5365
Charged Party / Respondent, Legal Representative, White Kirsten, Morgan, Lewis & Bockius, LLP, One Federal Street, Boston, MA, 02110-1726, (617)341-7541
Charged Party / Respondent, Employer, Amazon, Inc., Chester, VA, 23836
Charging Party, Individual
",,,
C,"Region 04, Philadelphia, Pennsylvania",04-CA-176393,Amazon,Closed,05/17/2016,09/29/2016,"Withdrawal Adjusted",Middletown,DE,3000,"8(a)(3) Discharge (Including Layoff and Refusal to Hire (not salting))
8(a)(1) Concerted Activities (Retaliation, Discharge, Discipline)
8(a)(3) Discipline
","Charged Party / Respondent, Legal Representative, Ragaglia Joseph, Morgan, Lewis & Bockius, LLP, 1701 Market Street, Philadelpia, PA, 19103, (215)963-5365
Charged Party / Respondent, Legal Representative, Lignowski Michael, Morgan, Lewis & Bockius, LLP, 1701 Market Street, Philadelphia, PA, 19103, (215)963-5455
Charged Party / Respondent, Employer, Amazon.com, Amazon Fulfillment Center (PHL 7), Middletown, DE, 19709
Charging Party, Individual
",,,
C,"Region 09, Cincinnati, Ohio",09-CA-175820,"AMAZON FULLFILLMENT CENTER",Closed,05/09/2016,06/06/2016,"Dismissal Non-adjusted",JEFFERSONVILLE,IN,50,"8(a)(3) Discharge (Including Layoff and Refusal to Hire (not salting))
","Charged Party / Respondent, Legal Representative, Ragaglia Joseph, Morgan, Lewis & Bockius, LLP, 1701 Market Street, Philadelpia, PA, 19103, (215)963-5365
Charged Party / Respondent, Legal Representative, White Kirsten, Morgan, Lewis & Bockius, LLP, One Federal Street, Boston, MA, 02110-1726, (617)341-7541
Charged Party / Respondent, Employer, AMAZON FULLFILLMENT CENTER, Jeffersonville, IN, 47130-7761
Charging Party, Individual
",,,
C,"Region 19, Seattle, Washington",19-CA-174905,"Security Industry Specialists and Amazon Jt Ers",Closed,04/21/2016,05/24/2016,"Withdrawal Non-adjusted",Seattle,WA,50,"8(a)(1) Concerted Activities (Retaliation, Discharge, Discipline)
8(a)(1) Coercive Actions (Surveillance, etc)
","Charging Party, Individual
Charged Party / Respondent, Employer, Security Industry Specialists, Inc., SEATTLE, WA, 98101-2098
Charged Party / Respondent, Employer, Amazon, Seattle, WA, 98109-5210
",,,
C,"Region 19, Seattle, Washington",19-CA-173302,"Security Industry Specialists, Inc., and Amazon, as joint employers",Closed,04/01/2016,04/12/2016,"Withdrawal Non-adjusted",Seattle,WA,100,"8(a)(1) Coercive Actions (Surveillance, etc)
8(a)(3) Discharge (Including Layoff and Refusal to Hire (not salting))
8(a)(3) Discipline
","Charged Party / Respondent, Legal Representative, Hammond Ryan, Littler Mendelson, P.C., One Union Square, 600 University St Ste 3200, Seattle, WA, 98101-3122, (206)623-3300
Charged Party / Respondent, Employer, Security Industry Specialists, Inc., Seattle, WA, 98101
Charging Party, Individual
Charged Party / Respondent, Employer, Amazon, Seattle, WA, 98109-5210
",,,
C,"Region 05, Baltimore, Maryland",05-CA-172598,Amazon,Closed,03/24/2016,05/31/2016,"Dismissal Non-adjusted",Fredericksburg,VA,100,"8(a)(1) Concerted Activities (Retaliation, Discharge, Discipline)
","Charged Party / Respondent, Legal Representative, Ragaglia Joseph, Morgan, Lewis & Bockius, LLP, 1701 Market Street, Philadelphia, PA, 19103, (215)963-5365
Charged Party / Respondent, Legal Representative, White Kirsten, Morgan, Lewis & Bockius, LLP, One Federal Street, Boston, MA, 02110-1726, (617)341-7541
Charged Party / Respondent, Legal Representative, LIGNOWSKI MICHAEL, Morgan, Lewis & Bockius, LLP, 1701 Market St, Philadelphia, PA, 19103-2901, (215)963-5455
Charged Party / Respondent, Employer, Amazon, Seattle, WA, 98109-5210
Charging Party, Individual
",,,
C,"Region 19, Seattle, Washington",19-CA-169151,Amazon,Closed,02/04/2016,03/02/2016,"Withdrawal Non-adjusted",Seattle,WA,300,"8(a)(1) Concerted Activities (Retaliation, Discharge, Discipline)
","Charged Party / Respondent, Legal Representative, RAGAGLIA JOSEPH, Morgan, Lewis & Bockius, LLP, 1701 Market Street, Philadelphia, PA, 19103, (215)963-5365
Charged Party / Respondent, Legal Representative, Buffalano Nicole, Morgan, Lewis & Bockius LLP, 300 S Grand Ave  Fl 22, Los Angeles, CA, 90071-3132, (213)612-7443
Charged Party / Respondent, Employer, Amazon, Seattle, WA, 98109-5210
Charging Party, Individual
",,,
C,"Region 04, Philadelphia, Pennsylvania",04-CA-165572,Amazon,Closed,12/08/2015,11/16/2016,"Informal Settlement",Middletown,DE,50,"8(a)(4) Discharge (including Layoff and Refusal to Hire)
","Charged Party / Respondent, Legal Representative, Ragaglia Joseph, Morgan, Lewis & Bockius, LLP, 1701 Market Street, Philadelpia, PA, 19103, (215)963-5365
Charged Party / Respondent, Legal Representative, Lignowski Michael, Morgan, Lewis & Bockius, LLP, 1701 Market Street, Philadelphia, PA, 19103, (215)963-5455
Charged Party / Respondent, Employer, Amazon, Middletown, DE, 19709
Charging Party, Union, International Association of Machinists and Aerospace Workers, AFL-CIO, District Lodge 1, LL 321, CINCINNATI, OH, 45246
",,,
C,"Region 05, Baltimore, Maryland",05-CA-159024,"Amazon.com.kydc, LLC",Closed,08/27/2015,02/18/2016,"Dismissal Non-adjusted",Chester,VA,100,"8(a)(3) Changes in Terms and Conditions of Employment
8(a)(3) Discharge (Including Layoff and Refusal to Hire (not salting))
8(a)(3) Discipline
","Charged Party / Respondent, Legal Representative, RAGAGLIA JOSEPH, MORGAN, LEWIS & BOCKIUS, LLP, 1701 MARKET STREET, PHILADELPHIA, PA, 19103, (215)963-5365
Charged Party / Respondent, Legal Representative, White Kirsten, Morgan, Lewis & Bockius, 1111 Pennsylvania Avenue, NW, Washington, DC, 20004-2541, (202)739-5844
Charged Party / Respondent, Legal Representative, LIGNOWSKI MICHAEL, Morgan, Lewis & Bockius, LLP, 1701 Market St, Philadelphia, PA, 19103-2901, (215)963-5455
Charged Party / Respondent, Employer, Amazon.com.kydc, LLC, Chester, VA, 23836-2841
Charging Party, Individual
",,,
C,"Region 12, Tampa, Florida",12-CA-158649,"Amazon.com, Inc.",Closed,08/25/2015,11/06/2015,"Withdrawal Non-adjusted",Ruskin,FL,2000,"8(a)(1) Concerted Activities (Retaliation, Discharge, Discipline)
8(a)(3) Discipline
","Charged Party / Respondent, Legal Representative, Ragaglia Joseph, Morgan, Lewis & Bockius, LLP, 1701 Market Street, Philadelphia, PA, 19103, (215)963-5365
Charged Party / Respondent, Legal Representative, White Kirsten, Morgan, Lewis & Bockius, 1111 Pennsylvania Avenue, NW, Washington, DC, 20004-2541, (202)739-5844
Charging Party, Individual
Charged Party / Respondent, Employer, Amazon.com, Inc., Ruskin, FL, 33570-5526
",,,
C,"Region 05, Baltimore, Maryland",05-CA-158367,"Amazon.com.kydc, LLC",Closed,08/18/2015,12/11/2015,"Withdrawal Non-adjusted",Chester,VA,75,"8(a)(3) Changes in Terms and Conditions of Employment
8(a)(3) Discharge (Including Layoff and Refusal to Hire (not salting))
","Charging Party, Legal Representative, Harrison Adam, LawrenceQueen, 701 E FRANKLIN ST STE 800, PO BOX 495, Richmond, VA, 23219, (804)643-9343
Charged Party / Respondent, Legal Representative, Ragaglia Joseph, Morgan, Lewis & Bockius, LLP, 1701 Market Street, Philadelpia, PA, 19103, (215)963-5365
Charged Party / Respondent, Legal Representative, White Kirsten, Morgan, Lewis & Bockius, 1111 Pennsylvania Avenue, N.W., Washington, DC, 20004, (617)341-7541
Charged Party / Respondent, Legal Representative, LIGNOWSKI MICHAEL, Morgan, Lewis & Bockius, LLP, 1701 Market St, Philadelphia, PA, 19103-2901, (215)963-5455
Charged Party / Respondent, Employer, Amazon.com.kydc, LLC, Chester, VA, 23836-2841
Charging Party, Individual
",,,
C,"Region 05, Baltimore, Maryland",05-CA-154115,"Amazon.com.kydc, LLC",Closed,06/12/2015,05/03/2016,"Informal Settlement",Chester,VA,30,"8(a)(1) Coercive Actions (Surveillance, etc)
8(a)(3) Discipline
8(a)(1) Coercive Statements (Threats, Promises of Benefits, etc.)
8(a)(1) Coercive Rules
","Charged Party / Respondent, Legal Representative, Ragaglia Joseph, Morgan, Lewis & Bockius, LLP, 1701 Market Street, Philadelpia, PA, 19103, (215)963-5365
Charged Party / Respondent, Legal Representative, White Kirsten, Morgan, Lewis & Bockius, 1111 Pennsylvania Avenue, NW, Washington, DC, 20004-2541, (202)739-5844
Charged Party / Respondent, Legal Representative, LIGNOWSKI MICHAEL, Morgan, Lewis & Bockius, LLP, 1701 Market St, Philadelphia, PA, 19103-2901, (215)963-5455
Charged Party / Respondent, Employer, Amazon.com.kydc, LLC, Chester, VA, 23836-2841
Charging Party, Union, INTERNATIONAL ASSOCIATION OF MACHINISTS AND AEROSPACE WORKERS, AFL-CIO, Arlington, TX, 76011
Charging Party, Union, International Association of Machinists and Aerospace Workers, AFL-CIO, Richmond, VA, 23230-5010
",,,
R,"Region 05, Baltimore, Maryland",05-RC-144843,"Amazon.com.kydc LLC",Closed,01/22/2015,03/02/2015,"Withdrawal Adjusted",Chester,VA,30,,"Employer, Legal Representative, RAGAGLIA JOSEPH, MORGAN, LEWIS & BOCKIUS, LLP, 1701 MARKET STREET, PHILADELPHIA, PA, 19103, (215)963-5365
Employer, Legal Representative, Lignowski Michael, Morgan, Lewis & Bockius LLP, 1701 Market Street, Philadelphia, PA, 19103, (215)963-5455
Employer, Employer, Amazon.com.kydc, LLC, Chester, VA, 23836-2841, (800)929-5313
Petitioner, Union, International Association of Machinists and Aerospace Workers, AFL-CIO, Arlington, TX, 76011-1711, (817)505-0100
",,"Included:  All regular full-time and part-time facility technicians.

Excluded: Office clerical employee, professional employees, managerial employees, guards and supervisors as defined in the Act.",
C,"Region 28, Phoenix, Arizona",28-CA-126028,"Amazon.com.AZDC, LLC, a subsidiary of Amazon.com, Inc.",Closed,04/07/2014,06/11/2015,"Informal Settlement",Seattle,WA,500,"8(a)(1) Interrogation (including Polling)
8(a)(1) Concerted Activities (Retaliation, Discharge, Discipline)
8(a)(1) Coercive Rules
","Charged Party / Respondent, Legal Representative, MINER FREDERICK, Littler Mendelson P.C., 2425 East Camelback Road, Suite 900, Phoenix, AZ, 85016-4242, (602)474-3653
Charging Party, Individual
Charged Party / Respondent, Employer, Amazon.com.AZDC. LLC, a subsidiary of Amazon, Inc., 1200 12th Avenue South, Suite 1200, Seattle, WA, 98144-2734, (206)266-1000
",,,
R,"Region 04, Philadelphia, Pennsylvania",04-RC-118495,"AMAZON.COM.DEDC, LLC, A SUBSIDIARY OF AMAZON.COM, INC.",Closed,12/06/2013,01/27/2014,"Certification of Results",Middletown,DE,24,,"Petitioner, Additional Service, Kuss Edward, International Association of Machinists & Aerospace Workers, District Lodge 4, AFL-CIO, 135 Merchant St., Ste. 265, Cincinnati, OH, 45246-3734, (646)926-2910
Employer, Legal Representative, Ragaglia Joseph, Morgan, Lewis & Bockius, LLP, 1701 Market Street, Philadelphia, PA, 19103, (215)963-5365
Employer, Legal Representative, LIGNOWSKI MICHAEL, Morgan, Lewis & Bockius, LLP, 1701 Market St, Philadelphia, PA, 19103-2901, (215)963-5455
Petitioner, Union, INTERNATIONAL ASSOCIATION OF MACHINISTS AND AEROSPACE WORKERS, AFL-CIO, Cincinnati, OH, 45246-3734, (513)772-9310
Employer, Employer, Amazon, Middletown, DE, 19709, (410)642-2244
",,"Included:  All regular full time and part time maintenance technicians I, II, and III employed by the Employer at the location.

Excluded:  Office clerical, order fulfillers, csc, professional, managerial, guards and supervisors as defined in the Act.",30
C,"Region 25, Indianapolis, Indiana",25-CA-114478,"AMAZON.COM, INC.",Closed,10/01/2013,11/29/2013,"Dismissal Non-adjusted",INDIANAPOLIS,IN,500,"8(a)(4) Discharge (including Layoff and Refusal to Hire)
","Charged Party / Respondent, Legal Representative, CONNOR EMILY, Littler Mendelson, P.C, 6012  Broadway St., Indianapolis, IN, 46220, (317)287-3524
Charged Party / Respondent, Employer, AMAZON.COM, INDIANAPOLIS, IN, 46231
Charging Party, Individual
",,,
C,"Region 25, Indianapolis, Indiana",25-CA-107255,"AMAZON.COM INC.",Closed,06/14/2013,08/28/2013,"Dismissal Non-adjusted",Indianapolis,IN,500,"8(a)(3) Changes in Terms and Conditions of Employment
8(a)(4) Changes in Terms and Conditions of Employment
","Charged Party / Respondent, Legal Representative, CONNOR EMILY, Littler Mendelson, P.C, 6012  Broadway St., Indianapolis, IN, 46220, (317)287-3524
Charging Party, Individual
Charged Party / Respondent, Employer, AMAZON.COM, Indianapolis, IN, 46231-1132
",,,
C,"Region 28, Phoenix, Arizona",28-CA-100917,"AMAZON.COM LLC",Closed,03/21/2013,05/30/2013,"Withdrawal Non-adjusted",Phoenix,AZ,7000,"8(a)(1) Concerted Activities (Retaliation, Discharge, Discipline)
8(a)(1) Coercive Actions (Surveillance, etc)
8(a)(1) Coercive Rules
","Charged Party / Respondent, Legal Representative, MINER FREDERICK, Littler Mendelson P.C., 2425 East Camelback Road, Suite 900, Phoenix, AZ, 85016-4242, (602)474-3653
Charged Party / Respondent, Employer, AMAZON.COM LLC, Phoenix, AZ, 85043-8305
Charging Party, Individual
",,,
C,"Region 25, Indianapolis, Indiana",25-CA-098766,"Amazon Fulfillment Center",Closed,02/21/2013,04/29/2013,"Dismissal Non-adjusted",Plainfield,IN,500,"8(a)(1) Concerted Activities (Retaliation, Discharge, Discipline)
","Charged Party / Respondent, Employer, AMAZON FULFILLMENT CENTER, Plainfield, IN, 46168-7442
Charging Party, Individual
",,,
C,"Region 25, Indianapolis, Indiana",25-CA-098198,AMAZON.COM,Closed,02/13/2013,04/29/2014,"Dismissal Non-adjusted",Plainfield,IN,500,"8(a)(1) Coercive Actions (Surveillance, etc)
","Charging Party, Individual
Charged Party / Respondent, Employer, AMAZON FULFILLMENT CENTER, Plainfield, IN, 46168-7442
",,,
C,"Region 25, Indianapolis, Indiana",25-CA-098171,AMAZON.COM,Closed,02/12/2013,04/29/2013,"Dismissal Non-adjusted",Plainfield,IN,500,"8(a)(3) Changes in Terms and Conditions of Employment
8(a)(4) Changes in Terms and Conditions of Employment
","Charged Party / Respondent, Legal Representative, NIERMAN TODD, Littler Mendelson P.C., 1601 Cherry Street, Suite 1400, Philadelphia, PA, 19102, (317)287-3520
Charged Party / Respondent, Employer, AMAZON FULFILLMENT CENTER, Plainfield, IN, 46168-7442
Charging Party, Individual
",,,
C,"Region 25, Indianapolis, Indiana",25-CA-090756,"AMAZON.COM.INDC, LLC",Closed,10/05/2012,01/02/2013,"Dismissal Non-adjusted",PLAINFIELD,IN,500,"8(a)(1) Coercive Actions (Surveillance, etc)
","Charged Party / Respondent, Legal Representative, NIERMAN TODD, Littler Mendelson, P.C., 111 Monument Cir Ste 702, Indianapolis, IN, 46204-5136, (317)287-3520
Charged Party / Respondent, Employer, AMAZON FULFILLMENT CENTER, Plainfield, IN, 46168-7442
Charging Party, Individual
",,,
C,"Region 25, Indianapolis, Indiana",25-CA-089474,"AMAZON FULFILLMENT CENTER",Closed,09/19/2012,09/26/2012,"Withdrawal Non-adjusted",PLAINFIELD,IN,500,"8(a)(3) Changes in Terms and Conditions of Employment
","Charged Party / Respondent, Legal Representative, NIERMAN TODD, Littler Mendelson, P.C., 111 Monument Cir Ste 702, Indianapolis, IN, 46204-5136, (317)287-3520
Charged Party / Respondent, Employer, AMAZON FULFILLMENT CENTER, Plainfield, IN, 46168-7442
Charging Party, Individual
",,,
C,"Region 25, Indianapolis, Indiana",25-CA-089035,"AMAZON.COM.INDC, LLC",Closed,09/12/2012,01/02/2013,"Dismissal Non-adjusted",PLAINFIELD,IN,500,"8(a)(1) Coercive Actions (Surveillance, etc)
","Charged Party / Respondent, Legal Representative, NIERMAN TODD, Littler Mendelson, P.C., 111 Monument Cir Ste 702, Indianapolis, IN, 46204-5136, (317)287-3520
Charged Party / Respondent, Employer, AMAZON FULFILLMENT CENTER, Plainfield, IN, 46168-7442
Charging Party, Individual
",,,
C,"Region 28, Phoenix, Arizona",28-CA-087400,"Amazon Construction",Closed,08/15/2012,09/06/2012,"Dismissal Non-adjusted","Las Vegas",NV,10,"8(a)(5) Repudiation/Modification of Contract [Sec 8(d)/Unilateral Changes]
8(a)(3) Discharge (Including Layoff and Refusal to Hire (not salting))
8(a)(1) Concerted Activities (Retaliation, Discharge, Discipline)
","Charging Party, Legal Representative, Rosenfeld David, Weinberg Roger & Rosenfeld, 1001 Marina Village Pkwy, Ste 200, Alameda, CA, 94501-6430, (510)337-1001
Charged Party / Respondent, Employer, AMAZON CONSTRUCTION, Las Vegas, NV, 89118-4904
Charging Party, Union, Laborers' International Union of North America, Local 872, AFL-CIO, Las Vegas, NV, 89146-3157
",,,
C,"Region 25, Indianapolis, Indiana",25-CA-086484,"AMAZON.COM.INDC, LLC",Closed,08/02/2012,01/02/2013,"Dismissal Non-adjusted",Plainfield,IN,500,"8(a)(4) Discipline
8(a)(1) Coercive Actions (Surveillance, etc)
8(a)(1) Interrogation (including Polling)
","Charged Party / Respondent, Legal Representative, NIERMAN TODD, Littler Mendelson, P.C., 111 Monument Cir Ste 702, Indianapolis, IN, 46204-5136, (317)287-3520
Charged Party / Respondent, Employer, AMAZON.COM.INDC, LLC, Plainfield, IN, 46168-7442
Charging Party, Individual
",,,
C,"Region 25, Indianapolis, Indiana",25-CA-083624,"AMAZON.COM.INDC, LLC",Closed,06/21/2012,11/02/2012,"Dismissal Non-adjusted",Plainfield,IN,500,"8(a)(1) Coercive Actions (Surveillance, etc)
","Charged Party / Respondent, Legal Representative, NIERMAN TODD, Littler Mendelson, P.C., 111 Monument Cir Ste 702, Indianapolis, IN, 46204-5136, (317)287-3520
Charged Party / Respondent, Employer, AMAZON.COM.INDC, LLC, Plainfield, IN, 46168-7442
Charging Party, Individual
",,,
C,"Region 09, Cincinnati, Ohio",09-CA-063667,AMAZON.COM,Closed,08/30/2011,10/13/2011,"Withdrawal Adjusted",HEBRON,KY,700,"8(a)(3) Discharge (Including Layoff and Refusal to Hire (not salting))
","Charged Party / Respondent, Legal Representative, Woods C., Dinsmore & Shohl, LLP, 400 W Market Street, 32nd FL, Louisville, KY, 40202-3346, (502)568-0288
Charged Party / Respondent, Employer, AMAZON.COM, Hebron, KY, 41048-8648
Charging Party, Individual
",,,
C,"Region 25, Indianapolis, Indiana",25-CA-061473,Amazon.com,Closed,07/20/2011,08/31/2011,"Dismissal Non-adjusted",Plainfield,IN,450,"8(a)(3) Discipline
","Charged Party / Respondent, Legal Representative, NIERMAN TODD, Littler Mendelson, P.C, 1601 Cherry Street, Suite 1400, Philadelphia, PA, 19102, (317)287-3520
Charging Party, Individual
Charged Party / Respondent, 
Charged Party / Respondent, Employer, AMAZON.COM.INDC, LLC, Plainfield, IN, 46168-7442
",,,
C,"Region 20, San Francisco, California",37-CA-007770,"Amazon Trucking",Closed,06/24/2009,08/31/2009,"Withdrawal Non-adjusted",Honolulu,HI,10,"8(a)(5) Failure to Sign Agreement
","Charging Party, Union, OPERATING ENGINEERS, LOCAL UNION NO. 3, AFL-CIO, Alameda, CA, 94502
Charged Party / Respondent, Employer, AMAZON TRUCKING, Honolulu, HI, 96819-4908
",,,
