facility_id,input_address,match_status,match_quality,matched_address,latitude,longitude,geocode_method,tiger_line_id,side,returned_state_fips,returned_state,county_fips,tract,block,claimed_state,state_agrees,claimed_zip,returned_zip,zip_agrees,zcta_of_point,zcta_agrees,fallback_latitude,fallback_longitude,fallback_method,failure_reason
NAT-0001,"5900 OLD SEWARD HIGHWAY, ANCHORAGE, AK, 99518",Match,Exact,"5900 OLD SEWARD HWY, ANCHORAGE, AK, 99518",61.167256917842,-149.86816057513,census_batch_geographies,605184399,R,02,AK,020,002502,1005,AK,True,99518,99518,True,99518,True,,,,
NAT-0002,"300 BOONE DRIVE., AMERICAN CANYON, CA, 94503",Match,Exact,"300 BOONE DR, AMERICAN CANYON, CA, 94503",38.202375921827,-122.273666228284,census_batch_geographies,658485840,R,06,CA,055,201005,1027,CA,True,94503,94503,True,94503,True,,,,
NAT-0003,"1601 PETROL ROAD, BAKERSFIELD, CA, 93308",Match,Exact,"1601 PETROL RD, BAKERSFIELD, CA, 93308",35.44850696675,-119.046733418965,census_batch_geographies,109081493,L,06,CA,029,000106,1003,CA,True,93308,93308,True,93308,True,,,,
NAT-0004,"3388 SOUTH CACTUS AVENUE, BLOOMINGTON, CA, 92316",Match,Exact,"3388 S CACTUS AVE, BLOOMINGTON, CA, 92316",34.043273441882,-117.383380606225,census_batch_geographies,657779362,R,06,CA,071,004003,3023,CA,True,92316,92316,True,92316,True,,,,
NAT-0005,"3001 MISSION OAKS BOULEVARD, CAMARILLO, CA, 93012",Match,Exact,"3001 MISSION OAKS BLVD, CAMARILLO, CA, 93012",34.216807197027,-119.032710437375,census_batch_geographies,657713085,L,06,CA,111,005308,1025,CA,True,93012,93012,True,93012,True,,,,
NAT-0006,"9031 LURLINE AVE., CHATSWORTH, CA, 91311",Match,Exact,"9031 LURLINE AVE, CHATSWORTH, CA, 91311",34.234414246286,-118.584259776303,census_batch_geographies,652034945,L,06,CA,037,113426,1014,CA,True,91311,91311,True,91311,True,,,,
NAT-0007,"20730 PRAIRIE STREET, CHATSWORTH, CA, 91311",Match,Exact,"20730 PRAIRIE ST, CHATSWORTH, CA, 91311",34.240851847103,-118.584864104699,census_batch_geographies,141533011,L,06,CA,037,113303,2029,CA,True,91311,91311,True,91311,True,,,,
NAT-0008,"15930 VALLEY BOULEVARD, CITY OF INDUSTRY, CA, 91744",Match,Non_Exact,"15930 E VALLEY BLVD, CITY OF INDUSTRY, CA, 91744",34.016319548203,-117.953911771938,census_batch_geographies,639059108,R,06,CA,037,980035,1100,CA,True,91744,91744,True,91744,True,,,,
NAT-0009,"64615 19TH AVENUE, DESERT HOT SPRINGS, CA, 92240",No_Match,,,,,,,,,,,,,CA,,92240,,,,,33.95154,-116.520104,zcta_centroid_gazetteer,no_match_street_not_in_tiger
NAT-0010,"2325 S. CEDAR AVE, FRESNO, CA, 93725",Match,Exact,"2325 S CEDAR AVE, FRESNO, CA, 93725",36.716838591354,-119.754591226054,census_batch_geographies,197582605,L,06,CA,019,001201,1029,CA,True,93725,93725,True,93725,True,,,,
NAT-0011,"2815 W EL SEGUNDO BL, HAWTHORNE, CA, 90250",Match,Exact,"2815 W EL SEGUNDO BLVD, HAWTHORNE, CA, 90250",33.916523610944,-118.323115848298,census_batch_geographies,142752919,R,06,CA,037,602700,1038,CA,True,90250,90250,True,90250,True,,,,
NAT-0012,"2815 W. EL SEGUNDO BLVD., HOLLYGLEN, CA, 90250",Match,Exact,"2815 W EL SEGUNDO BLVD, HOLLYGLEN, CA, 90250",33.916523610944,-118.323115848298,census_batch_geographies,142752919,R,06,CA,037,602700,1038,CA,True,90250,90250,True,90250,True,,,,
NAT-0013,"3565 NORTH AIRPORT WAY, MANTECA, CA, 95336",No_Match,,,,,,,,,,,,,CA,,95336,,,,,37.830267,-121.20102,zcta_centroid_gazetteer,no_match_street_not_in_tiger
NAT-0014,"25725 JERONIMO ROAD, MISSION VIEJO, CA, 92691",Match,Exact,"25725 JERONIMO RD, MISSION VIEJO, CA, 92691",33.620717332679,-117.680683183189,census_batch_geographies,653167075,L,06,CA,059,032028,2010,CA,True,92691,92691,True,92691,True,,,,
NAT-0015,"3731 FINCH ROAD, MODESTO, CA, 95357",Match,Exact,"3731 FINCH RD, MODESTO, CA, 95357",37.625106629919,-120.925718314605,census_batch_geographies,102607889,L,06,CA,099,002002,3043,CA,True,95357,95357,True,95357,True,,,,
NAT-0016,"2496 W. WALNUT AVENUE, RIALTO, CA, 92376",Match,Non_Exact,"2496 W WALNUT ST, RIALTO, CA, 92376",34.128562290503,-117.424547242976,census_batch_geographies,614862547,R,06,CA,071,002306,1008,CA,True,92376,92376,True,92376,True,,,,
NAT-0017,"4187 TEMPLE CITY BOULEVARD, ROSEMEAD, CA, 91770",No_Match,,,,,,,,,,,,,CA,,91770,,,,,34.065108,-118.082791,zcta_centroid_gazetteer,no_match_street_not_in_tiger
NAT-0018,"7601 FOOTHILLS BLVD, ROSEVILLE, CA, 95747",Match,Exact,"7601 FOOTHILLS BLVD, ROSEVILLE, CA, 95747",38.783377050046,-121.313694330953,census_batch_geographies,650589243,R,06,CA,061,021043,1001,CA,True,95747,95747,True,95747,True,,,,
NAT-0019,"2400 MCCLELLAN PARK DRIVE, SACRAMENTO, CA, 95838",No_Match,,,,,,,,,,,,,CA,,95838,,,,,38.645723,-121.445254,zcta_centroid_gazetteer,no_match_street_not_in_tiger
NAT-0020,"7601 METRO AIR PARKWAY, SACRAMENTO, CA, 95835",Match,Non_Exact,"7601 METRO AIR PKWY, SACRAMENTO, CA, 95837",38.699102172188,-121.569752763795,census_batch_geographies,653166695,R,06,CA,067,007101,1022,CA,True,95835,95837,False,95626,False,,,,
NAT-0021,"5990 NORTH CAJON BLVD, SAN BERNARDINO, CA, 92408",Match,Non_Exact,"5990 CAJON BLVD, SAN BERNARDINO, CA, 92407",34.185713780274,-117.362603058777,census_batch_geographies,648092498,R,06,CA,071,002706,1080,CA,True,92408,92407,False,92407,False,,,,
NAT-0022,"6971 OTAY MESA RD., SAN DIEGO, CA, 92154",Match,Exact,"6971 OTAY MESA RD, SAN DIEGO, CA, 92154",32.567964043892,-116.988689766869,census_batch_geographies,637957160,R,06,CA,073,010015,2017,CA,True,92154,92154,True,92154,True,,,,
NAT-0023,"6001 S AUSTIN RD., STOCKTON, CA, 95215",No_Match,,,,,,,,,,,,,CA,,95215,,,,,37.949395,-121.157059,zcta_centroid_gazetteer,no_match_street_not_in_tiger
NAT-0024,"6201 NEWCASTLE RD, STOCKTON, CA, 95215",Match,Exact,"6201 NEWCASTLE RD, STOCKTON, CA, 95215",37.900472824808,-121.202207428053,census_batch_geographies,654440222,R,06,CA,077,005131,1010,CA,True,95215,95215,True,95215,True,,,,
NAT-0025,"1500 EAST GRANT LINE ROAD, TRACY, CA, 95304",Match,Exact,"1500 E GRANT LINE RD, TRACY, CA, 95304",37.754128310843,-121.406696194914,census_batch_geographies,133900724,L,06,CA,077,005214,2002,CA,True,95304,95304,True,95304,True,,,,
NAT-0026,"1500 E GRANTLINE RD, TRACY, CA, 95304",Match,Non_Exact,"1500 E GRANT LINE RD, TRACY, CA, 95304",37.754128310843,-121.406696194914,census_batch_geographies,133900724,L,06,CA,077,005214,2002,CA,True,95304,95304,True,95304,True,,,,
NAT-0027,"28820 CHASE PLACE, VALENCIA, CA, 91355",Match,Exact,"28820 CHASE PL, VALENCIA, CA, 91355",34.446488163266,-118.64361837995,census_batch_geographies,650602000,L,06,CA,037,920106,1014,CA,True,91355,91355,True,91355,True,,,,
NAT-0028,"7704 MILTON E PROBY PKWY, COLORADO SPRINGS, CO, 80926",No_Match,,,,,,,,,,,,,CO,,80926,,,,,38.634719,-104.902972,zcta_centroid_gazetteer,no_match_street_not_in_tiger
NAT-0029,"2318 WAVERLY BARN ROAD, DAVENPORT, FL, 33897",Match,Exact,"2318 WAVERLY BARN RD, DAVENPORT, FL, 33897",28.244680031499,-81.661491601925,census_batch_geographies,648237029,R,12,FL,105,012404,1001,FL,True,33897,33897,True,33897,True,,,,
NAT-0030,"17030 MENTMORE BOULEVARD, LAND O LAKES, FL, 34638",Match,Exact,"17030 MENTMORE BLVD, LAND O LAKES, FL, 34638",28.202968268158,-82.537592955996,census_batch_geographies,650548834,L,12,FL,101,031603,3003,FL,True,34638,34638,True,33558,False,,,,
NAT-0031,"7469 KINGSPOINTE PARKWAY, ORLANDO, FL, 32819",Match,Exact,"7469 KINGSPOINTE PKWY, ORLANDO, FL, 32819",28.459405956019,-81.440655311329,census_batch_geographies,640914250,L,12,FL,095,017001,1003,FL,True,32819,32819,True,32819,True,,,,
NAT-0032,"2906 CORPORATE WAY, PALMETTO, FL, 34221",Match,Exact,"2906 CORPORATE WAY, PALMETTO, FL, 34221",27.580534214538,-82.534884075969,census_batch_geographies,645927162,L,12,FL,081,001604,2002,FL,True,34221,34221,True,34221,True,,,,
NAT-0033,"1760 COUNTY LINE ROAD, PLANT CITY, FL, 33566",No_Match,,,,,,,,,,,,,FL,,33566,,,,,27.977964,-82.095709,zcta_centroid_gazetteer,no_match_street_not_in_tiger
NAT-0034,"6384 HARNEY ROAD, TAMPA, FL, 33610",Match,Exact,"6384 HARNEY RD, TAMPA, FL, 33610",27.999164537636,-82.383095221566,census_batch_geographies,104578827,L,12,FL,057,010402,3041,FL,True,33610,33610,True,33610,True,,,,
NAT-0035,"8824 E ADAMO DRIVE, TAMPA, FL, 33619",Match,Non_Exact,"8824 ADAMO DR, TAMPA, FL, 33619",27.949404014086,-82.358388499426,census_batch_geographies,104624057,L,12,FL,057,012211,1027,FL,True,33619,33619,True,33619,True,,,,
NAT-0036,"8727 HARNEY ROAD, TEMPLE TERRACE, FL, 33637",Match,Exact,"8727 HARNEY RD, TEMPLE TERRACE, FL, 33637",28.030070196446,-82.354540959514,census_batch_geographies,653530709,R,12,FL,057,010402,4000,FL,True,33637,33637,True,33637,True,,,,
NAT-0037,"770 COMMERCE DRIVE, VENICE, FL, 34292",No_Match,,,,,,,,,,,,,FL,,34292,,,,,27.103873,-82.335474,zcta_centroid_gazetteer,no_match_street_not_in_tiger
NAT-0038,"5000 LANIER ISLANDS PARKWAY, BUFORD, GA, 30518",No_Match,,,,,,,,,,,,,GA,,30518,,,,,34.133822,-84.022599,zcta_centroid_gazetteer,no_match_street_not_in_tiger
NAT-0039,"60 TRIPLE-B TRAIL, POOLER, GA, 31322",Match,Exact,"60 TRIPLE B TRL, POOLER, GA, 31322",32.163727563582,-81.242300575795,census_batch_geographies,634483127,L,13,GA,051,010706,1008,GA,True,31322,31322,True,31322,True,,,,
NAT-0040,"1500 CROSSGATE ROAD, PORT WENTWORTH, GA, 31407",Match,Exact,"1500 CROSSGATE RD, PORT WENTWORTH, GA, 31407",32.147191457154,-81.173376939429,census_batch_geographies,646539588,R,13,GA,051,010701,2026,GA,True,31407,31407,True,31407,True,,,,
NAT-0041,"4800 HIGHLANDS PARKWAY, SMYRNA, GA, 30082",Match,Non_Exact,"4800 HIGHLANDS PKWY SE, SMYRNA, GA, 30082",33.828178467324,-84.508297425757,census_batch_geographies,642623176,R,13,GA,067,031221,1020,GA,True,30082,30082,True,30082,True,,,,
NAT-0042,"2255 WEST PARK PLACE BLVD., STONE MOUNTAIN, GA, 30087",Match,Exact,"2255 W PARK PLACE BLVD, STONE MOUNTAIN, GA, 30087",33.815009582848,-84.114976587,census_batch_geographies,88928196,L,13,GA,135,050415,1006,GA,True,30087,30087,True,30087,True,,,,
NAT-0043,"2101 AUIKI STREET, HONOLULU, HI, 96819",Match,Exact,"2101 AUIKI ST, HONOLULU, HI, 96819",21.321711146037,-157.887595850631,census_batch_geographies,203245077,R,15,HI,003,005900,1001,HI,True,96819,96819,True,96819,True,,,,
NAT-0044,"1301 SE GATEWAY DRIVE, GRIMES, IA, 50111",Match,Exact,"1301 SE GATEWAY DR, GRIMES, IA, 50111",41.679133011354,-93.77756712209,census_batch_geographies,656042549,L,19,IA,153,011303,3020,IA,True,50111,50111,True,50111,True,,,,
NAT-0045,"5510 FLAUGH ROAD, FORT WAYNE, IN, 46818",Match,Exact,"5510 FLAUGH RD, FORT WAYNE, IN, 46818",41.128693511605,-85.226297115045,census_batch_geographies,651066770,R,18,IN,003,010602,1022,IN,True,46818,46818,True,46818,True,,,,
NAT-0046,"31100 STATE ROUTE 2, NEW CARLISLE, IN, 46552",No_Match,,,,,,,,,,,,,IN,,46552,,,,,41.706295,-86.481902,zcta_centroid_gazetteer,no_match_street_not_in_tiger
NAT-0047,"4054 POWELL DRIVE, SHAWNEE, KS, 66226",No_Match,,,,,,,,,,,,,KS,,66226,,,,,39.030956,-94.861176,zcta_centroid_gazetteer,no_match_street_not_in_tiger
NAT-0048,"2305 LITTON LANE, HEBRON, KY, 41048",Match,Exact,"2305 LITTON LN, HEBRON, KY, 41048",39.076199257133,-84.716470168523,census_batch_geographies,635746320,L,21,KY,015,070407,1003,KY,True,41048,41048,True,41048,True,,,,
NAT-0049,"1180 NEWTOWN PIKE, LEXINGTON, KY, 40511",Match,Exact,"1180 NEWTOWN PIKE, LEXINGTON, KY, 40511",38.081030204909,-84.49225192956,census_batch_geographies,618013456,R,21,KY,067,003804,3000,KY,True,40511,40511,True,40511,True,,,,
NAT-0050,"351 MAPLE STREET, BELLINGHAM, MA, 02019",Match,Exact,"351 MAPLE ST, BELLINGHAM, MA, 02019",42.095616871663,-71.45065109894,census_batch_geographies,87276065,L,25,MA,021,443105,1023,MA,True,02019,02019,True,02019,True,,,,
NAT-0051,"201 BEACHAM STREET, EVERETT, MA, 02149",Match,Exact,"201 BEACHAM ST, EVERETT, MA, 02149",42.394297249377,-71.055648806986,census_batch_geographies,87173490,R,25,MA,017,342402,4002,MA,True,02149,02149,True,02149,True,,,,
NAT-0052,"750 EVERETT STREET, NORWOOD, MA, 02062",No_Match,,,,,,,,,,,,,MA,,02062,,,,,42.187389,-71.192477,zcta_centroid_gazetteer,no_match_street_not_in_tiger
NAT-0053,"515 DOUGLAS STREET, UXBRIDGE, MA, 01569",Match,Exact,"515 DOUGLAS ST, UXBRIDGE, MA, 01569",42.070046450446,-71.659411303452,census_batch_geographies,40024605,L,25,MA,027,749100,1016,MA,True,01569,01569,True,01569,True,,,,
NAT-0054,"110 FORDHAM ROAD, WILMINGTON, MA, 01887",Match,Exact,"110 FORDHAM RD, WILMINGTON, MA, 01887",42.56251520792,-71.138315793704,census_batch_geographies,87135622,R,25,MA,017,331102,1014,MA,True,01887,01887,True,01887,True,,,,
NAT-0055,"913 OLD PHILADELPHIA ROAD, ABERDEEN, MD, 21001",Match,Exact,"913 OLD PHILADELPHIA RD, ABERDEEN, MD, 21001",39.490307975192,-76.183370395332,census_batch_geographies,191676443,L,24,MD,025,302400,2014,MD,True,21001,21001,True,21001,True,,,,
NAT-0056,"2203 LAKESIDE BOULEVARD, EDGEWOOD, MD, 21040",Match,Exact,"2203 LAKESIDE BLVD, EDGEWOOD, MD, 21040",39.449137977781,-76.317098331679,census_batch_geographies,191658297,R,24,MD,025,301301,1001,MD,True,21040,21040,True,21040,True,,,,
NAT-0057,"7200 DORSEY RUN ROAD, ELKRIDGE, MD, 21075",Match,Exact,"7200 DORSEY RUN RD, ELKRIDGE, MD, 21075",39.178142018039,-76.755437480851,census_batch_geographies,642678294,R,24,MD,027,601203,2015,MD,True,21075,21075,True,21075,True,,,,
NAT-0058,"5501 HOLABIRD AVENUE, HIGHLANDTOWN, MD, 21224",Match,Exact,"5501 HOLABIRD AVE, HIGHLANDTOWN, MD, 21224",39.271833858318,-76.549069103003,census_batch_geographies,653260699,R,24,MD,510,260605,6035,MD,True,21224,21224,True,21224,True,,,,
NAT-0059,"1400 E 10 MILE RD SUITE 190, HAZEL PARK, MI, 48030",Match,Exact,"1400 E 10 MILE RD, HAZEL PARK, MI, 48030",42.47620519667,-83.091927851062,census_batch_geographies,658016808,R,26,MI,125,175000,3001,MI,True,48030,48030,True,48030,True,,,,
NAT-0060,"550 W. WESTERN AVE, MUSKEGON, MI, 49440",Match,Exact,"550 W WESTERN AVE, MUSKEGON, MI, 49440",43.233448345512,-86.256413882665,census_batch_geographies,77650658,R,26,MI,121,004200,2031,MI,True,49440,49440,True,49440,True,,,,
NAT-0061,"10440 89TH AVE N, OSSEO, MN, 55369",Match,Exact,"10440 89TH AVE N, OSSEO, MN, 55369",45.116316299293,-93.414794377398,census_batch_geographies,43850558,R,27,MN,053,026726,2003,MN,True,55369,55369,True,55369,True,,,,
NAT-0062,"3130 LEXINGTON AVE S, SAINT PAUL, MN, 55121",Match,Exact,"3130 LEXINGTON AVE S, SAINT PAUL, MN, 55121",44.843673811166,-93.146715928783,census_batch_geographies,37934079,L,27,MN,037,060717,1002,MN,True,55121,55121,True,55121,True,,,,
NAT-0063,"8850 SPRINGDALE AVENUE, BERKELEY, MO, 63134",Match,Exact,"8850 SPRINGDALE AVE, BERKELEY, MO, 63134",38.725005847021,-90.324823742845,census_batch_geographies,625325010,R,29,MO,189,212702,3014,MO,True,63134,63134,True,63134,True,,,,
NAT-0064,"2400 NORTHEAST CORONADO DRIVE, BLUE SPRINGS, MO, 64029",Match,Exact,"2400 NE CORONADO DR, BLUE SPRINGS, MO, 64029",39.025628845793,-94.237909172644,census_batch_geographies,91519275,L,29,MO,095,014128,1008,MO,True,64029,64029,True,64029,True,,,,
NAT-0065,"7929 NATIONAL SERVICE RD, COLFAX, NC, 27235",Match,Exact,"7929 NATIONAL SVC RD, COLFAX, NC, 27235",36.084656311502,-79.979550903276,census_batch_geographies,642815508,L,37,NC,081,016204,1008,NC,True,27235,27235,True,27265,False,,,,
NAT-0066,"413 GOODMAN ROAD, CONCORD, NC, 28027",Match,Exact,"413 GOODMAN RD, CONCORD, NC, 28027",35.408791247652,-80.697163262092,census_batch_geographies,654681960,R,37,NC,025,041305,2023,NC,True,28027,28027,True,28027,True,,,,
NAT-0067,"1275 PERSON STREET, DURHAM, NC, 27703",Match,Exact,"1275 PERSON ST, DURHAM, NC, 27703",35.966711937146,-78.875262282807,census_batch_geographies,71754753,L,37,NC,063,002009,1000,NC,True,27703,27703,True,27703,True,,,,
NAT-0068,"1201 N GREENFIELD PARKWAY, GARNER, NC, 27529",Match,Exact,"1201 N GREENFIELD PKWY, GARNER, NC, 27529",35.697137468693,-78.568986331918,census_batch_geographies,641595944,R,37,NC,183,052807,2050,NC,True,27529,27529,True,27529,True,,,,
NAT-0069,"310 N. PRAGUE AVENUE, EGG HARBOR CITY, NJ, 08215",Match,Exact,"310 N PRAGUE AVE, EGG HARBOR CITY, NJ, 08215",39.541387828692,-74.542439423067,census_batch_geographies,202500047,R,34,NJ,001,010401,2012,NJ,True,08215,08215,True,08215,True,,,,
NAT-0070,"2321 INDUSTRIAL WAY SUITE A, VINELAND, NJ, 08360",No_Match,,,,,,,,,,,,,NJ,,08360,,,,,39.492354,-75.003447,zcta_centroid_gazetteer,no_match_street_not_in_tiger
NAT-0071,"12300 SOUTH BERMUDA ROAD, HENDERSON, NV, 89044",Match,Exact,"12300 S BERMUDA RD, HENDERSON, NV, 89044",35.970165445646,-115.154692390419,census_batch_geographies,631775913,L,32,NV,003,005720,1013,NV,True,89044,89044,True,89044,True,,,,
NAT-0072,"3777 MARION DRIVE, LAS VEGAS, NV, 89115",No_Match,,,,,,,,,,,,,NV,,89115,,,,,36.253702,-115.042936,zcta_centroid_gazetteer,no_match_street_not_in_tiger
NAT-0073,"500 HUDSON VALLEY AVENUE, NEW WINDSOR, NY, 12553",Match,Exact,"500 HUDSON VALLEY AVE, NEW WINDSOR, NY, 12553",41.48798944208,-74.103514252235,census_batch_geographies,627006795,L,36,NY,071,015203,2041,NY,True,12553,12553,True,12553,True,,,,
NAT-0074,"2450 ROMIG ROAD, AKRON, OH, 44320",Match,Exact,"2450 ROMIG RD, AKRON, OH, 44320",41.047851985381,-81.58088412866,census_batch_geographies,61379082,R,39,OH,153,508399,4003,OH,True,44320,44320,True,44320,True,,,,
NAT-0075,"6465 BUSCH BOULEVARD, COLUMBUS, OH, 43229",Match,Exact,"6465 BUSCH BLVD, COLUMBUS, OH, 43229",40.097419341,-82.993599874687,census_batch_geographies,135621053,L,39,OH,049,009900,1025,OH,True,43229,43229,True,43229,True,,,,
NAT-0076,"5585 CANAL ROAD, VALLEY VIEW, OH, 44125",Match,Exact,"5585 CANAL RD, VALLEY VIEW, OH, 44125",41.410587019831,-81.628760862715,census_batch_geographies,638200807,L,39,OH,035,192900,1000,OH,True,44125,44125,True,44125,True,,,,
NAT-0077,"3108 NE 230TH AVE, FAIRVIEW, OR, 97024",Match,Exact,"3108 NE 230TH AVE, FAIRVIEW, OR, 97024",45.543232395033,-122.426259396979,census_batch_geographies,641694537,R,41,OR,051,010200,1025,OR,True,97024,97024,True,97024,True,,,,
NAT-0078,"3610 NW SAINT HELENS RD, PORTLAND, OR, 97210",Match,Exact,"3610 NW SAINT HELENS RD, PORTLAND, OR, 97210",45.5496660247,-122.72755911717,census_batch_geographies,157496062,R,41,OR,051,004300,1117,OR,True,97210,97210,True,97210,True,,,,
NAT-0079,"3610 NW ST HELENS RD, PORTLAND, OR, 97210",Match,Exact,"3610 NW SAINT HELENS RD, PORTLAND, OR, 97210",45.5496660247,-122.72755911717,census_batch_geographies,157496062,R,41,OR,051,004300,1117,OR,True,97210,97210,True,97210,True,,,,
NAT-0080,"21409 SW 115TH AVE, TUALATIN, OR, 97062",Match,Exact,"21409 SW 115TH AVE, TUALATIN, OR, 97062",45.367692321178,-122.795497088269,census_batch_geographies,641836462,R,41,OR,067,032107,1018,OR,True,97062,97062,True,97062,True,,,,
NAT-0081,"177 MCCLAREN ROAD, CORAOPOLIS, PA, 15108",Match,Exact,"177 MCCLAREN RD, CORAOPOLIS, PA, 15108",40.462437089873,-80.220511790606,census_batch_geographies,655520663,R,42,PA,003,452000,2010,PA,True,15108,15108,True,15108,True,,,,
NAT-0082,"2424 WEST 23RD STREET, ERIE, PA, 16506",Match,Exact,"2424 W 23RD ST, ERIE, PA, 16506",42.094490856305,-80.129491836951,census_batch_geographies,632861785,R,42,PA,049,010700,1000,PA,True,16506,16506,True,16506,True,,,,
NAT-0083,"45 VALLEY VIEW DRIVE, JESSUP, PA, 18434",Match,Exact,"45 VALLEY VIEW DR, JESSUP, PA, 18434",41.460426081503,-75.549948978618,census_batch_geographies,657912896,R,42,PA,069,111300,3026,PA,True,18434,18434,True,18434,True,,,,
NAT-0084,"360 INDEPENDENCE AVE, MECHANICSBURG, PA, 17055",Match,Exact,"360 INDEPENDENCE AVE, MECHANICSBURG, PA, 17055",40.199196004057,-76.978699352685,census_batch_geographies,60959335,R,42,PA,041,011608,2001,PA,True,17055,17055,True,17055,True,,,,
NAT-0085,"3327 EAST HARRISBURG PIKE, MIDDLETOWN, PA, 17057",Match,Exact,"3327 E HARRISBURG PIKE, MIDDLETOWN, PA, 17057",40.182772761753,-76.672837171618,census_batch_geographies,70828038,L,42,PA,043,024001,3003,PA,True,17057,17057,True,17057,True,,,,
NAT-0086,"7575 BREWSTER AVE, PHILADELPHIA, PA, 19153",Match,Exact,"7575 BREWSTER AVE, PHILADELPHIA, PA, 19153",39.902501799238,-75.232511747581,census_batch_geographies,131440274,R,42,PA,101,980901,6000,PA,True,19153,19153,True,19153,True,,,,
NAT-0087,"4219 RICHMOND STREET, PHILADELPHIA, PA, 19137",Match,Exact,"4219 RICHMOND ST, PHILADELPHIA, PA, 19137",39.995303047957,-75.077289049693,census_batch_geographies,131429404,R,42,PA,101,018300,1007,PA,True,19137,19137,True,19137,True,,,,
NAT-0088,"115 DUPONT DR., PROVIDENCE, RI, 02907",Match,Exact,"115 DUPONT DR, PROVIDENCE, RI, 02907",41.800003422989,-71.435450036157,census_batch_geographies,47500775,L,44,RI,007,001500,1000,RI,True,02907,02907,True,02907,True,,,,
NAT-0089,"9801 HWY 78, LADSON, SC, 29456",Match,Exact,"9801 US HWY 78, LADSON, SC, 29456",32.995794252449,-80.110037426456,census_batch_geographies,108898841,L,45,SC,019,003106,4003,SC,True,29456,29456,True,29456,True,,,,
NAT-0090,"3001 KNOXVILLE CENTER DRIVE, KNOXVILLE, TN, 37924",No_Match,,,,,,,,,,,,,TN,,37924,,,,,36.02619,-83.811875,zcta_centroid_gazetteer,no_match_street_not_in_tiger
NAT-0091,"2303 HURRICANE LANE, FRESNO, TX, 77545",Match,Exact,"2303 HURRICANE LN, FRESNO, TX, 77545",29.55263895022,-95.502308420613,census_batch_geographies,658395598,L,48,TX,157,670902,3006,TX,True,77545,77545,True,77545,True,,,,
NAT-0092,"3002 EAST MUNICIPAL DRIVE, LUBBOCK, TX, 79403",Match,Exact,"3002 E MUNICIPAL DR, LUBBOCK, TX, 79403",33.618276990803,-101.806192053178,census_batch_geographies,635040861,R,48,TX,303,010203,1100,TX,True,79403,79403,True,79403,True,,,,
NAT-0093,"6558 E CAMPUS DR BUILDING 2, SAN ANTONIO, TX, 78247",Match,Exact,"6558 E CAMPUS DR, SAN ANTONIO, TX, 78247",29.600288985637,-98.359958915135,census_batch_geographies,101710519,L,48,TX,029,121813,1003,TX,True,78247,78247,True,78247,True,,,,
NAT-0094,"1222 S 500 E, AMERICAN FORK, UT, 84003",Match,Exact,"1222 S 500 E, AMERICAN FORK, UT, 84003",40.352455180691,-111.78560866217,census_batch_geographies,625339835,L,49,UT,049,010131,1024,UT,True,84003,84003,True,84003,True,,,,
NAT-0095,"346 E 1600 S, AMERICAN FORK, UT, 84003",No_Match,,,,,,,,,,,,,UT,,84003,,,,,40.471654,-111.68059,zcta_centroid_gazetteer,no_match_street_not_in_tiger
NAT-0096,"5420 JOHN CANNON DR STE 500, SALT LAKE CITY, UT, 84116",Match,Exact,"5420 JOHN CANNON DR, SALT LAKE CITY, UT, 84116",40.787475478103,-112.017498368476,census_batch_geographies,637522465,L,49,UT,035,980000,1011,UT,True,84116,84116,True,84116,True,,,,
NAT-0097,"7148 W  OLD BINGHAM HIGHWAY, WEST JORDAN, UT, 84081",No_Match,,,,,,,,,,,,,UT,,84081,,,,,40.602762,-112.038247,zcta_centroid_gazetteer,no_match_street_not_in_tiger
NAT-0098,"7001 NEW BINGHAM HIGHWAY, WEST JORDAN, UT, 84081",Match,Exact,"7001 NEW BINGHAM HWY, WEST JORDAN, UT, 84081",40.58228306695,-112.048072893644,census_batch_geographies,658146802,R,49,UT,035,115211,3028,UT,True,84081,84081,True,84081,True,,,,
NAT-0099,"AMAZON XR13 4949 COMMERCE RD, RICHMOND, VA, 23234",Match,Non_Exact,"4949 COMMERCE RD, RICHMOND, VA, 23234",37.459360953747,-77.427197262026,census_batch_geographies,610894595,R,51,VA,760,060900,1034,VA,True,23234,23234,True,23234,True,,,,
NAT-0100,"2002 BLUE HILLS DRIVE NE, ROANOKE, VA, 24012",Match,Exact,"2002 BLUE HILLS DR NE, ROANOKE, VA, 24012",37.304644214705,-79.907302008769,census_batch_geographies,62945900,R,51,VA,770,000601,4002,VA,True,24012,24012,True,24012,True,,,,
NAT-0101,"2022 ASHLAND ROAD, ROCKVILLE, VA, 23146",Match,Exact,"2022 ASHLAND RD, ROCKVILLE, VA, 23146",37.69406743778,-77.663448188746,census_batch_geographies,73807278,R,51,VA,075,400102,1004,VA,True,23146,23146,True,23146,True,,,,
NAT-0102,"2712 WEST MAIN STREET, WAYNESBORO, VA, 22980",Match,Exact,"2712 W MAIN ST, WAYNESBORO, VA, 22980",38.080981447926,-78.926220308578,census_batch_geographies,98871891,L,51,VA,820,003500,4000,VA,True,22980,22980,True,22980,True,,,,
NAT-0103,"7555 AIRPORT WAY SW, BREMERTON, WA, 98312",Match,Non_Exact,"7555 AIRPORT WAY, BREMERTON, WA, 98312",47.501108906028,-122.751572244304,census_batch_geographies,643062702,L,53,WA,035,092101,2024,WA,True,98312,98312,True,98312,True,,,,
NAT-0104,"3300 HOGUM BAY RD NE, LACEY, WA, 98516",Match,Exact,"3300 HOGUM BAY RD NE, LACEY, WA, 98516",47.079446067107,-122.765225966818,census_batch_geographies,633806724,R,53,WA,067,012226,1006,WA,True,98516,98516,True,98516,True,,,,
MWP-0001,"6735 Trippel Road, Theodore, AL, 36582",No_Match,,,,,,,,,,,,,AL,,36582,,,,,30.51791,-88.17275,zcta_centroid_gazetteer,no_match_street_not_in_tiger
MWP-0002,"225 Daniel Payne Drive, Hooper City, AL, 35207",No_Match,,,,,,,,,,,,,AL,,35207,,,,,33.567685,-86.82502,zcta_centroid_gazetteer,no_match_street_not_in_tiger
MWP-0003,"7600 Crestwood Boulevard, Birmingham, AL, 35210",Match,Exact,"7600 CRESTWOOD BLVD, BIRMINGHAM, AL, 35210",33.530590082704,-86.722224359084,census_batch_geographies,81763794,L,01,AL,073,002303,2031,AL,True,35210,35210,True,35210,True,,,,
MWP-0004,"340 Virginia Ave, Daleville, AL, 36322",Match,Exact,"340 VIRGINIA AVE, DALEVILLE, AL, 36322",31.300049737995,-85.726001450681,census_batch_geographies,99618840,R,01,AL,045,021102,1014,AL,True,36322,36322,True,36322,True,,,,
MWP-0005,"423 Kelley Drive, Dothan, AL, 36303",Match,Non_Exact,"423 KELLY DR, DOTHAN, AL, 36303",31.216696022138,-85.35303006821,census_batch_geographies,101240227,L,01,AL,069,041400,2046,AL,True,36303,36303,True,36303,True,,,,
MWP-0007,"3121 Airport Way, Fairbanks, AK, 99709",Match,Exact,"3121 AIRPORT WAY, FAIRBANKS, AK, 99709",64.836714942611,-147.793116713005,census_batch_geographies,640088220,L,02,AK,090,000700,1024,AK,True,99709,99709,True,99709,True,,,,
MWP-0008,"2050 East Riverview Drive, Phoenix, AZ, 85034",Match,Exact,"2050 E RIVERVIEW DR, PHOENIX, AZ, 85034",33.418386743521,-112.036942380749,census_batch_geographies,640970900,R,04,AZ,013,117200,2034,AZ,True,85034,85034,True,85034,True,,,,
MWP-0009,"7300 N Silverbell Rd, Tucson, AZ, 85743",Match,Exact,"7300 N SILVERBELL RD, TUCSON, AZ, 85743",32.338888990896,-111.08873857489,census_batch_geographies,657445909,R,04,AZ,019,004426,2004,AZ,True,85743,85743,True,85743,True,,,,
MWP-0010,"500 S 48th St, Phoenix, AZ, 85034",Match,Exact,"500 S 48TH ST, PHOENIX, AZ, 85034",33.444100286512,-111.978471317263,census_batch_geographies,128603020,R,04,AZ,013,113800,3005,AZ,True,85034,85034,True,85034,True,,,,
MWP-0011,"550 E. Elliot Rd, Chandler, AZ, 85225",Match,Exact,"550 E ELLIOT RD, CHANDLER, AZ, 85225",33.34980710767,-111.833877037744,census_batch_geographies,642857559,L,04,AZ,013,422304,2004,AZ,True,85225,85225,True,85225,True,,,,
MWP-0012,"1516 W 17th St, Tempe, AZ, 85281",Match,Exact,"1516 W 17TH ST, TEMPE, AZ, 85281",33.409823364114,-111.962770112442,census_batch_geographies,128226255,R,04,AZ,013,319710,1045,AZ,True,85281,85281,True,85281,True,,,,
MWP-0013,"14000 W Grant St, Goodyear, AZ, 85338",Match,Exact,"14000 W GRANT ST, GOODYEAR, AZ, 85338",33.440605194697,-112.36126626379,census_batch_geographies,648239077,L,04,AZ,013,061300,1002,AZ,True,85338,85338,True,85338,True,,,,
MWP-0014,"3405 S. McQueen Rd, Chandler, AZ, 85286",Match,Exact,"3405 S MCQUEEN RD, CHANDLER, AZ, 85286",33.255258392389,-111.824012379531,census_batch_geographies,642859342,L,04,AZ,013,812400,2005,AZ,True,85286,85286,True,85286,True,,,,
MWP-0015,"3841 N Hwy Dr, Tucson, AZ, 85705",Match,Exact,"3841 N HIGHWAY DR, TUCSON, AZ, 85705",32.276612972498,-111.012387053109,census_batch_geographies,121229138,L,04,AZ,019,004514,1004,AZ,True,85705,85705,True,85705,True,,,,
MWP-0016,"775 W. Silverlake Road, Tucson, AZ, 85713",Match,Exact,"775 W SILVERLAKE RD, TUCSON, AZ, 85713",32.199462708629,-110.982989309472,census_batch_geographies,639447393,L,04,AZ,019,002509,3028,AZ,True,85713,85713,True,85713,True,,,,
MWP-0017,"2550 N Nevada Street, Chandler, AZ, 85225",Match,Exact,"2550 N NEVADA ST, CHANDLER, AZ, 85225",33.34170873629,-111.835221031692,census_batch_geographies,128970809,L,04,AZ,013,422304,2016,AZ,True,85225,85225,True,85225,True,,,,
MWP-0018,"500 W Pinnacle Peak Rd, Phoenix, AZ, 85027",Match,Exact,"500 W PINNACLE PEAK RD, PHOENIX, AZ, 85027",33.698365144933,-112.079712828889,census_batch_geographies,128579873,R,04,AZ,013,612301,1084,AZ,True,85027,85027,True,85024,False,,,,
MWP-0019,"13201 N Litchfield Road, Surprise, AZ, 85379",Match,Exact,"13201 N LITCHFIELD RD, SURPRISE, AZ, 85379",33.603827530126,-112.359091909267,census_batch_geographies,647720725,R,04,AZ,013,061039,3003,AZ,True,85379,85379,True,85379,True,,,,
MWP-0020,"3003 S 38th Street, Arizona, AZ, 85040",Match,Non_Exact,"3003 S 38TH ST, PHOENIX, AZ, 85040",33.419163216125,-111.999696717872,census_batch_geographies,128801328,L,04,AZ,013,115200,1021,AZ,True,85040,85040,True,85040,True,,,,
MWP-0021,"3115 N. Higley Road, Phoenix, AZ, 85215",Match,Non_Exact,"3115 N HIGLEY RD, MESA, AZ, 85215",33.472106179012,-111.718442985719,census_batch_geographies,657183770,R,04,AZ,013,420206,3007,AZ,True,85215,85215,True,85215,True,,,,
MWP-0022,"9726 SW Corner of Elliot Road and Everton Terrace, Phoenix, AZ, 85212",Match,Non_Exact,"E ELLIOT RD & S EVERTON TER, MESA, AZ, 85212",33.350052872799,-111.618475078022,census_batch_geographies,,,04,AZ,013,422647,1000,AZ,True,85212,85212,True,85212,True,,,,
MWP-0023,"9807 E. Valley Road, Prescott Valley, AZ, 86314",Match,Exact,"9807 E VALLEY RD, PRESCOTT VALLEY, AZ, 86314",34.585935714017,-112.290821299788,census_batch_geographies,646220343,L,04,AZ,025,000617,2039,AZ,True,86314,86314,True,86327,False,,,,
MWP-0024,"1360 North 16th Street, Show Low, AZ, 85901",Match,Exact,"1360 N 16TH ST, SHOW LOW, AZ, 85901",34.260624521502,-110.025305209328,census_batch_geographies,172685572,L,04,AZ,017,965202,1004,AZ,True,85901,85901,True,85901,True,,,,
MWP-0025,"Valencia & Kolb, Tucson, AZ, 85756",Match,Non_Exact,"E VALENCIA RD & S KOLB RD, TUCSON, AZ, 85756",32.139382006354,-110.840695316086,census_batch_geographies,,,04,AZ,019,004073,2017,AZ,True,85756,85756,True,85756,True,,,,
MWP-0026,"1900 Pine Street, North Little Rock, AR, 72444",Match,Non_Exact,"1900 N PINE ST, NORTH LITTLE ROCK, AR, 72114",34.77187497657,-92.259297286784,census_batch_geographies,618997616,L,05,AR,119,002800,2038,AR,True,72444,72114,False,72114,False,,,,
MWP-0027,"12401 Interstate 30, Little Rock, AR, 72002",No_Match,,,,,,,,,,,,,AR,,72002,,,,,34.665968,-92.540194,zcta_centroid_gazetteer,no_match_street_not_in_tiger
MWP-0028,"320 AR-14 N, Yellville, AR, 72687",Match,Non_Exact,"320 HWY 14 S, YELLVILLE, AR, 72687",36.222000496976,-92.680175433633,census_batch_geographies,2173177,L,05,AR,089,960100,4016,AR,True,72687,72687,True,,,,,,
MWP-0029,"315 S. Lincoln St, Lowell, AR, 72745",Match,Exact,"315 S LINCOLN ST, LOWELL, AR, 72745",36.250061389652,-94.132354142765,census_batch_geographies,657396084,L,05,AR,007,021406,3028,AR,True,72745,72745,True,72745,True,,,,
MWP-0030,"3315 Central Ave, Hot Springs, AR, 71913",Match,Exact,"3315 CENTRAL AVE, HOT SPRINGS, AR, 71913",34.476119943741,-93.059764598438,census_batch_geographies,657748306,R,05,AR,051,011701,4005,AR,True,71913,71913,True,71913,True,,,,
MWP-0033,"9350 Rayo Ave, South Gate, CA, 90280",Match,Exact,"9350 RAYO AVE, SOUTH GATE, CA, 90280",33.94849119367,-118.177590457727,census_batch_geographies,141806360,L,06,CA,037,536104,1011,CA,True,90280,90280,True,90280,True,,,,
MWP-0034,"600 W. Technology Dr, Palmdale, CA, 93551",Match,Non_Exact,"600 TECHNOLOGY DR, PALMDALE, CA, 93551",34.594439473743,-118.141470218217,census_batch_geographies,141843232,L,06,CA,037,910218,2015,CA,True,93551,93551,True,93551,True,,,,
MWP-0035,"Goodman Way, Eastvale, CA, 91752",No_Match,,,,,,,,,,,,,CA,,91752,,,,,33.996484,-117.531335,zcta_centroid_gazetteer,no_match_street_not_in_tiger
MWP-0036,"2403 W. Louise Ave, Manteca, CA, 95337",Match,Exact,"2403 W LOUISE AVE, MANTECA, CA, 95337",37.811932263983,-121.261556654586,census_batch_geographies,640310990,L,06,CA,077,005119,2024,CA,True,95337,95337,True,95330,False,,,,
MWP-0037,"South of 5.11 Tactical on Airport Way, California, CA, 95336",No_Match,,,,,,,,,,,,,CA,,95336,,,,,37.830267,-121.20102,zcta_centroid_gazetteer,no_match_street_not_in_tiger
MWP-0038,"749 Toland Street, San Francisco, CA, 94124",Match,Exact,"749 TOLAND ST, SAN FRANCISCO, CA, 94124",37.742686089943,-122.399904530764,census_batch_geographies,192289286,L,06,CA,075,980900,1044,CA,True,94124,94124,True,94124,True,,,,
MWP-0039,"7227 Central Ave, Riverside, CA, 92504",Match,Exact,"7227 CENTRAL AVE, RIVERSIDE, CA, 92504",33.95641340596,-117.453049796296,census_batch_geographies,194738956,R,06,CA,065,030900,1029,CA,True,92504,92504,True,92504,True,,,,
MWP-0041,"970 McLaughlin Ave, San Jose, CA, 95122",Match,Exact,"970 MCLAUGHLIN AVE, SAN JOSE, CA, 95122",37.334801393877,-121.855616102359,census_batch_geographies,637989226,L,06,CA,085,503110,1000,CA,True,95122,95122,True,95122,True,,,,
MWP-0042,"6000 Condor Drive, Moorpark, CA, 93021",Match,Exact,"6000 CONDOR DR, MOORPARK, CA, 93021",34.289897209141,-118.854721402711,census_batch_geographies,110051413,R,06,CA,111,007614,4016,CA,True,93021,93021,True,93021,True,,,,
MWP-0043,"1256 N Magnolia Ave, Anaheim, CA, 92081",Match,Non_Exact,"1256 N MAGNOLIA AVE, ANAHEIM, CA, 92801",33.851888391348,-117.975802207024,census_batch_geographies,632190937,R,06,CA,059,086802,1014,CA,True,92081,92801,False,92801,False,,,,
MWP-0044,"275 Valencia Avenue, Brea, CA, 92823",Match,Non_Exact,"275 VALENCIA ST, BREA, CA, 92821",33.913154273533,-117.904419105272,census_batch_geographies,144007437,R,06,CA,059,001503,2004,CA,True,92823,92821,False,92821,False,,,,
MWP-0045,"20920 Krameria Ave, March Air Reserve Base, CA, 92518",No_Match,,,,,,,,,,,,,CA,,92518,,,,,33.896337,-117.277065,zcta_centroid_gazetteer,no_match_street_not_in_tiger
MWP-0046,"2751 Skypark Dr, Torrance, CA, 90505",Match,Exact,"2751 SKYPARK DR, TORRANCE, CA, 90505",33.803971848443,-118.334155133596,census_batch_geographies,241243262,R,06,CA,037,651101,2025,CA,True,90505,90505,True,90505,True,,,,
MWP-0047,"1660 Old Bayshore Highway, San Jose, CA, 95112",Match,Exact,"1660 OLD BAYSHORE HWY, SAN JOSE, CA, 95112",37.368613124531,-121.906358713256,census_batch_geographies,638074202,R,06,CA,085,505006,5067,CA,True,95112,95112,True,95112,True,,,,
MWP-0048,"400 Littlefield Ave. #438, South San Francisco, CA, 94080",Match,Exact,"400 LITTLEFIELD AVE, SOUTH SAN FRANCISCO, CA, 94080",37.649140360059,-122.39437043867,census_batch_geographies,192373838,R,06,CA,081,602300,2003,CA,True,94080,94080,True,94080,True,,,,
MWP-0049,"4000 Wilbur Ave, Oakley, CA, 94561",No_Match,,,,,,,,,,,,,CA,,94561,,,,,37.993485,-121.691219,zcta_centroid_gazetteer,no_match_street_not_in_tiger
MWP-0050,"400 Longfellow Court, Livermore, CA, 94550",Match,Exact,"400 LONGFELLOW CT, LIVERMORE, CA, 94550",37.703876492549,-121.705049198046,census_batch_geographies,606177291,R,06,CA,001,451104,3063,CA,True,94550,94550,True,94550,True,,,,
MWP-0051,"5015 Aviation Blvd, Sonoma, CA, 95403",No_Match,,,,,,,,,,,,,CA,,95403,,,,,38.503685,-122.754057,zcta_centroid_gazetteer,no_match_street_not_in_tiger
MWP-0052,"900 W Florence Ave, Inglewood, CA, 90301",Match,Exact,"900 W FLORENCE AVE, INGLEWOOD, CA, 90301",33.96281361363,-118.371871835902,census_batch_geographies,141654042,L,06,CA,037,601401,3012,CA,True,90301,90301,True,90301,True,,,,
MWP-0053,"5650 Dolly Ave, Anaheim, CA, 90621",Match,Non_Exact,"5650 DOLLY AVE, BUENA PARK, CA, 90621",33.879494352643,-118.008878533994,census_batch_geographies,653722029,L,06,CA,059,110606,2005,CA,True,90621,90621,True,90621,True,,,,
MWP-0055,"6250 Sycamore Canyon Blvd, California, CA, 92507",Match,Non_Exact,"6250 SYCAMORE CANYON BLVD, RIVERSIDE, CA, 92507",33.937939984141,-117.298583922835,census_batch_geographies,619788584,R,06,CA,065,050901,2010,CA,True,92507,92507,True,92507,True,,,,
MWP-0057,"11811 East Florence Avenue, Santa Fe Springs, CA, 90670",Match,Non_Exact,"11811 FLORENCE AVE, SANTA FE SPRINGS, CA, 90670",33.935418738289,-118.081447053453,census_batch_geographies,241253420,L,06,CA,037,504200,1010,CA,True,90670,90670,True,90670,True,,,,
MWP-0058,"4841 West San Fernando Road, Los Angeles, CA, 90039",Match,Exact,"4841 W SAN FERNANDO RD, LOS ANGELES, CA, 90039",34.13939454755,-118.268639295492,census_batch_geographies,649783541,L,06,CA,037,188100,1007,CA,True,90039,90039,True,90039,True,,,,
MWP-0059,"6450 Katella Avenue, Cypress, CA, 90630",Match,Exact,"6450 KATELLA AVE, CYPRESS, CA, 90630",33.802801425412,-118.020945351322,census_batch_geographies,609053547,R,06,CA,059,110011,2003,CA,True,90630,90630,True,90630,True,,,,
MWP-0060,"515 E Dyer Rd, Santa Ana, CA, 92707",Match,Exact,"515 E DYER RD, SANTA ANA, CA, 92707",33.708812761713,-117.862882454303,census_batch_geographies,609060478,R,06,CA,059,074003,2032,CA,True,92707,92707,True,92707,True,,,,
MWP-0061,"5750 Mesmer Ave, Los Angeles, CA, 90230",Match,Exact,"5750 MESMER AVE, LOS ANGELES, CA, 90230",33.986007433222,-118.400807970427,census_batch_geographies,142455898,L,06,CA,037,275603,1005,CA,True,90230,90230,True,90230,True,,,,
MWP-0063,"Seventh Set Sa Francisco, , CA, 94107",No_Match,,,,,,,,,,,,,CA,,94107,,,,,37.758547,-122.39954,zcta_centroid_gazetteer,no_match_street_not_in_tiger
MWP-0065,"400 National Way, Simi Valley, CA, 93065",No_Match,,,,,,,,,,,,,CA,,93065,,,,,34.262388,-118.772219,zcta_centroid_gazetteer,no_match_street_not_in_tiger
MWP-0066,"2405 Conejo Spectrum Street, Thousand Oaks, CA, 91320",Match,Exact,"2405 CONEJO SPECTRUM ST, THOUSAND OAKS, CA, 91320",34.204327003586,-118.928142678225,census_batch_geographies,110081097,R,06,CA,111,006102,2007,CA,True,91320,91320,True,91320,True,,,,
MWP-0068,"1757 Tapo Canyon Rd, Simi Valley, CA, 93063",Match,Exact,"1757 TAPO CANYON RD, SIMI VALLEY, CA, 93063",34.269090014446,-118.716791068723,census_batch_geographies,110027654,L,06,CA,111,008002,1005,CA,True,93063,93063,True,93063,True,,,,
MWP-0069,"201 Toland Street, San Francisco, CA, 94124",Match,Exact,"201 TOLAND ST, SAN FRANCISCO, CA, 94124",37.745897154111,-122.397026769172,census_batch_geographies,192289302,L,06,CA,075,980900,1028,CA,True,94124,94124,True,94124,True,,,,
MWP-0070,"16550 Via Esprillo, San Diego, CA, 92127",Match,Exact,"16550 VIA ESPRILLO, SAN DIEGO, CA, 92127",33.015816152278,-117.091257273628,census_batch_geographies,195315905,L,06,CA,073,017071,1003,CA,True,92127,92127,True,92127,True,,,,
MWP-0071,"2777 Loker Ave W, Carlsbad, CA, 92010",Match,Exact,"2777 LOKER AVE W, CARLSBAD, CA, 92010",33.131884498081,-117.254971731525,census_batch_geographies,195766816,R,06,CA,073,019811,1024,CA,True,92010,92010,True,92010,True,,,,
MWP-0072,"Â°660 Keamy Mesa Road, San Diego, CA, 92111",No_Match,,,,,,,,,,,,,CA,,92111,,,,,32.806482,-117.168966,zcta_centroid_gazetteer,no_match_street_not_in_tiger
MWP-0073,"3250 Business Park Dr, Vista, CA, 92081",Match,Exact,"3250 BUS PARK DR, VISTA, CA, 92081",33.133078430155,-117.228413488758,census_batch_geographies,195420801,L,06,CA,073,020019,1014,CA,True,92081,92081,True,92081,True,,,,
MWP-0074,"7995 Armour St, San Diego, CA, 92111",Match,Exact,"7995 ARMOUR ST, SAN DIEGO, CA, 92111",32.819904930561,-117.151176104392,census_batch_geographies,195305286,R,06,CA,073,008511,2044,CA,True,92111,92111,True,92111,True,,,,
MWP-0075,"14500 Kirkham Way, Poway, CA, 92064",Match,Exact,"14500 KIRKHAM WAY, POWAY, CA, 92064",32.938558759866,-117.017106332489,census_batch_geographies,645114954,L,06,CA,073,017049,2021,CA,True,92064,92064,True,92064,True,,,,
MWP-0076,"1700 Montague Expy, San Jose, CA, 95131",Match,Non_Exact,"1700 W MONTAGUE EXPY, SAN JOSE, CA, 95131",37.404037197551,-121.901085614652,census_batch_geographies,122961458,R,06,CA,085,504322,1002,CA,True,95131,95131,True,95131,True,,,,
MWP-0077,"990 Beecher St, San Leandro, CA, 94577",Match,Exact,"990 BEECHER ST, SAN LEANDRO, CA, 94577",37.719493289916,-122.183452033888,census_batch_geographies,645549269,R,06,CA,001,432400,1004,CA,True,94577,94577,True,94577,True,,,,
MWP-0078,"250 Utah Avenue, South San Francisco, CA, 94080",Match,Exact,"250 UTAH AVE, SOUTH SAN FRANCISCO, CA, 94080",37.647070804098,-122.398317927418,census_batch_geographies,604992193,R,06,CA,081,602300,2011,CA,True,94080,94080,True,94080,True,,,,
MWP-0079,"6015 Giant Road, Richmond, CA, 94080",Match,Non_Exact,"6015 GIANT RD, RICHMOND, CA, 94806",37.979999645123,-122.352845705334,census_batch_geographies,192100026,L,06,CA,013,392201,2004,CA,True,94080,94806,False,94806,False,,,,
MWP-0080,"807 N. McCarthy Blvd, Milpitas, CA, 95035",Match,Exact,"807 N MCCARTHY BLVD, MILPITAS, CA, 95035",37.446870198719,-121.922148453623,census_batch_geographies,645504610,R,06,CA,085,504602,1120,CA,True,95035,95035,True,95035,True,,,,
MWP-0081,"1000 IVUUU San oan Mateo Wiateo Ave, San oan Bruno, CA, 94066",No_Match,,,,,,,,,,,,,CA,,94066,,,,,37.625389,-122.432356,zcta_centroid_gazetteer,no_match_street_not_in_tiger
MWP-0082,"5440 East Olive Avenue, Fresno, CA, 93727",Match,Exact,"5440 E OLIVE AVE, FRESNO, CA, 93727",36.757383495458,-119.707329328726,census_batch_geographies,197583271,R,06,CA,019,003001,1014,CA,True,93727,93727,True,93727,True,,,,
MWP-0083,"615 North King Rd, San Jose, CA, 95133",Match,Exact,"615 N KING RD, SAN JOSE, CA, 95133",37.362982991071,-121.865730846724,census_batch_geographies,123179680,R,06,CA,085,503601,1000,CA,True,95133,95133,True,95133,True,,,,
MWP-0084,"5800 Coliseum Way, Oakland, CA, 94621",Match,Non_Exact,"5800 COLISEUM WAY, OAKLAND, CA, 94601",37.760997608089,-122.211071255564,census_batch_geographies,125080709,L,06,CA,001,407300,2034,CA,True,94621,94601,False,94621,True,,,,
MWP-0085,"1000 Riverside Pkwy, West Sacramento, CA, 95605",Match,Exact,"1000 RIVERSIDE PKWY, WEST SACRAMENTO, CA, 95605",38.585999635485,-121.566006951986,census_batch_geographies,639804881,L,06,CA,113,010102,1036,CA,True,95605,95605,True,95605,True,,,,
MWP-0086,"3620 Ramos Drive, West Sacramento, CA, 95691",Match,Exact,"3620 RAMOS DR, WEST SACRAMENTO, CA, 95691",38.546923103274,-121.572285819734,census_batch_geographies,604975008,R,06,CA,113,010310,1003,CA,True,95691,95691,True,95691,True,,,,
MWP-0089,"9051 Union Park Way, Sacramento, CA, 95838",No_Match,,,,,,,,,,,,,CA,,95838,,,,,38.645723,-121.445254,zcta_centroid_gazetteer,no_match_street_not_in_tiger
MWP-0090,"2811 N Hollywood Way, Burbank, CA, 91504",Match,Non_Exact,"2811 N HOLLYWOOD WAY, BURBANK, CA, 91505",34.201363949209,-118.34884996983,census_batch_geographies,241239935,L,06,CA,037,980001,1001,CA,True,91504,91505,False,91505,False,,,,
MWP-0091,"225 N McCarthy Blvd, Milpitas, CA, 95035",Match,Exact,"225 N MCCARTHY BLVD, MILPITAS, CA, 95035",37.430175372839,-121.922766817867,census_batch_geographies,638614498,L,06,CA,085,504602,1120,CA,True,95035,95035,True,95035,True,,,,
MWP-0092,"18025 Slover Avenue, Bloomington, CA, 92316",Match,Exact,"18025 SLOVER AVE, BLOOMINGTON, CA, 92316",34.063072137024,-117.41113309013,census_batch_geographies,144646116,R,06,CA,071,002608,1008,CA,True,92316,92316,True,92316,True,,,,
MWP-0093,"27711 Diaz Rd, Temecula, CA, 92590",Match,Exact,"27711 DIAZ RD, TEMECULA, CA, 92590",33.508104979654,-117.162349262141,census_batch_geographies,646310013,L,06,CA,065,051200,1020,CA,True,92590,92590,True,92590,True,,,,
MWP-0094,"Intersection of Highway 152 and Camino Arroyo, Gilroy, CA, 95020",No_Match,,,,,,,,,,,,,CA,,95020,,,,,37.01621,-121.559418,zcta_centroid_gazetteer,no_match_street_not_in_tiger
MWP-0095,"3370 E La Palma Ave, Anaheim, CA, 92806",Match,Exact,"3370 E LA PALMA AVE, ANAHEIM, CA, 92806",33.853527636848,-117.847585708931,census_batch_geographies,144029418,R,06,CA,059,011714,1012,CA,True,92806,92806,True,92806,True,,,,
MWP-0096,"44109 Pacific Commons Boulevard, Fremont, CA, 94538",No_Match,,,,,,,,,,,,,CA,,94538,,,,,37.501368,-121.956753,zcta_centroid_gazetteer,no_match_street_not_in_tiger
MWP-0097,"1710 Little Orchard St, San Jose, CA, 95125",Match,Exact,"1710 LITTLE ORCHARD ST, SAN JOSE, CA, 95125",37.307434247858,-121.873809113064,census_batch_geographies,123177374,L,06,CA,085,503121,1000,CA,True,95125,95125,True,95112,False,,,,
MWP-0099,"625 N. Grand Ave, Santa Ana, CA, 92701",Match,Exact,"625 N GRAND AVE, SANTA ANA, CA, 92701",33.751158429489,-117.851767549054,census_batch_geographies,609056332,R,06,CA,059,074406,2003,CA,True,92701,92701,True,92701,True,,,,
MWP-0100,"Central Avenue North of Foothill Boulevard and West of Benson Avenue, Upland, CA, 91786",Tie,,,,,,,,,,,,,CA,,91786,,,,,34.10525,-117.66207,zcta_centroid_gazetteer,ambiguous_tie_no_coordinate_returned
MWP-0101,"1500 Citation Way, Hollister, CA, 95023",No_Match,,,,,,,,,,,,,CA,,95023,,,,,36.919993,-121.322188,zcta_centroid_gazetteer,no_match_street_not_in_tiger
MWP-0102,"Rio del Oro Development, Rancho Cordova, CA, 95742",No_Match,,,,,,,,,,,,,CA,,95742,,,,,38.562201,-121.2047,zcta_centroid_gazetteer,no_match_street_not_in_tiger
MWP-0103,"1895 Marigold Avenue, Redlands, CA, 92374",Match,Non_Exact,"1895 MARIGOLD ST, REDLANDS, CA, 92374",34.084677865177,-117.233103251377,census_batch_geographies,614817769,L,06,CA,071,007800,1000,CA,True,92374,92374,True,92374,True,,,,
MWP-0104,"2311 Boswell Road, Chula Vista, CA, 91914",Match,Exact,"2311 BOSWELL RD, CHULA VISTA, CA, 91914",32.655316401493,-116.967140836864,census_batch_geographies,195671754,L,06,CA,073,013424,2000,CA,True,91914,91914,True,91914,True,,,,
MWP-0105,"15272 Bear Valley Rd, Victorville, CA, 92395",Match,Exact,"15272 BEAR VALLEY RD, VICTORVILLE, CA, 92395",34.470639895624,-117.330547758579,census_batch_geographies,144588275,L,06,CA,071,010036,1021,CA,True,92395,92395,True,92395,True,,,,
MWP-0106,"14952 Bolsa Chica St, Huntington Beach, CA, 92647",Match,Exact,"14952 BOLSA CHICA ST, HUNTINGTON BEACH, CA, 92647",33.74627561663,-118.041617428211,census_batch_geographies,609057082,L,06,CA,059,099603,1026,CA,True,92647,92647,True,92647,True,,,,
MWP-0107,"35750 Date Palm Drive, Cathedral City, CA, 92234",Match,Exact,"35750 DATE PALM DR, CATHEDRAL CITY, CA, 92234",33.793409070415,-116.458008981769,census_batch_geographies,194765912,L,06,CA,065,044916,1003,CA,True,92234,92234,True,92234,True,,,,
MWP-0108,"6992 Haigh Drive, Orland, CA, 95963",No_Match,,,,,,,,,,,,,CA,,95963,,,,,39.747832,-122.30336,zcta_centroid_gazetteer,no_match_street_not_in_tiger
MWP-0109,"2336 Park Ave, Chico, CA, 95928",Match,Exact,"2336 PARK AVE, CHICO, CA, 95928",39.716094221062,-121.817492640562,census_batch_geographies,68473315,R,06,CA,007,001200,3006,CA,True,95928,95928,True,95928,True,,,,
MWP-0110,"1415 Whispering Pines Ln, Grass Valley, CA, 95945",Match,Exact,"1415 WHISPERING PINES LN, GRASS VALLEY, CA, 95945",39.221483656426,-121.028042179137,census_batch_geographies,657151390,L,06,CA,057,000602,2009,CA,True,95945,95945,True,95945,True,,,,
MWP-0111,"San Clemente Business Park, San Clemente, CA, 94110",No_Match,,,,,,,,,,,,,CA,,94110,,,,,37.750021,-122.415201,zcta_centroid_gazetteer,no_match_street_not_in_tiger
MWP-0113,"4303 Grinnell Blvd, Colorado Springs, CO, 80911",No_Match,,,,,,,,,,,,,CO,,80911,,,,,38.752825,-104.719732,zcta_centroid_gazetteer,no_match_street_not_in_tiger
MWP-0114,"715 S. Academy Blvd, Colorado Springs, CO, 80910",Match,Exact,"715 S ACADEMY BLVD, COLORADO SPRINGS, CO, 80910",38.824743844346,-104.75727982805,census_batch_geographies,636743686,L,08,CO,041,006302,1001,CO,True,80910,80910,True,80916,False,,,,
MWP-0115,"4607 Forge Rd, Colorado Springs, CO, 80907",Match,Exact,"4607 FORGE RD, COLORADO SPRINGS, CO, 80907",38.898296726323,-104.840933974784,census_batch_geographies,610815738,R,08,CO,041,003711,2024,CO,True,80907,80907,True,80907,True,,,,
MWP-0116,"800 Saccomanno Road, Grand Junction, CO, 81506",Match,Exact,"800 SACCOMANNO RD, GRAND JUNCTION, CO, 81506",39.120872038354,-108.545034840696,census_batch_geographies,633193328,R,08,CO,077,001600,2014,CO,True,81506,81506,True,81506,True,,,,
MWP-0117,"6050 Downing St, Denver, CO, 80216",Match,Exact,"6050 DOWNING ST, DENVER, CO, 80216",39.806361538175,-104.973318722618,census_batch_geographies,177429804,R,08,CO,001,015000,3005,CO,True,80216,80216,True,80216,True,,,,
MWP-0118,"875 West 64th Avenue, Denver, CO, 80221",Match,Exact,"875 W 64TH AVE, DENVER, CO, 80221",39.812847086338,-105.004309521566,census_batch_geographies,177434740,R,08,CO,001,009553,2019,CO,True,80221,80221,True,80221,True,,,,
MWP-0119,"12675 Liberty Boulevard, Englewood, CO, 80112",Match,Exact,"12675 LIBERTY BLVD, ENGLEWOOD, CO, 80112",39.555464892041,-104.843462243674,census_batch_geographies,657715302,R,08,CO,035,014014,2015,CO,True,80112,80112,True,80112,True,,,,
MWP-0120,"2889 Himalaya Drive, Aurora, CO, 80011",Match,Non_Exact,"2889 HIMALAYA RD, AURORA, CO, 80011",39.757396142565,-104.753182219173,census_batch_geographies,646218950,R,08,CO,001,008354,1064,CO,True,80011,80011,True,80011,True,,,,
MWP-0121,"ek Geode 8 Old Sherman Turnpike, Danbury, CT, 06810",Match,Non_Exact,"8 OLD SHERMAN TPKE, DANBURY, CT, 06810",41.410651504558,-73.407536363383,census_batch_geographies,3233493,L,09,CT,001,210402,1001,CT,True,06810,06810,True,06810,True,,,,
MWP-0122,"100 Helmsford Way #60, Windsor, CT, 06095",Match,Exact,"100 HELMSFORD WAY, WINDSOR, CT, 06095",41.869333641005,-72.684950206609,census_batch_geographies,3538740,R,09,CT,003,473501,3008,CT,True,06095,06095,True,06095,True,,,,
MWP-0123,"425 S Cherry Street, Wallingford, CT, 06492",Match,Exact,"425 S CHERRY ST, WALLINGFORD, CT, 06492",41.442224908849,-72.835118943815,census_batch_geographies,658276160,R,09,CT,009,175400,1000,CT,True,06492,06492,True,06492,True,,,,
MWP-0124,"600 Long Beach Boulevard, Stratford, CT, 06615",Match,Exact,"600 LONG BEACH BLVD, STRATFORD, CT, 06615",41.164383533172,-73.152800413806,census_batch_geographies,3227589,R,09,CT,001,080500,2001,CT,True,06615,06615,True,06615,True,,,,
MWP-0125,"35 National Drive, Glastonbury, CT, 06033",Match,Exact,"35 NATIONAL DR, GLASTONBURY, CT, 06033",41.718138276737,-72.587097547154,census_batch_geographies,635727685,R,09,CT,003,520301,1002,CT,True,06033,06033,True,06033,True,,,,
MWP-0126,"Connecticut, , CT, 06611",No_Match,,,,,,,,,,,,,CT,,06611,,,,,41.272891,-73.211899,zcta_centroid_gazetteer,no_match_street_not_in_tiger
MWP-0127,"10 Victoria Ave, Monroe, CT, 06468",No_Match,,,,,,,,,,,,,CT,,06468,,,,,41.339236,-73.222828,zcta_centroid_gazetteer,no_match_street_not_in_tiger
MWP-0128,"240 Ellington Rd, South Windsor, CT, 06074",Match,Exact,"240 ELLINGTON RD, SOUTH WINDSOR, CT, 06074",41.803603741546,-72.614951428663,census_batch_geographies,640266386,R,09,CT,003,487500,5013,CT,True,06074,06074,True,06074,True,,,,
MWP-0129,"137 Lathrop Rd, Plainfield, CT, 06374",Match,Exact,"137 LATHROP RD, PLAINFIELD, CT, 06374",41.657808051741,-71.910503857695,census_batch_geographies,610957223,L,09,CT,015,907300,4027,CT,True,06374,06374,True,06374,True,,,,
MWP-0130,"3800 East Main Street, Waterbury, CT, 06705",Match,Exact,"3800 E MAIN ST, WATERBURY, CT, 06705",41.544041251239,-72.964636015737,census_batch_geographies,3736645,R,09,CT,009,352701,3008,CT,True,06705,06705,True,06705,True,,,,
MWP-0131,"1500 Johnson Way, @acila, MI, 49720",No_Match,,,,,,,,,,,,,MI,,49720,,,,,45.280509,-85.245046,zcta_centroid_gazetteer,no_match_street_not_in_tiger
MWP-0132,"2421 Bear Corbitt Road, Delaware City, DE, 19720",Match,Non_Exact,"2421 BEAR CORBITT RD, NEW CASTLE, DE, 19720",39.585827027208,-75.659091011637,census_batch_geographies,187297188,R,10,DE,003,016404,1070,DE,True,19720,19720,True,19720,True,,,,
MWP-0133,"851 Boxwood Road, Wilmington, , 49804",Match,Non_Exact,"851 BOXWOOD RD, WILMINGTON, DE, 19804",39.725157566108,-75.609697868072,census_batch_geographies,187298165,R,10,DE,003,012600,1000,,,49804,19804,False,19804,False,,,,
MWP-0134,"1700 Dulaney St, Seaford, DE, 19973",Match,Non_Exact,"1700 DULANY ST, SEAFORD, DE, 19973",38.640550134557,-75.640392186638,census_batch_geographies,106083431,R,10,DE,005,050405,2033,DE,True,19973,19973,True,19973,True,,,,
MWP-0135,"2115 Bryant Street NE, Washington, DC, 20018",Match,Exact,"2115 BRYANT ST NE, WASHINGTON, DC, 20018",38.921235911814,-76.97494776301,census_batch_geographies,76229352,R,11,DC,001,011100,3011,DC,True,20018,20018,True,20018,True,,,,
MWP-0136,"2121 NW 67th Place, Gainesville, FL, 32653",Match,Exact,"2121 NW 67TH PL, GAINESVILLE, FL, 32653",29.716118281794,-82.352164803787,census_batch_geographies,6864557,L,12,FL,001,001908,2018,FL,True,32653,32653,True,32653,True,,,,
MWP-0137,"4401 Seaboard Rd, Orlando, FL, 32808",Match,Exact,"4401 SEABOARD RD, ORLANDO, FL, 32808",28.581825797719,-81.437820081253,census_batch_geographies,612152955,R,12,FL,095,012403,1017,FL,True,32808,32808,True,32808,True,,,,
MWP-0138,"3000 Shelby Industrial Drive, Apopka, FL, 32703",No_Match,,,,,,,,,,,,,FL,,32703,,,,,28.653636,-81.520744,zcta_centroid_gazetteer,no_match_street_not_in_tiger
MWP-0139,"8100 State Road 33, Lakeland, FL, 33809",Match,Non_Exact,"8100 STATE RD 33 N, LAKELAND, FL, 33809",28.145721241381,-81.893234763745,census_batch_geographies,104916955,L,12,FL,105,012304,2003,FL,True,33809,33809,True,33809,True,,,,
MWP-0140,"19961 Independence Drive, Groveland, FL, 34736",Match,Non_Exact,"19961 INDEPENDENCE BLVD, GROVELAND, FL, 34736",28.634596008035,-81.83124975378,census_batch_geographies,652421005,L,12,FL,069,031206,2025,FL,True,34736,34736,True,34736,True,,,,
MWP-0141,"10016 Bavaria Road, Fort Myers, FL, 33913",Match,Exact,"10016 BAVARIA RD, FORT MYERS, FL, 33913",26.563237505608,-81.791240131455,census_batch_geographies,118027665,L,12,FL,071,040133,1007,FL,True,33913,33913,True,33913,True,,,,
MWP-0143,"8760 Davis Boulevard, Naples, FL, 34104",Match,Exact,"8760 DAVIS BLVD, NAPLES, FL, 34104",26.154783954473,-81.688440942541,census_batch_geographies,115156154,R,12,FL,021,010518,2001,FL,True,34104,34104,True,34112,False,,,,
MWP-0144,"2200 Tallevast Road, Sarasota, FL, 34243",Match,Exact,"2200 TALLEVAST RD, SARASOTA, FL, 34243",27.403497269078,-82.536891387365,census_batch_geographies,16275453,R,12,FL,081,000805,1043,FL,True,34243,34243,True,34243,True,,,,
MWP-0145,"8270 Logistics Dr, Fort Myers, FL, 33912",No_Match,,,,,,,,,,,,,FL,,33912,,,,,26.534987,-81.825763,zcta_centroid_gazetteer,no_match_street_not_in_tiger
MWP-0146,"11084 Cabot Commerce Circle, Jacksonville, FL, 32226",No_Match,,,,,,,,,,,,,FL,,32226,,,,,30.481248,-81.506157,zcta_centroid_gazetteer,no_match_street_not_in_tiger
MWP-0147,"4645 & 4825 Blanding Blvd, Jacksonville, FL, 32210",Match,Non_Exact,"4825 BLANDING BLVD, JACKSONVILLE, FL, 32210",30.255364521888,-81.74269139986,census_batch_geographies,83912229,L,12,FL,031,013403,1022,FL,True,32210,32210,True,32210,True,,,,
MWP-0148,"250 Busch Drive, Jacksonville, FL, 32218",Match,Exact,"250 BUSCH DR, JACKSONVILLE, FL, 32218",30.429500986863,-81.638122510824,census_batch_geographies,650600263,R,12,FL,031,010202,1028,FL,True,32218,32218,True,32218,True,,,,
MWP-0149,"450 General Doolittle Drive, Florida, FL, 32225",No_Match,,,,,,,,,,,,,FL,,32225,,,,,30.357756,-81.505829,zcta_centroid_gazetteer,no_match_street_not_in_tiger
MWP-0150,"5100 Inman Road, Jacksonville, FL, 32256",No_Match,,,,,,,,,,,,,FL,,32256,,,,,30.175327,-81.471951,zcta_centroid_gazetteer,no_match_street_not_in_tiger
MWP-0151,"855 St. Johns Bluff Road N, Jacksonville, FL, 32225",No_Match,,,,,,,,,,,,,FL,,32225,,,,,30.357756,-81.505829,zcta_centroid_gazetteer,no_match_street_not_in_tiger
MWP-0152,"5600-5700 NW 37th Ave, Hialeah, FL, 33142",Match,Non_Exact,"5700 NW 37TH AVE, MIAMI, FL, 33142",25.826315395629,-80.257200645592,census_batch_geographies,116000250,L,12,FL,086,001701,3022,FL,True,33142,33142,True,33142,True,,,,
MWP-0153,"2800 North Andrews Avenue Extension, Pompano Beach, FL, 33064",Match,Exact,"2800 N ANDREWS AVE EXD, POMPANO BEACH, FL, 33064",26.263830789686,-80.139714476282,census_batch_geographies,653208429,L,12,FL,011,030500,3000,FL,True,33064,33064,True,33064,True,,,,
MWP-0154,"13450 NW 14th Street, Miami, FL, 33182",Match,Exact,"13450 NW 14TH ST, MIAMI, FL, 33182",25.786365815,-80.412996585034,census_batch_geographies,642077800,L,12,FL,086,014100,1008,FL,True,33182,33182,True,33182,True,,,,
MWP-0155,"15600 NW 15th Ave, Miami Gardens, FL, 33169",Match,Exact,"15600 NW 15TH AVE, MIAMI GARDENS, FL, 33169",25.917241487657,-80.224962662971,census_batch_geographies,116030022,L,12,FL,086,000414,2020,FL,True,33169,33169,True,33169,True,,,,
MWP-0156,"3200 Northwest 67th Avenue, Miami, FL, 33122",Match,Non_Exact,"3200 NW 67TH AVE, MIAMI, FL, 33166",25.806495484964,-80.30505729729,census_batch_geographies,115958971,L,12,FL,086,980500,1007,FL,True,33122,33166,False,33122,True,,,,
MWP-0157,"251 International Pkwy, Sunrise, FL, 33325",Match,Exact,"251 INTERNATIONAL PKWY, SUNRISE, FL, 33325",26.124130340843,-80.34123023753,census_batch_geographies,610923680,R,12,FL,011,060120,4050,FL,True,33325,33325,True,33325,True,,,,
MWP-0158,"6703 NW 7th St, Miami, FL, 33126",Match,Exact,"6703 NW 7TH ST, MIAMI, FL, 33126",25.777698071737,-80.303940059553,census_batch_geographies,656719208,R,12,FL,086,980500,1085,FL,True,33126,33126,True,33126,True,,,,
MWP-0159,"6711 Belvedere Road, West Palm Beach, FL, 33413",Match,Exact,"6711 BELVEDERE RD, WEST PALM BEACH, FL, 33413",26.692589686918,-80.150179955827,census_batch_geographies,656878425,R,12,FL,099,003101,1014,FL,True,33413,33413,True,33413,True,,,,
MWP-0160,"13320 SW 132nd Ave, Miami, FL, 33186",No_Match,,,,,,,,,,,,,FL,,33186,,,,,25.65442,-80.412154,zcta_centroid_gazetteer,no_match_street_not_in_tiger
MWP-0162,"1224 S. Orange Blossom Trail, Orlando, FL, 32805",Match,Exact,"1224 S ORANGE BLOSSOM TRL, ORLANDO, FL, 32805",28.528305282948,-81.397149407567,census_batch_geographies,94281039,R,12,FL,095,011600,1004,FL,True,32805,32805,True,32805,True,,,,
MWP-0163,"2400 Mason Avenue, Daytona Beach, FL, 32114",Match,Non_Exact,"2400 MASON AVE, DAYTONA BEACH, FL, 32117",29.211493989412,-81.093559451635,census_batch_geographies,652047252,R,12,FL,127,082302,2002,FL,True,32114,32117,False,32117,False,,,,
MWP-0164,"700 Banyan Trail, Boca Raton, FL, 33431",Match,Exact,"700 BANYAN TRL, BOCA RATON, FL, 33431",26.377467408434,-80.119103846662,census_batch_geographies,115551993,R,12,FL,099,007012,1004,FL,True,33431,33431,True,33431,True,,,,
MWP-0166,"1601 N 39th Street, Tampa, FL, 33605",Match,Exact,"1601 N 39TH ST, TAMPA, FL, 33605",27.957435906313,-82.415501003257,census_batch_geographies,104534859,R,12,FL,057,003700,1051,FL,True,33605,33605,True,33605,True,,,,
MWP-0168,"9900 18th Street N, St. Petersburg, FL, 33716",Match,Exact,"9900 18TH ST N, ST PETERSBURG, FL, 33716",27.862636459203,-82.657747524059,census_batch_geographies,124748314,L,12,FL,103,024412,1010,FL,True,33716,33716,True,33702,False,,,,
MWP-0169,"3201 Gateway Centre Pkwy, Saint Petersburg, FL, 33786",No_Match,,,,,,,,,,,,,FL,,33786,,,,,27.932667,-82.8339,zcta_centroid_gazetteer,no_match_street_not_in_tiger
MWP-0170,"6101 45th St. N, Saint Petersburg, FL, 33714",Match,Exact,"6101 45TH ST N, SAINT PETERSBURG, FL, 33714",27.824002170917,-82.695805040027,census_batch_geographies,124697548,R,12,FL,103,024701,2017,FL,True,33714,33714,True,33714,True,,,,
MWP-0171,"6604 S. Dale Mabry Highway, Tampa, FL, 33611",Match,Exact,"6604 S DALE MABRY HWY, TAMPA, FL, 33611",27.871349609535,-82.506300667552,census_batch_geographies,656679201,L,12,FL,057,006900,4010,FL,True,33611,33611,True,33611,True,,,,
MWP-0172,"7440 Commercial Circle, Fort Pierce, FL, 34951",Match,Exact,"7440 COMMERCIAL CIR, FORT PIERCE, FL, 34951",27.473781419368,-80.40658481484,census_batch_geographies,610742808,R,12,FL,111,380800,1002,FL,True,34951,34951,True,34951,True,,,,
MWP-0173,"1111 Southwest 30th Avenue, Deerfield Beach, FL, 33442",Match,Exact,"1111 SW 30TH AVE, DEERFIELD BEACH, FL, 33442",26.302476375025,-80.144471732352,census_batch_geographies,647882840,L,12,FL,011,010407,3001,FL,True,33442,33442,True,33442,True,,,,
MWP-0174,"3701 Flamingo Road, Miramar, FL, 33027",Match,Non_Exact,"3701 S FLAMINGO RD, MIRAMAR, FL, 33027",25.976735626912,-80.310975851235,census_batch_geographies,655964508,L,12,FL,011,110321,1044,FL,True,33027,33027,True,33025,False,,,,
MWP-0175,"3000 NW 123rd St, Miami, FL, 33167",Match,Exact,"3000 NW 123RD ST, MIAMI, FL, 33167",25.88596791989,-80.24947681281,census_batch_geographies,116289978,R,12,FL,086,000508,2017,FL,True,33167,33167,True,33167,True,,,,
MWP-0176,"6499 NW 15th Ave, Fort Lauderdale, FL, 33309",Match,Exact,"6499 NW 15TH AVE, FORT LAUDERDALE, FL, 33309",26.206566910753,-80.16387665151,census_batch_geographies,114766672,R,12,FL,011,050204,2007,FL,True,33309,33309,True,33309,True,,,,
MWP-0177,"3998 Sarno Road, Melbourne, FL, 32934",Match,Exact,"3998 SARNO RD, MELBOURNE, FL, 32934",28.120883762441,-80.691290614121,census_batch_geographies,93940959,R,12,FL,009,064602,2001,FL,True,32934,32934,True,32935,False,,,,
MWP-0178,"1301 President Barrack Obama Highway, Riviera Beach, FL, 33404",Match,Non_Exact,"1301 PRESIDENT BARACK OBAMA HWY, RIVIERA BEACH, FL, 33404",26.774309495352,-80.063598857253,census_batch_geographies,656880532,L,12,FL,099,001404,1009,FL,True,33404,33404,True,33404,True,,,,
MWP-0179,"13010 Bay Industrial Dr, Gibsonton, FL, 33534",No_Match,,,,,,,,,,,,,FL,,33534,,,,,27.817981,-82.372248,zcta_centroid_gazetteer,no_match_street_not_in_tiger
MWP-0180,"3529 Russell Road, Marianna, FL, 32446",Match,Exact,"3529 RUSSELL RD, MARIANNA, FL, 32446",30.819373264723,-85.176205173481,census_batch_geographies,638460334,L,12,FL,063,210800,2040,FL,True,32446,32446,True,,,,,,
MWP-0181,"5601 N Hiatus Rd, Tamarac, FL, 33321",Match,Non_Exact,"5601 HIATUS RD, TAMARAC, FL, 33321",26.193850141957,-80.287792535892,census_batch_geographies,637074884,L,12,FL,011,060111,1024,FL,True,33321,33321,True,33321,True,,,,
MWP-0182,", , FL, 32303",No_Match,,,,,,,,,,,,,FL,,32303,,,,,30.512386,-84.344877,zcta_centroid_gazetteer,no_street_address_in_panel
MWP-0183,"Isle of Capri, Pompano Beach, FL, 33069",No_Match,,,,,,,,,,,,,FL,,33069,,,,,26.23583,-80.1571,zcta_centroid_gazetteer,no_match_street_not_in_tiger
MWP-0184,"Commerce Boulevard, Panama City, FL, 32404",No_Match,,,,,,,,,,,,,FL,,32404,,,,,30.185025,-85.507385,zcta_centroid_gazetteer,no_match_street_not_in_tiger
MWP-0185,"13450 SW Anthony F. Sansone Sr. Blvd, Port St Lucie, FL, 34987",Match,Exact,"13450 SW ANTHONY F SANSONE SR BLVD, PORT ST LUCIE, FL, 34987",27.220009315626,-80.406796884561,census_batch_geographies,655952122,L,12,FL,111,382126,1113,FL,True,34987,34987,True,34987,True,,,,
MWP-0186,"5520 Industrial Blvd, Milton, FL, 32583",Match,Exact,"5520 INDUSTRIAL BLVD, MILTON, FL, 32583",30.634789659006,-86.984219419791,census_batch_geographies,74579159,R,12,FL,113,010808,5017,FL,True,32583,32583,True,32583,True,,,,
MWP-0188,"1700 Belle Meade Court, Lawrenceville, GA, 30043",Match,Exact,"1700 BELLE MEADE CT, LAWRENCEVILLE, GA, 30043",33.960869186297,-84.055467810828,census_batch_geographies,88918049,L,13,GA,135,050562,1012,GA,True,30043,30043,True,30043,True,,,,
MWP-0189,"2750 Sullivan Road, College Park, GA, 30337",No_Match,,,,,,,,,,,,,GA,,30337,,,,,33.640147,-84.450081,zcta_centroid_gazetteer,no_match_street_not_in_tiger
MWP-0190,"7055 Campbellton Road, Atlanta, GA, 30331",Match,Exact,"7055 CAMPBELLTON RD, ATLANTA, GA, 30331",33.692758221429,-84.616876084523,census_batch_geographies,624153218,R,13,GA,121,010313,3027,GA,True,30331,30331,True,30336,False,,,,
MWP-0191,"5705 Campbellton Fairburn Rd, Atlanta, GA, 30349",No_Match,,,,,,,,,,,,,GA,,30349,,,,,33.622488,-84.523908,zcta_centroid_gazetteer,no_match_street_not_in_tiger
MWP-0192,"140 Commerce Ct, Rincon, GA, 31326",Match,Non_Exact,"140 COMMERCE DR, RINCON, GA, 31326",32.24345065478,-81.202004233276,census_batch_geographies,637876841,R,13,GA,103,030309,2011,GA,True,31326,31326,True,31326,True,,,,
MWP-0193,", , GA, 31407",No_Match,,,,,,,,,,,,,GA,,31407,,,,,32.183218,-81.197935,zcta_centroid_gazetteer,no_street_address_in_panel
MWP-0194,"800 Anvil Block Road Forest Park, , GA, 30294",No_Match,,,,,,,,,,,,,GA,,30294,,,,,33.636692,-84.264986,zcta_centroid_gazetteer,no_match_street_not_in_tiger
MWP-0196,"920 Logistics Parkway, Buford, GA, 30518",No_Match,,,,,,,,,,,,,GA,,30518,,,,,34.133822,-84.022599,zcta_centroid_gazetteer,no_match_street_not_in_tiger
MWP-0197,"6945 Button Gwinnett Drive, Doraville, GA, 30340",Match,Non_Exact,"6945 BUTTON GWINNETT DR NW, DORAVILLE, GA, 30340",33.905725929544,-84.238031397165,census_batch_geographies,653531013,L,13,GA,135,050331,2011,GA,True,30340,30340,True,30340,True,,,,
MWP-0198,"6020 Shiloh Road, Alpharetta, GA, 30005",Match,Exact,"6020 SHILOH RD, ALPHARETTA, GA, 30005",34.117504181354,-84.201936947297,census_batch_geographies,656519023,L,13,GA,117,130603,3027,GA,True,30005,30005,True,30005,True,,,,
MWP-0199,"1942 Marietta Rd NW, Atlanta, GA, 30318",Match,Exact,"1942 MARIETTA RD NW, ATLANTA, GA, 30318",33.807981632316,-84.449857544405,census_batch_geographies,642631526,L,13,GA,121,008802,2009,GA,True,30318,30318,True,30318,True,,,,
MWP-0200,"5898 Osceola CourtMidland, , GA, 31820",No_Match,,,,,,,,,,,,,GA,,31820,,,,,32.575774,-84.829099,zcta_centroid_gazetteer,no_match_street_not_in_tiger
MWP-0201,"91-310 Hanua St, West O'ahu, HI, 96707",Match,Non_Exact,"91-310 HANUA ST, KAPOLEI, HI, 96707",21.310600576165,-158.103444768839,census_batch_geographies,203221805,R,15,HI,003,980300,1001,HI,True,96707,96707,True,96707,True,,,,
MWP-0203,"1411 Third Ave N, Nampa, ID, 83687",Match,Exact,"1411 3RD AVE N, NAMPA, ID, 83687",43.597058685714,-116.555321971659,census_batch_geographies,657575828,L,16,ID,027,020404,3036,ID,True,83687,83687,True,83687,True,,,,
MWP-0204,"6752 S Business Way, Boise, ID, 83716",Match,Non_Exact,"6752 BUSINESS WAY, BOISE, ID, 83716",43.541400968276,-116.179170488911,census_batch_geographies,117896162,L,16,ID,001,002100,1106,ID,True,83716,83716,True,83716,True,,,,
MWP-0205,"2660 W Fred Smith St, Meridian, ID, 83642",No_Match,,,,,,,,,,,,,ID,,83642,,,,,43.573507,-116.401064,zcta_centroid_gazetteer,no_match_street_not_in_tiger
MWP-0206,"3700 South Pioneer Driveldaho Falls, , ID, 83402",No_Match,,,,,,,,,,,,,ID,,83402,,,,,43.526347,-112.182045,zcta_centroid_gazetteer,no_match_street_not_in_tiger
MWP-0207,"Jerome, , ID, 83338",No_Match,,,,,,,,,,,,,ID,,83338,,,,,42.72853,-114.432126,zcta_centroid_gazetteer,no_match_street_not_in_tiger
MWP-0208,"8290 Austin Ave, Morton Grove, IL, 60053",Match,Exact,"8290 AUSTIN AVE, MORTON GROVE, IL, 60053",42.031729310443,-87.776684328918,census_batch_geographies,111736481,L,17,IL,031,808301,2035,IL,True,60053,60053,True,60053,True,,,,
MWP-0209,"4500 Western Ave, Lisle, IL, 60532",Match,Exact,"4500 WESTERN AVE, LISLE, IL, 60532",41.80378171557,-88.096533372344,census_batch_geographies,647519343,L,17,IL,043,846102,2000,IL,True,60532,60532,True,60532,True,,,,
MWP-0210,"2450 Northwest Parkway, Elgin, IL, 60124",Match,Exact,"2450 NORTHWEST PKWY, ELGIN, IL, 60124",42.094246245425,-88.337533962664,census_batch_geographies,627857761,R,17,IL,089,850600,2009,IL,True,60124,60124,True,60124,True,,,,
MWP-0211,"206 S. Pinnacle Drive, Romeoville, IL, 60446",Match,Exact,"206 S PINNACLE DR, ROMEOVILLE, IL, 60446",41.619040615577,-88.113872502933,census_batch_geographies,641299288,R,17,IL,197,884101,3026,IL,True,60446,60446,True,60446,True,,,,
MWP-0212,"1825 North 5th Ave, Melrose park, IL, 60160",Match,Non_Exact,"1825 5TH AVE, MELROSE PARK, IL, 60160",41.905543384385,-87.839822904503,census_batch_geographies,605273299,R,17,IL,031,816200,1004,IL,True,60160,60160,True,60160,True,,,,
MWP-0213,"2901 Boardwalk Drive, Champaign, IL, 61822",Match,Exact,"2901 BOARDWALK DR, CHAMPAIGN, IL, 61822",40.149102001018,-88.262076943725,census_batch_geographies,653193499,R,17,IL,019,000800,3002,IL,True,61822,61822,True,61822,True,,,,
MWP-0214,"3507 W. 51st St, Chicago, IL, 60632",Match,Exact,"3507 W 51ST ST, CHICAGO, IL, 60632",41.80063286863,-87.713566733229,census_batch_geographies,657078175,L,17,IL,031,630300,2002,IL,True,60632,60632,True,60632,True,,,,
MWP-0215,"808 Discovery Drive, West Chicago, IL, 60185",Match,Exact,"808 DISCOVERY DR, WEST CHICAGO, IL, 60185",41.877739552868,-88.252093673146,census_batch_geographies,638165705,R,17,IL,043,841605,2043,IL,True,60185,60185,True,60185,True,,,,
MWP-0216,"3609-3639 Howard St, Skokie, IL, 60076",Match,Non_Exact,"3639 HOWARD ST, SKOKIE, IL, 60076",42.018995777948,-87.719661098002,census_batch_geographies,112391348,L,17,IL,031,807600,3025,IL,True,60076,60076,True,60076,True,,,,
MWP-0217,"3000 W 51st St, Chicago, IL, 60632",Match,Exact,"3000 W 51ST ST, CHICAGO, IL, 60632",41.801015455534,-87.69591169407,census_batch_geographies,604984641,R,17,IL,031,630600,1004,IL,True,60632,60632,True,60632,True,,,,
MWP-0218,"3077 Gateway Commerce Center Drive South, Edwardsville, IL, 62025",Match,Exact,"3077 GATEWAY COMMERCE CTR DR S, EDWARDSVILLE, IL, 62025",38.775158903133,-90.038612399813,census_batch_geographies,649710709,L,17,IL,119,403101,2094,IL,True,62025,62025,True,62025,True,,,,
MWP-0219,"5106 State Route 111, Pontoon Beach, IL, 62040",Match,Exact,"5106 STATE RTE 111, PONTOON BEACH, IL, 62040",38.749945243784,-90.070723447617,census_batch_geographies,647982147,R,17,IL,119,401905,2132,IL,True,62040,62040,True,62025,False,,,,
MWP-0220,"1500 S Laramie Ave, Cicero, IL, 60804",Match,Exact,"1500 S LARAMIE AVE, CICERO, IL, 60804",41.86021174895,-87.754434623292,census_batch_geographies,605111039,R,17,IL,031,813301,1013,IL,True,60804,60804,True,60804,True,,,,
MWP-0221,"1455 W Cellular Drive, Arlington Heights, IL, 60004",No_Match,,,,,,,,,,,,,IL,,60004,,,,,42.11278,-87.979542,zcta_centroid_gazetteer,no_match_street_not_in_tiger
MWP-0222,"315 South Hicks Road, Palatine, IL, 60067",Match,Exact,"315 S HICKS RD, PALATINE, IL, 60067",42.10521771267,-88.033124107417,census_batch_geographies,112385134,R,17,IL,031,803901,2044,IL,True,60067,60067,True,60067,True,,,,
MWP-0223,"3523 South Ashland Avenue, Chicago, IL, 60609",Match,Exact,"3523 S ASHLAND AVE, CHICAGO, IL, 60609",41.830059824091,-87.665481301338,census_batch_geographies,111803622,L,17,IL,031,590700,2004,IL,True,60609,60609,True,60609,True,,,,
MWP-0224,"3800 Finley Road, Downers Grove, IL, 60515",Match,Exact,"3800 FINLEY RD, DOWNERS GROVE, IL, 60515",41.818587419256,-88.029448874634,census_batch_geographies,651535152,R,17,IL,043,844401,3025,IL,True,60515,60515,True,60515,True,,,,
MWP-0225,"1961 Edgewater Drive, North Pekin, IL, 61554",Match,Exact,"1961 EDGEWATER DR, NORTH PEKIN, IL, 61554",40.604224772723,-89.622963409102,census_batch_geographies,656755771,L,17,IL,179,020500,2060,IL,True,61554,61554,True,61554,True,,,,
MWP-0226,"1201 Newton Drive, Champaign, IL, 61822",No_Match,,,,,,,,,,,,,IL,,61822,,,,,40.133683,-88.302921,zcta_centroid_gazetteer,no_match_street_not_in_tiger
MWP-0227,"2800 S. 25th Ave, Chicago, IL, 60155",Match,Non_Exact,"2800 S 25TH AVE, BROADVIEW, IL, 60155",41.852731775302,-87.862433189457,census_batch_geographies,112207828,R,17,IL,031,818000,3012,IL,True,60155,60155,True,60155,True,,,,
MWP-0228,"27 W 460 St. Charles Road, Winfield, IL, 60190",No_Match,,,,,,,,,,,,,IL,,60190,,,,,41.873621,-88.156243,zcta_centroid_gazetteer,no_match_street_not_in_tiger
MWP-0229,"Bissell Road Koad and Dirksen Virksen Parkway, Springfield, IL, 62702",No_Match,,,,,,,,,,,,,IL,,62702,,,,,39.824222,-89.64273,zcta_centroid_gazetteer,no_match_street_not_in_tiger
MWP-0230,"U.S. 6/Route 71 and Technology Drive, Ottawa, IL, 61341",No_Match,,,,,,,,,,,,,IL,,61341,,,,,41.352156,-88.6932,zcta_centroid_gazetteer,no_match_street_not_in_tiger
MWP-0231,"5850 W 80th St, Indianapolis, IN, 46278",Match,Exact,"5850 W 80TH ST, INDIANAPOLIS, IN, 46278",39.898168845575,-86.263815114833,census_batch_geographies,639686687,R,18,IN,097,310105,1015,IN,True,46278,46278,True,46268,False,,,,
MWP-0232,"2100 E 15th Ave, Gary, IN, 46402",No_Match,,,,,,,,,,,,,IN,,46402,,,,,41.61783,-87.337827,zcta_centroid_gazetteer,no_match_street_not_in_tiger
MWP-0233,"5545 Chet Waggoner Court Suite 200, South Bend, IN, 46628",No_Match,,,,,,,,,,,,,IN,,46628,,,,,41.720236,-86.32023,zcta_centroid_gazetteer,no_match_street_not_in_tiger
MWP-0234,"1621 Collins Rd, Greenwood, IN, 46143",Match,Exact,"1621 COLLINS RD, GREENWOOD, IN, 46143",39.597903744355,-86.054626561581,census_batch_geographies,655062683,L,18,IN,081,610101,2045,IN,True,46143,46143,True,46143,True,,,,
MWP-0235,"8610 Avionics Dr, Indiana, IN, 46809",Match,Non_Exact,"8610 AVIONICS DR, FORT WAYNE, IN, 46809",41.003014997431,-85.195086034794,census_batch_geographies,606515093,R,18,IN,003,011502,2030,IN,True,46809,46809,True,46809,True,,,,
MWP-0236,"7114 W. 200 N, Greenfield, IN, 46140",Match,Exact,"7114 W 200 N, GREENFIELD, IN, 46140",39.81589789521,-85.935624394156,census_batch_geographies,31078400,R,18,IN,059,410901,1005,IN,True,46140,46140,True,46140,True,,,,
MWP-0237,"8316 Allison Ave, Indianapolis, IN, 46268",Match,Exact,"8316 ALLISON AVE, INDIANAPOLIS, IN, 46268",39.905336381016,-86.250571472519,census_batch_geographies,657833788,R,18,IN,097,310105,1008,IN,True,46268,46268,True,46268,True,,,,
MWP-0238,"9751 Massachusetts Drive, Crown Point, IN, 46307",No_Match,,,,,,,,,,,,,IN,,46307,,,,,41.40206,-87.325371,zcta_centroid_gazetteer,no_match_street_not_in_tiger
MWP-0239,"14831 Foundation Ave, Evansville, IN, 47725",Match,Exact,"14831 FOUNDATION AVE, EVANSVILLE, IN, 47725",38.110993230239,-87.485161315925,census_batch_geographies,39807225,L,18,IN,163,010701,1007,IN,True,47725,47725,True,47725,True,,,,
MWP-0240,"1451 Veterans Memorial Parkway ELafayette, , IN, 47905",No_Match,,,,,,,,,,,,,IN,,47905,,,,,40.421886,-86.763599,zcta_centroid_gazetteer,no_match_street_not_in_tiger
MWP-0241,"5 Cumberland Dr, Washington, IN, 47501",Match,Exact,"5 CUMBERLAND DR, WASHINGTON, IN, 47501",38.627412393928,-87.181531263574,census_batch_geographies,32076048,R,18,IN,027,954600,1055,IN,True,47501,47501,True,47501,True,,,,
MWP-0242,"Near the Munincipal Airport, Elkhart, IN, 46514",No_Match,,,,,,,,,,,,,IN,,46514,,,,,41.722679,-85.974999,zcta_centroid_gazetteer,no_match_street_not_in_tiger
MWP-0243,"10355 S. Carlisle Street, Terre Haute, IN, 47802",Match,Exact,"10355 S CARLISLE ST, TERRE HAUTE, IN, 47802",39.341557938972,-87.401859763045,census_batch_geographies,27130554,R,18,IN,167,011000,4022,IN,True,47802,47802,True,47802,True,,,,
MWP-0244,"1301 E Gateway Drive, Building 5 Grimes, , 50114",No_Match,,,,,,,,,,,,,,,50114,,,,,,,,no_match_street_not_in_tiger
MWP-0245,"2500 Heinz Road, lowa City, IA, 52240",Match,Non_Exact,"2500 HEINZ RD, IOWA CITY, IA, 52240",41.634723125038,-91.488794368086,census_batch_geographies,84519619,L,19,IA,103,001700,1030,IA,True,52240,52240,True,52240,True,,,,
MWP-0246,"7200 Chavenelle Road, Dubuque, IA, 52002",Match,Exact,"7200 CHAVENELLE RD, DUBUQUE, IA, 52002",42.491715931204,-90.769674474512,census_batch_geographies,640790781,R,19,IA,061,010104,3001,IA,True,52002,52002,True,52002,True,,,,
MWP-0247,"6910 S.E. Four Mile Drive, Ankeny, IA, 50021",Match,Exact,"6910 SE FOURMILE DR, ANKENY, IA, 50021",41.678578873808,-93.561142406685,census_batch_geographies,652128848,L,19,IA,153,010601,1022,IA,True,50021,50021,True,50021,True,,,,
MWP-0248,"715 West Burlington Ave, Burlington, IA, 52601",No_Match,,,,,,,,,,,,,IA,,52601,,,,,40.85605,-91.129751,zcta_centroid_gazetteer,no_match_street_not_in_tiger
MWP-0249,"4400 S. Washington Avenue, Mason City, IA, 50401",No_Match,,,,,,,,,,,,,IA,,50401,,,,,43.154082,-93.199836,zcta_centroid_gazetteer,no_match_street_not_in_tiger
MWP-0250,"6417 Innovation Dr, Cedar Falls, IA, 50613",No_Match,,,,,,,,,,,,,IA,,50613,,,,,42.531411,-92.485861,zcta_centroid_gazetteer,no_match_street_not_in_tiger
MWP-0252,"10800 Mill Creek Road, Lenexa, KS, 66219",Match,Exact,"10800 MILL CREEK RD, LENEXA, KS, 66219",38.933764179286,-94.788663926504,census_batch_geographies,650173332,R,20,KS,091,980001,1055,KS,True,66219,66219,True,66219,True,,,,
MWP-0253,"829 S 81 Bypass, McPherson, KS, 67460",Match,Non_Exact,"829 US HWY 81 BYP, MCPHERSON, KS, 67460",38.359043025748,-97.685252752691,census_batch_geographies,639874846,R,20,KS,113,788600,3051,KS,True,67460,67460,True,67460,True,,,,
MWP-0254,"7240 Global Drive, Louisville, KY, 40258",Match,Exact,"7240 GLOBAL DR, LOUISVILLE, KY, 40258",38.139691024205,-85.893261837862,census_batch_geographies,651730349,R,21,KY,111,012703,1011,KY,True,40258,40258,True,40258,True,,,,
MWP-0255,"West Road, Lexington, KY, 40511",No_Match,,,,,,,,,,,,,KY,,40511,,,,,38.141016,-84.461618,zcta_centroid_gazetteer,no_match_street_not_in_tiger
MWP-0257,"3208 E Blue Lick Road, Shepherdsville, KY, 40109",Match,Non_Exact,"3208 W BLUE LICK RD, SHEPHERDSVILLE, KY, 40165",38.030446830697,-85.71055215494,census_batch_geographies,47758555,R,21,KY,029,020703,1000,KY,True,40109,40165,False,40165,False,,,,
MWP-0258,"7435 Industrial Rd, Florence, KY, 41042",Match,Exact,"7435 INDUSTRIAL RD, FLORENCE, KY, 41042",38.979475787254,-84.631242895776,census_batch_geographies,647702427,L,21,KY,015,070301,1003,KY,True,41042,41042,True,41042,True,,,,
MWP-0259,"2505 Ted Bushelman Blvd, Florence, KY, 41048",Match,Non_Exact,"2505 TED BUSHELMAN BLVD, FLORENCE, KY, 41042",39.018847988955,-84.650149906372,census_batch_geographies,649225452,R,21,KY,015,070311,1028,KY,True,41048,41042,False,41042,False,,,,
MWP-0260,"5501 Commerce Drive, Paducah, KY, 42001",No_Match,,,,,,,,,,,,,KY,,42001,,,,,37.030572,-88.7094,zcta_centroid_gazetteer,no_match_street_not_in_tiger
MWP-0261,"11100 Honore Lane, Baton Rouge, LA, 70809",Match,Exact,"11100 HONORE LN, BATON ROUGE, LA, 70809",30.385812563396,-91.057706317833,census_batch_geographies,606160548,R,22,LA,033,004022,2029,LA,True,70809,70809,True,70809,True,,,,
MWP-0262,"5042 Bloomfield St, New Orleans, LA, 70121",Match,Exact,"5042 BLOOMFIELD ST, NEW ORLEANS, LA, 70121",29.960453757826,-90.179377941305,census_batch_geographies,636634418,L,22,LA,051,024300,2007,LA,True,70121,70121,True,70121,True,,,,
MWP-0263,"5733 Citrus Boulevard, Elmwood, LA, 70123",Match,Exact,"5733 CITRUS BLVD, ELMWOOD, LA, 70123",29.964313277416,-90.199823218057,census_batch_geographies,93549395,R,22,LA,051,024202,3016,LA,True,70123,70123,True,70123,True,,,,
MWP-0264,"1914 Town Center Parkway, Slidell, LA, 70458",No_Match,,,,,,,,,,,,,LA,,70458,,,,,30.262007,-89.794167,zcta_centroid_gazetteer,no_match_street_not_in_tiger
MWP-0265,"3221 Veterans Memorial Boulevard, Abbeville, LA, 70510",Match,Non_Exact,"3221 VETERANS MEMORIAL DR, ABBEVILLE, LA, 70510",29.969698941434,-92.09179475754,census_batch_geographies,85989535,R,22,LA,113,950903,1015,LA,True,70510,70510,True,70510,True,,,,
MWP-0266,"8028 8026 Shreve Park Dr, Shreveport, LA, 71129",Match,Non_Exact,"8026 SHREVEPARK DR, SHREVEPORT, LA, 71129",32.424037074133,-93.837596266688,census_batch_geographies,57484070,L,22,LA,017,024201,1026,LA,True,71129,71129,True,71129,True,,,,
MWP-0267,"Luffey Drive and I-20 N Frontage Road, Monroe, LA, 71291",Match,Non_Exact,"LUFFEY DR & N FRONTAGE RD, MONROE, LA, 71202",32.492775122297,-92.0290347357,census_batch_geographies,,,22,LA,073,010606,1040,LA,True,71291,71202,False,71203,False,,,,
MWP-0268,"Highway 1 at exit for Rapides Station Road, Boyce, LA, 71409",Match,Non_Exact,"STATE RTE 1 & RAPIDES STATION RD, BOYCE, LA, 71409",31.359909375318,-92.587331646488,census_batch_geographies,,,22,LA,079,010502,3057,LA,True,71409,71409,True,71409,True,,,,
MWP-0269,"Running Hill Road West of Cummings Road, Scarborough, ME, 04106",No_Match,,,,,,,,,,,,,ME,,04106,,,,,43.631402,-70.285989,zcta_centroid_gazetteer,no_match_street_not_in_tiger
MWP-0270,"86 Alco Pl #98, Lansdowne, MD, 21227",No_Match,,,,,,,,,,,,,MD,,21227,,,,,39.23997,-76.67945,zcta_centroid_gazetteer,no_match_street_not_in_tiger
MWP-0271,"5801 Columbia Park Road, Hyattsville, MD, 20785",Match,Exact,"5801 COLUMBIA PARK RD, HYATTSVILLE, MD, 20785",38.916641182106,-76.907785814248,census_batch_geographies,76373070,R,24,MD,033,803300,3014,MD,True,20785,20785,True,20785,True,,,,
MWP-0272,"16604 Industrial Lane, Williamsport, MD, 21795",Match,Exact,"16604 INDUSTRIAL LN, WILLIAMSPORT, MD, 21795",39.598672619952,-77.794410316023,census_batch_geographies,655656170,R,24,MD,043,010802,1006,MD,True,21795,21795,True,21795,True,,,,
MWP-0273,"7021 Dorsey Road, Hanover, MD, 21076",No_Match,,,,,,,,,,,,,MD,,21076,,,,,39.171402,-76.723341,zcta_centroid_gazetteer,no_match_street_not_in_tiger
MWP-0274,"861 E Gude Drive, Rockville, MD, 20850",Match,Exact,"861 E GUDE DR, ROCKVILLE, MD, 20850",39.101929316407,-77.141736407037,census_batch_geographies,62125005,R,24,MD,031,701211,4001,MD,True,20850,20850,True,20850,True,,,,
MWP-0275,"7659 Solley Rd, Glen Burnie, MD, 21060",Match,Exact,"7659 SOLLEY RD, GLEN BURNIE, MD, 21060",39.168793930415,-76.556812676386,census_batch_geographies,653279888,L,24,MD,003,730102,1039,MD,True,21060,21060,True,21060,True,,,,
MWP-0277,"2100 Van Deman St, Baltimore, MD, 21224",Match,Exact,"2100 VAN DEMAN ST, BALTIMORE, MD, 21224",39.267543437154,-76.53580169263,census_batch_geographies,206454294,R,24,MD,510,260605,6070,MD,True,21224,21224,True,21224,True,,,,
MWP-0278,"7226 Preston Gateway Drive, Hanover, MD, 21076",Match,Exact,"7226 PRESTON GATEWAY DR, HANOVER, MD, 21076",39.18301241912,-76.713398552231,census_batch_geographies,642799450,L,24,MD,003,751200,2044,MD,True,21076,21076,True,21076,True,,,,
MWP-0279,"9 Jay Gould Court, Waldorf, MD, 20602",Match,Exact,"9 JAY GOULD CT, WALDORF, MD, 20602",38.612998572215,-76.912930964027,census_batch_geographies,25386427,L,24,MD,017,850901,1009,MD,True,20602,20602,True,20602,True,,,,
MWP-0280,"1000 Prince Georges Blvd, Upper Marlboro, MD, 20774",Match,Exact,"1000 PRINCE GEORGES BLVD, UPPER MARLBORO, MD, 20774",38.875484287424,-76.72544864842,census_batch_geographies,76400720,L,24,MD,033,800507,2025,MD,True,20774,20774,True,20774,True,,,,
MWP-0281,"14601 Sweitzer Ln, Laurel, MD, 20707",Match,Exact,"14601 SWEITZER LN, LAUREL, MD, 20707",39.090466402647,-76.897921430196,census_batch_geographies,76348917,L,24,MD,033,800203,2025,MD,True,20707,20707,True,20707,True,,,,
MWP-0282,"10406 Tucker St, Beltsville, MD, 20705",Match,Exact,"10406 TUCKER ST, BELTSVILLE, MD, 20705",39.023543749876,-76.912223841253,census_batch_geographies,76324467,L,24,MD,033,807404,2037,MD,True,20705,20705,True,20705,True,,,,
MWP-0283,"3700 Forestville Rd, District Heights, MD, 20747",Match,Exact,"3700 FORESTVILLE RD, DISTRICT HEIGHTS, MD, 20747",38.838591256012,-76.875757247566,census_batch_geographies,76319289,L,24,MD,033,802104,1000,MD,True,20747,20747,True,20747,True,,,,
MWP-0284,"20 Colonial Road, Salem, MA, 01970",Match,Exact,"20 COLONIAL RD, SALEM, MA, 01970",42.509245188221,-70.901084492972,census_batch_geographies,86643594,L,25,MA,009,204701,4000,MA,True,01970,01970,True,01970,True,,,,
MWP-0286,"50 Prestige Way, Plymouth, MA, 02360",No_Match,,,,,,,,,,,,,MA,,02360,,,,,41.882062,-70.631289,zcta_centroid_gazetteer,no_match_street_not_in_tiger
MWP-0287,"800 John Quincy Adams Road, Taunton, MA, 02780",Match,Exact,"800 JOHN QUINCY ADAMS RD, TAUNTON, MA, 02780",41.955074301588,-71.130734932269,census_batch_geographies,658038408,L,25,MA,005,613100,3018,MA,True,02780,02780,True,02780,True,,,,
MWP-0288,"100 Industrial Park Road, Hingham, MA, 02043",Match,Exact,"100 INDUSTRIAL PARK RD, HINGHAM, MA, 02043",42.174389269226,-70.914218260233,census_batch_geographies,87479097,R,25,MA,023,501204,1031,MA,True,02043,02043,True,02043,True,,,,
MWP-0289,"135 American Legion Highway, Revere, MA, 02151",Match,Exact,"135 AMERICAN LEGION HWY, REVERE, MA, 02151",42.412698767594,-71.002862802,census_batch_geographies,85736741,R,25,MA,025,170400,2006,MA,True,02151,02151,True,02151,True,,,,
MWP-0290,"161 Lower Westfield Rd, Holyoke, MA, 01040",Tie,,,,,,,,,,,,,MA,,01040,,,,,42.211658,-72.642448,zcta_centroid_gazetteer,ambiguous_tie_no_coordinate_returned
MWP-0291,"30 Commerce Blvd, Middleborough, MA, 02346",Match,Non_Exact,"30 COMMERCE BLVD, MIDDLEBORO, MA, 02346",41.905524639573,-70.958690965332,census_batch_geographies,87474367,L,25,MA,023,542200,1060,MA,True,02346,02346,True,02346,True,,,,
MWP-0294,"151 Taylor Street, Littleton, MA, 01460",Match,Exact,"151 TAYLOR ST, LITTLETON, MA, 01460",42.518967507823,-71.511862900146,census_batch_geographies,87096721,L,25,MA,017,324102,2055,MA,True,01460,01460,True,01460,True,,,,
MWP-0295,"Sis Summer Boston. Massachusetts, , MA, 02210",No_Match,,,,,,,,,,,,,MA,,02210,,,,,42.348036,-71.039283,zcta_centroid_gazetteer,no_match_street_not_in_tiger
MWP-0296,", , MA, 02151",No_Match,,,,,,,,,,,,,MA,,02151,,,,,42.41829,-71.001251,zcta_centroid_gazetteer,no_street_address_in_panel
MWP-0297,"300 Dan Road, Canton, MA, 02021",Match,Exact,"300 DAN RD, CANTON, MA, 02021",42.155898834403,-71.120507430285,census_batch_geographies,87306725,R,25,MA,021,415202,2000,MA,True,02021,02021,True,02021,True,,,,
MWP-0298,"125 Goddard Memorial Drive, Worcester, MA, 01603",Match,Exact,"125 GODDARD MEMORIAL DR, WORCESTER, MA, 01603",42.249607196083,-71.864158594892,census_batch_geographies,635846759,L,25,MA,027,731001,1005,MA,True,01603,01603,True,01603,True,,,,
MWP-0299,"7 Neponset St, Worcester, MA, 01606",Match,Exact,"7 NEPONSET ST, WORCESTER, MA, 01606",42.299128234545,-71.801727592014,census_batch_geographies,640113635,R,25,MA,027,730500,2006,MA,True,01606,01606,True,01606,True,,,,
MWP-0300,"4400 Computer Drive, Westborough, MA, 01581",Match,Exact,"4400 COMPUTER DR, WESTBOROUGH, MA, 01581",42.288952671305,-71.577548693762,census_batch_geographies,40105027,R,25,MA,027,761200,1012,MA,True,01581,01581,True,01581,True,,,,
MWP-0302,"11457 Hannon Rd, Romulus, MI, 48174",Match,Non_Exact,"11457 HANNAN RD, ROMULUS, MI, 48174",42.217876475811,-83.424274128829,census_batch_geographies,95709563,L,26,MI,163,586300,2005,MI,True,48174,48174,True,48174,True,,,,
MWP-0303,"28415 Automation Blvd, Wixom, MI, 48393",Match,Exact,"28415 AUTOMATION BLVD, WIXOM, MI, 48393",42.498151633416,-83.567946235703,census_batch_geographies,69814407,R,26,MI,125,138600,2011,MI,True,48393,48393,True,48393,True,,,,
MWP-0304,"7009 W. Mountain Hope Hwy, Lansing, MI, 48917",Match,Exact,"7009 W MT HOPE HWY, LANSING, MI, 48917",42.712024098704,-84.643525563296,census_batch_geographies,12034707,L,26,MI,045,020303,2028,MI,True,48917,48917,True,48917,True,,,,
MWP-0305,"49000 Michigan AvenueCanton Township, , MI, 48188",Match,Non_Exact,"49000 MICHIGAN AVE, CANTON, MI, 48188",42.265248432349,-83.512202705631,census_batch_geographies,95725337,L,26,MI,163,564504,5017,MI,True,48188,48188,True,48188,True,,,,
MWP-0306,"2935 Walkent Court NW, Grand Rapids, MI, 49544",Match,Exact,"2935 WALKENT CT NW, GRAND RAPIDS, MI, 49544",43.018378247868,-85.71868342643,census_batch_geographies,12450470,L,26,MI,081,011502,2006,MI,True,49544,49544,True,49544,True,,,,
MWP-0307,"33600 Mound Road, Sterling Heights, MI, 48310",Match,Exact,"33600 MOUND RD, STERLING HEIGHTS, MI, 48310",42.540331170079,-83.04764151855,census_batch_geographies,657739159,R,26,MI,099,982002,1025,MI,True,48310,48310,True,48310,True,,,,
MWP-0308,"3951 Trade Dr SE 1st Floor, Grand Rapids, MI, 49508",No_Match,,,,,,,,,,,,,MI,,49508,,,,,42.872994,-85.628015,zcta_centroid_gazetteer,no_match_street_not_in_tiger
MWP-0309,"3415 Northridge Drive NW, Grand Rapids, MI, 49534",Match,Non_Exact,"3415 NORTHRIDGE DR NW, GRAND RAPIDS, MI, 49544",43.020688142714,-85.739369583216,census_batch_geographies,12491884,R,26,MI,081,011601,1002,MI,True,49534,49544,False,49544,False,,,,
MWP-0310,"3280 Commerce Center Drive, Saginaw, MI, 48601",Match,Exact,"3280 COMMERCE CENTRE DR, SAGINAW, MI, 48601",43.453674552356,-83.882051429959,census_batch_geographies,80225228,R,26,MI,145,010800,3008,MI,True,48601,48601,True,48601,True,,,,
MWP-0311,"2266 Northway Drive, Mount Pleasant, MI, 48858",Match,Exact,"2266 NORTHWAY DR, MOUNT PLEASANT, MI, 48858",43.608971873913,-84.735054700347,census_batch_geographies,110225725,L,26,MI,073,940300,2026,MI,True,48858,48858,True,48858,True,,,,
MWP-0312,"780 N Van Dyke Rd, Bad Axe, MI, 48413",Match,Exact,"780 N VAN DYKE RD, BAD AXE, MI, 48413",43.813421323963,-83.000730468893,census_batch_geographies,657069698,R,26,MI,063,951000,1041,MI,True,48413,48413,True,,,,,,
MWP-0313,"4700 Carpenter Road, Pittsfield Township, MI, 48197",Match,Non_Exact,"4700 CARPENTER RD, YPSILANTI, MI, 48197",42.222541329226,-83.679941827782,census_batch_geographies,648011477,R,26,MI,161,415200,2007,MI,True,48197,48197,True,48197,True,,,,
MWP-0314,"West Commerce Drive, Blair Township, MI, 48197",No_Match,,,,,,,,,,,,,MI,,48197,,,,,42.194034,-83.639984,zcta_centroid_gazetteer,no_match_street_not_in_tiger
MWP-0315,"1689 Badger Parkway, Gaylord, MI, 49735",No_Match,,,,,,,,,,,,,MI,,49735,,,,,44.998087,-84.670164,zcta_centroid_gazetteer,no_match_street_not_in_tiger
MWP-0316,"4471 US 31 South, Traverse City, MI, 49685",Match,Non_Exact,"4471 US HWY 31, TRAVERSE CITY, MI, 49685",44.67192737212,-85.665357692755,census_batch_geographies,145518338,L,26,MI,055,550500,4000,MI,True,49685,49685,True,49685,True,,,,
MWP-0317,"10750 89th Avenue, Maple Grove, MN, 55369",Match,Non_Exact,"10750 89TH AVE N, MAPLE GROVE, MN, 55369",45.116389621109,-93.418718701877,census_batch_geographies,619840753,R,27,MN,053,026726,2003,MN,True,55369,55369,True,55369,True,,,,
MWP-0318,"2811 Beverly Drive, Eagan, MN, 55124",Match,Non_Exact,"2811 BEVERLY DR, EAGAN, MN, 55121",44.854973477359,-93.136934333566,census_batch_geographies,642403709,R,27,MN,037,060717,6000,MN,True,55124,55121,False,55121,False,,,,
MWP-0319,"6985 21st Ave S, Centerville, MN, 55038",Match,Non_Exact,"6985 21ST AVE N, CENTERVILLE, MN, 55038",45.160202467203,-93.035778045329,census_batch_geographies,626691283,R,27,MN,003,050232,1017,MN,True,55038,55038,True,55038,True,,,,
MWP-0320,"Boulder Avenue, Rosemount, MN, 55068",No_Match,,,,,,,,,,,,,MN,,55068,,,,,44.735478,-93.062774,zcta_centroid_gazetteer,no_match_street_not_in_tiger
MWP-0321,"2302 Commonwealth Ave, Duluth, MN, 55808",Match,Exact,"2302 COMMONWEALTH AVE, DULUTH, MN, 55808",46.677845344034,-92.226451035142,census_batch_geographies,163257503,R,27,MN,137,003700,1013,MN,True,55808,55808,True,55808,True,,,,
MWP-0322,"NE corner Hudson Road / Settlers Ridge Parkway, Woodbury, MN, 55129",No_Match,,,,,,,,,,,,,MN,,55129,,,,,44.883474,-92.892768,zcta_centroid_gazetteer,no_match_street_not_in_tiger
MWP-0323,"12692 Timberwood Dr, Baxter, MN, 56425",No_Match,,,,,,,,,,,,,MN,,56425,,,,,46.343935,-94.276015,zcta_centroid_gazetteer,no_match_street_not_in_tiger
MWP-0324,"4759 Heatherwood Road, St. Cloud, MN, 56301",Match,Exact,"4759 HEATHERWOOD RD, SAINT CLOUD, MN, 56301",45.487320900611,-94.138824337412,census_batch_geographies,655202272,L,27,MN,145,011400,2002,MN,True,56301,56301,True,56301,True,,,,
MWP-0325,"1211 West Lincoln Ave, Fergus Falls, MN, 56537",Match,Exact,"1211 W LINCOLN AVE, FERGUS FALLS, MN, 56537",46.283451735355,-96.095908575082,census_batch_geographies,168289459,L,27,MN,111,960900,6007,MN,True,56537,56537,True,56537,True,,,,
MWP-0326,"1000 W 63rd St, Hattiesburg, MS, 39401",Match,Non_Exact,"1000 63RD ST, HATTIESBURG, MS, 39401",31.312555392352,-89.309593927164,census_batch_geographies,324986,L,28,MS,035,000700,2043,MS,True,39401,39401,True,39401,True,,,,
MWP-0327,"46 Industrial Park Road, Lucedale, MS, 39452",Match,Exact,"46 INDUSTRIAL PARK RD, LUCEDALE, MS, 39452",30.929660441577,-88.589084632417,census_batch_geographies,638754342,L,28,MS,039,950200,2000,MS,True,39452,39452,True,,,,,,
MWP-0328,"5915 1-55 North, Jackson, MS, 39206",No_Match,,,,,,,,,,,,,MS,,39206,,,,,32.37234,-90.172688,zcta_centroid_gazetteer,no_match_street_not_in_tiger
MWP-0329,"115 Jack Wallace Blvd, Starkville, MS, 39759",No_Match,,,,,,,,,,,,,MS,,39759,,,,,33.437924,-88.825142,zcta_centroid_gazetteer,no_match_street_not_in_tiger
MWP-0330,"279 Jamie Whitton Drive, Saltillo, MS, 38866",Match,Exact,"279 JAMIE WHITTON DR, SALTILLO, MS, 38866",34.353043701637,-88.694536032165,census_batch_geographies,611035143,R,28,MS,081,950204,2034,MS,True,38866,38866,True,38866,True,,,,
MWP-0331,", , MO, 63042",No_Match,,,,,,,,,,,,,MO,,63042,,,,,38.781326,-90.37908,zcta_centroid_gazetteer,no_street_address_in_panel
MWP-0332,"830 James S. McDonnell Blvd, Hazelwood, MO, 63042",Match,Exact,"830 JAMES S MCDONNELL BLVD, HAZELWOOD, MO, 63042",38.778835465995,-90.38987025944,census_batch_geographies,100194888,L,29,MO,189,211401,4009,MO,True,63042,63042,True,63042,True,,,,
MWP-0333,"3950 NW Helena Road, Riverside, MO, 64150",Match,Non_Exact,"3950 NW HELENA, RIVERSIDE, MO, 64150",39.167163140326,-94.650408366089,census_batch_geographies,658402124,L,29,MO,165,030101,2044,MO,True,64150,64150,True,64150,True,,,,
MWP-0334,"12000 Spencer Rd, St. Peters, MO, 63376",No_Match,,,,,,,,,,,,,MO,,63376,,,,,38.800744,-90.61215,zcta_centroid_gazetteer,no_match_street_not_in_tiger
MWP-0335,"655 Assembly Pkwy, Fenton, MO, 63026",Match,Exact,"655 ASSEMBLY PKWY, FENTON, MO, 63026",38.546283947757,-90.457835131686,census_batch_geographies,658429117,L,29,MO,189,221423,3018,MO,True,63026,63026,True,63026,True,,,,
MWP-0336,"3601 Enterprise Drive, Kansas City, MO, 64129",Match,Exact,"3601 ENTERPRISE DR, KANSAS CITY, MO, 64129",39.057644528064,-94.494964591501,census_batch_geographies,633576649,L,29,MO,095,016300,1072,MO,True,64129,64129,True,64129,True,,,,
MWP-0338,"3002 Prigmore Ave, Joplin, MO, 64804",No_Match,,,,,,,,,,,,,MO,,64804,,,,,37.019944,-94.510905,zcta_centroid_gazetteer,no_match_street_not_in_tiger
MWP-0339,"2960 N. Martin Ave, Springfield, MO, 65803",Match,Exact,"2960 N MARTIN AVE, SPRINGFIELD, MO, 65803",37.247964098409,-93.196239622697,census_batch_geographies,608958480,L,29,MO,077,003702,1018,MO,True,65803,65803,True,65803,True,,,,
MWP-0340,"nes Baldridge Fue, Remand, MO, 65010",No_Match,,,,,,,,,,,,,MO,,65010,,,,,38.78781,-92.241975,zcta_centroid_gazetteer,no_match_street_not_in_tiger
MWP-0341,"8720 Aluminum Rd, Missoula, MT, 59808",Match,Exact,"8720 ALUMINUM RD, MISSOULA, MT, 59808",46.954550528103,-114.126514839929,census_batch_geographies,636325939,R,30,MT,063,001601,2045,MT,True,59808,59808,True,59808,True,,,,
MWP-0342,"Jackrabbit Lane between Frank Rd & West Cameron Bridge Rd, Belgrade, MT, 59714",No_Match,,,,,,,,,,,,,MT,,59714,,,,,45.972611,-111.133999,zcta_centroid_gazetteer,no_match_street_not_in_tiger
MWP-0343,"6767 Tun Tavern Road, Billings, MT, 59101",Match,Non_Exact,"6767 TURN TAVERN RD, BILLINGS, MT, 59101",45.737153289208,-108.583571275781,census_batch_geographies,656252902,R,30,MT,111,001404,3017,MT,True,59101,59101,True,59101,True,,,,
MWP-0344,"11650 South 154th Street, Omaha, NE, 68138",Match,Exact,"11650 S 154TH ST, OMAHA, NE, 68138",41.137419670279,-96.156164539367,census_batch_geographies,646710453,R,31,NE,153,010629,2036,NE,True,68138,68138,True,68138,True,,,,
MWP-0345,"4201 Gold Core Rd, Grand Island, NE, 68801",Match,Exact,"4201 GOLD CORE RD, GRAND ISLAND, NE, 68801",40.870411545853,-98.370865279336,census_batch_geographies,656568536,L,31,NE,079,001300,2016,NE,True,68801,68801,True,68801,True,,,,
MWP-0346,"Columbus, Las Vegas, NV, 89118",No_Match,,,,,,,,,,,,,NV,,89118,,,,,36.077788,-115.213011,zcta_centroid_gazetteer,no_match_street_not_in_tiger
MWP-0347,"1200 E Alexander Road, North Las Vegas, NV, 89030",Match,Exact,"1200 E ALEXANDER RD, NORTH LAS VEGAS, NV, 89030",36.232324004861,-115.127048554634,census_batch_geographies,658286227,L,32,NV,003,003615,2008,NV,True,89030,89030,True,89030,True,,,,
MWP-0348,"9740 N Virginia St, Reno, NV, 89506",Match,Exact,"9740 NORTH VIRGINIA ST, RENO, NV, 89506",39.613275113457,-119.876031049329,census_batch_geographies,657712264,R,32,NV,031,002621,1002,NV,True,89506,89506,True,89506,True,,,,
MWP-0349,"11500 Bermuda Road, Henderson, NV, 89052",Match,Exact,"11500 BERMUDA RD, HENDERSON, NV, 89052",35.977041745863,-115.154698883387,census_batch_geographies,638883815,R,32,NV,003,005720,1001,NV,True,89052,89052,True,89052,True,,,,
MWP-0350,"6330 West Sunset Road, Las Vegas, NV, 89118",Match,Exact,"6330 W SUNSET RD, LAS VEGAS, NV, 89118",36.070954030111,-115.230261496133,census_batch_geographies,641521735,R,32,NV,003,002961,1022,NV,True,89118,89118,True,89118,True,,,,
MWP-0351,"650 E Owens Ave, North Las Vegas, NV, 89030",Match,Exact,"650 E OWENS AVE, NORTH LAS VEGAS, NV, 89030",36.188503010265,-115.132245776491,census_batch_geographies,201867212,L,32,NV,003,003800,4005,NV,True,89030,89030,True,89030,True,,,,
MWP-0352,"7154 7454 New River Parkway, Fallon, NE, 68860",No_Match,,,,,,,,,,,,,NE,,68860,,,,,41.133983,-99.795816,zcta_centroid_gazetteer,no_match_street_not_in_tiger
MWP-0353,"400 Quality Drive, Hooksett, NH, 03106",No_Match,,,,,,,,,,,,,NH,,03106,,,,,43.081242,-71.446616,zcta_centroid_gazetteer,no_match_street_not_in_tiger
MWP-0354,"2 Empire Boulevard, Moonachie, NJ, 07074",Match,Exact,"2 EMPIRE BLVD, MOONACHIE, NJ, 07074",40.833689518831,-74.052981500426,census_batch_geographies,657040988,L,34,NJ,003,036200,1016,NJ,True,07074,07074,True,07074,True,,,,
MWP-0355,"630 Sullivan Rd, Elizabeth, NJ, 07201",Match,Exact,"630 SULLIVAN RD, ELIZABETH, NJ, 07201",40.667902571239,-74.187737271295,census_batch_geographies,60579450,L,34,NJ,039,980000,1037,NJ,True,07201,07201,True,07201,True,,,,
MWP-0356,"10 Princess Rd, Trenton, NJ, 08648",Match,Exact,"10 PRINCESS RD, TRENTON, NJ, 08648",40.28419856963,-74.709136680727,census_batch_geographies,60210689,L,34,NJ,021,003202,3002,NJ,True,08648,08648,True,08648,True,,,,
MWP-0357,"8-B Court South, Edison, NJ, 08817",Match,Exact,"8 B CT S, EDISON, NJ, 08817",40.517558040648,-74.423002481461,census_batch_geographies,60298830,L,34,NJ,023,001506,2009,NJ,True,08817,08817,True,08817,True,,,,
MWP-0358,"1250 Forest Pkwy, West Deptford, NJ, 08066",Match,Exact,"1250 FOREST PKWY, WEST DEPTFORD, NJ, 08066",39.825684986438,-75.210009542504,census_batch_geographies,134605164,L,34,NJ,015,500204,7016,NJ,True,08066,08066,True,08066,True,,,,
MWP-0359,"2320 Center Square Road, Logan Township, NJ, 08085",Match,Exact,"2320 CENTER SQUARE RD, LOGAN TOWNSHIP, NJ, 08085",39.775377575973,-75.380301401803,census_batch_geographies,642133348,L,34,NJ,015,502400,6062,NJ,True,08085,08085,True,08085,True,,,,
MWP-0360,"1145 King Georges Post Road, Edison, NJ, 08837",Match,Exact,"1145 KING GEORGES POST RD, EDISON, NJ, 08837",40.52247409671,-74.33404360614,census_batch_geographies,641400498,R,34,NJ,023,001806,6000,NJ,True,08837,08837,True,08837,True,,,,
MWP-0361,"295 Thomas McGovern Drive, Jersey City, NJ, 07305",Match,Exact,"295 THOMAS MCGOVERN DR, JERSEY CITY, NJ, 07305",40.701378079781,-74.059508692937,census_batch_geographies,648375331,R,34,NJ,017,980100,1013,NJ,True,07305,07305,True,07305,True,,,,
MWP-0362,"2471 Old York Road - Building 1, Bordentown Township, NJ, 08505",Match,Non_Exact,"2471 OLD YORK RD, BORDENTOWN, NJ, 08505",40.114321250033,-74.716675828523,census_batch_geographies,648078394,L,34,NJ,005,704202,3026,NJ,True,08505,08505,True,08505,True,,,,
MWP-0363,"200 Gregg St, Lodi, NJ, 07644",Match,Exact,"200 GREGG ST, LODI, NJ, 07644",40.884300179396,-74.07110938681,census_batch_geographies,641383025,L,34,NJ,003,030100,1011,NJ,True,07644,07644,True,07644,True,,,,
MWP-0364,"235 Veterans Boulevard, Rutherford, NJ, 07070",Match,Exact,"235 VETERANS BLVD, RUTHERFORD, NJ, 07070",40.818434982357,-74.099644426373,census_batch_geographies,651158839,R,34,NJ,003,051400,1018,NJ,True,07070,07070,True,07070,True,,,,
MWP-0365,"670 Belleville Turnpike, Kearny, NJ, 07032",Match,Exact,"670 BELLEVILLE TPKE, KEARNY, NJ, 07032",40.770584611367,-74.127045438092,census_batch_geographies,59609493,R,34,NJ,017,012700,4006,NJ,True,07032,07032,True,07032,True,,,,
MWP-0366,"5 Logistics Drive, Kearny, NJ, 07032",No_Match,,,,,,,,,,,,,NJ,,07032,,,,,40.752332,-74.123093,zcta_centroid_gazetteer,no_match_street_not_in_tiger
MWP-0367,"600 Washington Ave, Carlstadt, NJ, 07072",Match,Exact,"600 WASHINGTON AVE, CARLSTADT, NJ, 07072",40.827653827578,-74.055461651477,census_batch_geographies,64436112,L,34,NJ,003,005000,5032,NJ,True,07072,07072,True,07072,True,,,,
MWP-0368,"377 Roosevelt Ave, Carteret, NJ, 07008",Match,Exact,"377 ROOSEVELT AVE, CARTERET, NJ, 07008",40.579072850611,-74.214123322569,census_batch_geographies,60332648,L,34,NJ,023,980000,1014,NJ,True,07008,07008,True,07008,True,,,,
MWP-0369,"50 Central Avenue, Kearny, NJ, 07032",Match,Exact,"50 CENTRAL AVE, KEARNY, NJ, 07032",40.722622343652,-74.113250541751,census_batch_geographies,59612349,L,34,NJ,017,012700,4100,NJ,True,07032,07032,True,07032,True,,,,
MWP-0370,"429 Delancy St, Linden, NJ, 07036",No_Match,,,,,,,,,,,,,NJ,,07036,,,,,40.624711,-74.239362,zcta_centroid_gazetteer,no_match_street_not_in_tiger
MWP-0371,"1 Paddock St, Avenel, NJ, 07001",Match,Exact,"1 PADDOCK ST, AVENEL, NJ, 07001",40.585929582813,-74.274512121075,census_batch_geographies,60274884,R,34,NJ,023,009000,1008,NJ,True,07001,07001,True,07001,True,,,,
MWP-0372,"380 Middlesex Ave, Carteret, NJ, 07008",No_Match,,,,,,,,,,,,,NJ,,07008,,,,,40.58379,-74.227457,zcta_centroid_gazetteer,no_match_street_not_in_tiger
MWP-0373,"1251 Jumping Brook Road, 1251 Jumping Brook Road, NJ, 07753",Match,Non_Exact,"1251 JUMPING BROOK RD, NEPTUNE, NJ, 07753",40.225523716634,-74.08635464241,census_batch_geographies,642788093,L,34,NJ,025,804802,1003,NJ,True,07753,07753,True,07753,True,,,,
MWP-0374,"118 Moonachie Ave, Carlstadt, NJ, 07072",No_Match,,,,,,,,,,,,,NJ,,07072,,,,,40.826431,-74.062335,zcta_centroid_gazetteer,no_match_street_not_in_tiger
MWP-0375,"81 International Dr S, Budd Lake, NJ, 07828",Match,Exact,"81 INTERNATIONAL DR S, BUDD LAKE, NJ, 07828",40.888789861665,-74.719054667169,census_batch_geographies,60475568,L,34,NJ,027,046109,2005,NJ,True,07828,07828,True,07828,True,,,,
MWP-0376,"539 US-130, Hamilton Township, NJ, 08620",Match,Non_Exact,"539 US HWY 130, HAMILTON, NJ, 08691",40.186987023986,-74.655632026663,census_batch_geographies,60185343,R,34,NJ,021,003001,3002,NJ,True,08620,08691,False,08620,True,,,,
MWP-0377,"105 Avenue A, Dayonne, NJ, 07002",Match,Non_Exact,"105 AVE A, BAYONNE, NJ, 07002",40.651434841889,-74.138212684818,census_batch_geographies,59601619,L,34,NJ,017,011500,3006,NJ,True,07002,07002,True,07002,True,,,,
MWP-0378,"65 Baekeland Avenue, Middlesex, NJ, 08846",No_Match,,,,,,,,,,,,,NJ,,08846,,,,,40.574627,-74.498259,zcta_centroid_gazetteer,no_match_street_not_in_tiger
MWP-0379,"2341 State Route 66, Ocean Township, NJ, 07712",Match,Non_Exact,"2341 STATE RTE 66, OCEAN, NJ, 07712",40.227501417466,-74.04419580774,census_batch_geographies,90525671,R,34,NJ,025,806504,2023,NJ,True,07712,07712,True,07712,True,,,,
MWP-0380,"10 Patton Drive, West Caldwell, NJ, 07006",Match,Exact,"10 PATTON DR, WEST CALDWELL, NJ, 07006",40.86227754626,-74.281631242774,census_batch_geographies,63456910,R,34,NJ,013,021802,1001,NJ,True,07006,07006,True,07006,True,,,,
MWP-0381,"400 Delran Parkway, Delran, NJ, 08075",Match,Exact,"400 DELRAN PKWY, DELRAN, NJ, 08075",40.015300641742,-74.970320678789,census_batch_geographies,134087708,R,34,NJ,005,700603,3005,NJ,True,08075,08075,True,08075,True,,,,
MWP-0382,"6 Farrington Boulevard, Monroe Township, NJ, 08831",No_Match,,,,,,,,,,,,,NJ,,08831,,,,,40.334341,-74.432502,zcta_centroid_gazetteer,no_match_street_not_in_tiger
MWP-0383,"2011 Industrial Park RdEspanola, , NM, 87532",No_Match,,,,,,,,,,,,,NM,,87532,,,,,35.989751,-106.12563,zcta_centroid_gazetteer,no_match_street_not_in_tiger
MWP-0384,"15480 Reservoir Road NW, Albuquerque, NM, 87121",Match,Non_Exact,"15480 RESERVOIR RD NW, ALBUQUERQUE, NM, 87120",35.077016202029,-106.837139151825,census_batch_geographies,645049738,R,35,NM,001,940602,2006,NM,True,87121,87120,False,87121,True,,,,
MWP-0385,"518 24th St, Alamogordo, NM, 88310",Match,Exact,"518 24TH ST, ALAMOGORDO, NM, 88310",32.919028693573,-105.956296586598,census_batch_geographies,132289828,L,35,NM,035,000303,2025,NM,True,88310,88310,True,88310,True,,,,
MWP-0386,"1733 : Buildtek Ct, Las Cruces, NM, 88005",Match,Exact,"1733 BUILDTEK CT, LAS CRUCES, NM, 88005",32.310468376174,-106.80105463504,census_batch_geographies,189571450,L,35,NM,013,000206,2002,NM,True,88005,88005,True,88005,True,,,,
MWP-0387,"106 S. Browning Parkway, Farmington, NM, 87401",No_Match,,,,,,,,,,,,,NM,,87401,,,,,36.738158,-108.183294,zcta_centroid_gazetteer,no_match_street_not_in_tiger
MWP-0388,"1300 Viele Avenue, Bronx, NY, 10474",Match,Exact,"1300 VIELE AVE, BRONX, NY, 10474",40.806784244152,-73.884387602672,census_batch_geographies,80302729,R,36,NY,005,009302,1020,NY,True,10474,10474,True,10474,True,,,,
MWP-0389,"10 Jupiter Lane, Colonie, NY, 12205",Match,Exact,"10 JUPITER LN, COLONIE, NY, 12205",42.718625162711,-73.839343491806,census_batch_geographies,18363042,L,36,NY,001,013901,2004,NY,True,12205,12205,True,12205,True,,,,
MWP-0390,"1785 NY-5S, Amsterdam, NY, 12010",No_Match,,,,,,,,,,,,,NY,,12010,,,,,42.937632,-74.173325,zcta_centroid_gazetteer,no_match_street_not_in_tiger
MWP-0391,"280 Richards Street, Brooklyn, NY, 11231",Match,Exact,"280 RICHARDS ST, BROOKLYN, NY, 11231",40.674910037512,-74.013186848659,census_batch_geographies,59093521,R,36,NY,047,005301,2010,NY,True,11231,11231,True,11231,True,,,,
MWP-0392,"100 Precision Drive, Shirley, NY, 11967",No_Match,,,,,,,,,,,,,NY,,11967,,,,,40.801566,-72.878028,zcta_centroid_gazetteer,no_match_street_not_in_tiger
MWP-0393,"75 Cohoes Ave, Troy, NY, 12183",Match,Exact,"75 COHOES AVE, TROY, NY, 12183",42.749195706029,-73.695395633162,census_batch_geographies,18334446,L,36,NY,001,013100,1023,NY,True,12183,12183,True,12183,True,,,,
MWP-0394,"1 Bulova Avenue, Queens, NY, 11377",No_Match,,,,,,,,,,,,,NY,,11377,,,,,40.744775,-73.90516,zcta_centroid_gazetteer,no_match_street_not_in_tiger
MWP-0395,"55-15 Grand Avenue, Queens, NY, 11378",No_Match,,,,,,,,,,,,,NY,,11378,,,,,40.724744,-73.909639,zcta_centroid_gazetteer,no_match_street_not_in_tiger
MWP-0396,"2300 Linden Blvd, Brooklyn, NY, 11208",Match,Exact,"2300 LINDEN BLVD, BROOKLYN, NY, 11208",40.663688865629,-73.878195743998,census_batch_geographies,640860488,R,36,NY,047,111600,2013,NY,True,11208,11208,True,11208,True,,,,
MWP-0397,"800 Riverwalk Parkway, Tonawanda, NY, 14150",Match,Exact,"800 RIVERWALK PKWY, TONAWANDA, NY, 14150",43.003788811644,-78.914119182499,census_batch_geographies,645417419,L,36,NY,029,008300,1012,NY,True,14150,14150,True,14150,True,,,,
MWP-0398,"6834 Kirkville Rd, Carle Place, NY, 11514",No_Match,,,,,,,,,,,,,NY,,11514,,,,,40.749778,-73.61291,zcta_centroid_gazetteer,no_match_street_not_in_tiger
MWP-0399,"3920 Baview Bayview Road, Buffalo, NY, 14219",Match,Non_Exact,"3920 BAYVIEW RD, BUFFALO, NY, 14219",42.781210352322,-78.855044349112,census_batch_geographies,638079352,R,36,NY,029,013001,2011,NY,True,14219,14219,True,14219,True,,,,
MWP-0400,"1 Mustang Drive, Colonie, NY, 12047",Match,Non_Exact,"1 MUSTANG DR, COHOES, NY, 12047",42.800137464496,-73.731865333935,census_batch_geographies,18306226,L,36,NY,001,013503,2003,NY,True,12047,12047,True,12047,True,,,,
MWP-0401,"60 East 42nd St, New York, NY, 10165",Match,Non_Exact,"60 E 42ND ST, NEW YORK, NY, 10017",40.752636630036,-73.979051452172,census_batch_geographies,59658648,R,36,NY,061,008200,2000,NY,True,10165,10017,False,10165,True,,,,
MWP-0402,"1200 Zerega Ave, Bronx, NY, 10462",No_Match,,,,,,,,,,,,,NY,,10462,,,,,40.843267,-73.860417,zcta_centroid_gazetteer,no_match_street_not_in_tiger
MWP-0403,"49 Wireless Avenue, Hauppauge, NY, 11788",Match,Non_Exact,"49 WIRELESS BLVD, HAUPPAUGE, NY, 11788",40.813641151966,-73.269245967216,census_batch_geographies,114231305,R,36,NY,103,135209,1033,NY,True,11788,11788,True,11788,True,,,,
MWP-0404,"66-26 Metropolitan Avenue, Queens, NY, 11379",Match,Non_Exact,"66-26 METROPOLITAN AVE, MIDDLE VILLAGE, NY, 11379",40.712337820164,-73.892438411184,census_batch_geographies,630495413,R,36,NY,081,061301,1001,NY,True,11379,11379,True,11379,True,,,,
MWP-0405,"640 Columbia, Brooklyn, NY, 11231",Match,Non_Exact,"640 COLUMBIA ST, BROOKLYN, NY, 11231",40.67100562711,-74.008911642104,census_batch_geographies,59093860,R,36,NY,047,005302,2008,NY,True,11231,11231,True,11231,True,,,,
MWP-0406,"511 Barry Street, The Bronx, NY, 10474",Match,Non_Exact,"511 BARRY ST, BRONX, NY, 10474",40.809934395181,-73.895216451712,census_batch_geographies,80302310,L,36,NY,005,009302,2026,NY,True,10474,10474,True,10474,True,,,,
MWP-0407,"330 Clay Road, Rochester, NY, 14623",Match,Exact,"330 CLAY RD, ROCHESTER, NY, 14623",43.083918062097,-77.61893686212,census_batch_geographies,14558838,L,36,NY,055,013104,1008,NY,True,14623,14623,True,14623,True,,,,
MWP-0408,"1200 Lexington Avenue, Rochester, NY, 14606",Match,Exact,"1200 LEXINGTON AVE, ROCHESTER, NY, 14606",43.17924971801,-77.66299277785,census_batch_geographies,14531340,R,36,NY,055,008801,3006,NY,True,14606,14606,True,14606,True,,,,
MWP-0409,"200 & 400 Oritani Drive, Blauvelt, NY, 10913",Match,Non_Exact,"400 ORITANI DR, BLAUVELT, NY, 10913",41.075691375371,-73.956672993284,census_batch_geographies,651136717,L,36,NY,087,013002,1001,NY,True,10913,10913,True,10913,True,,,,
MWP-0410,"1055 Bronx : River Avenue, Bronx, NY, 10472",Match,Exact,"1055 BRONX RIVER AVE, BRONX, NY, 10472",40.824413947911,-73.883120843786,census_batch_geographies,80302518,L,36,NY,005,005200,1002,NY,True,10472,10472,True,10472,True,,,,
MWP-0411,"245 Roger's Way, Westhampton Beach, NY, 11978",No_Match,,,,,,,,,,,,,NY,,11978,,,,,40.825621,-72.637502,zcta_centroid_gazetteer,no_match_street_not_in_tiger
MWP-0412,"717 Broadway Ave, Holbrook, NY, 11741",No_Match,,,,,,,,,,,,,NY,,11741,,,,,40.794727,-73.070427,zcta_centroid_gazetteer,no_match_street_not_in_tiger
MWP-0413,"526 Gulf Ave, Staten Island, NY, 10314",Match,Exact,"526 GULF AVE, STATEN ISLAND, NY, 10314",40.613661067815,-74.180279412966,census_batch_geographies,647708961,L,36,NY,085,029102,1019,NY,True,10314,10314,True,10314,True,,,,
MWP-0414,"12555 & 12595 Flatlands Avenue, Brooklyn, NY, 11208",Match,Non_Exact,"12595 FLATLANDS AVE, BROOKLYN, NY, 11208",40.658364642524,-73.873382396622,census_batch_geographies,59095383,L,36,NY,047,107800,2007,NY,True,11208,11208,True,11208,True,,,,
MWP-0415,"1500 Bassett Ave, Bronx, NY, 10461",Match,Exact,"1500 BASSETT AVE, BRONX, NY, 10461",40.850398885948,-73.843702848195,census_batch_geographies,80305370,R,36,NY,005,029600,1014,NY,True,10461,10461,True,10461,True,,,,
MWP-0416,"EGG 566 Cuillf Gulf Ave Ave, Ctaton Staten leland Island, NY, 10314",No_Match,,,,,,,,,,,,,NY,,10314,,,,,40.600699,-74.164314,zcta_centroid_gazetteer,no_match_street_not_in_tiger
MWP-0417,"231 Saw Mill River Road, Hawthorne, NY, 10532",Match,Exact,"231 SAW MILL RIVER RD, HAWTHORNE, NY, 10532",41.1013455427,-73.80805815587,census_batch_geographies,636426069,L,36,NY,119,012000,1018,NY,True,10532,10532,True,10532,True,,,,
MWP-0418,"305 Robbins Lane, Oyster Bay, NY, 11791",Match,Non_Exact,"305 ROBBINS LN, SYOSSET, NY, 11791",40.797413000307,-73.514925102688,census_batch_geographies,638064219,L,36,NY,059,518700,3000,NY,True,11791,11791,True,11791,True,,,,
MWP-0419,"Industry City, Brooklyn, NY, 11232",No_Match,,,,,,,,,,,,,NY,,11232,,,,,40.656541,-74.005182,zcta_centroid_gazetteer,no_match_street_not_in_tiger
MWP-0420,"23-30 Borden Ave, Long Island City, NY, 11101",Match,Exact,"23-30 BORDEN AVE, LONG ISLAND CITY, NY, 11101",40.740248761791,-73.949207281748,census_batch_geographies,59692027,R,36,NY,081,000104,1019,NY,True,11101,11101,True,11101,True,,,,
MWP-0421,"136 Carlin Rd, Conklin, NY, 13748",Match,Exact,"136 CARLIN RD, CONKLIN, NY, 13748",42.055088089524,-75.82001467014,census_batch_geographies,46347461,R,36,NY,007,012701,5025,NY,True,13748,13748,True,13748,True,,,,
MWP-0422,"6823 Industrial Park Road, Bath, NY, 14861",Match,Non_Exact,"6823 INDUSTRIAL PARK RD, BATH, NY, 14810",42.3617716378,-77.299163845056,census_batch_geographies,14712468,R,36,NY,101,961200,1010,NY,True,14861,14810,False,14810,False,,,,
MWP-0423,"1159 Co Rd 24, Granville, NY, 12832",Match,Exact,"1159 CO RD 24, GRANVILLE, NY, 12832",43.41893730599,-73.269206922374,census_batch_geographies,139145524,L,36,NY,115,084001,2013,NY,True,12832,12832,True,12832,True,,,,
MWP-0424,", , NY, 11598",No_Match,,,,,,,,,,,,,NY,,11598,,,,,40.630935,-73.712339,zcta_centroid_gazetteer,no_street_address_in_panel
MWP-0425,"3830 Parrott Drive, Charlotte, NC, 28244",Match,Non_Exact,"3830 PARROTT DR, CHARLOTTE, NC, 28214",35.243682272331,-80.992032380572,census_batch_geographies,648376475,R,37,NC,119,005919,1011,NC,True,28244,28214,False,28214,False,,,,
MWP-0428,"1610 Old Greensboro Road, Kernersville, NC, 27284",Match,Exact,"1610 OLD GREENSBORO RD, KERNERSVILLE, NC, 27284",36.109617803844,-80.025432417929,census_batch_geographies,641651592,R,37,NC,081,016201,1059,NC,True,27284,27284,True,27235,False,,,,
MWP-0429,"6495 Franz Warner Parkway, Whitsett, NC, 27377",Match,Exact,"6495 FRANZ WARNER PKWY, WHITSETT, NC, 27377",36.05311581357,-79.603844107127,census_batch_geographies,131118129,L,37,NC,081,017200,2015,NC,True,27377,27377,True,27377,True,,,,
MWP-0430,"9817 Old Stateville Road, Charlotte, NC, 28078",Match,Non_Exact,"9817 OLD STATESVILLE RD, CHARLOTTE, NC, 28269",35.355533197514,-80.82249201017,census_batch_geographies,654871286,L,37,NC,119,005508,1015,NC,True,28078,28269,False,28269,False,,,,
MWP-0431,"4520 Bullock Farm Rd, Raleigh, NC, 27610",Match,Exact,"4520 BULLOCK FARM RD, RALEIGH, NC, 27610",35.796718362888,-78.562603687027,census_batch_geographies,612817822,R,37,NC,183,054106,4000,NC,True,27610,27610,True,27610,True,,,,
MWP-0432,"394 Fanning Fields Rd, Mills River, , 98759",Match,Non_Exact,"394 FANNING FIELDS RD, MILLS RIVER, NC, 28759",35.414681620187,-82.550243628497,census_batch_geographies,654984436,R,37,NC,089,930701,1030,,,98759,28759,False,28759,False,,,,
MWP-0435,"1000 Innovation Avenue, Cary, NC, 27560",Match,Non_Exact,"1000 INNOVATION AVE, MORRISVILLE, NC, 27560",35.86915362546,-78.81904014647,census_batch_geographies,208362061,R,37,NC,183,053609,1006,NC,True,27560,27560,True,27560,True,,,,
MWP-0436,"324 Industrial Park Rd, Franklin, NC, 28734",Match,Exact,"324 INDUSTRIAL PARK RD, FRANKLIN, NC, 28734",35.160080526813,-83.435721704801,census_batch_geographies,640450664,L,37,NC,113,970700,1018,NC,True,28734,28734,True,,,,,,
MWP-0437,"4226 Beam Road, Charlotte, NC, 28217",Match,Exact,"4226 BEAM RD, CHARLOTTE, NC, 28217",35.181831022652,-80.930554434378,census_batch_geographies,647265262,R,37,NC,119,003805,2012,NC,True,28217,28217,True,28217,True,,,,
MWP-0438,"McNair Rd & Commerce Center Drive, Tarboro, NC, 27886",No_Match,,,,,,,,,,,,,NC,,27886,,,,,35.904662,-77.511738,zcta_centroid_gazetteer,no_match_street_not_in_tiger
MWP-0439,"1005 Dunn Road, Fayetteville, NC, 28312",Match,Exact,"1005 DUNN RD, FAYETTEVILLE, NC, 28312",35.061374460528,-78.836816153213,census_batch_geographies,64206538,R,37,NC,051,001401,1013,NC,True,28312,28312,True,28312,True,,,,
MWP-0440,"Southridge Parkway and Gastonia Parkway, Bessemer City, NC, 28016",No_Match,,,,,,,,,,,,,NC,,28016,,,,,35.314932,-81.283292,zcta_centroid_gazetteer,no_match_street_not_in_tiger
MWP-0441,"Near Acme Way, Wilmington, NC, 27610",No_Match,,,,,,,,,,,,,NC,,27610,,,,,35.7444,-78.546278,zcta_centroid_gazetteer,no_match_street_not_in_tiger
MWP-0442,"1301 Sand Hill Road, Enka Village, , 98728",No_Match,,,,,,,,,,,,,,,98728,,,,,,,,no_match_street_not_in_tiger
MWP-0443,"85 Exchange Park, Kannapolis, , 29084",No_Match,,,,,,,,,,,,,,,29084,,,,,,,,no_match_street_not_in_tiger
MWP-0444,"700 Main Ave East, West Fargo, ND, 58078",Match,Exact,"700 MAIN AVE E, WEST FARGO, ND, 58078",46.87671324109,-96.887060725638,census_batch_geographies,640610031,L,38,ND,017,010206,2007,ND,True,58078,58078,True,58078,True,,,,
MWP-0445,"Highway 22 and 30th Street SW, Dickinson, ND, 58601",Match,Exact,"STATE HWY 22 & 30TH ST SW, DICKINSON, ND, 58601",46.980874493483,-102.789731843184,census_batch_geographies,,,38,ND,089,963900,3026,ND,True,58601,58601,True,58601,True,,,,
MWP-0446,"East Minot, Grand Forks, ND, 58201",No_Match,,,,,,,,,,,,,ND,,58201,,,,,47.866638,-97.141144,zcta_centroid_gazetteer,no_match_street_not_in_tiger
MWP-0447,"26555 Bluestone cS Blvd, Euclid, OH, 44132",No_Match,,,,,,,,,,,,,OH,,44132,,,,,41.606424,-81.497217,zcta_centroid_gazetteer,no_match_street_not_in_tiger
MWP-0448,"ae Read. a Picton Parkway and Pickle Road, Akron, OH, 44312",No_Match,,,,,,,,,,,,,OH,,44312,,,,,41.006513,-81.438547,zcta_centroid_gazetteer,no_match_street_not_in_tiger
MWP-0449,"12111 DeBartolo Drive, North Jackson, OH, 44451",Match,Exact,"12111 DEBARTOLO DR, NORTH JACKSON, OH, 44451",41.098090669757,-80.880916065911,census_batch_geographies,64618074,L,39,OH,099,812700,2019,OH,True,44451,44451,True,44451,True,,,,
MWP-0450,"24800 Miles Road, Bedford Heights, OH, 44146",Match,Exact,"24800 MILES RD, BEDFORD HEIGHTS, OH, 44146",41.424198618498,-81.504057601071,census_batch_geographies,61154449,R,39,OH,035,133104,1002,OH,True,44146,44146,True,44146,True,,,,
MWP-0451,"10801 Madison Ave, Cleveland, OH, 44102",Match,Exact,"10801 MADISON AVE, CLEVELAND, OH, 44102",41.476979100763,-81.760880814591,census_batch_geographies,61100804,L,39,OH,035,101400,1002,OH,True,44102,44102,True,44102,True,,,,
MWP-0452,"3880 Lockbourne Industrial Parkway, Columbus, OH, 43207",Match,Exact,"3880 LOCKBOURNE INDUSTRL PKWY, COLUMBUS, OH, 43207",39.886971158585,-82.963644610047,census_batch_geographies,218642508,L,39,OH,049,009520,1036,OH,True,43207,43207,True,43207,True,,,,
MWP-0453,"1930 Composite Drive, Kettering, OH, 45420",No_Match,,,,,,,,,,,,,OH,,45420,,,,,39.718818,-84.129169,zcta_centroid_gazetteer,no_match_street_not_in_tiger
MWP-0454,"43500 Victory Parkway, Solon, OH, 44139",Match,Exact,"43500 VICTORY PKWY, SOLON, OH, 44139",41.351404933464,-81.458837527276,census_batch_geographies,618412948,R,39,OH,035,195700,3031,OH,True,44139,44139,True,44139,True,,,,
MWP-0455,"6201 Collings Drive, Rickenbacker, OH, 43137",No_Match,,,,,,,,,,,,,OH,,43137,,,,,39.8089,-82.987294,zcta_centroid_gazetteer,no_match_street_not_in_tiger
MWP-0457,", , OH, 45011",No_Match,,,,,,,,,,,,,OH,,45011,,,,,39.426575,-84.497637,zcta_centroid_gazetteer,no_street_address_in_panel
MWP-0458,"510 Sunbury Road, Columbus, OH, 43219",Match,Exact,"510 SUNBURY RD, COLUMBUS, OH, 43219",39.97909307932,-82.952618340065,census_batch_geographies,218689550,R,39,OH,049,002520,1002,OH,True,43219,43219,True,43219,True,,,,
MWP-0459,"3191 River Rd, Cincinnati, OH, 45204",Match,Exact,"3191 RIVER RD, CINCINNATI, OH, 45204",39.086493913125,-84.574497957619,census_batch_geographies,636700075,L,39,OH,061,010300,1006,OH,True,45204,45204,True,45204,True,,,,
MWP-0460,"Intersection of Interstate 77 and Pershing Avenue, Cleveland, OH, 44127",No_Match,,,,,,,,,,,,,OH,,44127,,,,,41.471013,-81.648805,zcta_centroid_gazetteer,no_match_street_not_in_tiger
MWP-0461,"20801 Miles Road, North Randall, OH, 44128",Match,Exact,"20801 MILES RD, NORTH RANDALL, OH, 44128",41.428390430946,-81.530442785848,census_batch_geographies,651796343,L,39,OH,035,197000,2003,OH,True,44128,44128,True,44128,True,,,,
MWP-0462,", , OH, 44805",No_Match,,,,,,,,,,,,,OH,,44805,,,,,40.87322,-82.322775,zcta_centroid_gazetteer,no_street_address_in_panel
MWP-0463,"Perkins-Jones Road NE, Bazetta Township, OH, 44483",No_Match,,,,,,,,,,,,,OH,,44483,,,,,41.26359,-80.817044,zcta_centroid_gazetteer,no_match_street_not_in_tiger
MWP-0464,"9309 Cincinnati Dayton Rd, West Chester, OH, 45069",Match,Exact,"9309 CINCINNATI DAYTON RD, WEST CHESTER, OH, 45069",39.318833734082,-84.412273093894,census_batch_geographies,113801853,R,39,OH,017,011131,1000,OH,True,45069,45069,True,45069,True,,,,
MWP-0465,"3134 Lightner Road, Vandalia, OH, 45377",Match,Exact,"3134 LIGHTNER RD, VANDALIA, OH, 45377",39.9223738936,-84.219427809644,census_batch_geographies,647877062,R,39,OH,113,110100,1001,OH,True,45377,45377,True,45377,True,,,,
MWP-0466,"13510 E 59th St, Tulsa, OK, 74134",No_Match,,,,,,,,,,,,,OK,,74134,,,,,36.10981,-95.797189,zcta_centroid_gazetteer,no_match_street_not_in_tiger
MWP-0467,"6101 SW 44th St, Oklahoma City, OK, 73179",Match,Exact,"6101 SW 44TH ST, OKLAHOMA CITY, OK, 73179",35.420734445422,-97.621367817014,census_batch_geographies,641577810,R,40,OK,109,108604,5036,OK,True,73179,73179,True,73179,True,,,,
MWP-0468,"6801 S Air Depot Blvd, Oklahoma City, OK, 73135",Match,Exact,"6801 S AIR DEPOT BLVD, OKLAHOMA CITY, OK, 73135",35.399150341513,-97.406045420839,census_batch_geographies,100418950,R,40,OK,109,107406,4006,OK,True,73135,73135,True,73135,True,,,,
MWP-0469,"5200 S. 49th W Ave, Tulsa, OK, 74107",Match,Exact,"5200 S 49TH W AVE, TULSA, OK, 74107",36.088841205771,-96.047481269261,census_batch_geographies,640730332,R,40,OK,143,006600,2043,OK,True,74107,74107,True,74107,True,,,,
MWP-0470,"2108 N Ash St, Ponca City, OK, 74601",Match,Exact,"2108 N ASH ST, PONCA CITY, OK, 74601",36.727326784737,-97.095002176346,census_batch_geographies,655405962,L,40,OK,071,000100,6001,OK,True,74601,74601,True,74601,True,,,,
MWP-0471,"3623 Northstar Drive, Stillwater, OK, 74075",No_Match,,,,,,,,,,,,,OK,,74075,,,,,36.169107,-97.083365,zcta_centroid_gazetteer,no_match_street_not_in_tiger
MWP-0472,"1201 Sooner Trend Road, ED Oklahoma, OK, 73701",Match,Non_Exact,"1201 SOONER TREND, ENID, OK, 73701",36.409505951252,-97.797895358912,census_batch_geographies,635852230,L,40,OK,047,001500,1072,OK,True,73701,73701,True,73701,True,,,,
MWP-0473,"Steven W. Taylor Industrial Park near junction of Highway 375 and Highway 31, McAlester, OK, 74501",No_Match,,,,,,,,,,,,,OK,,74501,,,,,34.984203,-95.786716,zcta_centroid_gazetteer,no_match_street_not_in_tiger
MWP-0475,"1001 N Schmeer Road, Portland, OR, 97217",Match,Exact,"1001 N SCHMEER RD, PORTLAND, OR, 97217",45.589036301007,-122.675677556221,census_batch_geographies,157596612,R,41,OR,051,007202,3063,OR,True,97217,97217,True,97217,True,,,,
MWP-0477,"15000 N. Lombard Street, Portland, OR, 97203",No_Match,,,,,,,,,,,,,OR,,97203,,,,,45.603552,-122.737916,zcta_centroid_gazetteer,no_match_street_not_in_tiger
MWP-0478,"5475 Gaffin Rd SE, Salem, OR, 97317",Match,Exact,"5475 GAFFIN RD SE, SALEM, OR, 97317",44.904394862067,-122.94819682026,census_batch_geographies,629265073,L,41,OR,047,001802,1021,OR,True,97317,97317,True,97317,True,,,,
MWP-0479,"3791 Table Rock Road, Central Point, OR, 97502",Match,Exact,"3791 TABLE ROCK RD, CENTRAL POINT, OR, 97502",42.371736051016,-122.885391808055,census_batch_geographies,155608163,L,41,OR,029,001100,3022,OR,True,97502,97502,True,97502,True,,,,
MWP-0480,"6250 Altamont Drive, Klamath Falls, OR, 97603",Match,Exact,"6250 ALTAMONT DR, KLAMATH FALLS, OR, 97603",42.170097412216,-121.748656322452,census_batch_geographies,156660295,L,41,OR,035,970800,2043,OR,True,97603,97603,True,97603,True,,,,
MWP-0481,"2595 Brodhead Rd, Bethlehem, PA, 18020",Match,Exact,"2595 BRODHEAD RD, BETHLEHEM, PA, 18020",40.679320826597,-75.358649214819,census_batch_geographies,648285104,L,42,PA,095,017605,1048,PA,True,18020,18020,True,18020,True,,,,
MWP-0482,"2150 North Park Drive, Hazle Township, PA, 18202",Match,Exact,"2150 N PARK DR, HAZLE TOWNSHIP, PA, 18202",40.949048423889,-76.043896300104,census_batch_geographies,645493567,L,42,PA,079,217001,2024,PA,True,18202,18202,True,18202,True,,,,
MWP-0483,"833 E Pittsburgh McKeesport Bld, North Versailles, PA, 15137",Match,Non_Exact,"833 E PITTSBURGH MCKEESPORT BLVD, NORTH VERSAILLES, PA, 15137",40.378738317385,-79.828246161151,census_batch_geographies,629095309,L,42,PA,003,504100,4019,PA,True,15137,15137,True,15137,True,,,,
MWP-0484,"53 West Germantown Pike, East Norriton, PA, 19401",Match,Exact,"53 W GERMANTOWN PIKE, EAST NORRITON, PA, 19401",40.143754180484,-75.315396683171,census_batch_geographies,135105012,R,42,PA,091,203303,1020,PA,True,19401,19401,True,19401,True,,,,
MWP-0485,"2400 S Weccacoe Ave, Philadelphia, PA, 19148",Match,Non_Exact,"2400 WECCACOE AVE, PHILADELPHIA, PA, 19148",39.91728445081,-75.143258087794,census_batch_geographies,636465285,R,42,PA,101,980702,1033,PA,True,19148,19148,True,19148,True,,,,
MWP-0486,"6901 Elmwood Ave, Philadelphia, PA, 19142",Match,Exact,"6901 ELMWOOD AVE, PHILADELPHIA, PA, 19142",39.918945540718,-75.235068303749,census_batch_geographies,131409232,R,42,PA,101,006200,4007,PA,True,19142,19142,True,19142,True,,,,
MWP-0487,"6 6300 3UU Bristol Dristol Pike, Levittown, PA, 19057",No_Match,,,,,,,,,,,,,PA,,19057,,,,,40.14089,-74.858362,zcta_centroid_gazetteer,no_match_street_not_in_tiger
MWP-0488,"3750 State Road, Bensalem Township, PA, 19020",No_Match,,,,,,,,,,,,,PA,,19020,,,,,40.105952,-74.936276,zcta_centroid_gazetteer,no_match_street_not_in_tiger
MWP-0489,"3025 Meeting House Rd, Philadelphia, PA, 19154",No_Match,,,,,,,,,,,,,PA,,19154,,,,,40.096483,-74.983217,zcta_centroid_gazetteer,no_match_street_not_in_tiger
MWP-0490,"2251 Cabot Blvd W, Langhorne, PA, 19047",Match,Exact,"2251 CABOT BLVD W, LANGHORNE, PA, 19047",40.192036803352,-74.868837199459,census_batch_geographies,134787847,L,42,PA,017,105801,1034,PA,True,19047,19047,True,19047,True,,,,
MWP-0492,"500 American Avenue, King of Prussia, PA, 19406",Match,Exact,"500 AMERICAN AVE, KING OF PRUSSIA, PA, 19406",40.09500371028,-75.398006256572,census_batch_geographies,645485510,L,42,PA,091,205810,4001,PA,True,19406,19406,True,19406,True,,,,
MWP-0493,"2001 Gehman Road, Towamencin, PA, 19438",Match,Non_Exact,"2001 GEHMAN RD, HARLEYSVILLE, PA, 19438",40.253789321576,-75.346786159955,census_batch_geographies,135124842,R,42,PA,091,206904,3016,PA,True,19438,19438,True,19438,True,,,,
MWP-0494,"10 Industrial Road, Elizabethtown, PA, 17022",Match,Exact,"10 INDUSTRIAL RD, ELIZABETHTOWN, PA, 17022",40.160981887464,-76.663088341073,census_batch_geographies,179718211,L,42,PA,071,010803,1016,PA,True,17022,17022,True,17022,True,,,,
MWP-0496,", , PA, 19428",No_Match,,,,,,,,,,,,,PA,,19428,,,,,40.080216,-75.302504,zcta_centroid_gazetteer,no_street_address_in_panel
MWP-0497,"760 Moore Rd, King of Prussia, PA, 19406",Match,Exact,"760 MOORE RD, KING OF PRUSSIA, PA, 19406",40.1016192099,-75.41178723499,census_batch_geographies,135070283,L,42,PA,091,205810,5000,PA,True,19406,19406,True,19406,True,,,,
MWP-0498,"7125 Grayson Rd, Harrisburg, , 17411",Match,Non_Exact,"7125 GRAYSON RD, HARRISBURG, PA, 17111",40.263335086946,-76.761557378703,census_batch_geographies,623567658,R,42,PA,043,022800,1012,,,17411,17111,False,17111,False,,,,
MWP-0499,"200 Capital Lane, Middletown, PA, 17057",No_Match,,,,,,,,,,,,,PA,,17057,,,,,40.19435,-76.726246,zcta_centroid_gazetteer,no_match_street_not_in_tiger
MWP-0500,"1 Geoffrey Road, Morrisville, PA, 19030",Match,Non_Exact,"1 GEOFFREY DR, FAIRLESS HILLS, PA, 19030",40.187237926558,-74.794653390402,census_batch_geographies,134724270,L,42,PA,017,105805,4007,PA,True,19030,19030,True,19030,True,,,,
MWP-0501,"1156 Four Star Drive, Rapho Township, PA, 17552",No_Match,,,,,,,,,,,,,PA,,17552,,,,,40.108352,-76.51092,zcta_centroid_gazetteer,no_match_street_not_in_tiger
MWP-0502,"5185 Crackersport Road, Allentown, PA, 18104",Match,Exact,"5185 CRACKERSPORT RD, ALLENTOWN, PA, 18104",40.597120111739,-75.577290150898,census_batch_geographies,80798823,L,42,PA,077,006002,3054,PA,True,18104,18104,True,18104,True,,,,
MWP-0503,"575 Research Drive, Pittston Township, PA, 18640",No_Match,,,,,,,,,,,,,PA,,18640,,,,,41.297358,-75.740248,zcta_centroid_gazetteer,no_match_street_not_in_tiger
MWP-0504,"501 North Drive, Sewickley, PA, 15143",Match,Exact,"501 NORTH DR, SEWICKLEY, PA, 15143",40.531690052926,-80.136014601826,census_batch_geographies,51707574,R,42,PA,003,563800,2005,PA,True,15143,15143,True,15143,True,,,,
MWP-0505,"700 Ramona Ave, Philadelphia, PA, 19120",Match,Exact,"700 RAMONA AVE, PHILADELPHIA, PA, 19120",40.015488993626,-75.113106706394,census_batch_geographies,131459857,R,42,PA,101,028901,2006,PA,True,19120,19120,True,19120,True,,,,
MWP-0506,"179 McClaren Road, Findlay Township, PA, 15108",Match,Non_Exact,"179 MCCLAREN RD, MOON TOWNSHIP, PA, 15108",40.46255470896,-80.220434409627,census_batch_geographies,655520663,R,42,PA,003,452000,2010,PA,True,15108,15108,True,15108,True,,,,
MWP-0507,"27 51st Street, Pittsburgh, PA, 15201",Match,Exact,"27 51ST ST, PITTSBURGH, PA, 15201",40.480886408845,-79.959102255985,census_batch_geographies,51641937,L,42,PA,003,101100,2007,PA,True,15201,15201,True,15201,True,,,,
MWP-0508,"13200 Townsend Road, Philadelphia, PA, 19154",Match,Exact,"13200 TOWNSEND RD, PHILADELPHIA, PA, 19154",40.107177912823,-74.977798792385,census_batch_geographies,131459697,L,42,PA,101,036400,1028,PA,True,19154,19154,True,19154,True,,,,
MWP-0509,"3101 Pleasant Valley Blvd, Altoona, PA, 16602",Match,Exact,"3101 PLEASANT VALLEY BLVD, ALTOONA, PA, 16602",40.486470033769,-78.399494903875,census_batch_geographies,49723353,L,42,PA,013,101200,4004,PA,True,16602,16602,True,16602,True,,,,
MWP-0510,"Lionville Station Road and the Pennsylvania Turnpike I76, Chester Springs, PA, 19425",No_Match,,,,,,,,,,,,,PA,,19425,,,,,40.104954,-75.643665,zcta_centroid_gazetteer,no_match_street_not_in_tiger
MWP-0511,"776 Saegers Station Rd, Montgomery, PA, 17752",Match,Exact,"776 SAEGERS STATION RD, MONTGOMERY, PA, 17752",41.180628585707,-76.845842493666,census_batch_geographies,59449967,R,42,PA,081,011701,2007,PA,True,17752,17752,True,17752,True,,,,
MWP-0513,"Youngstown, , PA, 15650",No_Match,,,,,,,,,,,,,PA,,15650,,,,,40.277177,-79.392906,zcta_centroid_gazetteer,no_match_street_not_in_tiger
MWP-0514,"Warren, , PA, 16365",No_Match,,,,,,,,,,,,,PA,,16365,,,,,41.840178,-79.157366,zcta_centroid_gazetteer,no_match_street_not_in_tiger
MWP-0515,"Bradford, , PA, 16701",No_Match,,,,,,,,,,,,,PA,,16701,,,,,41.918671,-78.750365,zcta_centroid_gazetteer,no_match_street_not_in_tiger
MWP-0516,"Warren, , PA, 16365",No_Match,,,,,,,,,,,,,PA,,16365,,,,,41.840178,-79.157366,zcta_centroid_gazetteer,no_match_street_not_in_tiger
MWP-0517,"Youngstown, , PA, 15650",No_Match,,,,,,,,,,,,,PA,,15650,,,,,40.277177,-79.392906,zcta_centroid_gazetteer,no_match_street_not_in_tiger
MWP-0518,"Off the PR-22 Highway, Dorado, PR, 00646",No_Match,,,,,,,,,,,,,PR,,00646,,,,,18.432897,-66.286499,zcta_centroid_gazetteer,no_match_street_not_in_tiger
MWP-0521,"1631 Old Dunbar Road, Cayce, SC, 29172",Match,Exact,"1631 OLD DUNBAR RD, CAYCE, SC, 29172",33.927959138,-81.108907395527,census_batch_geographies,70073783,L,45,SC,063,020605,1021,SC,True,29172,29172,True,29172,True,,,,
MWP-0522,"744 Frontage Road, Greenville, SC, 29611",Match,Exact,"744 FRONTAGE RD, GREENVILLE, SC, 29611",34.786730628361,-82.448699831746,census_batch_geographies,38304255,R,45,SC,045,003602,2004,SC,True,29611,29611,True,29611,True,,,,
MWP-0523,"7409 Magi Road, Hanahan, SC, 29410",Match,Exact,"7409 MAGI RD, HANAHAN, SC, 29410",32.950553101759,-80.006929613184,census_batch_geographies,605112862,R,45,SC,015,020812,2007,SC,True,29410,29410,True,29410,True,,,,
MWP-0524,"N Williston Rd, Florence, SC, 29506",No_Match,,,,,,,,,,,,,SC,,29506,,,,,34.210452,-79.649896,zcta_centroid_gazetteer,no_match_street_not_in_tiger
MWP-0525,"237 Jedburg Road, , SC, 29483",Match,Exact,"237 JEDBURG RD, SUMMERVILLE, SC, 29483",33.059753692959,-80.232094259264,census_batch_geographies,636593199,L,45,SC,035,010501,1012,SC,True,29483,29483,True,29483,True,,,,
MWP-0526,"Fairview Street Extension, Fountain Inn, SC, 29644",No_Match,,,,,,,,,,,,,SC,,29644,,,,,34.666107,-82.195445,zcta_centroid_gazetteer,no_match_street_not_in_tiger
MWP-0527,"820 East 60th Street N, Sioux Falls, SD, 57104",Match,Non_Exact,"820 E 60TH ST, SIOUX FALLS, SD, 57104",43.602056441451,-96.716284200546,census_batch_geographies,654652948,L,46,SD,099,000100,1010,SD,True,57104,57104,True,57104,True,,,,
MWP-0528,", , SD, 57701",No_Match,,,,,,,,,,,,,SD,,57701,,,,,44.121777,-103.201222,zcta_centroid_gazetteer,no_street_address_in_panel
MWP-0529,"3140 Victory Ridge Cove, North Memphis, TN, 38128",No_Match,,,,,,,,,,,,,TN,,38128,,,,,35.224574,-89.926689,zcta_centroid_gazetteer,no_match_street_not_in_tiger
MWP-0531,"Robert C. Jackson Drive at 321, Maryville, TN, 37801",No_Match,,,,,,,,,,,,,TN,,37801,,,,,35.671704,-84.080473,zcta_centroid_gazetteer,no_match_street_not_in_tiger
MWP-0532,"3347 Pearson, Memphis, TN, 38118",Match,Non_Exact,"3347 PEARSON RD, MEMPHIS, TN, 38118",35.072624664459,-89.95049361994,census_batch_geographies,638154813,R,47,TN,157,980100,1004,TN,True,38118,38118,True,38118,True,,,,
MWP-0533,"710 Myatt Drive, Madison, TN, 37115",Match,Exact,"710 MYATT DR, MADISON, TN, 37115",36.29407410166,-86.696810613647,census_batch_geographies,97182992,R,47,TN,037,010401,2002,TN,True,37115,37115,True,37115,True,,,,
MWP-0534,"342 Mason Rd, La Vergne, TN, 37086",Match,Exact,"342 MASON RD, LA VERGNE, TN, 37086",36.002817220339,-86.586000303207,census_batch_geographies,636648829,L,47,TN,149,040200,1048,TN,True,37086,37086,True,37086,True,,,,
MWP-0535,"1000 Richard Petty Way, lebanon: Tannesses:, TN, 37090",No_Match,,,,,,,,,,,,,TN,,37090,,,,,36.115439,-86.297637,zcta_centroid_gazetteer,no_match_street_not_in_tiger
MWP-0536,"7260 Goodlett Farms Parkway, Memphis, TN, 38016",Match,Non_Exact,"7260 GOODLETT FARMS PKWY, CORDOVA, TN, 38016",35.180224662103,-89.820798759199,census_batch_geographies,607410620,L,47,TN,157,021121,2022,TN,True,38016,38016,True,38016,True,,,,
MWP-0537,"Highway 223 and Lager Lane, Jackson, TN, 38301",No_Match,,,,,,,,,,,,,TN,,38301,,,,,35.588164,-88.853395,zcta_centroid_gazetteer,no_match_street_not_in_tiger
MWP-0538,"4616-6 West Howard Lane, Austin, TX, 78728",Match,Non_Exact,"4616 HOWARD LN, AUSTIN, TX, 78728",30.443680693459,-97.707785958741,census_batch_geographies,649012452,R,48,TX,453,043000,1003,TX,True,78728,78728,True,78728,True,,,,
MWP-0539,"7000 Metropolis Dr, Austin, TX, 78744",No_Match,,,,,,,,,,,,,TX,,78744,,,,,30.177791,-97.725147,zcta_centroid_gazetteer,no_match_street_not_in_tiger
MWP-0540,"14801 Campo Del Sol Parkway, Buda Texas, TX, 78610",No_Match,,,,,,,,,,,,,TX,,78610,,,,,30.079459,-97.841011,zcta_centroid_gazetteer,no_match_street_not_in_tiger
MWP-0541,"3150 Chisholm Trade Road, Round Rock, TX, 78681",Match,Non_Exact,"3150 CHISHOLM TRAIL RD, ROUND ROCK, TX, 78681",30.545829932527,-97.6947538425,census_batch_geographies,126423077,L,48,TX,491,020607,2001,TX,True,78681,78681,True,78681,True,,,,
MWP-0542,"12401 North Stemmons Fwy, Farmers Branch, TX, 75234",Match,Exact,"12401 N STEMMONS FWY, FARMERS BRANCH, TX, 75234",32.915191254536,-96.900113152956,census_batch_geographies,102889765,L,48,TX,113,014002,1183,TX,True,75234,75234,True,75234,True,,,,
MWP-0543,"3838 W Miller Road, Garland, TX, 75041",No_Match,,,,,,,,,,,,,TX,,75041,,,,,32.880196,-96.651555,zcta_centroid_gazetteer,no_match_street_not_in_tiger
MWP-0544,"4601 Gold Spike Drive, Fort Worth, TX, 76106",Match,Exact,"4601 GOLD SPIKE DR, FORT WORTH, TX, 76106",32.826976034684,-97.352542463141,census_batch_geographies,638655205,L,48,TX,439,105009,5074,TX,True,76106,76106,True,76106,True,,,,
MWP-0545,"8901 Forney Rd, Dallas, TX, 75227",No_Match,,,,,,,,,,,,,TX,,75227,,,,,32.76681,-96.6869,zcta_centroid_gazetteer,no_match_street_not_in_tiger
MWP-0546,"3700 San Jacinto Dr, Fort Worth, TX, 76126",Match,Non_Exact,"3700 SAN JACINTO DR, FORT WORTH, TX, 76116",32.724602507576,-97.491925309718,census_batch_geographies,619873344,R,48,TX,439,110807,4003,TX,True,76126,76116,False,76126,True,,,,
MWP-0547,"1303 Ridgeview Drive, Lewisville, TX, 75057",Match,Exact,"1303 RIDGEVIEW DR, LEWISVILLE, TX, 75057",33.027245735189,-96.98243200297,census_batch_geographies,103371410,L,48,TX,121,021619,2017,TX,True,75057,75057,True,75057,True,,,,
MWP-0548,"12809 Eastgate Drive, Mesquite, TX, 75181",Match,Exact,"12809 EASTGATE DR, MESQUITE, TX, 75181",32.732759764421,-96.610267069305,census_batch_geographies,652300099,L,48,TX,113,017203,2002,TX,True,75181,75181,True,75180,False,,,,
MWP-0549,"15501 N Beach St, Roanoke, TX, 76262",No_Match,,,,,,,,,,,,,TX,,76262,,,,,33.009665,-97.219981,zcta_centroid_gazetteer,no_match_street_not_in_tiger
MWP-0550,"2400 Centennial Drive, Arlington, TX, 76011",Match,Exact,"2400 CENTENNIAL DR, ARLINGTON, TX, 76011",32.745704064584,-97.066847573068,census_batch_geographies,101912814,R,48,TX,439,121702,4023,TX,True,76011,76011,True,76011,True,,,,
MWP-0551,"16399 Gateway Drive, Frisco, TX, 75035",No_Match,,,,,,,,,,,,,TX,,75035,,,,,33.166306,-96.775635,zcta_centroid_gazetteer,no_match_street_not_in_tiger
MWP-0552,"1101 Gateway Blvd, Forney, TX, 75126",Match,Exact,"1101 GATEWAY BLVD, FORNEY, TX, 75126",32.756148311955,-96.437236282235,census_batch_geographies,656218627,L,48,TX,257,050204,1016,TX,True,75126,75126,True,75126,True,,,,
MWP-0553,"11720 N Gessner Rd, Building & Houstan, TX, 77064",Match,Non_Exact,"11720 GESSNER, HOUSTON, TX, 77064",29.938191070043,-95.546657710106,census_batch_geographies,642107813,L,48,TX,201,551502,1011,TX,True,77064,77064,True,77064,True,,,,
MWP-0554,"Brasada ae Drive, Houston, TX, 77085",No_Match,,,,,,,,,,,,,TX,,77085,,,,,29.620509,-95.485333,zcta_centroid_gazetteer,no_match_street_not_in_tiger
MWP-0555,"9155 Derrington Road, Houston, TX, 77064",Match,Exact,"9155 DERRINGTON RD, HOUSTON, TX, 77064",29.922199691884,-95.536626701283,census_batch_geographies,643349742,R,48,TX,201,534101,2004,TX,True,77064,77064,True,77064,True,,,,
MWP-0556,"5615 W. Fuqua St, Houston, TX, 77085",Match,Exact,"5615 W FUQUA ST, HOUSTON, TX, 77085",29.612134323684,-95.466283891999,census_batch_geographies,638592117,R,48,TX,201,330302,1019,TX,True,77085,77085,True,77085,True,,,,
MWP-0557,"28420 West Ten Blvd, Katy, TX, 77494",No_Match,,,,,,,,,,,,,TX,,77494,,,,,29.744657,-95.815536,zcta_centroid_gazetteer,no_match_street_not_in_tiger
MWP-0558,"11311 N. Gessner Drive, Houston, TX, 77064",Match,Non_Exact,"11311 GESSNER, HOUSTON, TX, 77064",29.942653546606,-95.546829930415,census_batch_geographies,642107813,R,48,TX,201,551502,2001,TX,True,77064,77064,True,77064,True,,,,
MWP-0559,"3031 S. Sam Houston Parkway E, Houston, TX, 77032",No_Match,,,,,,,,,,,,,TX,,77032,,,,,29.985874,-95.345795,zcta_centroid_gazetteer,no_match_street_not_in_tiger
MWP-0560,"12900 W Airport Road, Sugar Land, TX, 77478",Match,Non_Exact,"12900 W AIRPORT BLVD, SUGAR LAND, TX, 77478",29.645779293778,-95.609478169178,census_batch_geographies,641111133,R,48,TX,157,672003,1011,TX,True,77478,77478,True,77478,True,,,,
MWP-0561,"22300 Northcrest Drive, Spring, TX, 77389",No_Match,,,,,,,,,,,,,TX,,77389,,,,,30.123469,-95.517064,zcta_centroid_gazetteer,no_match_street_not_in_tiger
MWP-0562,"1102 State Highway 161, Grande Prairie, TX, 75051",Match,Non_Exact,"1102 STATE HWY 161, GRAND PRAIRIE, TX, 75051",32.732197244327,-97.020078533367,census_batch_geographies,657162964,R,48,TX,113,016100,2016,TX,True,75051,75051,True,75051,True,,,,
MWP-0563,"9851 Fallbrook Pines Dr, Houston, TX, 77064",No_Match,,,,,,,,,,,,,TX,,77064,,,,,29.924186,-95.541691,zcta_centroid_gazetteer,no_match_street_not_in_tiger
MWP-0564,"550 Harper Drive, Paris, TX, 75460",No_Match,,,,,,,,,,,,,TX,,75460,,,,,33.662129,-95.604973,zcta_centroid_gazetteer,no_match_street_not_in_tiger
MWP-0565,"ee Ranch, , TX, 77365",No_Match,,,,,,,,,,,,,TX,,77365,,,,,30.11348,-95.274545,zcta_centroid_gazetteer,no_match_street_not_in_tiger
MWP-0566,"7491 Rankin Road, Humble, TX, 77396",Match,Exact,"7491 RANKIN RD, HUMBLE, TX, 77396",29.965054763894,-95.27653974047,census_batch_geographies,96659553,L,48,TX,201,250101,1002,TX,True,77396,77396,True,77396,True,,,,
MWP-0567,"6422 E Campus Drive, San Antonio, TX, 78247",Match,Exact,"6422 E CAMPUS DR, SAN ANTONIO, TX, 78247",29.599440478687,-98.363127950536,census_batch_geographies,101710519,L,48,TX,029,121813,1003,TX,True,78247,78247,True,78247,True,,,,
MWP-0568,"1120 N. Foster Road, San Antonio, TX, 78219",Match,Exact,"1120 N FOSTER RD, SAN ANTONIO, TX, 78219",29.434546564833,-98.360640791404,census_batch_geographies,658319801,R,48,TX,029,131802,1006,TX,True,78219,78219,True,78219,True,,,,
MWP-0569,"11503 South Interstate 35, San Antonio, TX, 78073",No_Match,,,,,,,,,,,,,TX,,78073,,,,,29.243915,-98.622442,zcta_centroid_gazetteer,no_match_street_not_in_tiger
MWP-0570,"11602 Tech Com Drive, San Antonio, TX, 78233",Match,Non_Exact,"11602 TECH COM, SAN ANTONIO, TX, 78233",29.544375934686,-98.377013227677,census_batch_geographies,101756171,R,48,TX,029,121203,1022,TX,True,78233,78233,True,78233,True,,,,
MWP-0571,"1150 Schwab Rd, New Braunfels, TX, 78132",No_Match,,,,,,,,,,,,,TX,,78132,,,,,29.758817,-98.191068,zcta_centroid_gazetteer,no_match_street_not_in_tiger
MWP-0572,"4886 N Loop 1604 W, San Antonio, TX, 78216",No_Match,,,,,,,,,,,,,TX,,78216,,,,,29.538739,-98.491258,zcta_centroid_gazetteer,no_match_street_not_in_tiger
MWP-0573,"New Caney, , TX, 77357",No_Match,,,,,,,,,,,,,TX,,77357,,,,,30.156882,-95.181121,zcta_centroid_gazetteer,no_match_street_not_in_tiger
MWP-0574,"Centerpoint Boulevard and Benchmark Street, Amarillo, TX, 79108",Match,Non_Exact,"CENTERPORT BLVD & BENCHMARK ST, AMARILLO, TX, 79108",35.230260065067,-101.73436659128,census_batch_geographies,,,48,TX,375,014401,1015,TX,True,79108,79108,True,79108,True,,,,
MWP-0575,"1500 N US 281, Stephenville, TX, 76401",No_Match,,,,,,,,,,,,,TX,,76401,,,,,32.271207,-98.205511,zcta_centroid_gazetteer,no_match_street_not_in_tiger
MWP-0576,"Production Boulevard, Tyler, TX, 75708",No_Match,,,,,,,,,,,,,TX,,75708,,,,,32.413219,-95.208673,zcta_centroid_gazetteer,no_match_street_not_in_tiger
MWP-0577,"4975 Gulf Freeway, La Marque, TX, 77568",Match,Exact,"4975 GULF FWY, LA MARQUE, TX, 77568",29.385657961396,-95.016830412892,census_batch_geographies,96722435,L,48,TX,167,723200,1035,TX,True,77568,77568,True,77568,True,,,,
MWP-0579,"1121 Fulwiler Rd, Abilene, TX, 79603",Match,Exact,"1121 FULWILER RD, ABILENE, TX, 79603",32.463901746542,-99.820597500478,census_batch_geographies,129977269,R,48,TX,441,013100,1019,TX,True,79603,79603,True,79603,True,,,,
MWP-0580,"4301 W Military Highway, McAllen, TX, 78503",Match,Exact,"4301 W MILITARY HWY, MCALLEN, TX, 78503",26.153590843177,-98.277560995176,census_batch_geographies,71531419,L,48,TX,215,020510,2013,TX,True,78503,78503,True,78503,True,,,,
MWP-0581,"9333 State Highway 44, Corpus Christi, TX, 78406",Match,Exact,"9333 STATE HWY 44, CORPUS CHRISTI, TX, 78406",27.781251527647,-97.543527622791,census_batch_geographies,637084569,R,48,TX,355,000800,1038,TX,True,78406,78406,True,78406,True,,,,
MWP-0582,"3850 Venture Drive, San Angelo, TX, 76905",Match,Exact,"3850 VENTURE DR, SAN ANGELO, TX, 76905",31.476575541781,-100.382793292214,census_batch_geographies,190696803,L,48,TX,451,001600,3028,TX,True,76905,76905,True,76905,True,,,,
MWP-0583,"2291 S. Commerce Center Drive, West Valley City, UT, 84120",Match,Exact,"2291 S COMMERCE CENTER DR, WEST VALLEY CITY, UT, 84120",40.719551867048,-111.993874869681,census_batch_geographies,645874861,L,49,UT,035,114500,3132,UT,True,84120,84120,True,84120,True,,,,
MWP-0585,"620 South 5700 West, Salt Lake City, UT, 84104",Match,Non_Exact,"620 5700 W, SALT LAKE CITY, UT, 84104",40.756779976954,-112.027383729347,census_batch_geographies,631958051,R,49,UT,035,113906,1021,UT,True,84104,84104,True,84104,True,,,,
MWP-0587,"989 W Center Street, North Salt Lake, , 94054",Match,Non_Exact,"989 CENTER ST, NORTH SALT LAKE, UT, 84054",40.841882661465,-111.934300452155,census_batch_geographies,155361806,R,49,UT,011,127002,4032,,,94054,84054,False,84054,False,,,,
MWP-0588,"1748 West 700 North, Marriott- Slaterville, UT, 84404",Match,Non_Exact,"1748 W 700 S, MARRIOTT SLATERVILLE, UT, 84404",41.25179162003,-112.021886228406,census_batch_geographies,652091708,R,49,UT,057,210404,2032,UT,True,84404,84404,True,84404,True,,,,
MWP-0589,"5617 Industrial Drive, Springfield, VA, 22151",Match,Exact,"5617 INDUSTRIAL DR, SPRINGFIELD, VA, 22151",38.800185933824,-77.169004230716,census_batch_geographies,655541174,L,51,VA,059,452501,1011,VA,True,22151,22151,True,22151,True,,,,
MWP-0590,"44301 Mercure Circle, Sterling, VA, 20166",Match,Exact,"44301 MERCURE CIR, STERLING, VA, 20166",38.98601430154,-77.473654734899,census_batch_geographies,62337888,L,51,VA,107,611901,3035,VA,True,20166,20166,True,20166,True,,,,
MWP-0591,"5533 Wellington Rd, Gainesville, VA, 20155",Match,Exact,"5533 WELLINGTON RD, GAINESVILLE, VA, 20155",38.793815194737,-77.595411414898,census_batch_geographies,207157304,L,51,VA,153,901421,2006,VA,True,20155,20155,True,20155,True,,,,
MWP-0592,"1920 Campostella Rd, Chesapeake, VA, 23324",Match,Exact,"1920 CAMPOSTELLA RD, CHESAPEAKE, VA, 23324",36.787338152514,-76.265049941317,census_batch_geographies,623900896,L,51,VA,550,020700,4000,VA,True,23324,23324,True,23324,True,,,,
MWP-0593,"1400 Sewells Point Rd, Norfolk, VA, 23502",Match,Exact,"1400 SEWELLS POINT RD, NORFOLK, VA, 23502",36.865948901851,-76.228729455203,census_batch_geographies,122141961,R,51,VA,710,006200,2024,VA,True,23502,23502,True,23502,True,,,,
MWP-0594,"210 W Mercury Boulevard, Newport News, VA, 23669",Match,Non_Exact,"210 W MERCURY BLVD, HAMPTON, VA, 23669",37.043876469209,-76.358889130037,census_batch_geographies,103810504,L,51,VA,650,010701,2010,VA,True,23669,23669,True,23669,True,,,,
MWP-0595,"1601 Bellwood Rd, Richmond, VA, 23237",Match,Exact,"1601 BELLWOOD RD, RICHMOND, VA, 23237",37.416560644709,-77.414817147605,census_batch_geographies,201583825,L,51,VA,041,100403,3004,VA,True,23237,23237,True,23237,True,,,,
MWP-0596,"181 Centreport Pkwy, Fredericksburg, VA, 22406",Match,Exact,"181 CENTERPORT PKWY, FREDERICKSBURG, VA, 22406",38.388995456397,-77.447298392409,census_batch_geographies,657140360,R,51,VA,179,010218,2020,VA,True,22406,22406,True,22406,True,,,,
MWP-0597,"11900 Balls Ford Rd, Manassas, VA, 20109",Match,Exact,"11900 BALLS FORD RD, MANASSAS, VA, 20109",38.794338874825,-77.551588174364,census_batch_geographies,207160082,R,51,VA,153,901418,2001,VA,True,20109,20109,True,20109,True,,,,
MWP-0598,"245 Thomas Road, Bristol, VA, 24201",Match,Exact,"245 THOMAS RD, BRISTOL, VA, 24201",36.62037770132,-82.122325563105,census_batch_geographies,154352081,R,51,VA,520,020400,1047,VA,True,24201,24201,True,24201,True,,,,
MWP-0600,"182 Johns Manville Dr, Edinburg, VA, 22624",Match,Non_Exact,"182 JOHNS MANVILLE DR, EDINBURG, VA, 22824",38.841378504967,-78.541096659551,census_batch_geographies,55930760,R,51,VA,171,040600,2000,VA,True,22624,22824,False,,,,,,
MWP-0601,"461 N Main St, Kilmarnock, VA, 22482",Match,Exact,"461 N MAIN ST, KILMARNOCK, VA, 22482",37.721289039681,-76.386108546746,census_batch_geographies,30807581,L,51,VA,103,030200,2016,VA,True,22482,22482,True,,,,,,
MWP-0602,"NW corner of Russell Branch Parkway and Ashburn Village Boulevard, Ashburn, VA, 20147",Match,Non_Exact,"RUSSELL BRANCH PKWY & ASHBURN VILLAGE BLVD, ASHBURN, VA, 20147",39.061315198221,-77.475917058391,census_batch_geographies,,,51,VA,107,611015,1005,VA,True,20147,20147,True,20147,True,,,,
MWP-0603,"2002 Blue Hills Drive N.E, Roanoke, VA, 20147",Match,Non_Exact,"2002 BLUE HILLS DR NE, ROANOKE, VA, 24012",37.304644214705,-79.907302008769,census_batch_geographies,62945900,R,51,VA,770,000601,4002,VA,True,20147,24012,False,24012,False,,,,
MWP-0604,"2201 Harpers Road, Virginia Beach, VA, 23454",Match,Non_Exact,"2201 HARPERS RD, VIRGINIA BEACH, VA, 23453",36.784742618097,-76.038828113641,census_batch_geographies,122302196,L,51,VA,810,045408,1000,VA,True,23454,23453,False,23454,True,,,,
MWP-0605,"6705 East Marginal Way South, Seattle, WA, 98108",Match,Exact,"6705 E MARGINAL WAY S, SEATTLE, WA, 98108",47.542461144521,-122.327169845915,census_batch_geographies,186592070,R,53,WA,033,010900,2082,WA,True,98108,98108,True,98108,True,,,,
MWP-0606,"1101 SW 16th St, Renton, WA, 98057",Match,Exact,"1101 SW 16TH ST, RENTON, WA, 98057",47.465900779905,-122.230381885624,census_batch_geographies,239782796,L,53,WA,033,026200,1112,WA,True,98057,98057,True,98057,True,,,,
MWP-0607,"2201 140th Ave E, Sumner, WA, 98390",Match,Exact,"2201 140TH AVE E, SUMNER, WA, 98390",47.238632870402,-122.241780154383,census_batch_geographies,649056218,L,53,WA,053,073301,3011,WA,True,98390,98390,True,98390,True,,,,
MWP-0609,"9274 2871 2 S ANInA 102nd Street, Tukwila, WA, 98168",No_Match,,,,,,,,,,,,,WA,,98168,,,,,47.489569,-122.29996,zcta_centroid_gazetteer,no_match_street_not_in_tiger
MWP-0610,"23226 Witte Rd SE, Maple Valley, WA, 98038",No_Match,,,,,,,,,,,,,WA,,98038,,,,,47.419378,-121.958008,zcta_centroid_gazetteer,no_match_street_not_in_tiger
MWP-0611,"22001 84th Ave S, Kent, WA, 98032",Match,Exact,"22001 84TH AVE S, KENT, WA, 98032",47.404914929659,-122.228097455462,census_batch_geographies,652989431,R,53,WA,033,029206,1043,WA,True,98032,98032,True,98032,True,,,,
MWP-0612,"5509 Military Road East, Puyallup, WA, 98375",No_Match,,,,,,,,,,,,,WA,,98375,,,,,47.104262,-122.326892,zcta_centroid_gazetteer,no_match_street_not_in_tiger
MWP-0613,"3711 142nd Ave E, Sumner, WA, 98390",Match,Exact,"3711 142ND AVE E, SUMNER, WA, 98390",47.22370415986,-122.239943978602,census_batch_geographies,184760716,L,53,WA,053,073301,3011,WA,True,98390,98390,True,98390,True,,,,
MWP-0614,"315 Shuksan Way, Everett, WA, 98203",No_Match,,,,,,,,,,,,,WA,,98203,,,,,47.941999,-122.23408,zcta_centroid_gazetteer,no_match_street_not_in_tiger
MWP-0615,"6617 Associated Blvd, Everett, WA, 98203",Match,Exact,"6617 ASSOCIATED BLVD, EVERETT, WA, 98203",47.941066087426,-122.246005898035,census_batch_geographies,624279022,R,53,WA,061,041303,1000,WA,True,98203,98203,True,98203,True,,,,
MWP-0616,"6050 E Marginal Way S, Seattle, WA, 98108",Match,Exact,"6050 E MARGINAL WAY S, SEATTLE, WA, 98108",47.5478775495,-122.333926366925,census_batch_geographies,239782650,L,53,WA,033,010900,2018,WA,True,98108,98108,True,98108,True,,,,
MWP-0617,"12163 Bay Ridge Drive, Burlington, WA, 98233",Match,Exact,"12163 BAY RIDGE DR, BURLINGTON, WA, 98233",48.469792973624,-122.403147463731,census_batch_geographies,607807292,L,53,WA,057,951900,2006,WA,True,98233,98233,True,98233,True,,,,
MWP-0618,"14802 Spring St SW, Lakewood, WA, 98439",Match,Exact,"14802 SPRING ST SW, LAKEWOOD, WA, 98439",47.12182343302,-122.537475946819,census_batch_geographies,184622317,R,53,WA,053,072000,1008,WA,True,98439,98439,True,98439,True,,,,
MWP-0619,"12315 W McFarlane Rd, Airway Heights, WA, 99001",Match,Exact,"12315 W MCFARLANE RD, AIRWAY HEIGHTS, WA, 99001",47.628269103384,-117.578302813288,census_batch_geographies,189866809,L,53,WA,063,010401,1037,WA,True,99001,99001,True,99001,True,,,,
MWP-0620,"6100 N.E. 147th Avenue, Vancouver, WA, 98682",No_Match,,,,,,,,,,,,,WA,,98682,,,,,45.67296,-122.483238,zcta_centroid_gazetteer,no_match_street_not_in_tiger
MWP-0621,"5802 North Capitol Ave, Pasco, WA, 99301",No_Match,,,,,,,,,,,,,WA,,99301,,,,,46.377835,-118.951726,zcta_centroid_gazetteer,no_match_street_not_in_tiger
MWP-0622,"3485 NE Trident Way, East Wenatchee, WA, 98802",No_Match,,,,,,,,,,,,,WA,,98802,,,,,47.491932,-120.16375,zcta_centroid_gazetteer,no_match_street_not_in_tiger
MWP-0623,"501 Keys Road, Yakima, WA, 98901",Match,Exact,"501 KEYS RD, YAKIMA, WA, 98901",46.599120875397,-120.467042925379,census_batch_geographies,184937725,L,53,WA,077,001602,2006,WA,True,98901,98901,True,98901,True,,,,
MWP-0624,"2100 S. Airport Road, Port Angeles, WA, 98363",No_Match,,,,,,,,,,,,,WA,,98363,,,,,48.003513,-123.822854,zcta_centroid_gazetteer,no_match_street_not_in_tiger
MWP-0625,"3935 W. Mitchell St, Milwaukee, WI, 53125",Match,Non_Exact,"3935 W MITCHELL ST, MILWAUKEE, WI, 53215",43.012252720443,-87.963177777679,census_batch_geographies,657001797,L,55,WI,079,017100,2007,WI,True,53125,53215,False,53215,False,,,,
MWP-0626,"N53 W24700 Corporate Circle, sussex, WI, 53089",Match,Exact,"N53W24700 CORPORATE CIR, SUSSEX, WI, 53089",43.117636268447,-88.235906010068,census_batch_geographies,53847972,L,55,WI,133,203402,4000,WI,True,53089,53089,True,53089,True,,,,
MWP-0627,"4250 120th Ave, Kenosha, WI, 53144",No_Match,,,,,,,,,,,,,WI,,53144,,,,,42.622122,-87.920178,zcta_centroid_gazetteer,no_match_street_not_in_tiger
MWP-0628,"11800 W. Burleigh St, Wauwatosa, WI, 53222",Match,Exact,"11800 W BURLEIGH ST, WAUWATOSA, WI, 53222",43.07460897223,-88.060144152098,census_batch_geographies,616377250,R,55,WI,079,090200,2009,WI,True,53222,53222,True,53222,True,,,,
MWP-0629,"1925 Grandview Parkway, Sturtevant, WI, 53177",No_Match,,,,,,,,,,,,,WI,,53177,,,,,42.704395,-87.933959,zcta_centroid_gazetteer,no_match_street_not_in_tiger
MWP-0630,"3650 Milwaukee Street, Madison, WI, 53714",Match,Exact,"3650 MILWAUKEE ST, MADISON, WI, 53714",43.098292292696,-89.322346596793,census_batch_geographies,49499128,L,55,WI,025,002700,3001,WI,True,53714,53714,True,53714,True,,,,
MWP-0631,"1945 Prairie Lane, Eau Claire, WI, 54703",No_Match,,,,,,,,,,,,,WI,,54703,,,,,44.834611,-91.520448,zcta_centroid_gazetteer,no_match_street_not_in_tiger
MWP-0632,"3003 Airport Road, La Crosse, WI, 54603",Match,Exact,"3003 AIRPORT RD, LA CROSSE, WI, 54603",43.877135154523,-91.266666920078,census_batch_geographies,51022349,R,55,WI,063,010300,2004,WI,True,54603,54603,True,54603,True,,,,
MWP-0633,"7007 County Road J, Weston, WI, 54476",No_Match,,,,,,,,,,,,,WI,,54476,,,,,44.88996,-89.520725,zcta_centroid_gazetteer,no_match_street_not_in_tiger
MWP-0634,"1949 Pyrite Road, Casper, WY, 82604",Match,Exact,"1949 PYRITE RD, CASPER, WY, 82604",42.873956310874,-106.415488505484,census_batch_geographies,649768847,R,56,WY,025,001802,2181,WY,True,82604,82604,True,82604,True,,,,
MWP-0635,"3851 East 2nd Street, Gillette, WY, 82718",No_Match,,,,,,,,,,,,,WY,,82718,,,,,43.92249,-105.608852,zcta_centroid_gazetteer,no_match_street_not_in_tiger
