facility_id,operator,facility_type,city,state,zip,site_address,latitude,longitude,open_year,open_quarter,close_year,close_quarter,square_feet,status,source_url,source_type,confidence,cbsa_title,source_dataset,zcta,cbsa_code,geo_status,date_precision,date_flag,mwpvl_vouched,mwpvl_code,mwpvl_table,mwpvl_row,mwpvl_region_ocr,mwpvl_description,duplicate_of,open_date_contradicted,open_date_unresolved,not_confirmed,delayed,cancelled,closed,sqft_estimated,colocated,rural_wagon_wheel
NAT-0001,Amazon,DS,ANCHORAGE,AK,99518,5900 OLD SEWARD HIGHWAY,,,2024,4,,,,open,data/collection/results/NATIONAL_CLASSIFIED.csv,permit,high,"Anchorage, AK",national_facilities,99518,11260,ok,,,False,,,,,,,False,False,False,False,False,False,False,False,False
NAT-0002,Amazon,DS,AMERICAN CANYON,CA,94503,300 BOONE DRIVE.,,,2023,2,,,,open,data/collection/results/NATIONAL_CLASSIFIED.csv,permit,high,"Napa, CA",national_facilities,94503,34900,ok,,,False,,,,,,,False,False,False,False,False,False,False,False,False
NAT-0003,Amazon,DS,BAKERSFIELD,CA,93308,1601 PETROL ROAD,,,2022,3,,,,open,data/collection/results/NATIONAL_CLASSIFIED.csv,permit,high,"Bakersfield-Delano, CA",national_facilities,93308,12540,ok,,,False,,,,,,,False,False,False,False,False,False,False,False,False
NAT-0004,Amazon,DS,BLOOMINGTON,CA,92316,3388 SOUTH CACTUS AVENUE,,,2023,2,,,,open,data/collection/results/NATIONAL_CLASSIFIED.csv,permit,high,"Riverside-San Bernardino-Ontario, CA",national_facilities,92316,40140,ok,,,False,,,,,,,False,False,False,False,False,False,False,False,False
NAT-0005,Amazon,DS,CAMARILLO,CA,93012,3001 MISSION OAKS BOULEVARD,,,2025,4,,,,open,data/collection/results/NATIONAL_CLASSIFIED.csv,permit,high,"Oxnard-Thousand Oaks-Ventura, CA",national_facilities,93012,37100,ok,,,False,,,,,,,False,False,False,False,False,False,False,False,False
NAT-0006,Amazon,DS,CHATSWORTH,CA,91311,9031 LURLINE AVE.,,,2020,4,,,,open,data/collection/results/NATIONAL_CLASSIFIED.csv,permit,high,"Los Angeles-Long Beach-Anaheim, CA",national_facilities,91311,31080,ok,,,False,,,,,,,False,False,False,False,False,False,False,False,False
NAT-0007,Amazon,DS,CHATSWORTH,CA,91311,20730 PRAIRIE STREET,,,2022,3,,,,open,data/collection/results/NATIONAL_CLASSIFIED.csv,permit,high,"Los Angeles-Long Beach-Anaheim, CA",national_facilities,91311,31080,ok,,,False,,,,,,,False,False,False,False,False,False,False,False,False
NAT-0008,Amazon,DS,CITY OF INDUSTRY,CA,91744,15930 VALLEY BOULEVARD,,,2022,2,,,,open,data/collection/results/NATIONAL_CLASSIFIED.csv,permit,high,"Los Angeles-Long Beach-Anaheim, CA",national_facilities,91744,31080,ok,,,False,,,,,,,False,False,False,False,False,False,False,False,False
NAT-0009,Amazon,DS,DESERT HOT SPRINGS,CA,92240,64615 19TH AVENUE,,,2026,3,,,,open,data/collection/results/NATIONAL_CLASSIFIED.csv,permit,high,"Riverside-San Bernardino-Ontario, CA",national_facilities,92240,40140,ok,,,False,,,,,,,False,False,False,False,False,False,False,False,False
NAT-0010,Amazon,DS,FRESNO,CA,93725,2325 S. CEDAR AVE,,,2022,2,,,,open,data/collection/results/NATIONAL_CLASSIFIED.csv,permit,high,"Fresno, CA",national_facilities,93725,23420,ok,,,False,,,,,,,False,False,False,False,False,False,False,False,False
NAT-0011,Amazon,DS,HAWTHORNE,CA,90250,2815 W EL SEGUNDO BL,,,2020,2,,,,open,data/collection/results/NATIONAL_CLASSIFIED.csv,permit,high,"Los Angeles-Long Beach-Anaheim, CA",national_facilities,90250,31080,ok,,,False,,,,,,,False,False,False,False,False,False,False,False,False
NAT-0012,Amazon,DS,HOLLYGLEN,CA,90250,2815 W. EL SEGUNDO BLVD.,,,2017,4,,,,open,data/collection/results/NATIONAL_CLASSIFIED.csv,permit,high,"Los Angeles-Long Beach-Anaheim, CA",national_facilities,90250,31080,ok,,,False,,,,,,,False,False,False,False,False,False,False,False,False
NAT-0013,Amazon,DS,MANTECA,CA,95336,3565 NORTH AIRPORT WAY,,,2025,2,,,,open,data/collection/results/NATIONAL_CLASSIFIED.csv,permit,high,"Stockton-Lodi, CA",national_facilities,95336,44700,ok,,,False,,,,,,,False,False,False,False,False,False,False,False,False
NAT-0014,Amazon,DS,MISSION VIEJO,CA,92691,25725 JERONIMO ROAD,,,2021,3,,,,open,data/collection/results/NATIONAL_CLASSIFIED.csv,permit,high,"Los Angeles-Long Beach-Anaheim, CA",national_facilities,92691,31080,ok,,,False,,,,,,,False,False,False,False,False,False,False,False,False
NAT-0015,Amazon,DS,MODESTO,CA,95357,3731 FINCH ROAD,,,2020,2,,,,open,data/collection/results/NATIONAL_CLASSIFIED.csv,permit,high,"Modesto, CA",national_facilities,95357,33700,ok,,,False,,,,,,,False,False,False,False,False,False,False,False,False
NAT-0016,Amazon,DS,RIALTO,CA,92376,2496 W. WALNUT AVENUE,,,2020,2,,,,open,data/collection/results/NATIONAL_CLASSIFIED.csv,permit,high,"Riverside-San Bernardino-Ontario, CA",national_facilities,92376,40140,ok,,,False,,,,,,,False,False,False,False,False,False,False,False,False
NAT-0017,Amazon,DS,ROSEMEAD,CA,91770,4187 TEMPLE CITY BOULEVARD,,,2024,2,,,,open,data/collection/results/NATIONAL_CLASSIFIED.csv,permit,high,"Los Angeles-Long Beach-Anaheim, CA",national_facilities,91770,31080,ok,,,False,,,,,,,False,False,False,False,False,False,False,False,False
NAT-0018,Amazon,DS,ROSEVILLE,CA,95747,7601 FOOTHILLS BLVD,,,2022,1,,,,open,data/collection/results/NATIONAL_CLASSIFIED.csv,permit,high,"Sacramento-Roseville-Folsom, CA",national_facilities,95747,40900,ok,,,False,,,,,,,False,False,False,False,False,False,False,False,False
NAT-0019,Amazon,DS,SACRAMENTO,CA,95838,2400 MCCLELLAN PARK DRIVE,,,2022,2,,,,open,data/collection/results/NATIONAL_CLASSIFIED.csv,permit,high,"Sacramento-Roseville-Folsom, CA",national_facilities,95838,40900,ok,,,False,,,,,,,False,False,False,False,False,False,False,False,False
NAT-0020,Amazon,DS,SACRAMENTO,CA,95835,7601 METRO AIR PARKWAY,,,2026,2,,,,open,data/collection/results/NATIONAL_CLASSIFIED.csv,permit,high,"Sacramento-Roseville-Folsom, CA",national_facilities,95835,40900,ok,,,False,,,,,,,False,False,False,False,False,False,False,False,False
NAT-0021,Amazon,DS,SAN BERNARDINO,CA,92408,5990 NORTH CAJON BLVD,,,2022,2,,,,open,data/collection/results/NATIONAL_CLASSIFIED.csv,permit,high,"Riverside-San Bernardino-Ontario, CA",national_facilities,92408,40140,ok,,,False,,,,,,,False,False,False,False,False,False,False,False,False
NAT-0022,Amazon,DS,SAN DIEGO,CA,92154,6971 OTAY MESA RD.,,,2026,3,,,,open,data/collection/results/NATIONAL_CLASSIFIED.csv,permit,high,"San Diego-Chula Vista-Carlsbad, CA",national_facilities,92154,41740,ok,,,False,,,,,,,False,False,False,False,False,False,False,False,False
NAT-0023,Amazon,DS,STOCKTON,CA,95215,6001 S AUSTIN RD.,,,2022,1,,,,open,data/collection/results/NATIONAL_CLASSIFIED.csv,permit,high,"Stockton-Lodi, CA",national_facilities,95215,44700,ok,,,False,,,,,,,False,False,False,False,False,False,False,False,False
NAT-0024,Amazon,DS,STOCKTON,CA,95215,6201 NEWCASTLE RD,,,2025,3,,,,open,data/collection/results/NATIONAL_CLASSIFIED.csv,permit,high,"Stockton-Lodi, CA",national_facilities,95215,44700,ok,,,False,,,,,,,False,False,False,False,False,False,False,False,False
NAT-0025,Amazon,DS,TRACY,CA,95304,1500 EAST GRANT LINE ROAD,,,2025,1,,,,open,data/collection/results/NATIONAL_CLASSIFIED.csv,permit,high,"Stockton-Lodi, CA",national_facilities,95304,44700,ok,,,False,,,,,,,False,False,False,False,False,False,False,False,False
NAT-0026,Amazon,DS,TRACY,CA,95304,1500 E GRANTLINE RD,,,2026,3,,,,open,data/collection/results/NATIONAL_CLASSIFIED.csv,permit,high,"Stockton-Lodi, CA",national_facilities,95304,44700,ok,,,False,,,,,,,False,False,False,False,False,False,False,False,False
NAT-0027,Amazon,DS,VALENCIA,CA,91355,28820 CHASE PLACE,,,2022,3,,,,open,data/collection/results/NATIONAL_CLASSIFIED.csv,permit,high,"Los Angeles-Long Beach-Anaheim, CA",national_facilities,91355,31080,ok,,,False,,,,,,,False,False,False,False,False,False,False,False,False
NAT-0028,Amazon,DS,COLORADO SPRINGS,CO,80926,7704 MILTON E PROBY PKWY,,,2019,2,,,,open,data/collection/results/NATIONAL_CLASSIFIED.csv,permit,high,"Colorado Springs, CO",national_facilities,80926,17820,ok,,,False,,,,,,,False,False,False,False,False,False,False,False,False
NAT-0029,Amazon,DS,DAVENPORT,FL,33897,2318 WAVERLY BARN ROAD,,,2023,2,,,,open,data/collection/results/NATIONAL_CLASSIFIED.csv,permit,high,"Lakeland-Winter Haven, FL",national_facilities,33897,29460,ok,,,False,,,,,,,False,False,False,False,False,False,False,False,False
NAT-0030,Amazon,DS,LAND O LAKES,FL,34638,17030 MENTMORE BOULEVARD,,,2022,2,,,,open,data/collection/results/NATIONAL_CLASSIFIED.csv,permit,high,"Tampa-St. Petersburg-Clearwater, FL",national_facilities,34638,45300,ok,,,False,,,,,,,False,False,False,False,False,False,False,False,False
NAT-0031,Amazon,DS,ORLANDO,FL,32819,7469 KINGSPOINTE PARKWAY,,,2024,1,,,,open,data/collection/results/NATIONAL_CLASSIFIED.csv,permit,high,"Orlando-Kissimmee-Sanford, FL",national_facilities,32819,36740,ok,,,False,,,,,,,False,False,False,False,False,False,False,False,False
NAT-0032,Amazon,DS,PALMETTO,FL,34221,2906 CORPORATE WAY,,,2017,4,,,,open,data/collection/results/NATIONAL_CLASSIFIED.csv,permit,high,"North Port-Bradenton-Sarasota, FL",national_facilities,34221,35840,ok,,,False,,,,,,,False,False,False,False,False,False,False,False,False
NAT-0033,Amazon,DS,PLANT CITY,FL,33566,1760 COUNTY LINE ROAD,,,2015,1,,,,open,data/collection/results/NATIONAL_CLASSIFIED.csv,permit,high,"Tampa-St. Petersburg-Clearwater, FL",national_facilities,33566,45300,ok,,,False,,,,,,,False,False,False,False,False,False,False,False,False
NAT-0034,Amazon,DS,TAMPA,FL,33610,6384 HARNEY ROAD,,,2023,3,,,,open,data/collection/results/NATIONAL_CLASSIFIED.csv,permit,high,"Tampa-St. Petersburg-Clearwater, FL",national_facilities,33610,45300,ok,,,False,,,,,,,False,False,False,False,False,False,False,False,False
NAT-0035,Amazon,DS,TAMPA,FL,33619,8824 E ADAMO DRIVE,,,2023,4,,,,open,data/collection/results/NATIONAL_CLASSIFIED.csv,permit,high,"Tampa-St. Petersburg-Clearwater, FL",national_facilities,33619,45300,ok,,,False,,,,,,,False,False,False,False,False,False,False,False,False
NAT-0036,Amazon,DS,TEMPLE TERRACE,FL,33637,8727 HARNEY ROAD,,,2024,4,,,,open,data/collection/results/NATIONAL_CLASSIFIED.csv,permit,high,"Tampa-St. Petersburg-Clearwater, FL",national_facilities,33637,45300,ok,,,False,,,,,,,False,False,False,False,False,False,False,False,False
NAT-0037,Amazon,DS,VENICE,FL,34292,770 COMMERCE DRIVE,,,2021,3,,,,open,data/collection/results/NATIONAL_CLASSIFIED.csv,permit,high,"North Port-Bradenton-Sarasota, FL",national_facilities,34292,35840,ok,,,False,,,,,,,False,False,False,False,False,False,False,False,False
NAT-0038,Amazon,DS,BUFORD,GA,30518,5000 LANIER ISLANDS PARKWAY,,,2023,3,,,,open,data/collection/results/NATIONAL_CLASSIFIED.csv,permit,high,"Atlanta-Sandy Springs-Roswell, GA",national_facilities,30518,12060,ok,,,False,,,,,,,False,False,False,False,False,False,False,False,False
NAT-0039,Amazon,DS,POOLER,GA,31322,60 TRIPLE-B TRAIL,,,2024,4,,,,open,data/collection/results/NATIONAL_CLASSIFIED.csv,permit,high,"Savannah, GA",national_facilities,31322,42340,ok,,,False,,,,,,,False,False,False,False,False,False,False,False,False
NAT-0040,Amazon,DS,PORT WENTWORTH,GA,31407,1500 CROSSGATE ROAD,,,2023,1,,,,open,data/collection/results/NATIONAL_CLASSIFIED.csv,permit,high,"Savannah, GA",national_facilities,31407,42340,ok,,,False,,,,,,,False,False,False,False,False,False,False,False,False
NAT-0041,Amazon,DS,SMYRNA,GA,30082,4800 HIGHLANDS PARKWAY,,,2019,3,,,,open,data/collection/results/NATIONAL_CLASSIFIED.csv,permit,high,"Atlanta-Sandy Springs-Roswell, GA",national_facilities,30082,12060,ok,,,False,,,,,,,False,False,False,False,False,False,False,False,False
NAT-0042,Amazon,DS,STONE MOUNTAIN,GA,30087,2255 WEST PARK PLACE BLVD.,,,2022,1,,,,open,data/collection/results/NATIONAL_CLASSIFIED.csv,permit,high,"Atlanta-Sandy Springs-Roswell, GA",national_facilities,30087,12060,ok,,,False,,,,,,,False,False,False,False,False,False,False,False,False
NAT-0043,Amazon,DS,HONOLULU,HI,96819,2101 AUIKI STREET,,,2025,2,,,,open,data/collection/results/NATIONAL_CLASSIFIED.csv,permit,high,"Urban Honolulu, HI",national_facilities,96819,46520,ok,,,False,,,,,,,False,False,False,False,False,False,False,False,False
NAT-0044,Amazon,DS,GRIMES,IA,50111,1301 SE GATEWAY DRIVE,,,2025,1,,,,open,data/collection/results/NATIONAL_CLASSIFIED.csv,permit,high,"Des Moines-West Des Moines, IA",national_facilities,50111,19780,ok,,,False,,,,,,,False,False,False,False,False,False,False,False,False
NAT-0045,Amazon,DS,FORT WAYNE,IN,46818,5510 FLAUGH ROAD,,,2025,4,,,,open,data/collection/results/NATIONAL_CLASSIFIED.csv,permit,high,"Fort Wayne, IN",national_facilities,46818,23060,ok,,,False,,,,,,,False,False,False,False,False,False,False,False,False
NAT-0046,Amazon,DS,NEW CARLISLE,IN,46552,31100 STATE ROUTE 2,,,2026,1,,,,open,data/collection/results/NATIONAL_CLASSIFIED.csv,permit,high,"South Bend-Mishawaka, IN-MI",national_facilities,46552,43780,ok,,,False,,,,,,,False,False,False,False,False,False,False,False,False
NAT-0047,Amazon,DS,SHAWNEE,KS,66226,4054 POWELL DRIVE,,,2026,1,,,,open,data/collection/results/NATIONAL_CLASSIFIED.csv,permit,high,"Kansas City, MO-KS",national_facilities,66226,28140,ok,,,False,,,,,,,False,False,False,False,False,False,False,False,False
NAT-0048,Amazon,DS,HEBRON,KY,41048,2305 LITTON LANE,,,2020,2,,,,open,data/collection/results/NATIONAL_CLASSIFIED.csv,permit,high,"Cincinnati, OH-KY-IN",national_facilities,41048,17140,ok,,,False,,,,,,,False,False,False,False,False,False,False,False,False
NAT-0049,Amazon,DS,LEXINGTON,KY,40511,1180 NEWTOWN PIKE,,,2025,4,,,,open,data/collection/results/NATIONAL_CLASSIFIED.csv,permit,high,"Lexington-Fayette, KY",national_facilities,40511,30460,ok,,,False,,,,,,,False,False,False,False,False,False,False,False,False
NAT-0050,Amazon,DS,BELLINGHAM,MA,02019,351 MAPLE STREET,,,2025,3,,,,open,data/collection/results/NATIONAL_CLASSIFIED.csv,permit,high,"Boston-Cambridge-Newton, MA-NH",national_facilities,02019,14460,ok,,,False,,,,,,,False,False,False,False,False,False,False,False,False
NAT-0051,Amazon,DS,EVERETT,MA,02149,201 BEACHAM STREET,,,2020,1,,,,open,data/collection/results/NATIONAL_CLASSIFIED.csv,permit,high,"Boston-Cambridge-Newton, MA-NH",national_facilities,02149,14460,ok,,,False,,,,,,,False,False,False,False,False,False,False,False,False
NAT-0052,Amazon,DS,NORWOOD,MA,02062,750 EVERETT STREET,,,2024,4,,,,open,data/collection/results/NATIONAL_CLASSIFIED.csv,permit,high,"Boston-Cambridge-Newton, MA-NH",national_facilities,02062,14460,ok,,,False,,,,,,,False,False,False,False,False,False,False,False,False
NAT-0053,Amazon,DS,UXBRIDGE,MA,01569,515 DOUGLAS STREET,,,2026,3,,,,open,data/collection/results/NATIONAL_CLASSIFIED.csv,permit,high,"Worcester, MA",national_facilities,01569,49340,ok,,,False,,,,,,,False,False,False,False,False,False,False,False,False
NAT-0054,Amazon,DS,WILMINGTON,MA,01887,110 FORDHAM ROAD,,,2023,4,,,,open,data/collection/results/NATIONAL_CLASSIFIED.csv,permit,high,"Boston-Cambridge-Newton, MA-NH",national_facilities,01887,14460,ok,,,False,,,,,,,False,False,False,False,False,False,False,False,False
NAT-0055,Amazon,DS,ABERDEEN,MD,21001,913 OLD PHILADELPHIA ROAD,,,2024,1,,,,open,data/collection/results/NATIONAL_CLASSIFIED.csv,permit,high,"Baltimore-Columbia-Towson, MD",national_facilities,21001,12580,ok,,,False,,,,,,,False,False,False,False,False,False,False,False,False
NAT-0056,Amazon,DS,EDGEWOOD,MD,21040,2203 LAKESIDE BOULEVARD,,,2020,4,,,,open,data/collection/results/NATIONAL_CLASSIFIED.csv,permit,high,"Baltimore-Columbia-Towson, MD",national_facilities,21040,12580,ok,,,False,,,,,,,False,False,False,False,False,False,False,False,False
NAT-0057,Amazon,DS,ELKRIDGE,MD,21075,7200 DORSEY RUN ROAD,,,2022,3,,,,open,data/collection/results/NATIONAL_CLASSIFIED.csv,permit,high,"Baltimore-Columbia-Towson, MD",national_facilities,21075,12580,ok,,,False,,,,,,,False,False,False,False,False,False,False,False,False
NAT-0058,Amazon,DS,HIGHLANDTOWN,MD,21224,5501 HOLABIRD AVENUE,,,2018,3,,,,open,data/collection/results/NATIONAL_CLASSIFIED.csv,permit,high,"Baltimore-Columbia-Towson, MD",national_facilities,21224,12580,ok,,,False,,,,,,,False,False,False,False,False,False,False,False,False
NAT-0059,Amazon,DS,HAZEL PARK,MI,48030,1400 E 10 MILE RD SUITE 190,,,2025,4,,,,open,data/collection/results/NATIONAL_CLASSIFIED.csv,permit,high,"Detroit-Warren-Dearborn, MI",national_facilities,48030,19820,ok,,,False,,,,,,,False,False,False,False,False,False,False,False,False
NAT-0060,Amazon,DS,MUSKEGON,MI,49440,550 W. WESTERN AVE,,,2016,1,,,,open,data/collection/results/NATIONAL_CLASSIFIED.csv,permit,high,"Muskegon-Norton Shores, MI",national_facilities,49440,34740,ok,,,False,,,,,,,False,False,False,False,False,False,False,False,False
NAT-0061,Amazon,DS,OSSEO,MN,55369,10440 89TH AVE N,,,2021,3,,,,open,data/collection/results/NATIONAL_CLASSIFIED.csv,permit,high,"Minneapolis-St. Paul-Bloomington, MN-WI",national_facilities,55369,33460,ok,,,False,,,,,,,False,False,False,False,False,False,False,False,False
NAT-0062,Amazon,DS,SAINT PAUL,MN,55121,3130 LEXINGTON AVE S,,,2023,2,,,,open,data/collection/results/NATIONAL_CLASSIFIED.csv,permit,high,"Minneapolis-St. Paul-Bloomington, MN-WI",national_facilities,55121,33460,ok,,,False,,,,,,,False,False,False,False,False,False,False,False,False
NAT-0063,Amazon,DS,BERKELEY,MO,63134,8850 SPRINGDALE AVENUE,,,2025,1,,,,open,data/collection/results/NATIONAL_CLASSIFIED.csv,permit,high,"St. Louis, MO-IL",national_facilities,63134,41180,ok,,,False,,,,,,,False,False,False,False,False,False,False,False,False
NAT-0064,Amazon,DS,BLUE SPRINGS,MO,64029,2400 NORTHEAST CORONADO DRIVE,,,2022,4,,,,open,data/collection/results/NATIONAL_CLASSIFIED.csv,permit,high,"Kansas City, MO-KS",national_facilities,64029,28140,ok,,,False,,,,,,,False,False,False,False,False,False,False,False,False
NAT-0065,Amazon,DS,COLFAX,NC,27235,7929 NATIONAL SERVICE RD,,,2023,2,,,,open,data/collection/results/NATIONAL_CLASSIFIED.csv,permit,high,"Greensboro-High Point, NC",national_facilities,27235,24660,ok,,,False,,,,,,,False,False,False,False,False,False,False,False,False
NAT-0066,Amazon,DS,CONCORD,NC,28027,413 GOODMAN ROAD,,,2023,1,,,,open,data/collection/results/NATIONAL_CLASSIFIED.csv,permit,high,"Charlotte-Concord-Gastonia, NC-SC",national_facilities,28027,16740,ok,,,False,,,,,,,False,False,False,False,False,False,False,False,False
NAT-0067,Amazon,DS,DURHAM,NC,27703,1275 PERSON STREET,,,2024,1,,,,open,data/collection/results/NATIONAL_CLASSIFIED.csv,permit,high,"Durham-Chapel Hill, NC",national_facilities,27703,20500,ok,,,False,,,,,,,False,False,False,False,False,False,False,False,False
NAT-0068,Amazon,DS,GARNER,NC,27529,1201 N GREENFIELD PARKWAY,,,2026,3,,,,open,data/collection/results/NATIONAL_CLASSIFIED.csv,permit,high,"Raleigh-Cary, NC",national_facilities,27529,39580,ok,,,False,,,,,,,False,False,False,False,False,False,False,False,False
NAT-0069,Amazon,DS,EGG HARBOR CITY,NJ,08215,310 N. PRAGUE AVENUE,,,2021,4,,,,open,data/collection/results/NATIONAL_CLASSIFIED.csv,permit,high,"Atlantic City-Hammonton, NJ",national_facilities,08215,12100,ok,,,False,,,,,,,False,False,False,False,False,False,False,False,False
NAT-0070,Amazon,DS,VINELAND,NJ,08360,2321 INDUSTRIAL WAY SUITE A,,,2013,4,,,,open,data/collection/results/NATIONAL_CLASSIFIED.csv,permit,high,"Vineland, NJ",national_facilities,08360,47220,ok,,,False,,,,,,,False,False,False,False,False,False,False,False,False
NAT-0071,Amazon,DS,HENDERSON,NV,89044,12300 SOUTH BERMUDA ROAD,,,2021,3,,,,open,data/collection/results/NATIONAL_CLASSIFIED.csv,permit,high,"Las Vegas-Henderson-North Las Vegas, NV",national_facilities,89044,29820,ok,,,False,,,,,,,False,False,False,False,False,False,False,False,False
NAT-0072,Amazon,DS,LAS VEGAS,NV,89115,3777 MARION DRIVE,,,2024,1,,,,open,data/collection/results/NATIONAL_CLASSIFIED.csv,permit,high,"Las Vegas-Henderson-North Las Vegas, NV",national_facilities,89115,29820,ok,,,False,,,,,,,False,False,False,False,False,False,False,False,False
NAT-0073,Amazon,DS,NEW WINDSOR,NY,12553,500 HUDSON VALLEY AVENUE,,,2022,3,,,,open,data/collection/results/NATIONAL_CLASSIFIED.csv,permit,high,"Kiryas Joel-Poughkeepsie-Newburgh, NY",national_facilities,12553,28880,ok,,,False,,,,,,,False,False,False,False,False,False,False,False,False
NAT-0074,Amazon,DS,AKRON,OH,44320,2450 ROMIG ROAD,,,2022,4,,,,open,data/collection/results/NATIONAL_CLASSIFIED.csv,permit,high,"Akron, OH",national_facilities,44320,10420,ok,,,False,,,,,,,False,False,False,False,False,False,False,False,False
NAT-0075,Amazon,DS,COLUMBUS,OH,43229,6465 BUSCH BOULEVARD,,,2022,3,,,,open,data/collection/results/NATIONAL_CLASSIFIED.csv,permit,high,"Columbus, OH",national_facilities,43229,18140,ok,,,False,,,,,,,False,False,False,False,False,False,False,False,False
NAT-0076,Amazon,DS,VALLEY VIEW,OH,44125,5585 CANAL ROAD,,,2026,2,,,,open,data/collection/results/NATIONAL_CLASSIFIED.csv,permit,high,"Cleveland, OH",national_facilities,44125,17410,ok,,,False,,,,,,,False,False,False,False,False,False,False,False,False
NAT-0077,Amazon,DS,FAIRVIEW,OR,97024,3108 NE 230TH AVE,,,2021,3,,,,open,data/collection/results/NATIONAL_CLASSIFIED.csv,permit,high,"Portland-Vancouver-Hillsboro, OR-WA",national_facilities,97024,38900,ok,,,False,,,,,,,False,False,False,False,False,False,False,False,False
NAT-0078,Amazon,DS,PORTLAND,OR,97210,3610 NW SAINT HELENS RD,,,2017,4,,,,open,data/collection/results/NATIONAL_CLASSIFIED.csv,permit,high,"Portland-Vancouver-Hillsboro, OR-WA",national_facilities,97210,38900,ok,,,False,,,,,,,False,False,False,False,False,False,False,False,False
NAT-0079,Amazon,DS,PORTLAND,OR,97210,3610 NW ST HELENS RD,,,2018,3,,,,open,data/collection/results/NATIONAL_CLASSIFIED.csv,permit,high,"Portland-Vancouver-Hillsboro, OR-WA",national_facilities,97210,38900,ok,,,False,,,,,,,False,False,False,False,False,False,False,False,False
NAT-0080,Amazon,DS,TUALATIN,OR,97062,21409 SW 115TH AVE,,,2022,1,,,,open,data/collection/results/NATIONAL_CLASSIFIED.csv,permit,high,"Portland-Vancouver-Hillsboro, OR-WA",national_facilities,97062,38900,ok,,,False,,,,,,,False,False,False,False,False,False,False,False,False
NAT-0081,Amazon,DS,CORAOPOLIS,PA,15108,177 MCCLAREN ROAD,,,2023,1,,,,open,data/collection/results/NATIONAL_CLASSIFIED.csv,permit,high,"Pittsburgh, PA",national_facilities,15108,38300,ok,,,False,,,,,,,False,False,False,False,False,False,False,False,False
NAT-0082,Amazon,DS,ERIE,PA,16506,2424 WEST 23RD STREET,,,2025,4,,,,open,data/collection/results/NATIONAL_CLASSIFIED.csv,permit,high,"Erie, PA",national_facilities,16506,21500,ok,,,False,,,,,,,False,False,False,False,False,False,False,False,False
NAT-0083,Amazon,DS,JESSUP,PA,18434,45 VALLEY VIEW DRIVE,,,2023,2,,,,open,data/collection/results/NATIONAL_CLASSIFIED.csv,permit,high,"Scranton--Wilkes-Barre, PA",national_facilities,18434,42540,ok,,,False,,,,,,,False,False,False,False,False,False,False,False,False
NAT-0084,Amazon,DS,MECHANICSBURG,PA,17055,360 INDEPENDENCE AVE,,,2024,2,,,,open,data/collection/results/NATIONAL_CLASSIFIED.csv,permit,high,"Harrisburg-Carlisle, PA",national_facilities,17055,25420,ok,,,False,,,,,,,False,False,False,False,False,False,False,False,False
NAT-0085,Amazon,DS,MIDDLETOWN,PA,17057,3327 EAST HARRISBURG PIKE,,,2024,4,,,,open,data/collection/results/NATIONAL_CLASSIFIED.csv,permit,high,"Harrisburg-Carlisle, PA",national_facilities,17057,25420,ok,,,False,,,,,,,False,False,False,False,False,False,False,False,False
NAT-0086,Amazon,DS,PHILADELPHIA,PA,19153,7575 BREWSTER AVE,,,2021,3,,,,open,data/collection/results/NATIONAL_CLASSIFIED.csv,permit,high,"Philadelphia-Camden-Wilmington, PA-NJ-DE-MD",national_facilities,19153,37980,ok,,,False,,,,,,,False,False,False,False,False,False,False,False,False
NAT-0087,Amazon,DS,PHILADELPHIA,PA,19137,4219 RICHMOND STREET,,,2024,4,,,,open,data/collection/results/NATIONAL_CLASSIFIED.csv,permit,high,"Philadelphia-Camden-Wilmington, PA-NJ-DE-MD",national_facilities,19137,37980,ok,,,False,,,,,,,False,False,False,False,False,False,False,False,False
NAT-0088,Amazon,DS,PROVIDENCE,RI,02907,115 DUPONT DR.,,,2024,1,,,,open,data/collection/results/NATIONAL_CLASSIFIED.csv,permit,high,"Providence-Warwick, RI-MA",national_facilities,02907,39300,ok,,,False,,,,,,,False,False,False,False,False,False,False,False,False
NAT-0089,Amazon,DS,LADSON,SC,29456,9801 HWY 78,,,2024,2,,,,open,data/collection/results/NATIONAL_CLASSIFIED.csv,permit,high,"Charleston-North Charleston, SC",national_facilities,29456,16700,ok,,,False,,,,,,,False,False,False,False,False,False,False,False,False
NAT-0090,Amazon,DS,KNOXVILLE,TN,37924,3001 KNOXVILLE CENTER DRIVE,,,2026,3,,,,open,data/collection/results/NATIONAL_CLASSIFIED.csv,permit,high,"Knoxville, TN",national_facilities,37924,28940,ok,,,False,,,,,,,False,False,False,False,False,False,False,False,False
NAT-0091,Amazon,DS,FRESNO,TX,77545,2303 HURRICANE LANE,,,2022,1,,,,open,data/collection/results/NATIONAL_CLASSIFIED.csv,permit,high,"Houston-Pasadena-The Woodlands, TX",national_facilities,77545,26420,ok,,,False,,,,,,,False,False,False,False,False,False,False,False,False
NAT-0092,Amazon,DS,LUBBOCK,TX,79403,3002 EAST MUNICIPAL DRIVE,,,2022,3,,,,open,data/collection/results/NATIONAL_CLASSIFIED.csv,permit,high,"Lubbock, TX",national_facilities,79403,31180,ok,,,False,,,,,,,False,False,False,False,False,False,False,False,False
NAT-0093,Amazon,DS,SAN ANTONIO,TX,78247,6558 E CAMPUS DR BUILDING 2,,,2019,2,,,,open,data/collection/results/NATIONAL_CLASSIFIED.csv,permit,high,"San Antonio-New Braunfels, TX",national_facilities,78247,41700,ok,,,False,,,,,,,False,False,False,False,False,False,False,False,False
NAT-0094,Amazon,DS,AMERICAN FORK,UT,84003,1222 S 500 E,,,2022,4,,,,open,data/collection/results/NATIONAL_CLASSIFIED.csv,permit,high,"Provo-Orem-Lehi, UT",national_facilities,84003,39340,ok,,,False,,,,,,,False,False,False,False,False,False,False,False,False
NAT-0095,Amazon,DS,AMERICAN FORK,UT,84003,346 E 1600 S,,,2026,2,,,,open,data/collection/results/NATIONAL_CLASSIFIED.csv,permit,high,"Provo-Orem-Lehi, UT",national_facilities,84003,39340,ok,,,False,,,,,,,False,False,False,False,False,False,False,False,False
NAT-0096,Amazon,DS,SALT LAKE CITY,UT,84116,5420 JOHN CANNON DR STE 500,,,2023,4,,,,open,data/collection/results/NATIONAL_CLASSIFIED.csv,permit,high,"Salt Lake City-Murray, UT",national_facilities,84116,41620,ok,,,False,,,,,,,False,False,False,False,False,False,False,False,False
NAT-0097,Amazon,DS,WEST JORDAN,UT,84081,7148 W  OLD BINGHAM HIGHWAY,,,2021,4,,,,open,data/collection/results/NATIONAL_CLASSIFIED.csv,permit,high,"Salt Lake City-Murray, UT",national_facilities,84081,41620,ok,,,False,,,,,,,False,False,False,False,False,False,False,False,False
NAT-0098,Amazon,DS,WEST JORDAN,UT,84081,7001 NEW BINGHAM HIGHWAY,,,2023,2,,,,open,data/collection/results/NATIONAL_CLASSIFIED.csv,permit,high,"Salt Lake City-Murray, UT",national_facilities,84081,41620,ok,,,False,,,,,,,False,False,False,False,False,False,False,False,False
NAT-0099,Amazon,DS,RICHMOND,VA,23234,AMAZON XR13 4949 COMMERCE RD,,,2026,2,,,,open,data/collection/results/NATIONAL_CLASSIFIED.csv,permit,high,"Richmond, VA",national_facilities,23234,40060,ok,,,False,,,,,,,False,False,False,False,False,False,False,False,False
NAT-0100,Amazon,DS,ROANOKE,VA,24012,2002 BLUE HILLS DRIVE NE,,,2025,1,,,,open,data/collection/results/NATIONAL_CLASSIFIED.csv,permit,high,"Roanoke, VA",national_facilities,24012,40220,ok,,,False,,,,,,,False,False,False,False,False,False,False,False,False
NAT-0101,Amazon,DS,ROCKVILLE,VA,23146,2022 ASHLAND ROAD,,,2026,3,,,,open,data/collection/results/NATIONAL_CLASSIFIED.csv,permit,high,"Richmond, VA",national_facilities,23146,40060,ok,,,False,,,,,,,False,False,False,False,False,False,False,False,False
NAT-0102,Amazon,DS,WAYNESBORO,VA,22980,2712 WEST MAIN STREET,,,2026,1,,,,open,data/collection/results/NATIONAL_CLASSIFIED.csv,permit,high,"Staunton-Stuarts Draft, VA",national_facilities,22980,44420,ok,,,False,,,,,,,False,False,False,False,False,False,False,False,False
NAT-0103,Amazon,DS,BREMERTON,WA,98312,7555 AIRPORT WAY SW,,,2024,3,,,,open,data/collection/results/NATIONAL_CLASSIFIED.csv,permit,high,"Bremerton-Silverdale-Port Orchard, WA",national_facilities,98312,14740,ok,,,False,,,,,,,False,False,False,False,False,False,False,False,False
NAT-0104,Amazon,DS,LACEY,WA,98516,3300 HOGUM BAY RD NE,,,2022,1,,,,open,data/collection/results/NATIONAL_CLASSIFIED.csv,permit,high,"Olympia-Lacey-Tumwater, WA",national_facilities,98516,36500,ok,,,False,,,,,,,False,False,False,False,False,False,False,False,False
MWP-0001,Amazon,DS,Theodore,AL,36582,6735 Trippel Road,,,2019,4,,,,open,https://mwpvl.com/html/amazon_com.html,other,medium,"Mobile, AL",mwpvl_2025q1,36582,33660,ok,month,,True,,08_us_delivery_station,0,Alabama,Delivery Station for Mobile; Sq Ft included in MOBS,,False,False,False,False,False,False,False,True,False
MWP-0002,Amazon,DS,Hooper City,AL,35207,225 Daniel Payne Drive,,,2025,,,,96800,announced,https://mwpvl.com/html/amazon_com.html,other,low,"Birmingham, AL",mwpvl_2025q1,35207,13820,ok,year,,False,DBM4,08_us_delivery_station,1,Alabama,Delivery Station for North Birmingham. Not yet confirmed.,,False,False,True,False,False,False,False,False,False
MWP-0003,Amazon,DS,Birmingham,AL,35210,7600 Crestwood Boulevard,,,2024,,,,201500,open,https://mwpvl.com/html/amazon_com.html,other,medium,"Birmingham, AL",mwpvl_2025q1,35210,13820,ok,year,,True,DBM5,08_us_delivery_station,2,Alabama,Delivery Station for Eastwood Birmingham Region. Currently the site of the Century Plaza closed in 2009.,,False,False,False,False,False,True,False,False,False
MWP-0004,Amazon,DS,Daleville,AL,36322,340 Virginia Ave,,,2022,3,,,10000,open,https://mwpvl.com/html/amazon_com.html,other,medium,"Ozark, AL",mwpvl_2025q1,36322,37120,ok,month,,True,,08_us_delivery_station,3,Alabama,Rural Wagon Wheel Delivery Station. Sq Ft is an estimate. Rural Wagon Wheel Delivery Station.,,False,False,False,False,False,False,True,False,True
MWP-0005,Amazon,DS,Dothan,AL,36303,423 Kelley Drive,,,2024,4,,,79000,open,https://mwpvl.com/html/amazon_com.html,other,medium,"Dothan, AL",mwpvl_2025q1,36303,20020,ok,month,,True,,08_us_delivery_station,4,Alabama,Delivery Station for Dothan.,,False,False,False,False,False,False,False,False,False
MWP-0007,Amazon,DS,Fairbanks,AK,99709,3121 Airport Way,,,2025,1,,,47000,open,https://mwpvl.com/html/amazon_com.html,other,medium,"Fairbanks-College, AK",mwpvl_2025q1,99709,21820,ok,quarter,,True,,08_us_delivery_station,6,Alaska,Delivery Station for Fairbanks Alaska,,False,False,False,False,False,False,False,False,False
MWP-0008,Amazon,DS,Phoenix,AZ,85034,2050 East Riverview Drive,,,,,,,278200,open,https://mwpvl.com/html/amazon_com.html,other,medium,"Phoenix-Mesa-Chandler, AZ",mwpvl_2025q1,85034,38060,ok,none,,True,DAZ2,08_us_delivery_station,7,Arizona,Delivery Station for Phoenix.,,False,False,False,False,False,False,False,False,False
MWP-0009,Amazon,DS,Tucson,AZ,85743,7300 N Silverbell Rd,,,2023,4,,,,open,https://mwpvl.com/html/amazon_com.html,other,medium,"Tucson, AZ",mwpvl_2025q1,85743,46060,ok,month,,True,DAZ9,08_us_delivery_station,8,Arizona,DAZ9 is a Delivery Station and PDC for North Tucson. HTC2 is a Heavy/Bulky Delivery Station.,,False,False,False,False,False,False,False,False,False
MWP-0010,Amazon,DS,Phoenix,AZ,85034,500 S 48th St,,,2015,2,,,,open,https://mwpvl.com/html/amazon_com.html,other,low,"Phoenix-Mesa-Chandler, AZ",mwpvl_2025q1,85034,38060,ok,month,,False,DPX1,08_us_delivery_station,9,Arizona,Launch was delayed. Delivery Station for Phoenix West Valley so &t included in in UAZ1.,,False,False,False,True,False,False,False,True,False
MWP-0011,Amazon,DS,Chandler,AZ,85225,550 E. Elliot Rd,,,2017,2,,,91200,open,https://mwpvl.com/html/amazon_com.html,other,medium,"Phoenix-Mesa-Chandler, AZ",mwpvl_2025q1,85225,38060,ok,month,,True,DPX3,08_us_delivery_station,10,Arizona,Delivery Station for Phoenix East Valley,,False,False,False,False,False,False,False,False,False
MWP-0012,Amazon,DS,Tempe,AZ,85281,1516 W 17th St,,,2020,3,,,106700,open,https://mwpvl.com/html/amazon_com.html,other,medium,"Phoenix-Mesa-Chandler, AZ",mwpvl_2025q1,85281,38060,ok,month,,True,DPX4,08_us_delivery_station,11,Arizona,Delivery Station for Tempe / Phoenix.,,False,False,False,False,False,False,False,False,False
MWP-0013,Amazon,DS,Goodyear,AZ,85338,14000 W Grant St,,,,,,,432200,open,https://mwpvl.com/html/amazon_com.html,other,medium,"Phoenix-Mesa-Chandler, AZ",mwpvl_2025q1,85338,38060,ok,none,,True,DPX6,08_us_delivery_station,12,Arizona,Delivery Station for Phoenix South East Delivery Station for South West Phoenix,,False,False,False,False,False,False,False,False,False
MWP-0014,Amazon,DS,Chandler,AZ,85286,3405 S. McQueen Rd,,,,,,,201800,open,https://mwpvl.com/html/amazon_com.html,other,medium,"Phoenix-Mesa-Chandler, AZ",mwpvl_2025q1,85286,38060,ok,none,,True,DPX7,08_us_delivery_station,13,Arizona,Delivery Station for Phoenix.,,False,False,False,False,False,False,False,False,False
MWP-0015,Amazon,DS,Tucson,AZ,85705,3841 N Hwy Dr,,,2017,3,,,10000,open,https://mwpvl.com/html/amazon_com.html,other,medium,"Tucson, AZ",mwpvl_2025q1,85705,46060,ok,month,,True,DTU1,08_us_delivery_station,14,Arizona,Delivery Station for Tucson,,False,False,False,False,False,False,False,False,False
MWP-0016,Amazon,DS,Tucson,AZ,85713,775 W. Silverlake Road,,,2019,3,,,,open,https://mwpvl.com/html/amazon_com.html,other,medium,"Tucson, AZ",mwpvl_2025q1,85713,46060,ok,month,,True,DTU2,08_us_delivery_station,15,Arizona,Delivery Station for South Tucson,,False,False,False,False,False,False,False,False,False
MWP-0017,Amazon,DS,Chandler,AZ,85225,2550 N Nevada Street,,,,,,,164500,open,https://mwpvl.com/html/amazon_com.html,other,medium,"Phoenix-Mesa-Chandler, AZ",mwpvl_2025q1,85225,38060,ok,none,,True,DTU3,08_us_delivery_station,16,Arizona,Delivery Station for Chandler / Phoenix.,,False,False,False,False,False,False,False,False,False
MWP-0018,Amazon,DS,Phoenix,AZ,85027,500 W Pinnacle Peak Rd,,,,,,,145500,open,https://mwpvl.com/html/amazon_com.html,other,medium,"Phoenix-Mesa-Chandler, AZ",mwpvl_2025q1,85027,38060,ok,none,,True,DTU6,08_us_delivery_station,17,Arizona,Delivery Station for North Phoenix area.,,False,False,False,False,False,False,False,False,False
MWP-0019,Amazon,DS,Surprise,AZ,85379,13201 N Litchfield Road,,,2021,3,,,145500,open,https://mwpvl.com/html/amazon_com.html,other,medium,"Phoenix-Mesa-Chandler, AZ",mwpvl_2025q1,85379,38060,ok,month,,True,DTU7,08_us_delivery_station,18,Arizona,Delivery Station for NW Phoenix area.,,False,False,False,False,False,False,False,False,False
MWP-0020,Amazon,DS,Arizona,AZ,85040,3003 S 38th Street,,,2020,3,,,20700,open,https://mwpvl.com/html/amazon_com.html,other,medium,"Phoenix-Mesa-Chandler, AZ",mwpvl_2025q1,85040,38060,ok,month,,True,DTU8,08_us_delivery_station,19,Arizona,"2 Buildings at 3003 S 38th St & 3030 3030S S st, Phoenix.",,False,False,False,False,False,False,False,False,False
MWP-0021,Amazon,DS,Phoenix,AZ,85215,3115 N. Higley Road,,,2021,,,,147400,open,https://mwpvl.com/html/amazon_com.html,other,medium,"Phoenix-Mesa-Chandler, AZ",mwpvl_2025q1,85215,38060,ok,year,,True,DTU9,08_us_delivery_station,20,Arizona,Delivery Station for NE Mesa area.,,False,False,False,False,False,False,False,False,False
MWP-0022,Amazon,DS,Phoenix,AZ,85212,9726 SW Corner of Elliot Road and Everton Terrace,,,2025,,,,180000,open,https://mwpvl.com/html/amazon_com.html,other,medium,"Phoenix-Mesa-Chandler, AZ",mwpvl_2025q1,85212,38060,ok,year,,True,,08_us_delivery_station,21,Arizona,Station for Mesa AZ Area. Project,,False,False,False,False,False,False,False,False,False
MWP-0023,Amazon,DS,Prescott Valley,AZ,86314,9807 E. Valley Road,,,2022,1,,,,open,https://mwpvl.com/html/amazon_com.html,other,medium,"Prescott Valley-Prescott, AZ",mwpvl_2025q1,86314,39150,ok,month,,True,,08_us_delivery_station,22,Arizona,Rural Wagon Wheel Delivery Station for Prescott Valley Area.,,False,False,False,False,False,False,False,False,True
MWP-0024,Amazon,DS,Show Low,AZ,85901,1360 North 16th Street,,,2025,,,,15000,open,https://mwpvl.com/html/amazon_com.html,other,medium,"Show Low, AZ",mwpvl_2025q1,85901,43320,ok,year,,True,,08_us_delivery_station,23,Arizona,Rural Wagon Wheel Delivery Station.,,False,False,False,False,False,False,False,False,True
MWP-0025,Amazon,DS,Tucson,AZ,85756,Valencia & Kolb,,,2025,,,,100000,open,https://mwpvl.com/html/amazon_com.html,other,medium,"Tucson, AZ",mwpvl_2025q1,85756,46060,ok,year,,True,,08_us_delivery_station,24,Arizona,Delivery Station for SW Tucson,,False,False,False,False,False,False,False,False,False
MWP-0026,Amazon,DS,North Little Rock,AR,72444,1900 Pine Street,,,2018,4,,,14800,open,https://mwpvl.com/html/amazon_com.html,other,medium,,mwpvl_2025q1,72444,,county_in_no_cbsa,month,,True,DLR1,08_us_delivery_station,25,Arkansas,Delivery Station for Little Rock,,False,False,False,False,False,False,False,False,False
MWP-0027,Amazon,DS,Little Rock,AR,72002,12401 Interstate 30,,,2020,,,,85000,open,https://mwpvl.com/html/amazon_com.html,other,medium,"Little Rock-North Little Rock-Conway, AR",mwpvl_2025q1,72002,30780,ok,year,,True,DLR2,08_us_delivery_station,26,Arkansas,Delivery Station for SW Little Rock,,False,False,False,False,False,False,False,False,False
MWP-0028,Amazon,DS,Yellville,AR,72687,320 AR-14 N,,,2021,4,,,,open,https://mwpvl.com/html/amazon_com.html,other,medium,,mwpvl_2025q1,72687,,county_in_no_cbsa,month,,True,,08_us_delivery_station,27,Arkansas,Rural Wagon Wheel Delivery Station for Yellville AR Area.,,False,False,False,False,False,False,False,False,True
MWP-0029,Amazon,DS,Lowell,AR,72745,315 S. Lincoln St,,,2022,1,,,,open,https://mwpvl.com/html/amazon_com.html,other,medium,"Fayetteville-Springdale-Rogers, AR",mwpvl_2025q1,72745,22220,ok,month,,True,,08_us_delivery_station,28,Arkansas,"Rural Wagon Wheel Delivery Station for Delivery Station for Springdale, AR area",,False,False,False,False,False,False,False,False,True
MWP-0030,Amazon,DS,Hot Springs,AR,71913,3315 Central Ave,,,,,,,35500,open,https://mwpvl.com/html/amazon_com.html,other,medium,"Hot Springs, AR",mwpvl_2025q1,71913,26300,ok,none,,True,,08_us_delivery_station,29,Arkansas,"Rural Wagon Wheel Delivery Station for Hot Springs, AR",,False,False,False,False,False,False,False,False,True
MWP-0033,Amazon,DS,South Gate,CA,90280,9350 Rayo Ave,,,,,,,213200,open,https://mwpvl.com/html/amazon_com.html,other,medium,"Los Angeles-Long Beach-Anaheim, CA",mwpvl_2025q1,90280,31080,ok,none,,True,,08_us_delivery_station,32,California,Delivery Station for South Gate / Downey / South Los Angeles,,False,False,False,False,False,False,False,False,False
MWP-0034,Amazon,DS,Palmdale,CA,93551,600 W. Technology Dr,,,2020,3,,,130400,open,https://mwpvl.com/html/amazon_com.html,other,medium,"Los Angeles-Long Beach-Anaheim, CA",mwpvl_2025q1,93551,31080,ok,month,,True,,08_us_delivery_station,33,California,ee ~ 9,,False,False,False,False,False,False,False,False,False
MWP-0035,Amazon,DS,Eastvale,CA,91752,Goodman Way,,,2016,4,,,,open,https://mwpvl.com/html/amazon_com.html,other,medium,"Riverside-San Bernardino-Ontario, CA",mwpvl_2025q1,91752,40140,ok,month,,True,DCA2,08_us_delivery_station,34,California,Delivery Station for Food deliveries from Whole Foods & Amazon Fresh stores in,,False,False,False,False,False,False,False,False,False
MWP-0036,Amazon,DS,Manteca,CA,95337,2403 W. Louise Ave,,,2017,,,,91100,open,https://mwpvl.com/html/amazon_com.html,other,medium,"Stockton-Lodi, CA",mwpvl_2025q1,95337,44700,ok,year,,True,DCK1,08_us_delivery_station,35,California,Los Angeles. Co-located in SNA9. Delivery Station for Manteca Area,,False,False,False,False,False,False,False,True,False
MWP-0037,Amazon,DS,California,CA,95336,South of 5.11 Tactical on Airport Way,,,2025,,,,141400,announced,https://mwpvl.com/html/amazon_com.html,other,low,"Stockton-Lodi, CA",mwpvl_2025q1,95336,44700,ok,year,,False,DCK2,08_us_delivery_station,36,California,Delivery Station for Manteca Area. Not yet confirmed.,,False,False,True,False,False,False,False,False,False
MWP-0038,Amazon,DS,San Francisco,CA,94124,749 Toland Street,,,2021,,,,112000,open,https://mwpvl.com/html/amazon_com.html,other,medium,"San Francisco-Oakland-Fremont, CA",mwpvl_2025q1,94124,41860,ok,year,,True,DCK6,08_us_delivery_station,37,California,Delivery Station for San Francisco.,,False,False,False,False,False,False,False,False,False
MWP-0039,Amazon,DS,Riverside,CA,92504,7227 Central Ave,,,2020,1,,,246500,open,https://mwpvl.com/html/amazon_com.html,other,medium,"Riverside-San Bernardino-Ontario, CA",mwpvl_2025q1,92504,40140,ok,month,,True,DCX1,08_us_delivery_station,38,California,: Delivery Station for Riverside area,,False,False,False,False,False,False,False,False,False
MWP-0041,Amazon,DS,San Jose,CA,95122,970 McLaughlin Ave,,,2020,3,,,223800,open,https://mwpvl.com/html/amazon_com.html,other,medium,"San Jose-Sunnyvale-Santa Clara, CA",mwpvl_2025q1,95122,41940,ok,month,,True,DCX5,08_us_delivery_station,40,California,Delivery Station for South San Jose Area,,False,False,False,False,False,False,False,False,False
MWP-0042,Amazon,DS,Moorpark,CA,93021,6000 Condor Drive,,,,,,,202400,open,https://mwpvl.com/html/amazon_com.html,other,medium,"Oxnard-Thousand Oaks-Ventura, CA",mwpvl_2025q1,93021,37100,ok,none,,True,DCX6,08_us_delivery_station,41,California,Delivery Station for Moor Park / Simi Valley Region.,,False,False,False,False,False,False,False,False,False
MWP-0043,Amazon,DS,Anaheim,CA,92081,1256 N Magnolia Ave,,,2020,1,,,143200,open,https://mwpvl.com/html/amazon_com.html,other,medium,"San Diego-Chula Vista-Carlsbad, CA",mwpvl_2025q1,92081,41740,ok,month,,True,DCX8,08_us_delivery_station,42,California,Delivery Station for Torrance / South Los Delivery Station for Anaheim,,False,False,False,False,False,False,False,False,False
MWP-0044,Amazon,DS,Brea,CA,92823,275 Valencia Avenue,,,2025,,,,181500,announced,https://mwpvl.com/html/amazon_com.html,other,low,"Los Angeles-Long Beach-Anaheim, CA",mwpvl_2025q1,92823,31080,ok,year,,False,DJT4,08_us_delivery_station,43,California,Delivery Station for Brea. Not confirmed yet.,,False,False,True,False,False,False,False,False,False
MWP-0045,Amazon,DS,March Air Reserve Base,CA,92518,20920 Krameria Ave,,,2023,,,,219000,open,https://mwpvl.com/html/amazon_com.html,other,medium,"Riverside-San Bernardino-Ontario, CA",mwpvl_2025q1,92518,40140,ok,year,,True,DJT6,08_us_delivery_station,44,California,Delivery Station for Anaheim,,False,False,False,False,False,False,False,False,False
MWP-0046,Amazon,DS,Torrance,CA,90505,2751 Skypark Dr,,,2020,2,,,,open,https://mwpvl.com/html/amazon_com.html,other,medium,"Los Angeles-Long Beach-Anaheim, CA",mwpvl_2025q1,90505,31080,ok,month,,True,,08_us_delivery_station,45,California,Delivery Station for San Jose Central/North Delivery Station for Torrance / South Los Angeles,,False,False,False,False,False,False,False,False,False
MWP-0047,Amazon,DS,San Jose,CA,95112,1660 Old Bayshore Highway,,,2025,,,,32900,open,https://mwpvl.com/html/amazon_com.html,other,medium,"San Jose-Sunnyvale-Santa Clara, CA",mwpvl_2025q1,95112,41940,ok,year,,True,DFA3,08_us_delivery_station,46,California,Delivery Station for San Jose.,,False,False,False,False,False,False,False,False,False
MWP-0048,Amazon,DS,South San Francisco,CA,94080,400 Littlefield Ave. #438,,,2020,,,,166600,open,https://mwpvl.com/html/amazon_com.html,other,medium,"San Francisco-Oakland-Fremont, CA",mwpvl_2025q1,94080,41860,ok,year,,True,DFA5,08_us_delivery_station,47,California,Delivery Station for South San Francisco,,False,False,False,False,False,False,False,False,False
MWP-0049,Amazon,DS,Oakley,CA,94561,4000 Wilbur Ave,,,,,,,,open,https://mwpvl.com/html/amazon_com.html,other,medium,"San Francisco-Oakland-Fremont, CA",mwpvl_2025q1,94561,41860,ok,none,,True,DFO2,08_us_delivery_station,48,California,Delivery Station for the Oakley/North Bay Area.,,False,False,False,False,False,False,False,False,False
MWP-0050,Amazon,DS,Livermore,CA,94550,400 Longfellow Court,,,2020,4,,,612300,open,https://mwpvl.com/html/amazon_com.html,other,medium,"San Francisco-Oakland-Fremont, CA",mwpvl_2025q1,94550,41860,ok,month,,True,DFO3,08_us_delivery_station,49,California,Delivery Station for the East Bay Area,,False,False,False,False,False,False,False,False,False
MWP-0051,Amazon,DS,Sonoma,CA,95403,5015 Aviation Blvd,,,,,,,,announced,https://mwpvl.com/html/amazon_com.html,other,low,"Santa Rosa-Petaluma, CA",mwpvl_2025q1,95403,42220,ok,none,,False,,08_us_delivery_station,50,California,Delivery Station for the Sonoma Valley area. Not yet confirmed.,,False,False,True,False,False,False,False,False,False
MWP-0052,Amazon,DS,Inglewood,CA,90301,900 W Florence Ave,,,2013,2,,,27700,open,https://mwpvl.com/html/amazon_com.html,other,medium,"Los Angeles-Long Beach-Anaheim, CA",mwpvl_2025q1,90301,31080,ok,month,,True,DLA1,08_us_delivery_station,51,California,Delivery Station for Los Angeles. Amazon's first U.S. Delivery Station,,False,False,False,False,False,False,False,False,False
MWP-0053,Amazon,DS,Anaheim,CA,90621,5650 Dolly Ave,,,2013,2,,,220100,open,https://mwpvl.com/html/amazon_com.html,other,medium,"Los Angeles-Long Beach-Anaheim, CA",mwpvl_2025q1,90621,31080,ok,month,,True,DLA2,08_us_delivery_station,52,California,"Formerly LAX2. Delivery Station closed in June, 2017; Reopened in 2017; HLA‘ is a Station for Heavy/Bulky products between 60 and 300 Lbs Delivery Station for East Los Angeles",,False,False,False,False,False,True,False,False,False
MWP-0055,Amazon,DS,California,CA,92507,6250 Sycamore Canyon Blvd,,,2016,2,,,36000,open,https://mwpvl.com/html/amazon_com.html,other,medium,"Riverside-San Bernardino-Ontario, CA",mwpvl_2025q1,92507,40140,ok,month,,True,DLA5,08_us_delivery_station,54,California,Delivery Station for Riverside area,,False,False,False,False,False,False,False,False,False
MWP-0057,Amazon,DS,Santa Fe Springs,CA,90670,11811 East Florence Avenue,,,2021,3,,,288000,open,https://mwpvl.com/html/amazon_com.html,other,medium,"Los Angeles-Long Beach-Anaheim, CA",mwpvl_2025q1,90670,31080,ok,month,,True,DLX1,08_us_delivery_station,56,California,mation,,False,False,False,False,False,False,False,False,False
MWP-0058,Amazon,DS,Los Angeles,CA,90039,4841 West San Fernando Road,,,2021,3,,,620000,open,https://mwpvl.com/html/amazon_com.html,other,medium,"Los Angeles-Long Beach-Anaheim, CA",mwpvl_2025q1,90039,31080,ok,month,,True,DLX5,08_us_delivery_station,57,California,Delivery Station for Los Angeles / Glendale Area,,False,False,False,False,False,False,False,False,False
MWP-0059,Amazon,DS,Cypress,CA,90630,6450 Katella Avenue,,,2020,4,,,146000,open,https://mwpvl.com/html/amazon_com.html,other,medium,"Los Angeles-Long Beach-Anaheim, CA",mwpvl_2025q1,90630,31080,ok,month,,True,,08_us_delivery_station,58,California,Delivery Station for Anaheim Area.,,False,False,False,False,False,False,False,False,False
MWP-0060,Amazon,DS,Santa Ana,CA,92707,515 E Dyer Rd,,,2020,4,,,,open,https://mwpvl.com/html/amazon_com.html,other,medium,"Los Angeles-Long Beach-Anaheim, CA",mwpvl_2025q1,92707,31080,ok,month,,True,,08_us_delivery_station,59,California,Delivery Station for Santa Ana / Irvine near Los Angeles,,False,False,False,False,False,False,False,False,False
MWP-0061,Amazon,DS,Los Angeles,CA,90230,5750 Mesmer Ave,,,2020,3,,,544900,open,https://mwpvl.com/html/amazon_com.html,other,medium,"Los Angeles-Long Beach-Anaheim, CA",mwpvl_2025q1,90230,31080,ok,month,,True,,08_us_delivery_station,60,California,Delivery Station for Culver City Area,,False,False,False,False,False,False,False,False,False
MWP-0063,Amazon,DS,,CA,94107,Seventh Set Sa Francisco,,,2025,,,,150000,open,https://mwpvl.com/html/amazon_com.html,other,low,"San Francisco-Oakland-Fremont, CA",mwpvl_2025q1,94107,41860,ok,year,,False,,08_us_delivery_station,62,California,ee Francisco. . Project delayed by an ; imposed San Francisco.,,False,False,False,True,False,False,False,False,False
MWP-0065,Amazon,DS,Simi Valley,CA,93065,400 National Way,,,,,,,,open,https://mwpvl.com/html/amazon_com.html,other,medium,"Oxnard-Thousand Oaks-Ventura, CA",mwpvl_2025q1,93065,37100,ok,none,,True,,08_us_delivery_station,64,California,Delivery Station for Simi Valley North of Los Angeles.,,False,False,False,False,False,False,False,False,False
MWP-0066,Amazon,DS,Thousand Oaks,CA,91320,2405 Conejo Spectrum Street,,,2018,3,,,50700,open,https://mwpvl.com/html/amazon_com.html,other,medium,"Oxnard-Thousand Oaks-Ventura, CA",mwpvl_2025q1,91320,37100,ok,month,,True,DPS3,08_us_delivery_station,65,California,Delivery Station for North Los Angeles,,False,False,False,False,False,False,False,False,False
MWP-0068,Amazon,DS,Simi Valley,CA,93063,1757 Tapo Canyon Rd,,,2020,3,,,211600,open,https://mwpvl.com/html/amazon_com.html,other,medium,"Oxnard-Thousand Oaks-Ventura, CA",mwpvl_2025q1,93063,37100,ok,month,,True,,08_us_delivery_station,67,California,Delivery Station for Simi ss Valley North of Los,,False,False,False,False,False,False,False,False,False
MWP-0069,Amazon,DS,San Francisco,CA,94124,201 Toland Street,,,,,,,32000,open,https://mwpvl.com/html/amazon_com.html,other,medium,"San Francisco-Oakland-Fremont, CA",mwpvl_2025q1,94124,41860,ok,none,,True,DRD8,08_us_delivery_station,68,California,Angeles ngeles : Station : for East Side of San,,False,False,False,False,False,False,False,False,False
MWP-0070,Amazon,DS,San Diego,CA,92127,16550 Via Esprillo,,,2013,,,,165600,open,https://mwpvl.com/html/amazon_com.html,other,medium,"San Diego-Chula Vista-Carlsbad, CA",mwpvl_2025q1,92127,41740,ok,year,,True,DSD1,08_us_delivery_station,69,California,Delivery Station for San Diego. Formerly DSD1. Relocated to this location in March 2017,,False,False,False,False,False,False,False,False,False
MWP-0071,Amazon,DS,Carlsbad,CA,92010,2777 Loker Ave W,,,2013,,,,39700,open,https://mwpvl.com/html/amazon_com.html,other,medium,"San Diego-Chula Vista-Carlsbad, CA",mwpvl_2025q1,92010,41740,ok,year,,True,DSD2,08_us_delivery_station,70,California,Delivery Station for San Diego,,False,False,False,False,False,False,False,False,False
MWP-0072,Amazon,DS,San Diego,CA,92111,°660 Keamy Mesa Road,,,2024,1,,,,open,https://mwpvl.com/html/amazon_com.html,other,low,"San Diego-Chula Vista-Carlsbad, CA",mwpvl_2025q1,92111,41740,ok,month,,False,PSP4,08_us_delivery_station,71,California,Delivery Station for San Diego relocated from 711 University Ave. Delayed opening to 2023,,False,False,False,True,False,False,False,False,False
MWP-0073,Amazon,DS,Vista,CA,92081,3250 Business Park Dr,,,,,,,221700,open,https://mwpvl.com/html/amazon_com.html,other,medium,"San Diego-Chula Vista-Carlsbad, CA",mwpvl_2025q1,92081,41740,ok,none,,True,DSD5,08_us_delivery_station,72,California,Delivery Station for San Diego North Side,,False,False,False,False,False,False,False,False,False
MWP-0074,Amazon,DS,San Diego,CA,92111,7995 Armour St,,,,,,,,open,https://mwpvl.com/html/amazon_com.html,other,medium,"San Diego-Chula Vista-Carlsbad, CA",mwpvl_2025q1,92111,41740,ok,none,,True,,08_us_delivery_station,73,California,Delivery Station for San Diego within a Pepsi,,False,False,False,False,False,False,False,False,False
MWP-0075,Amazon,DS,Poway,CA,92064,14500 Kirkham Way,,,2020,3,,,358300,open,https://mwpvl.com/html/amazon_com.html,other,medium,"San Diego-Chula Vista-Carlsbad, CA",mwpvl_2025q1,92064,41740,ok,month,,True,DSD8,08_us_delivery_station,74,California,Delivery Station for San Diego Northeast Region,,False,False,False,False,False,False,False,False,False
MWP-0076,Amazon,DS,San Jose,CA,95131,1700 Montague Expy,,,2013,,,,25800,open,https://mwpvl.com/html/amazon_com.html,other,medium,"San Jose-Sunnyvale-Santa Clara, CA",mwpvl_2025q1,95131,41940,ok,year,,True,DSF3,08_us_delivery_station,75,California,Delivery Station for San Jose,,False,False,False,False,False,False,False,False,False
MWP-0077,Amazon,DS,San Leandro,CA,94577,990 Beecher St,,,2013,3,,,42400,open,https://mwpvl.com/html/amazon_com.html,other,medium,"San Francisco-Oakland-Fremont, CA",mwpvl_2025q1,94577,41860,ok,month,,True,DSF4,08_us_delivery_station,76,California,Delivery Station for Oakland,,False,False,False,False,False,False,False,False,False
MWP-0078,Amazon,DS,South San Francisco,CA,94080,250 Utah Avenue,,,2016,2,,,111000,open,https://mwpvl.com/html/amazon_com.html,other,medium,"San Francisco-Oakland-Fremont, CA",mwpvl_2025q1,94080,41860,ok,month,,True,DSF5,08_us_delivery_station,77,California,Delivery Station for South San Francisco,,False,False,False,False,False,False,False,False,False
MWP-0079,Amazon,DS,Richmond,CA,94080,6015 Giant Road,,,2016,3,,,224100,open,https://mwpvl.com/html/amazon_com.html,other,medium,"San Francisco-Oakland-Fremont, CA",mwpvl_2025q1,94080,41860,ok,quarter,,True,DSF6,08_us_delivery_station,78,California,Delivery Station for Northeast Bay Area,,False,False,False,False,False,False,False,False,False
MWP-0080,Amazon,DS,Milpitas,CA,95035,807 N. McCarthy Blvd,,,2020,1,,,353100,open,https://mwpvl.com/html/amazon_com.html,other,medium,"San Jose-Sunnyvale-Santa Clara, CA",mwpvl_2025q1,95035,41940,ok,month,,True,DSF7,08_us_delivery_station,79,California,Delivery Station for the San Jose South Bay 3 buildings.,,False,False,False,False,False,False,False,False,False
MWP-0081,Amazon,DS,San oan Bruno,CA,94066,1000 IVUUU San oan Mateo Wiateo Ave,,,2025,3,,,215600,open,https://mwpvl.com/html/amazon_com.html,other,medium,"San Francisco-Oakland-Fremont, CA",mwpvl_2025q1,94066,41860,ok,month,,True,DSF9,08_us_delivery_station,80,California,"Delivery Station for Richmond, CA / Bay oe Delivery Francisco. : Station Land for purchased South Side in of 2020. RR San Project",,False,False,False,False,False,False,False,False,False
MWP-0082,Amazon,DS,Fresno,CA,93727,5440 East Olive Avenue,,,2022,4,,,,open,https://mwpvl.com/html/amazon_com.html,other,low,"Fresno, CA",mwpvl_2025q1,93727,23420,ok,month,,False,,08_us_delivery_station,81,California,Delayed. Delivery Station for Fresno which replaces DSF2 in Nov 2022,,False,False,False,True,False,False,False,False,False
MWP-0083,Amazon,DS,San Jose,CA,95133,615 North King Rd,,,2020,3,,,77600,open,https://mwpvl.com/html/amazon_com.html,other,medium,"San Jose-Sunnyvale-Santa Clara, CA",mwpvl_2025q1,95133,41940,ok,month,,True,,08_us_delivery_station,82,California,Delivery Station for SW San Jose Region. :,,False,False,False,False,False,False,False,False,False
MWP-0084,Amazon,DS,Oakland,CA,94621,5800 Coliseum Way,,,2024,4,,,336700,open,https://mwpvl.com/html/amazon_com.html,other,medium,"San Francisco-Oakland-Fremont, CA",mwpvl_2025q1,94621,41860,ok,month,,True,,08_us_delivery_station,83,California,"Delivery Station for Oakland, CA.",,False,False,False,False,False,False,False,False,False
MWP-0085,Amazon,DS,West Sacramento,CA,95605,1000 Riverside Pkwy,,,2015,1,,,83000,open,https://mwpvl.com/html/amazon_com.html,other,medium,"Sacramento-Roseville-Folsom, CA",mwpvl_2025q1,95605,40900,ok,month,,True,DSM1,08_us_delivery_station,84,California,Delivery Station for Sacramento,,False,False,False,False,False,False,False,False,False
MWP-0086,Amazon,DS,West Sacramento,CA,95691,3620 Ramos Drive,,,2021,3,,,163300,open,https://mwpvl.com/html/amazon_com.html,other,medium,"Sacramento-Roseville-Folsom, CA",mwpvl_2025q1,95691,40900,ok,month,,True,DSIV4,08_us_delivery_station,85,California,"Station Tor Sacramento, CA q Ft is an estimate.",MWP-0087,False,False,False,False,False,False,False,False,False
MWP-0089,Amazon,DS,Sacramento,CA,95838,9051 Union Park Way,,,2020,2,,,417600,open,https://mwpvl.com/html/amazon_com.html,other,medium,"Sacramento-Roseville-Folsom, CA",mwpvl_2025q1,95838,40900,ok,month,,True,DSR6,08_us_delivery_station,88,California,"Delivery Station for South Side Sacramento, DSR6 is a Delivery Station for Sacramento NE Region. USC2 is Amazon Fresh. Sq Ft included in Amazon Fresh Facility.",,False,False,False,False,False,False,False,True,False
MWP-0090,Amazon,DS,Burbank,CA,91504,2811 N Hollywood Way,,,,,,,,open,https://mwpvl.com/html/amazon_com.html,other,medium,"Los Angeles-Long Beach-Anaheim, CA",mwpvl_2025q1,91504,31080,ok,none,,True,,08_us_delivery_station,89,California,Delivery Station for Hollywood CA Region. SqFt is an estimate.,,False,False,False,False,False,False,True,False,False
MWP-0091,Amazon,DS,Milpitas,CA,95035,225 N McCarthy Blvd,,,2021,3,,,370000,open,https://mwpvl.com/html/amazon_com.html,other,medium,"San Jose-Sunnyvale-Santa Clara, CA",mwpvl_2025q1,95035,41940,ok,month,,True,DUR3,08_us_delivery_station,90,California,Delivery Station for SW San Jose / Santa Ciara County Region.,,False,False,False,False,False,False,False,False,False
MWP-0092,Amazon,DS,Bloomington,CA,92316,18025 Slover Avenue,,,2021,,,,344400,open,https://mwpvl.com/html/amazon_com.html,other,medium,"Riverside-San Bernardino-Ontario, CA",mwpvl_2025q1,92316,40140,ok,year,,True,DUR8,08_us_delivery_station,91,California,ee ae I egion.,,False,False,False,False,False,False,False,False,False
MWP-0093,Amazon,DS,Temecula,CA,92590,27711 Diaz Rd,,,2021,3,,,131500,open,https://mwpvl.com/html/amazon_com.html,other,medium,"Riverside-San Bernardino-Ontario, CA",mwpvl_2025q1,92590,40140,ok,month,,True,,08_us_delivery_station,92,California,Delivery Station for Temecula,,False,False,False,False,False,False,False,False,False
MWP-0094,Amazon,DS,Gilroy,CA,95020,Intersection of Highway 152 and Camino Arroyo,,,2025,,,,143200,open,https://mwpvl.com/html/amazon_com.html,other,medium,"San Jose-Sunnyvale-Santa Clara, CA",mwpvl_2025q1,95020,41940,ok,year,,True,PXC1,08_us_delivery_station,93,California,,,False,False,False,False,False,False,False,False,False
MWP-0095,Amazon,DS,Anaheim,CA,92806,3370 E La Palma Ave,,,2021,3,,,144000,open,https://mwpvl.com/html/amazon_com.html,other,medium,"Los Angeles-Long Beach-Anaheim, CA",mwpvl_2025q1,92806,31080,ok,month,,True,DXC3,08_us_delivery_station,94,California,Delivery Station for Anaheim,,False,False,False,False,False,False,False,False,False
MWP-0096,Amazon,DS,Fremont,CA,94538,44109 Pacific Commons Boulevard,,,2020,3,,,369200,open,https://mwpvl.com/html/amazon_com.html,other,medium,"San Francisco-Oakland-Fremont, CA",mwpvl_2025q1,94538,41860,ok,month,,True,PXC5,08_us_delivery_station,95,California,eee,,False,False,False,False,False,False,False,False,False
MWP-0097,Amazon,DS,San Jose,CA,95125,1710 Little Orchard St,,,,,,,212800,open,https://mwpvl.com/html/amazon_com.html,other,medium,"San Jose-Sunnyvale-Santa Clara, CA",mwpvl_2025q1,95125,41940,ok,none,,True,DXC8,08_us_delivery_station,96,California,Delivery Station for San Jose Central/South,,False,False,False,False,False,False,False,False,False
MWP-0099,Amazon,DS,Santa Ana,CA,92701,625 N. Grand Ave,,,,,,,,open,https://mwpvl.com/html/amazon_com.html,other,medium,"Los Angeles-Long Beach-Anaheim, CA",mwpvl_2025q1,92701,31080,ok,none,,True,,08_us_delivery_station,98,California,Delivery Station for Santa Ana / Irvine near Los Angeles,,False,False,False,False,False,False,False,False,False
MWP-0100,Amazon,DS,Upland,CA,91786,Central Avenue North of Foothill Boulevard and West of Benson Avenue,,,,,,,,announced,https://mwpvl.com/html/amazon_com.html,other,low,"Riverside-San Bernardino-Ontario, CA",mwpvl_2025q1,91786,40140,ok,none,,False,,08_us_delivery_station,99,California,Delivery Station for Ontario CA Area. Not Confirmed. Under protest.,,False,False,True,False,False,False,False,False,False
MWP-0101,Amazon,DS,Hollister,CA,95023,1500 Citation Way,,,2094,3,,,94300,open,https://mwpvl.com/html/amazon_com.html,other,medium,"San Jose-Sunnyvale-Santa Clara, CA",mwpvl_2025q1,95023,41940,ok,month,year_outside_2013_2030,True,DJC5,08_us_delivery_station,100,California,Delivery Station for Downtown San Jose. Delivery Station for : Gilroy CA Area.,,False,False,False,False,False,False,False,False,False
MWP-0102,Amazon,DS,Rancho Cordova,CA,95742,Rio del Oro Development,,,2025,,,,181500,announced,https://mwpvl.com/html/amazon_com.html,other,low,"Sacramento-Roseville-Folsom, CA",mwpvl_2025q1,95742,40900,ok,year,,False,,08_us_delivery_station,101,California,every Station [or Eas! East Sacramento CA Area. Not confirmed yet. a,,False,False,True,False,False,False,False,False,False
MWP-0103,Amazon,DS,Redlands,CA,92374,1895 Marigold Avenue,,,2021,3,,,140000,open,https://mwpvl.com/html/amazon_com.html,other,medium,"Riverside-San Bernardino-Ontario, CA",mwpvl_2025q1,92374,40140,ok,month,,True,DIB6,08_us_delivery_station,102,California,Delivery Station for Chula Vista / San Diego Delivery Station for Redlands / San Bernardino Area. Located in Kimberley- Clarke building. Sq Ft is an estimate.,,False,False,False,False,False,False,True,False,False
MWP-0104,Amazon,DS,Chula Vista,CA,91914,2311 Boswell Road,,,2022,,,,140000,open,https://mwpvl.com/html/amazon_com.html,other,medium,"San Diego-Chula Vista-Carlsbad, CA",mwpvl_2025q1,91914,41740,ok,year,,True,DIB7,08_us_delivery_station,103,California,Delivery Station : for Chula Vista / San Diego Ft,,False,False,False,False,False,False,False,False,False
MWP-0105,Amazon,DS,Victorville,CA,92395,15272 Bear Valley Rd,,,2021,,,,126400,open,https://mwpvl.com/html/amazon_com.html,other,medium,"Riverside-San Bernardino-Ontario, CA",mwpvl_2025q1,92395,40140,ok,year,,True,DFX4,08_us_delivery_station,104,California,Area. Sq is an estimate. Delivery Station for Victorville CA Area.,,False,False,False,False,False,False,False,False,False
MWP-0106,Amazon,DS,Huntington Beach,CA,92647,14952 Bolsa Chica St,,,2021,3,,,259100,open,https://mwpvl.com/html/amazon_com.html,other,medium,"Los Angeles-Long Beach-Anaheim, CA",mwpvl_2025q1,92647,31080,ok,month,,True,DFX9,08_us_delivery_station,105,California,: oe Staton for 9,,False,False,False,False,False,False,False,False,False
MWP-0107,Amazon,DS,Cathedral City,CA,92234,35750 Date Palm Drive,,,,,,,122200,open,https://mwpvl.com/html/amazon_com.html,other,medium,"Riverside-San Bernardino-Ontario, CA",mwpvl_2025q1,92234,40140,ok,none,,True,,08_us_delivery_station,106,California,oe,,False,False,False,False,False,False,False,False,False
MWP-0108,Amazon,DS,Orland,CA,95963,6992 Haigh Drive,,,2021,2,,,79000,open,https://mwpvl.com/html/amazon_com.html,other,medium,,mwpvl_2025q1,95963,,county_in_no_cbsa,month,,True,,08_us_delivery_station,107,California,Rural Wagon Wheel Delivery Station for onand CA,,False,False,False,False,False,False,False,False,True
MWP-0109,Amazon,DS,Chico,CA,95928,2336 Park Ave,,,,,,,22000,open,https://mwpvl.com/html/amazon_com.html,other,medium,"Chico, CA",mwpvl_2025q1,95928,17020,ok,none,,True,,08_us_delivery_station,108,California,Rural Wagon Wheel Delivery Station for chico CA.,,False,False,False,False,False,False,False,False,True
MWP-0110,Amazon,DS,Grass Valley,CA,95945,1415 Whispering Pines Ln,,,2022,,,,16000,open,https://mwpvl.com/html/amazon_com.html,other,medium,"Truckee-Grass Valley, CA",mwpvl_2025q1,95945,46020,ok,year,,True,XTE3,08_us_delivery_station,109,California,Rural Wagon Wheel : Delivery Station for Grass Valley CA.,,False,False,False,False,False,False,False,False,True
MWP-0111,Amazon,DS,San Clemente,CA,94110,San Clemente Business Park,,,2025,,,,,announced,https://mwpvl.com/html/amazon_com.html,other,low,"San Francisco-Oakland-Fremont, CA",mwpvl_2025q1,94110,41860,ok,year,,False,,08_us_delivery_station,110,California,Delivery Station for San Clemente Region. Not confirmed and under opposition.,,False,False,True,False,False,False,False,False,False
MWP-0113,Amazon,DS,Colorado Springs,CO,80911,4303 Grinnell Blvd,,,2019,4,,,,open,https://mwpvl.com/html/amazon_com.html,other,medium,"Colorado Springs, CO",mwpvl_2025q1,80911,17820,ok,month,,True,,08_us_delivery_station,112,Colorado,Delivery Station for Colorado Springs; will replace tent,,False,False,False,False,False,False,False,False,False
MWP-0114,Amazon,DS,Colorado Springs,CO,80910,715 S. Academy Blvd,,,2023,3,,,135000,open,https://mwpvl.com/html/amazon_com.html,other,medium,"Colorado Springs, CO",mwpvl_2025q1,80910,17820,ok,month,,True,PES4,08_us_delivery_station,113,Colorado,aoe S prey Station in eas,,False,False,False,False,False,False,False,False,False
MWP-0115,Amazon,DS,Colorado Springs,CO,80907,4607 Forge Rd,,,2025,1,,,105000,open,https://mwpvl.com/html/amazon_com.html,other,medium,"Colorado Springs, CO",mwpvl_2025q1,80907,17820,ok,quarter,,True,HCO1,08_us_delivery_station,114,Colorado,station in the same building. Project Academy. Delivery Station for NW Colorado Springs.,,False,False,False,False,False,False,False,False,False
MWP-0116,Amazon,DS,Grand Junction,CO,81506,800 Saccomanno Road,,,2025,,,,38000,open,https://mwpvl.com/html/amazon_com.html,other,medium,"Grand Junction, CO",mwpvl_2025q1,81506,24300,ok,year,,True,,08_us_delivery_station,115,Colorado,Delivery Station for Grand Junction.,,False,False,False,False,False,False,False,False,False
MWP-0117,Amazon,DS,Denver,CO,80216,6050 Downing St,,,,,,,,open,https://mwpvl.com/html/amazon_com.html,other,medium,"Denver-Aurora-Centennial, CO",mwpvl_2025q1,80216,19740,ok,none,,True,,08_us_delivery_station,116,Colorado,Delivery Station for North Side of Denver. Retrofit to a driver's training center.,,False,False,False,False,False,False,False,False,False
MWP-0118,Amazon,DS,Denver,CO,80221,875 West 64th Avenue,,,,,,,,open,https://mwpvl.com/html/amazon_com.html,other,medium,"Denver-Aurora-Centennial, CO",mwpvl_2025q1,80221,19740,ok,none,,True,,08_us_delivery_station,117,Colorado,Delivery Station for Loveland / Fort Collins Delivery Station for Denver. Sq Ft is an estimate.,,False,False,False,False,False,False,True,False,False
MWP-0119,Amazon,DS,Englewood,CO,80112,12675 Liberty Boulevard,,,2021,3,,,140000,open,https://mwpvl.com/html/amazon_com.html,other,medium,"Denver-Aurora-Centennial, CO",mwpvl_2025q1,80112,19740,ok,month,,True,DDV4,08_us_delivery_station,118,Colorado,Delivery Station for Thornton Area North of Delivery Station for Broomfield/Thornton stalion : for SE q Ft is an estimate.,,False,False,False,False,False,False,False,False,False
MWP-0120,Amazon,DS,Aurora,CO,80011,2889 Himalaya Drive,,,2020,3,,,701900,open,https://mwpvl.com/html/amazon_com.html,other,medium,"Denver-Aurora-Centennial, CO",mwpvl_2025q1,80011,19740,ok,month,,True,DDV5,08_us_delivery_station,119,Colorado,Delivery Station for Aurora,,False,False,False,False,False,False,False,False,False
MWP-0121,Amazon,DS,Danbury,CT,06810,ek Geode 8 Old Sherman Turnpike,,,2018,3,,,60300,open,https://mwpvl.com/html/amazon_com.html,other,medium,,mwpvl_2025q1,06810,,connecticut_county_vintage_gap,month,,True,DBL1,08_us_delivery_station,120,Connecticut,Delivery Station for Greater Hartford Area Delivery Station for Greater Danbury CT area,,False,False,False,False,False,False,False,False,False
MWP-0122,Amazon,DS,Windsor,CT,06095,100 Helmsford Way #60,,,2021,3,,,169500,open,https://mwpvl.com/html/amazon_com.html,other,medium,,mwpvl_2025q1,06095,,connecticut_county_vintage_gap,month,,True,DCY1,08_us_delivery_station,121,Connecticut,Delivery Station for Windsor CT area.,,False,False,False,False,False,False,False,False,False
MWP-0123,Amazon,DS,Wallingford,CT,06492,425 S Cherry Street,,,2020,4,,,83800,open,https://mwpvl.com/html/amazon_com.html,other,medium,,mwpvl_2025q1,06492,,connecticut_county_vintage_gap,month,,True,DOB2,08_us_delivery_station,122,Connecticut,Delivery Station for Greater New Haven CT : Station : for Greater / 0 aven CT area,,False,False,False,False,False,False,False,False,False
MWP-0124,Amazon,DS,Stratford,CT,06615,600 Long Beach Boulevard,,,2020,3,,,78900,open,https://mwpvl.com/html/amazon_com.html,other,medium,,mwpvl_2025q1,06615,,connecticut_county_vintage_gap,month,,True,DOB4,08_us_delivery_station,123,Connecticut,Delivery Station for Greater Stratford CT area,,False,False,False,False,False,False,False,False,False
MWP-0125,Amazon,DS,Glastonbury,CT,06033,35 National Drive,,,2023,3,,,105700,announced,https://mwpvl.com/html/amazon_com.html,other,low,,mwpvl_2025q1,06033,,connecticut_county_vintage_gap,month,,False,,08_us_delivery_station,124,Connecticut,Delivery Station for SE Hartford CT area. Not yet confirmed.,,False,False,True,False,False,False,False,False,False
MWP-0126,Amazon,DS,,CT,06611,Connecticut,,,2020,3,,,114000,open,https://mwpvl.com/html/amazon_com.html,other,medium,,mwpvl_2025q1,06611,,connecticut_county_vintage_gap,month,,True,DYO5,08_us_delivery_station,125,Connecticut,Delivery Station for Greater Bridgeport CT area 60 mile radius. Also lease 25-acre : rere ga,,False,False,False,False,False,False,False,False,False
MWP-0127,Amazon,DS,Monroe,CT,06468,10 Victoria Ave,,,,,,,,open,https://mwpvl.com/html/amazon_com.html,other,medium,,mwpvl_2025q1,06468,,connecticut_county_vintage_gap,none,,True,,08_us_delivery_station,126,Connecticut,parking lot on Victoria drive. Parking Lot for 650 Delivery Vans & 40 cars for Monroe & Greater Bridgeport CT.,,False,False,False,False,False,False,False,False,False
MWP-0128,Amazon,DS,South Windsor,CT,06074,240 Ellington Rd,,,2023,,,,183000,open,https://mwpvl.com/html/amazon_com.html,other,low,,mwpvl_2025q1,06074,,connecticut_county_vintage_gap,year,,False,DEB2,08_us_delivery_station,127,Connecticut,Delivery Station for Windsor CT area. Opening was delayed 2 years from 2021 to 2023.,,False,False,False,True,False,False,False,False,False
MWP-0129,Amazon,DS,Plainfield,CT,06374,137 Lathrop Rd,,,,,,,,open,https://mwpvl.com/html/amazon_com.html,other,low,,mwpvl_2025q1,06374,,connecticut_county_vintage_gap,none,,False,,08_us_delivery_station,128,Connecticut,Delivery Station for Plainfield / Norwich CT area. Delayed Opening.,,False,False,False,True,False,False,False,False,False
MWP-0130,Amazon,DS,Waterbury,CT,06705,3800 East Main Street,,,2024,,,,90000,open,https://mwpvl.com/html/amazon_com.html,other,medium,,mwpvl_2025q1,06705,,connecticut_county_vintage_gap,year,,True,,08_us_delivery_station,129,Connecticut,ean ai confirmed. Pending permit.,,False,False,False,False,False,False,False,False,False
MWP-0131,Amazon,DS,@acila,MI,49720,1500 Johnson Way,,,2018,,,,246900,open,https://mwpvl.com/html/amazon_com.html,other,medium,,mwpvl_2025q1,49720,,county_in_no_cbsa,year,,True,DPH4,08_us_delivery_station,130,Delaware,Delivery Station for Greater ‘a3 Wilmington Area,,False,False,False,False,False,False,False,False,False
MWP-0132,Amazon,DS,Delaware City,DE,19720,2421 Bear Corbitt Road,,,2023,,,,594700,open,https://mwpvl.com/html/amazon_com.html,other,low,"Philadelphia-Camden-Wilmington, PA-NJ-DE-MD",mwpvl_2025q1,19720,37980,ok,year,,False,DGI1,08_us_delivery_station,131,Delaware,Delivery Station for Delaware City Area. Delayed. Building put up for sublease. In Oct 2024 it remains unleased.,,False,False,False,True,False,False,False,False,False
MWP-0133,Amazon,DS,Wilmington,,49804,851 Boxwood Road,,,,,,,220000,open,https://mwpvl.com/html/amazon_com.html,other,medium,,mwpvl_2025q1,,,postcode_not_a_zcta,none,,True,DGI3,08_us_delivery_station,132,Delaware,Delivery aerial ri campus as the Newpo,,False,False,False,False,False,False,False,False,False
MWP-0134,Amazon,DS,Seaford,DE,19973,1700 Dulaney St,,,2022,1,,,104000,open,https://mwpvl.com/html/amazon_com.html,other,medium,"Seaford, DE",mwpvl_2025q1,19973,42580,ok,month,,True,,08_us_delivery_station,133,Delaware,Rural Delivery Station for Dover to Salisbury DE Area.,,False,False,False,False,False,False,False,False,False
MWP-0135,Amazon,DS,Washington,DC,20018,2115 Bryant Street NE,,,2025,,,,53500,open,https://mwpvl.com/html/amazon_com.html,other,medium,"Washington-Arlington-Alexandria, DC-VA-MD-WV",mwpvl_2025q1,20018,47900,ok,year,,True,,08_us_delivery_station,134,District Of Columbia,pila Ue : il fon,,False,False,False,False,False,False,False,False,False
MWP-0136,Amazon,DS,Gainesville,FL,32653,2121 NW 67th Place,,,,,,,99000,open,https://mwpvl.com/html/amazon_com.html,other,medium,"Gainesville, FL",mwpvl_2025q1,32653,23540,ok,none,,True,DFL3,08_us_delivery_station,135,Florida,Delivery Station for Gainesville FL Region.,,False,False,False,False,False,False,False,False,False
MWP-0137,Amazon,DS,Orlando,FL,32808,4401 Seaboard Rd,,,,,,,1086400,open,https://mwpvl.com/html/amazon_com.html,other,medium,"Orlando-Kissimmee-Sanford, FL",mwpvl_2025q1,32808,36740,ok,none,,True,DFL4,08_us_delivery_station,136,Florida,Delivery Station for Orlando Market located in former C&S Wholesale Grocery Distribution Center.,,False,False,False,False,False,False,False,False,False
MWP-0138,Amazon,DS,Apopka,FL,32703,3000 Shelby Industrial Drive,,,2021,2,,,201500,open,https://mwpvl.com/html/amazon_com.html,other,medium,"Orlando-Kissimmee-Sanford, FL",mwpvl_2025q1,32703,36740,ok,month,,True,DFL5,08_us_delivery_station,137,Florida,Delivery Station for Orlando NE Region.,,False,False,False,False,False,False,False,False,False
MWP-0139,Amazon,DS,Lakeland,FL,33809,8100 State Road 33,,,2020,4,,,711000,open,https://mwpvl.com/html/amazon_com.html,other,medium,"Lakeland-Winter Haven, FL",mwpvl_2025q1,33809,29460,ok,month,,True,DFL7,08_us_delivery_station,138,Florida,Delivery Station for Lakeland Region.,,False,False,False,False,False,False,False,False,False
MWP-0140,Amazon,DS,Groveland,FL,34736,19961 Independence Drive,,,,,,,,announced,https://mwpvl.com/html/amazon_com.html,other,low,"Orlando-Kissimmee-Sanford, FL",mwpvl_2025q1,34736,36740,ok,none,,False,,08_us_delivery_station,139,Florida,Delivery Station for Orlando NW Region. Not yet confirmed.,,False,False,True,False,False,False,False,False,False
MWP-0141,Amazon,DS,Fort Myers,FL,33913,10016 Bavaria Road,,,,,,,60000,open,https://mwpvl.com/html/amazon_com.html,other,medium,"Cape Coral-Fort Myers, FL",mwpvl_2025q1,33913,15980,ok,none,,True,DFM2,08_us_delivery_station,140,Florida,Delivery Station for Fort Meyers,,False,False,False,False,False,False,False,False,False
MWP-0143,Amazon,DS,Naples,FL,34104,8760 Davis Boulevard,,,2021,2,,,104900,open,https://mwpvl.com/html/amazon_com.html,other,medium,"Naples-Marco Island, FL",mwpvl_2025q1,34104,34940,ok,month,,True,DFM4,08_us_delivery_station,142,Florida,Delivery Station for Naples Area.,,False,False,False,False,False,False,False,False,False
MWP-0144,Amazon,DS,Sarasota,FL,34243,2200 Tallevast Road,,,,,,,321200,open,https://mwpvl.com/html/amazon_com.html,other,medium,"North Port-Bradenton-Sarasota, FL",mwpvl_2025q1,34243,35840,ok,none,,True,DFM5,08_us_delivery_station,143,Florida,Delivery Station for Sarasota Area.,,False,False,False,False,False,False,False,False,False
MWP-0145,Amazon,DS,Fort Myers,FL,33912,8270 Logistics Dr,,,2022,,,,180000,open,https://mwpvl.com/html/amazon_com.html,other,medium,"Cape Coral-Fort Myers, FL",mwpvl_2025q1,33912,15980,ok,year,,True,,08_us_delivery_station,144,Florida,Delivery Station for Fort Meyers,,False,False,False,False,False,False,False,False,False
MWP-0146,Amazon,DS,Jacksonville,FL,32226,11084 Cabot Commerce Circle,,,,,,,63200,open,https://mwpvl.com/html/amazon_com.html,other,medium,"Jacksonville, FL",mwpvl_2025q1,32226,27260,ok,none,,True,DJX1,08_us_delivery_station,145,Florida,Delivery Station for Jacksonville area,,False,False,False,False,False,False,False,False,False
MWP-0147,Amazon,DS,Jacksonville,FL,32210,4645 & 4825 Blanding Blvd,,,2021,,,,111700,open,https://mwpvl.com/html/amazon_com.html,other,medium,"Jacksonville, FL",mwpvl_2025q1,32210,27260,ok,year,,True,DJX2,08_us_delivery_station,146,Florida,Delivery Station for Jacksonville South,,False,False,False,False,False,False,False,False,False
MWP-0148,Amazon,DS,Jacksonville,FL,32218,250 Busch Drive,,,2021,4,,,477900,open,https://mwpvl.com/html/amazon_com.html,other,medium,"Jacksonville, FL",mwpvl_2025q1,32218,27260,ok,month,,True,DJX3,08_us_delivery_station,147,Florida,Delivery Station for Jacksonville North.,,False,False,False,False,False,False,False,False,False
MWP-0149,Amazon,DS,Florida,FL,32225,450 General Doolittle Drive,,,2024,3,,,480900,announced,https://mwpvl.com/html/amazon_com.html,other,low,"Jacksonville, FL",mwpvl_2025q1,32225,27260,ok,month,,False,,08_us_delivery_station,148,Florida,: Delivery Station for Jacksonville East. Not confirmed yet.,,False,False,True,False,False,False,False,False,False
MWP-0150,Amazon,DS,Jacksonville,FL,32256,5100 Inman Road,,,2025,,,,132000,open,https://mwpvl.com/html/amazon_com.html,other,medium,"Jacksonville, FL",mwpvl_2025q1,32256,27260,ok,year,,True,DJX7,08_us_delivery_station,149,Florida,Delivery Station for St. Augustine Region. Delivery Station for Jacksonville.,,False,False,False,False,False,False,False,False,False
MWP-0151,Amazon,DS,Jacksonville,FL,32225,855 St. Johns Bluff Road N,,,,,,,,open,https://mwpvl.com/html/amazon_com.html,other,medium,"Jacksonville, FL",mwpvl_2025q1,32225,27260,ok,none,,True,,08_us_delivery_station,150,Florida,confirmed yet.,,False,False,False,False,False,False,False,False,False
MWP-0152,Amazon,DS,Hialeah,FL,33142,5600-5700 NW 37th Ave,,,2020,4,,,211000,open,https://mwpvl.com/html/amazon_com.html,other,medium,"Miami-Fort Lauderdale-West Palm Beach, FL",mwpvl_2025q1,33142,33100,ok,month,,True,,08_us_delivery_station,151,Florida,Delivery Station for Miami / Doral Region.,,False,False,False,False,False,False,False,False,False
MWP-0153,Amazon,DS,Pompano Beach,FL,33064,2800 North Andrews Avenue Extension,,,,,,,248700,open,https://mwpvl.com/html/amazon_com.html,other,medium,"Miami-Fort Lauderdale-West Palm Beach, FL",mwpvl_2025q1,33064,33100,ok,none,,True,DMF3,08_us_delivery_station,152,Florida,Delivery Station for Pompano Beach Region.,,False,False,False,False,False,False,False,False,False
MWP-0154,Amazon,DS,Miami,FL,33182,13450 NW 14th Street,,,2020,3,,,216800,open,https://mwpvl.com/html/amazon_com.html,other,medium,"Miami-Fort Lauderdale-West Palm Beach, FL",mwpvl_2025q1,33182,33100,ok,month,,True,DMF5,08_us_delivery_station,153,Florida,: Delivery Station for Miami ss Region.,,False,False,False,False,False,False,False,False,False
MWP-0155,Amazon,DS,Miami Gardens,FL,33169,15600 NW 15th Ave,,,2015,1,,,,open,https://mwpvl.com/html/amazon_com.html,other,medium,"Miami-Fort Lauderdale-West Palm Beach, FL",mwpvl_2025q1,33169,33100,ok,month,,True,,08_us_delivery_station,154,Florida,Delivery Station for St Petersburg / Delivery Station for Homestead-Miami Delivery Station for Miami area Co-located in UFL1,,False,False,False,False,False,False,False,True,False
MWP-0156,Amazon,DS,Miami,FL,33122,3200 Northwest 67th Avenue,,,,,,,20600,open,https://mwpvl.com/html/amazon_com.html,other,medium,"Miami-Fort Lauderdale-West Palm Beach, FL",mwpvl_2025q1,33122,33100,ok,none,,True,DMI3,08_us_delivery_station,155,Florida,Delivery Station for Miami area Co-located in MIA6,,False,False,False,False,False,False,False,True,False
MWP-0157,Amazon,DS,Sunrise,FL,33325,251 International Pkwy,,,2018,4,,,178800,open,https://mwpvl.com/html/amazon_com.html,other,medium,"Miami-Fort Lauderdale-West Palm Beach, FL",mwpvl_2025q1,33325,33100,ok,month,,True,DMI4,08_us_delivery_station,156,Florida,Delivery Station for Fort Lauderdale,,False,False,False,False,False,False,False,False,False
MWP-0158,Amazon,DS,Miami,FL,33126,6703 NW 7th St,,,2019,,,,176300,open,https://mwpvl.com/html/amazon_com.html,other,medium,"Miami-Fort Lauderdale-West Palm Beach, FL",mwpvl_2025q1,33126,33100,ok,year,,True,,08_us_delivery_station,157,Florida,: Delivery Station for Miami —,,False,False,False,False,False,False,False,False,False
MWP-0159,Amazon,DS,West Palm Beach,FL,33413,6711 Belvedere Road,,,2019,4,,,96000,open,https://mwpvl.com/html/amazon_com.html,other,medium,"Miami-Fort Lauderdale-West Palm Beach, FL",mwpvl_2025q1,33413,33100,ok,month,,True,DMI7,08_us_delivery_station,158,Florida,Delivery Station for West Palm Beach,,False,False,False,False,False,False,False,False,False
MWP-0160,Amazon,DS,Miami,FL,33186,13320 SW 132nd Ave,,,2021,4,,,83800,open,https://mwpvl.com/html/amazon_com.html,other,medium,"Miami-Fort Lauderdale-West Palm Beach, FL",mwpvl_2025q1,33186,33100,ok,month,,True,,08_us_delivery_station,159,Florida,Delivery Station for Kendall-Miami South Region.,,False,False,False,False,False,False,False,False,False
MWP-0162,Amazon,DS,Orlando,FL,32805,1224 S. Orange Blossom Trail,,,2020,3,,,120000,open,https://mwpvl.com/html/amazon_com.html,other,medium,"Orlando-Kissimmee-Sanford, FL",mwpvl_2025q1,32805,36740,ok,month,,True,DMO3,08_us_delivery_station,161,Florida,in SFL1. Delivery Station for Orlando North Area,,False,False,False,False,False,False,False,False,False
MWP-0163,Amazon,DS,Daytona Beach,FL,32114,2400 Mason Avenue,,,2019,3,,,66600,open,https://mwpvl.com/html/amazon_com.html,other,medium,"Deltona-Daytona Beach-Ormond Beach, FL",mwpvl_2025q1,32114,19660,ok,month,,True,DMO4,08_us_delivery_station,162,Florida,Delivery Station for Daytona Beach,,False,False,False,False,False,False,False,False,False
MWP-0164,Amazon,DS,Boca Raton,FL,33431,700 Banyan Trail,,,2020,4,,,477000,open,https://mwpvl.com/html/amazon_com.html,other,medium,"Miami-Fort Lauderdale-West Palm Beach, FL",mwpvl_2025q1,33431,33100,ok,month,,True,,08_us_delivery_station,163,Florida,Delivery Station for Boca Raton / Deerfield Beach / Pompano Beach area,,False,False,False,False,False,False,False,False,False
MWP-0166,Amazon,DS,Tampa,FL,33605,1601 N 39th Street,,,2021,3,,,500000,open,https://mwpvl.com/html/amazon_com.html,other,medium,"Tampa-St. Petersburg-Clearwater, FL",mwpvl_2025q1,33605,45300,ok,month,,True,DSR7,08_us_delivery_station,165,Florida,Delivery Station for Tampa.,,False,False,False,False,False,False,False,False,False
MWP-0168,Amazon,DS,St. Petersburg,FL,33716,9900 18th Street N,,,2015,4,,,23400,open,https://mwpvl.com/html/amazon_com.html,other,medium,"Tampa-St. Petersburg-Clearwater, FL",mwpvl_2025q1,33716,45300,ok,month,,True,DTP2,08_us_delivery_station,167,Florida,Delivery Station for St. Petersburg,,False,False,False,False,False,False,False,False,False
MWP-0169,Amazon,DS,Saint Petersburg,FL,33786,3201 Gateway Centre Pkwy,,,2024,4,,,100000,open,https://mwpvl.com/html/amazon_com.html,other,medium,"Tampa-St. Petersburg-Clearwater, FL",mwpvl_2025q1,33786,45300,ok,month,,True,DTP8,08_us_delivery_station,168,Florida,Delivery Station for Lutz FL Region. Sq Ft is Delivery Station focused on Same Day Delivery Station for St. Petersburg. Delivery Station for Tampa,,False,False,False,False,False,False,False,False,False
MWP-0170,Amazon,DS,Saint Petersburg,FL,33714,6101 45th St. N,,,2026,,,,114300,open,https://mwpvl.com/html/amazon_com.html,other,low,"Tampa-St. Petersburg-Clearwater, FL",mwpvl_2025q1,33714,45300,ok,year,,False,,08_us_delivery_station,169,Florida,Delivery Station for St. Petersburg. Facility built out but delayed opening for 3 years. It has been put up for sublease.,,False,False,False,True,False,False,False,False,False
MWP-0171,Amazon,DS,Tampa,FL,33611,6604 S. Dale Mabry Highway,,,,,,,122600,open,https://mwpvl.com/html/amazon_com.html,other,medium,"Tampa-St. Petersburg-Clearwater, FL",mwpvl_2025q1,33611,45300,ok,none,,True,,08_us_delivery_station,170,Florida,Delivery Station for South Tampa near MacDill Air Force Base.,,False,False,False,False,False,False,False,False,False
MWP-0172,Amazon,DS,Fort Pierce,FL,34951,7440 Commercial Circle,,,2019,3,,,60000,open,https://mwpvl.com/html/amazon_com.html,other,medium,"Port St. Lucie, FL",mwpvl_2025q1,34951,38940,ok,month,,True,DVB1,08_us_delivery_station,171,Florida,"Delivery Station for Fort Pierce, FL",,False,False,False,False,False,False,False,False,False
MWP-0173,Amazon,DS,Deerfield Beach,FL,33442,1111 Southwest 30th Avenue,,,2021,2,,,158000,open,https://mwpvl.com/html/amazon_com.html,other,medium,"Miami-Fort Lauderdale-West Palm Beach, FL",mwpvl_2025q1,33442,33100,ok,month,,True,PVE4,08_us_delivery_station,172,Florida,Delivery Station for Boca Raton/Deertield Beach Region.,,False,False,False,False,False,False,False,False,False
MWP-0174,Amazon,DS,Miramar,FL,33027,3701 Flamingo Road,,,2023,2,,,489700,open,https://mwpvl.com/html/amazon_com.html,other,low,"Miami-Fort Lauderdale-West Palm Beach, FL",mwpvl_2025q1,33027,33100,ok,month,,False,DVB6,08_us_delivery_station,173,Florida,Delivery Station for Miramar-Miami North Region. Delayed Opening.,,False,False,False,True,False,False,False,False,False
MWP-0175,Amazon,DS,Miami,FL,33167,3000 NW 123rd St,,,2021,3,,,225600,open,https://mwpvl.com/html/amazon_com.html,other,medium,"Miami-Fort Lauderdale-West Palm Beach, FL",mwpvl_2025q1,33167,33100,ok,month,,True,DVB7,08_us_delivery_station,174,Florida,Delivery Station for Miami wr Airport area.,,False,False,False,False,False,False,False,False,False
MWP-0176,Amazon,DS,Fort Lauderdale,FL,33309,6499 NW 15th Ave,,,2021,3,,,149300,open,https://mwpvl.com/html/amazon_com.html,other,medium,"Miami-Fort Lauderdale-West Palm Beach, FL",mwpvl_2025q1,33309,33100,ok,month,,True,DFH1,08_us_delivery_station,175,Florida,Delivery Station for Miami Airport area. Sq Delivery Station for Fort Lauderdale Region,,False,False,False,False,False,False,False,False,False
MWP-0177,Amazon,DS,Melbourne,FL,32934,3998 Sarno Road,,,2024,4,,,141400,open,https://mwpvl.com/html/amazon_com.html,other,low,"Palm Bay-Melbourne-Titusville, FL",mwpvl_2025q1,32934,37340,ok,quarter,,False,DFH3,08_us_delivery_station,176,Florida,Velivery for Bay Project Sonic. Opening delayed 2,,False,False,False,True,False,False,False,False,False
MWP-0178,Amazon,DS,Riviera Beach,FL,33404,1301 President Barrack Obama Highway,,,,,,,120300,open,https://mwpvl.com/html/amazon_com.html,other,medium,"Miami-Fort Lauderdale-West Palm Beach, FL",mwpvl_2025q1,33404,33100,ok,none,,True,DFH6,08_us_delivery_station,177,Florida,Delvety ee Station Ihr West Palm Geach eed =,,False,False,False,False,False,False,False,False,False
MWP-0179,Amazon,DS,Gibsonton,FL,33534,13010 Bay Industrial Dr,,,2022,1,,,112000,open,https://mwpvl.com/html/amazon_com.html,other,medium,"Tampa-St. Petersburg-Clearwater, FL",mwpvl_2025q1,33534,45300,ok,month,,True,DSR3,08_us_delivery_station,178,Florida,DSR3 is ts a Delivery Station for South Tampa : is a co-located Heavy/Bulky,,False,False,False,False,False,False,False,True,False
MWP-0180,Amazon,DS,Marianna,FL,32446,3529 Russell Road,,,2021,4,,,,open,https://mwpvl.com/html/amazon_com.html,other,medium,,mwpvl_2025q1,32446,,county_in_no_cbsa,month,,True,,08_us_delivery_station,179,Florida,Rural Wagon Wheel Delivery Station for Marianna FL Area. Sq Ft is an estimate.,,False,False,False,False,False,False,True,False,True
MWP-0181,Amazon,DS,Tamarac,FL,33321,5601 N Hiatus Rd,,,2025,,,,68200,open,https://mwpvl.com/html/amazon_com.html,other,medium,"Miami-Fort Lauderdale-West Palm Beach, FL",mwpvl_2025q1,33321,33100,ok,year,,True,,08_us_delivery_station,180,Florida,Delivery Station for Pompano Beach Region. :,,False,False,False,False,False,False,False,False,False
MWP-0182,Amazon,DS,,FL,32303,,,,2023,4,,,123100,open,https://mwpvl.com/html/amazon_com.html,other,low,"Tallahassee, FL",mwpvl_2025q1,32303,45220,ok,month,,False,WFL2,08_us_delivery_station,181,,Delivery Station for Tallahassee Region. Derniart Project Cyprus. Project delayed.,,False,False,False,True,False,False,False,False,False
MWP-0183,Amazon,DS,Pompano Beach,FL,33069,Isle of Capri,,,,,,,,announced,https://mwpvl.com/html/amazon_com.html,other,low,"Miami-Fort Lauderdale-West Palm Beach, FL",mwpvl_2025q1,33069,33100,ok,none,,False,,08_us_delivery_station,182,Florida,Delivery Station for Pompano Beach Region. Not yet confirmed.,,False,False,True,False,False,False,False,False,False
MWP-0184,Amazon,DS,Panama City,FL,32404,Commerce Boulevard,,,,,,,,open,https://mwpvl.com/html/amazon_com.html,other,medium,"Panama City-Panama City Beach, FL",mwpvl_2025q1,32404,37460,ok,none,,True,,08_us_delivery_station,183,Florida,"Rural Wagon Wheel Delivery Station for Panama City, FL. Sq Ft is an estimate.",,False,False,False,False,False,False,True,False,True
MWP-0185,Amazon,DS,Port St Lucie,FL,34987,13450 SW Anthony F. Sansone Sr. Blvd,,,,,,,220000,open,https://mwpvl.com/html/amazon_com.html,other,medium,"Port St. Lucie, FL",mwpvl_2025q1,34987,38940,ok,none,,True,DFH7,08_us_delivery_station,184,Florida,Delivery Station for Pompano Beach Region.,,False,False,False,False,False,False,False,False,False
MWP-0186,Amazon,DS,Milton,FL,32583,5520 Industrial Blvd,,,,,,,81000,open,https://mwpvl.com/html/amazon_com.html,other,medium,"Pensacola-Ferry Pass-Brent, FL",mwpvl_2025q1,32583,37860,ok,none,,True,WML1,08_us_delivery_station,185,Florida,Delivery Station of small and heavy/bulky merch for Pensacola East Region. Project,,False,False,False,False,False,False,False,False,False
MWP-0188,Amazon,DS,Lawrenceville,GA,30043,1700 Belle Meade Court,,,2018,,,,80000,open,https://mwpvl.com/html/amazon_com.html,other,medium,"Atlanta-Sandy Springs-Roswell, GA",mwpvl_2025q1,30043,12060,ok,year,,True,DAT2,08_us_delivery_station,187,Georgia,Delivery Station for Atlanta area,,False,False,False,False,False,False,False,False,False
MWP-0189,Amazon,DS,College Park,GA,30337,2750 Sullivan Road,,,2019,2,,,205500,open,https://mwpvl.com/html/amazon_com.html,other,medium,"Atlanta-Sandy Springs-Roswell, GA",mwpvl_2025q1,30337,12060,ok,month,,True,DAT3,08_us_delivery_station,188,Georgia,Delivery Station for Atlanta area,,False,False,False,False,False,False,False,False,False
MWP-0190,Amazon,DS,Atlanta,GA,30331,7055 Campbellton Road,,,2020,3,,,1128400,open,https://mwpvl.com/html/amazon_com.html,other,medium,"Atlanta-Sandy Springs-Roswell, GA",mwpvl_2025q1,30331,12060,ok,month,,True,DAT6,08_us_delivery_station,189,Georgia,Delivery Station for Atlanta Area.,,False,False,False,False,False,False,False,False,False
MWP-0191,Amazon,DS,Atlanta,GA,30349,5705 Campbellton Fairburn Rd,,,2020,3,,,1007400,open,https://mwpvl.com/html/amazon_com.html,other,medium,"Atlanta-Sandy Springs-Roswell, GA",mwpvl_2025q1,30349,12060,ok,month,,True,DAT9,08_us_delivery_station,190,Georgia,ee OC res,,False,False,False,False,False,False,False,False,False
MWP-0192,Amazon,DS,Rincon,GA,31326,140 Commerce Ct,,,2018,4,,,9400,open,https://mwpvl.com/html/amazon_com.html,other,medium,"Savannah, GA",mwpvl_2025q1,31326,42340,ok,month,,True,DGE2,08_us_delivery_station,191,Georgia,Delivery Station for Savannah,,False,False,False,False,False,False,False,False,False
MWP-0193,Amazon,DS,,GA,31407,,,,2020,3,,,117000,open,https://mwpvl.com/html/amazon_com.html,other,medium,"Savannah, GA",mwpvl_2025q1,31407,42340,ok,month,,True,DGE4,08_us_delivery_station,192,,Delivery Station OlallOl for Savannah,,False,False,False,False,False,False,False,False,False
MWP-0194,Amazon,DS,,GA,30294,800 Anvil Block Road Forest Park,,,,,,,221000,open,https://mwpvl.com/html/amazon_com.html,other,medium,"Atlanta-Sandy Springs-Roswell, GA",mwpvl_2025q1,30294,12060,ok,none,,True,,08_us_delivery_station,193,Georgia,Delivery Station for Forest Park / South East Atlanta Region.,,False,False,False,False,False,False,False,False,False
MWP-0196,Amazon,DS,Buford,GA,30518,920 Logistics Parkway,,,2020,3,,,301900,open,https://mwpvl.com/html/amazon_com.html,other,medium,"Atlanta-Sandy Springs-Roswell, GA",mwpvl_2025q1,30518,12060,ok,month,,True,,08_us_delivery_station,195,Georgia,Delivery Station for Atlanta North.,,False,False,False,False,False,False,False,False,False
MWP-0197,Amazon,DS,Doraville,GA,30340,6945 Button Gwinnett Drive,,,2021,3,,,121000,open,https://mwpvl.com/html/amazon_com.html,other,medium,"Atlanta-Sandy Springs-Roswell, GA",mwpvl_2025q1,30340,12060,ok,month,,True,DTG5,08_us_delivery_station,196,Georgia,Delivery Station for Atlanta North.,,False,False,False,False,False,False,False,False,False
MWP-0198,Amazon,DS,Alpharetta,GA,30005,6020 Shiloh Road,,,,,,,,open,https://mwpvl.com/html/amazon_com.html,other,medium,"Atlanta-Sandy Springs-Roswell, GA",mwpvl_2025q1,30005,12060,ok,none,,True,,08_us_delivery_station,197,Georgia,Delivery Station for Duluth / NE Atlanta Delivery Station for Atlanta North. 3 buildings. Project A to Z.,,False,False,False,False,False,False,False,False,False
MWP-0199,Amazon,DS,Atlanta,GA,30318,1942 Marietta Rd NW,,,2024,4,,,220000,open,https://mwpvl.com/html/amazon_com.html,other,medium,"Atlanta-Sandy Springs-Roswell, GA",mwpvl_2025q1,30318,12060,ok,month,,True,,08_us_delivery_station,198,Georgia,Delivery Station for Atlanta West Side. Project Revive.,,False,False,False,False,False,False,False,False,False
MWP-0200,Amazon,DS,,GA,31820,5898 Osceola CourtMidland,,,2025,,,,35000,open,https://mwpvl.com/html/amazon_com.html,other,medium,"Columbus, GA-AL",mwpvl_2025q1,31820,17980,ok,year,,True,,08_us_delivery_station,199,Georgia,Delivery Station for Columbus GA Side.,,False,False,False,False,False,False,False,False,False
MWP-0201,Amazon,DS,West O'ahu,HI,96707,91-310 Hanua St,,,,,,,,announced,https://mwpvl.com/html/amazon_com.html,other,low,"Urban Honolulu, HI",mwpvl_2025q1,96707,46520,ok,none,,False,,08_us_delivery_station,200,Hawaii,Delivery Station for West Role of facility to be confirmed.,,False,False,True,False,False,False,False,False,False
MWP-0203,Amazon,DS,Nampa,ID,83687,1411 Third Ave N,,,2018,4,,,18000,open,https://mwpvl.com/html/amazon_com.html,other,medium,"Boise City, ID",mwpvl_2025q1,83687,14260,ok,month,,True,DID1,08_us_delivery_station,202,Idaho,Delivery Station for Boise,,False,False,False,False,False,False,False,False,False
MWP-0204,Amazon,DS,Boise,ID,83716,6752 S Business Way,,,,,,,79600,open,https://mwpvl.com/html/amazon_com.html,other,medium,"Mountain Home, ID",mwpvl_2025q1,83716,34300,ok,none,,True,DID2,08_us_delivery_station,203,Idaho,Delivery Station for Boise,,False,False,False,False,False,False,False,False,False
MWP-0205,Amazon,DS,Meridian,ID,83642,2660 W Fred Smith St,,,,,,,,open,https://mwpvl.com/html/amazon_com.html,other,low,"Boise City, ID",mwpvl_2025q1,83642,14260,ok,none,,False,,08_us_delivery_station,204,Idaho,Delivery Station for Meridian (Boise West) out to Fruitland. Delayed opening.,,False,False,False,True,False,False,False,False,False
MWP-0206,Amazon,DS,,ID,83402,3700 South Pioneer Driveldaho Falls,,,2023,1,,,107000,open,https://mwpvl.com/html/amazon_com.html,other,medium,"Idaho Falls, ID",mwpvl_2025q1,83402,26820,ok,month,,True,WID1,08_us_delivery_station,205,Idaho,Rural Wagon Wheel Delivery Station for idaho Falls.,,False,False,False,False,False,False,False,False,True
MWP-0207,Amazon,DS,,ID,83338,Jerome,,,,,,,50000,open,https://mwpvl.com/html/amazon_com.html,other,medium,"Twin Falls, ID",mwpvl_2025q1,83338,46300,ok,none,,True,WID2,08_us_delivery_station,206,Idaho,Rural Station tor,,False,False,False,False,False,False,False,False,False
MWP-0208,Amazon,DS,Morton Grove,IL,60053,8290 Austin Ave,,,2015,3,,,39300,open,https://mwpvl.com/html/amazon_com.html,other,medium,"Chicago-Naperville-Elgin, IL-IN",mwpvl_2025q1,60053,16980,ok,month,,True,DCH2,08_us_delivery_station,207,Morton Grove,Jerome ID. Sq ft is an estimate. Delivery Station for Chicago,,False,False,False,False,False,False,True,False,False
MWP-0209,Amazon,DS,Lisle,IL,60532,4500 Western Ave,,,2015,3,,,68000,open,https://mwpvl.com/html/amazon_com.html,other,medium,"Chicago-Naperville-Elgin, IL-IN",mwpvl_2025q1,60532,16980,ok,month,,True,DCH3,08_us_delivery_station,208,Lisle,Delivery Station for Chicago,,False,False,False,False,False,False,False,False,False
MWP-0210,Amazon,DS,Elgin,IL,60124,2450 Northwest Parkway,,,2019,4,,,250800,open,https://mwpvl.com/html/amazon_com.html,other,medium,"Chicago-Naperville-Elgin, IL-IN",mwpvl_2025q1,60124,16980,ok,month,,True,DCH5,08_us_delivery_station,209,Illinois,Delivery Station for Chicago West Side,,False,False,False,False,False,False,False,False,False
MWP-0211,Amazon,DS,Romeoville,IL,60446,206 S. Pinnacle Drive,,,2019,,,,93000,open,https://mwpvl.com/html/amazon_com.html,other,medium,"Chicago-Naperville-Elgin, IL-IN",mwpvl_2025q1,60446,16980,ok,year,,True,DCH6,08_us_delivery_station,210,Illinois,Delivery Station : for : Chicago West : Side,,False,False,False,False,False,False,False,False,False
MWP-0212,Amazon,DS,Melrose park,IL,60160,1825 North 5th Ave,,,2020,3,,,135000,open,https://mwpvl.com/html/amazon_com.html,other,medium,"Chicago-Naperville-Elgin, IL-IN",mwpvl_2025q1,60160,16980,ok,month,,True,DCH8,08_us_delivery_station,211,Illinois,"Delivery Station for Chicago Downtown; 3 Buildings largest is 252,000 sq ft",,False,False,False,False,False,False,False,False,False
MWP-0213,Amazon,DS,Champaign,IL,61822,2901 Boardwalk Drive,,,2018,4,,,50400,open,https://mwpvl.com/html/amazon_com.html,other,medium,"Champaign-Urbana, IL",mwpvl_2025q1,61822,16580,ok,month,,True,DIL1,08_us_delivery_station,212,Illinois,"Delivery Station for Champaign, IL",,False,False,False,False,False,False,False,False,False
MWP-0214,Amazon,DS,Chicago,IL,60632,3507 W. 51st St,,,2021,4,,,316500,open,https://mwpvl.com/html/amazon_com.html,other,medium,"Chicago-Naperville-Elgin, IL-IN",mwpvl_2025q1,60632,16980,ok,quarter,,True,DIL3,08_us_delivery_station,213,Illinois,Delivery Station for Midway Airport area of sw Chicago. chicago.,,False,False,False,False,False,False,False,False,False
MWP-0215,Amazon,DS,West Chicago,IL,60185,808 Discovery Drive,,,2020,2,,,145000,open,https://mwpvl.com/html/amazon_com.html,other,medium,"Chicago-Naperville-Elgin, IL-IN",mwpvl_2025q1,60185,16980,ok,month,,True,,08_us_delivery_station,214,Illinois,Delivery Delvery Station : for West : Chicago. Sq Ft is,,False,False,False,False,False,False,False,False,False
MWP-0216,Amazon,DS,Skokie,IL,60076,3609-3639 Howard St,,,2019,4,,,237200,open,https://mwpvl.com/html/amazon_com.html,other,medium,"Chicago-Naperville-Elgin, IL-IN",mwpvl_2025q1,60076,16980,ok,quarter,,True,DIL7,08_us_delivery_station,215,Skokie,an estimate. Delivery Station for Skokie Region,,False,False,False,False,False,False,False,False,False
MWP-0217,Amazon,DS,Chicago,IL,60632,3000 W 51st St,,,,,,,,open,https://mwpvl.com/html/amazon_com.html,other,medium,"Chicago-Naperville-Elgin, IL-IN",mwpvl_2025q1,60632,16980,ok,none,,True,,08_us_delivery_station,216,Illinois,"Delivery Station for Gage Park, IL. Sq Ft is an estimate.",,False,False,False,False,False,False,True,False,False
MWP-0218,Amazon,DS,Edwardsville,IL,62025,3077 Gateway Commerce Center Drive South,,,2020,2,,,593100,open,https://mwpvl.com/html/amazon_com.html,other,medium,"St. Louis, MO-IL",mwpvl_2025q1,62025,41180,ok,month,,True,DLI4,08_us_delivery_station,217,Illinois,Delivery Station for St. Louis North Region.,,False,False,False,False,False,False,False,False,False
MWP-0219,Amazon,DS,Pontoon Beach,IL,62040,5106 State Route 111,,,2020,3,,,100000,open,https://mwpvl.com/html/amazon_com.html,other,medium,"St. Louis, MO-IL",mwpvl_2025q1,62040,41180,ok,month,,True,,08_us_delivery_station,218,Illinois,Delivery Station for St Louis East region. co Ft estimated.,,False,False,False,False,False,False,False,False,False
MWP-0220,Amazon,DS,Cicero,IL,60804,1500 S Laramie Ave,,,,,,,227200,open,https://mwpvl.com/html/amazon_com.html,other,medium,"Chicago-Naperville-Elgin, IL-IN",mwpvl_2025q1,60804,16980,ok,none,,True,DLN2,08_us_delivery_station,219,Illinois,Delivery Station for Chicago Cicero. 2 Buildings on site.,,False,False,False,False,False,False,False,False,False
MWP-0221,Amazon,DS,Arlington Heights,IL,60004,1455 W Cellular Drive,,,2020,,,,214200,open,https://mwpvl.com/html/amazon_com.html,other,medium,"Chicago-Naperville-Elgin, IL-IN",mwpvl_2025q1,60004,16980,ok,year,,True,DLN3,08_us_delivery_station,220,Illinois,Delivery Station for NW Chicago.,,False,False,False,False,False,False,False,False,False
MWP-0222,Amazon,DS,Palatine,IL,60067,315 South Hicks Road,,,2020,3,,,162000,open,https://mwpvl.com/html/amazon_com.html,other,medium,"Chicago-Naperville-Elgin, IL-IN",mwpvl_2025q1,60067,16980,ok,month,,True,,08_us_delivery_station,221,Illinois,Delivery Station for Chicago Pullman Delivery Station for Chicago Upper West Side,,False,False,False,False,False,False,False,False,False
MWP-0223,Amazon,DS,Chicago,IL,60609,3523 South Ashland Avenue,,,2021,3,,,260000,open,https://mwpvl.com/html/amazon_com.html,other,medium,"Chicago-Naperville-Elgin, IL-IN",mwpvl_2025q1,60609,16980,ok,month,,True,DXH5,08_us_delivery_station,222,Illinois,,,False,False,False,False,False,False,False,False,False
MWP-0224,Amazon,DS,Downers Grove,IL,60515,3800 Finley Road,,,2020,3,,,504000,open,https://mwpvl.com/html/amazon_com.html,other,medium,"Chicago-Naperville-Elgin, IL-IN",mwpvl_2025q1,60515,16980,ok,month,,True,DXH6,08_us_delivery_station,223,Illinois,Delivery Station for Chicago West Side,,False,False,False,False,False,False,False,False,False
MWP-0225,Amazon,DS,North Pekin,IL,61554,1961 Edgewater Drive,,,2023,1,,,,open,https://mwpvl.com/html/amazon_com.html,other,medium,"Peoria, IL",mwpvl_2025q1,61554,37900,ok,month,,True,WIL14,08_us_delivery_station,224,Illinois,Rural Wagon Wheel Delivery Station for Peoria IL area.,,False,False,False,False,False,False,False,False,True
MWP-0226,Amazon,DS,Champaign,IL,61822,1201 Newton Drive,,,,,,,,open,https://mwpvl.com/html/amazon_com.html,other,medium,"Champaign-Urbana, IL",mwpvl_2025q1,61822,16580,ok,none,,True,,08_us_delivery_station,225,Illinois,Rural Wagon Wheel Delivery Station for Champaign IL,,False,False,False,False,False,False,False,False,True
MWP-0227,Amazon,DS,Chicago,IL,60155,2800 S. 25th Ave,,,,,,,271000,open,https://mwpvl.com/html/amazon_com.html,other,medium,"Chicago-Naperville-Elgin, IL-IN",mwpvl_2025q1,60155,16980,ok,none,,True,,08_us_delivery_station,226,Illinois,Delivery Station for West Side Chicago / Broadview area.,,False,False,False,False,False,False,False,False,False
MWP-0228,Amazon,DS,Winfield,IL,60190,27 W 460 St. Charles Road,,,,,,,,announced,https://mwpvl.com/html/amazon_com.html,other,low,"Chicago-Naperville-Elgin, IL-IN",mwpvl_2025q1,60190,16980,ok,none,,False,,08_us_delivery_station,227,Illinois,Delivery Station for West Side Chicago / Carol Stream area. Not confirmed.,,False,False,True,False,False,False,False,False,False
MWP-0229,Amazon,DS,Springfield,IL,62702,Bissell Road Koad and Dirksen Virksen Parkway,,,2025,,,,71000,open,https://mwpvl.com/html/amazon_com.html,other,medium,"Springfield, IL",mwpvl_2025q1,62702,44100,ok,year,,True,,08_us_delivery_station,228,Illinois,. Station . ich: — 5d paige - ne,,False,False,False,False,False,False,False,False,False
MWP-0230,Amazon,DS,Ottawa,IL,61341,U.S. 6/Route 71 and Technology Drive,,,2025,,,,,open,https://mwpvl.com/html/amazon_com.html,other,medium,"Ottawa, IL",mwpvl_2025q1,61341,36837,ok,year,,True,,08_us_delivery_station,229,Illinois,Rural Station tr tor Ottawa IL,,False,False,False,False,False,False,False,False,False
MWP-0231,Amazon,DS,Indianapolis,IN,46278,5850 W 80th St,,,2017,4,,,61800,open,https://mwpvl.com/html/amazon_com.html,other,medium,"Indianapolis-Carmel-Greenwood, IN",mwpvl_2025q1,46278,26900,ok,month,,True,DIN1,08_us_delivery_station,230,Indiana,Rural Wagon Wheel Delivery Station for Delivery Station for Indianapolis,,False,False,False,False,False,False,False,False,True
MWP-0232,Amazon,DS,Gary,IN,46402,2100 E 15th Ave,,,2018,4,,,77500,open,https://mwpvl.com/html/amazon_com.html,other,medium,"Chicago-Naperville-Elgin, IL-IN",mwpvl_2025q1,46402,16980,ok,month,,True,DIN2,08_us_delivery_station,231,Indiana,Delivery Station for Gary,,False,False,False,False,False,False,False,False,False
MWP-0233,Amazon,DS,South Bend,IN,46628,5545 Chet Waggoner Court Suite 200,,,,,,,84200,open,https://mwpvl.com/html/amazon_com.html,other,medium,"South Bend-Mishawaka, IN-MI",mwpvl_2025q1,46628,43780,ok,none,,True,DIN3,08_us_delivery_station,232,Indiana,"Delivery Station for South Bend, IN",,False,False,False,False,False,False,False,False,False
MWP-0234,Amazon,DS,Greenwood,IN,46143,1621 Collins Rd,,,,,,,,open,https://mwpvl.com/html/amazon_com.html,other,medium,"Indianapolis-Carmel-Greenwood, IN",mwpvl_2025q1,46143,26900,ok,none,,True,,08_us_delivery_station,233,Indiana,Delivery Station for Southeast Indianapolis Area. Sq Ft is an estimate only.,,False,False,False,False,False,False,True,False,False
MWP-0235,Amazon,DS,Indiana,IN,46809,8610 Avionics Dr,,,2020,4,,,450600,open,https://mwpvl.com/html/amazon_com.html,other,medium,"Fort Wayne, IN",mwpvl_2025q1,46809,23060,ok,month,,True,,08_us_delivery_station,234,Indiana,Delivery Station for Fort Wayne IN. Sq Ft is an estimate.,,False,False,False,False,False,False,True,False,False
MWP-0236,Amazon,DS,Greenfield,IN,46140,7114 W. 200 N,,,,,,,539900,open,https://mwpvl.com/html/amazon_com.html,other,medium,"Indianapolis-Carmel-Greenwood, IN",mwpvl_2025q1,46140,26900,ok,none,,True,,08_us_delivery_station,235,Indiana,Delivery Station for Greenfield IN.,,False,False,False,False,False,False,False,False,False
MWP-0237,Amazon,DS,Indianapolis,IN,46268,8316 Allison Ave,,,,,,,512700,open,https://mwpvl.com/html/amazon_com.html,other,medium,"Indianapolis-Carmel-Greenwood, IN",mwpvl_2025q1,46268,26900,ok,none,,True,DII3,08_us_delivery_station,236,Indiana,: Delivery Station for Indianapolis,,False,False,False,False,False,False,False,False,False
MWP-0238,Amazon,DS,Crown Point,IN,46307,9751 Massachusetts Drive,,,2021,3,,,190000,open,https://mwpvl.com/html/amazon_com.html,other,medium,"Chicago-Naperville-Elgin, IL-IN",mwpvl_2025q1,46307,16980,ok,month,,True,,08_us_delivery_station,237,Indiana,ae ee egion,,False,False,False,False,False,False,False,False,False
MWP-0239,Amazon,DS,Evansville,IN,47725,14831 Foundation Ave,,,,,,,,open,https://mwpvl.com/html/amazon_com.html,other,medium,"Evansville, IN",mwpvl_2025q1,47725,21780,ok,none,,True,,08_us_delivery_station,238,Indiana,Rural Wagon Wheel Delivery Station for Evansville IN,,False,False,False,False,False,False,False,False,True
MWP-0240,Amazon,DS,,IN,47905,1451 Veterans Memorial Parkway ELafayette,,,2023,,,,160000,open,https://mwpvl.com/html/amazon_com.html,other,medium,"Lafayette-West Lafayette, IN",mwpvl_2025q1,47905,29200,ok,year,,True,WIN2,08_us_delivery_station,239,Indiana,"Delivery Station for Lafayette, IN",,False,False,False,False,False,False,False,False,False
MWP-0241,Amazon,DS,Washington,IN,47501,5 Cumberland Dr,,,,,,,,open,https://mwpvl.com/html/amazon_com.html,other,medium,"Washington, IN",mwpvl_2025q1,47501,47780,ok,none,,True,,08_us_delivery_station,240,Indiana,Rural Wagon Wheel Delivery Station for Washington IN,,False,False,False,False,False,False,False,False,True
MWP-0242,Amazon,DS,Elkhart,IN,46514,Near the Munincipal Airport,,,2025,,,,180000,open,https://mwpvl.com/html/amazon_com.html,other,medium,"Elkhart-Goshen, IN",mwpvl_2025q1,46514,21140,ok,year,,True,,08_us_delivery_station,241,Indiana,"Delivery Station for Elkhart, IN",,False,False,False,False,False,False,False,False,False
MWP-0243,Amazon,DS,Terre Haute,IN,47802,10355 S. Carlisle Street,,,2025,1,,,55000,open,https://mwpvl.com/html/amazon_com.html,other,medium,"Terre Haute, IN",mwpvl_2025q1,47802,45460,ok,quarter,,True,,08_us_delivery_station,242,Indiana,Delivery Station for Terr Haute Region,,False,False,False,False,False,False,False,False,False
MWP-0244,Amazon,DS,Building 5 Grimes,,50114,1301 E Gateway Drive,,,2020,2,,,109800,open,https://mwpvl.com/html/amazon_com.html,other,medium,,mwpvl_2025q1,,,postcode_not_a_zcta,month,,True,DIA3,08_us_delivery_station,243,Iowa,Delivery Station for Des Moines,,False,False,False,False,False,False,False,False,False
MWP-0245,Amazon,DS,lowa City,IA,52240,2500 Heinz Road,,,2020,2,,,247600,open,https://mwpvl.com/html/amazon_com.html,other,medium,"Iowa City, IA",mwpvl_2025q1,52240,26980,ok,month,,True,DIA4,08_us_delivery_station,244,Iowa,Station; at former P&G building; Also serves as a,,False,False,False,False,False,False,False,False,False
MWP-0246,Amazon,DS,Dubuque,IA,52002,7200 Chavenelle Road,,,,,,,120000,open,https://mwpvl.com/html/amazon_com.html,other,medium,"Dubuque, IA",mwpvl_2025q1,52002,20220,ok,none,,True,WWI2,08_us_delivery_station,245,Iowa,heavy/bulky delivery station. Delivery Station for North Des Moines Rural Wagon Wheel Delivery Station for region - deliver 60 miles in all,,False,False,False,False,False,False,False,False,True
MWP-0247,Amazon,DS,Ankeny,IA,50021,6910 S.E. Four Mile Drive,,,2024,4,,,157500,open,https://mwpvl.com/html/amazon_com.html,other,medium,"Des Moines-West Des Moines, IA",mwpvl_2025q1,50021,19780,ok,month,,True,SIA2,08_us_delivery_station,246,Ys lowa,"irections,. panes: Eater Fresh / Delivery Station for Des Moines.",,False,False,False,False,False,False,False,False,False
MWP-0248,Amazon,DS,Burlington,IA,52601,715 West Burlington Ave,,,2024,4,,,38600,open,https://mwpvl.com/html/amazon_com.html,other,medium,"Burlington, IA-IL",mwpvl_2025q1,52601,15460,ok,month,,True,WIO2,08_us_delivery_station,247,Iowa,"Same Day Senice Semice Within 45 Minute Drive Delivery Station for Burlington, IA.",,False,False,False,False,False,False,False,False,False
MWP-0249,Amazon,DS,Mason City,IA,50401,4400 S. Washington Avenue,,,,,,,50000,open,https://mwpvl.com/html/amazon_com.html,other,medium,"Mason City, IA",mwpvl_2025q1,50401,32380,ok,none,,True,,08_us_delivery_station,248,Iowa,"Delivery Station for Mason City, IA.",,False,False,False,False,False,False,False,False,False
MWP-0250,Amazon,DS,Cedar Falls,IA,50613,6417 Innovation Dr,,,2024,3,,,,open,https://mwpvl.com/html/amazon_com.html,other,medium,"Waterloo-Cedar Falls, IA",mwpvl_2025q1,50613,47940,ok,month,,True,,08_us_delivery_station,249,Iowa,"Rural Wagon Wheel Delivery Station for Cedar Falls, IA. Project Panther.",,False,False,False,False,False,False,False,False,True
MWP-0252,Amazon,DS,Lenexa,KS,66219,10800 Mill Creek Road,,,2021,2,,,142800,open,https://mwpvl.com/html/amazon_com.html,other,medium,"Kansas City, MO-KS",mwpvl_2025q1,66219,28140,ok,month,,True,DKS3,08_us_delivery_station,251,Kansas,Delivery Station for Lenexa.,,False,False,False,False,False,False,False,False,False
MWP-0253,Amazon,DS,McPherson,KS,67460,829 S 81 Bypass,,,,,,,,open,https://mwpvl.com/html/amazon_com.html,other,medium,"McPherson, KS",mwpvl_2025q1,67460,32700,ok,none,,True,,08_us_delivery_station,252,Kansas,"Rural Wagon Wheel Delivery Station for Rural Wagon Wheel Delivery Station for McPherson, KS area. Sq ft is an estimate.",,False,False,False,False,False,False,True,False,True
MWP-0254,Amazon,DS,Louisville,KY,40258,7240 Global Drive,,,2017,3,,,83000,open,https://mwpvl.com/html/amazon_com.html,other,medium,"Louisville/Jefferson County, KY-IN",mwpvl_2025q1,40258,31140,ok,month,,True,DKY1,08_us_delivery_station,253,Kentucky,: Delivery Station : for Louisville ss,,False,False,False,False,False,False,False,False,False
MWP-0255,Amazon,DS,Lexington,KY,40511,West Road,,,2018,,,,17000,open,https://mwpvl.com/html/amazon_com.html,other,medium,"Lexington-Fayette, KY",mwpvl_2025q1,40511,30460,ok,year,,True,DKY2,08_us_delivery_station,254,Kentucky,Delivery Station for Lexington,,False,False,False,False,False,False,False,False,False
MWP-0257,Amazon,DS,Shepherdsville,KY,40109,3208 E Blue Lick Road,,,2021,3,,,302500,open,https://mwpvl.com/html/amazon_com.html,other,low,"Louisville/Jefferson County, KY-IN",mwpvl_2025q1,40109,31140,ok,month,,False,DKY8,08_us_delivery_station,256,Kentucky,Delivery Station for Louisville. Delayed : Delivery Station : for SE Louisuille ss / Shepherdsville Region.,,False,False,False,True,False,False,False,False,False
MWP-0258,Amazon,DS,Florence,KY,41042,7435 Industrial Rd,,,2024,3,,,107800,open,https://mwpvl.com/html/amazon_com.html,other,medium,"Cincinnati, OH-KY-IN",mwpvl_2025q1,41042,17140,ok,month,,True,DKY9,08_us_delivery_station,257,Kentucky,Delivery Station for Florence KY area.,,False,False,False,False,False,False,False,False,False
MWP-0259,Amazon,DS,Florence,KY,41048,2505 Ted Bushelman Blvd,,,2025,,,,270000,announced,https://mwpvl.com/html/amazon_com.html,other,low,"Cincinnati, OH-KY-IN",mwpvl_2025q1,41048,17140,ok,year,,False,,08_us_delivery_station,258,Kentucky,ould de a Detvery for Florence KY area. Role of facility,,False,False,True,False,False,False,False,False,False
MWP-0260,Amazon,DS,Paducah,KY,42001,5501 Commerce Drive,,,2025,,,,72500,open,https://mwpvl.com/html/amazon_com.html,other,medium,"Paducah, KY-IL",mwpvl_2025q1,42001,37140,ok,year,,True,,08_us_delivery_station,259,Kentucky,Delivery Station for Paducah KY area.,,False,False,False,False,False,False,False,False,False
MWP-0261,Amazon,DS,Baton Rouge,LA,70809,11100 Honore Lane,,,,,,,111900,open,https://mwpvl.com/html/amazon_com.html,other,medium,"Baton Rouge, LA",mwpvl_2025q1,70809,12940,ok,none,,True,DLB2,08_us_delivery_station,260,Louisiana,Delivery Station for Baton Rouge.,,False,False,False,False,False,False,False,False,False
MWP-0262,Amazon,DS,New Orleans,LA,70121,5042 Bloomfield St,,,2018,,,,100000,open,https://mwpvl.com/html/amazon_com.html,other,medium,"New Orleans-Metairie, LA",mwpvl_2025q1,70121,35380,ok,year,,True,DNO1,08_us_delivery_station,261,Louisiana,Delivery Station for New Orleans,,False,False,False,False,False,False,False,False,False
MWP-0263,Amazon,DS,Elmwood,LA,70123,5733 Citrus Boulevard,,,2020,2,,,182000,open,https://mwpvl.com/html/amazon_com.html,other,medium,"New Orleans-Metairie, LA",mwpvl_2025q1,70123,35380,ok,month,,True,DNO2,08_us_delivery_station,262,Louisiana,Delivery Station for New Orleans,,False,False,False,False,False,False,False,False,False
MWP-0264,Amazon,DS,Slidell,LA,70458,1914 Town Center Parkway,,,,,,,,open,https://mwpvl.com/html/amazon_com.html,other,low,"Slidell-Mandeville-Covington, LA",mwpvl_2025q1,70458,43640,ok,none,,False,,08_us_delivery_station,263,Louisiana,Delivery Station for Greater St. Tammany Parish area. Opening delayed to 2025.,,False,False,False,True,False,False,False,False,False
MWP-0265,Amazon,DS,Abbeville,LA,70510,3221 Veterans Memorial Boulevard,,,2024,1,,,134000,open,https://mwpvl.com/html/amazon_com.html,other,medium,"Lafayette, LA",mwpvl_2025q1,70510,29180,ok,month,,True,WLF2,08_us_delivery_station,264,Louisiana,Delivery Station for Acadania LA region.,,False,False,False,False,False,False,False,False,False
MWP-0266,Amazon,DS,Shreveport,LA,71129,8028 8026 Shreve Park Dr,,,2025,,,,87000,open,https://mwpvl.com/html/amazon_com.html,other,medium,"Shreveport-Bossier City, LA",mwpvl_2025q1,71129,43340,ok,year,,True,,08_us_delivery_station,265,Louisiana,Delivery Station for Shreveport LA region.,,False,False,False,False,False,False,False,False,False
MWP-0267,Amazon,DS,Monroe,LA,71291,Luffey Drive and I-20 N Frontage Road,,,2024,4,,,56000,open,https://mwpvl.com/html/amazon_com.html,other,medium,"Monroe, LA",mwpvl_2025q1,71291,33740,ok,month,,True,,08_us_delivery_station,266,Louisiana,261038 northeast Louisiana.,,False,False,False,False,False,False,False,False,False
MWP-0268,Amazon,DS,Boyce,LA,71409,Highway 1 at exit for Rapides Station Road,,,2025,,,,65000,open,https://mwpvl.com/html/amazon_com.html,other,medium,"Alexandria, LA",mwpvl_2025q1,71409,10780,ok,year,,True,,08_us_delivery_station,267,Louisiana,Delivery Station for Monroe across northeast Louisiana.,,False,False,False,False,False,False,False,False,False
MWP-0269,Amazon,DS,Scarborough,ME,04106,Running Hill Road West of Cummings Road,,,2025,,,,140000,open,https://mwpvl.com/html/amazon_com.html,other,medium,"Portland-South Portland, ME",mwpvl_2025q1,04106,38860,ok,year,,True,,08_us_delivery_station,268,Maine,ne onfirmed. Sq Ft is an estimate.,,False,False,False,False,False,False,True,False,False
MWP-0270,Amazon,DS,Lansdowne,MD,21227,86 Alco Pl #98,,,2016,1,,,42000,open,https://mwpvl.com/html/amazon_com.html,other,medium,"Baltimore-Columbia-Towson, MD",mwpvl_2025q1,21227,12580,ok,month,,True,DBA1,08_us_delivery_station,269,Maryland,Delivery Station for Baltimore MD,,False,False,False,False,False,False,False,False,False
MWP-0271,Amazon,DS,Hyattsville,MD,20785,5801 Columbia Park Road,,,,,,,172200,open,https://mwpvl.com/html/amazon_com.html,other,medium,"Washington-Arlington-Alexandria, DC-VA-MD-WV",mwpvl_2025q1,20785,47900,ok,none,,True,,08_us_delivery_station,270,Maryland,: Station for Washington De East egion,,False,False,False,False,False,False,False,False,False
MWP-0272,Amazon,DS,Williamsport,MD,21795,16604 Industrial Lane,,,2020,3,,,167300,open,https://mwpvl.com/html/amazon_com.html,other,medium,"Hagerstown-Martinsburg, MD-WV",mwpvl_2025q1,21795,25180,ok,month,,True,,08_us_delivery_station,271,Maryland,"Delivery Station for Hagerstown, MD Region",,False,False,False,False,False,False,False,False,False
MWP-0273,Amazon,DS,Hanover,MD,21076,7021 Dorsey Road,,,2020,3,,,200300,open,https://mwpvl.com/html/amazon_com.html,other,medium,"Baltimore-Columbia-Towson, MD",mwpvl_2025q1,21076,12580,ok,month,,True,,08_us_delivery_station,272,Maryland,: Delivery Station : for Hanover/Washington DC,,False,False,False,False,False,False,False,False,False
MWP-0274,Amazon,DS,Rockville,MD,20850,861 E Gude Drive,,,2015,2,,,65000,open,https://mwpvl.com/html/amazon_com.html,other,medium,"Washington-Arlington-Alexandria, DC-VA-MD-WV",mwpvl_2025q1,20850,47900,ok,month,,True,DDC2,08_us_delivery_station,273,Maryland,Delivery Station for Washington DC,,False,False,False,False,False,False,False,False,False
MWP-0275,Amazon,DS,Glen Burnie,MD,21060,7659 Solley Rd,,,2020,3,,,340000,open,https://mwpvl.com/html/amazon_com.html,other,medium,"Baltimore-Columbia-Towson, MD",mwpvl_2025q1,21060,12580,ok,month,,True,DLD1,08_us_delivery_station,274,Maryland,: Delivery Station : for SE Baltimore Region,,False,False,False,False,False,False,False,False,False
MWP-0277,Amazon,DS,Baltimore,MD,21224,2100 Van Deman St,,,2021,2,,,72000,open,https://mwpvl.com/html/amazon_com.html,other,medium,"Baltimore-Columbia-Towson, MD",mwpvl_2025q1,21224,12580,ok,month,,True,DMD5,08_us_delivery_station,276,Maryland,"Delivery Station for Bel Air, Edgewood MD Delivery Station for : Baltimore East Region",,False,False,False,False,False,False,False,False,False
MWP-0278,Amazon,DS,Hanover,MD,21076,7226 Preston Gateway Drive,,,2021,2,,,194000,open,https://mwpvl.com/html/amazon_com.html,other,medium,"Baltimore-Columbia-Towson, MD",mwpvl_2025q1,21076,12580,ok,month,,True,,08_us_delivery_station,277,Maryland,Delivery Station for Baltimore SW Region,,False,False,False,False,False,False,False,False,False
MWP-0279,Amazon,DS,Waldorf,MD,20602,9 Jay Gould Court,,,2021,1,,,191400,open,https://mwpvl.com/html/amazon_com.html,other,medium,"Washington-Arlington-Alexandria, DC-VA-MD-WV",mwpvl_2025q1,20602,47900,ok,month,,True,DMD8,08_us_delivery_station,278,Maryland,": Delivery Station : for St Charles, MD Region",,False,False,False,False,False,False,False,False,False
MWP-0280,Amazon,DS,Upper Marlboro,MD,20774,1000 Prince Georges Blvd,,,,,,,276100,open,https://mwpvl.com/html/amazon_com.html,other,medium,"Washington-Arlington-Alexandria, DC-VA-MD-WV",mwpvl_2025q1,20774,47900,ok,none,,True,,08_us_delivery_station,279,Maryland,sou gen ae,,False,False,False,False,False,False,False,False,False
MWP-0281,Amazon,DS,Laurel,MD,20707,14601 Sweitzer Ln,,,2021,4,,,150000,open,https://mwpvl.com/html/amazon_com.html,other,medium,"Washington-Arlington-Alexandria, DC-VA-MD-WV",mwpvl_2025q1,20707,47900,ok,month,,True,,08_us_delivery_station,280,Maryland,Delivery Station for Laurel/Washington DC NE Region,,False,False,False,False,False,False,False,False,False
MWP-0282,Amazon,DS,Beltsville,MD,20705,10406 Tucker St,,,2021,4,,,265400,open,https://mwpvl.com/html/amazon_com.html,other,medium,"Washington-Arlington-Alexandria, DC-VA-MD-WV",mwpvl_2025q1,20705,47900,ok,month,,True,DDW7,08_us_delivery_station,281,Maryland,Delivery Station for Beltsville/Washington DC NE Region,,False,False,False,False,False,False,False,False,False
MWP-0283,Amazon,DS,District Heights,MD,20747,3700 Forestville Rd,,,,,,,,open,https://mwpvl.com/html/amazon_com.html,other,low,"Washington-Arlington-Alexandria, DC-VA-MD-WV",mwpvl_2025q1,20747,47900,ok,none,,False,,08_us_delivery_station,282,Maryland,Delivery Station for Forestville/District Heights Region. Delayed Opening.,,False,False,False,True,False,False,False,False,False
MWP-0284,Amazon,DS,Salem,MA,01970,20 Colonial Road,,,2024,1,,,148000,open,https://mwpvl.com/html/amazon_com.html,other,medium,"Boston-Cambridge-Newton, MA-NH",mwpvl_2025q1,01970,14460,ok,month,,True,DAS7,08_us_delivery_station,283,Massachusetts,"Delivery Station for Salem, MA Region.",,False,False,False,False,False,False,False,False,False
MWP-0286,Amazon,DS,Plymouth,MA,02360,50 Prestige Way,,,2021,2,,,145000,open,https://mwpvl.com/html/amazon_com.html,other,medium,"Boston-Cambridge-Newton, MA-NH",mwpvl_2025q1,02360,14460,ok,month,,True,,08_us_delivery_station,285,Massachusetts,ee gion.,,False,False,False,False,False,False,False,False,False
MWP-0287,Amazon,DS,Taunton,MA,02780,800 John Quincy Adams Road,,,,,,,350300,open,https://mwpvl.com/html/amazon_com.html,other,medium,"Providence-Warwick, RI-MA",mwpvl_2025q1,02780,39300,ok,none,,True,DBC3,08_us_delivery_station,286,Massachusetts,Delivery Station for Taunton MA Region,,False,False,False,False,False,False,False,False,False
MWP-0288,Amazon,DS,Hingham,MA,02043,100 Industrial Park Road,,,2022,2,,,149000,open,https://mwpvl.com/html/amazon_com.html,other,medium,"Boston-Cambridge-Newton, MA-NH",mwpvl_2025q1,02043,14460,ok,month,,True,DBC6,08_us_delivery_station,287,Massachusetts,Delivery Station for South Boston Region,,False,False,False,False,False,False,False,False,False
MWP-0289,Amazon,DS,Revere,MA,02151,135 American Legion Highway,,,2020,3,,,830000,open,https://mwpvl.com/html/amazon_com.html,other,medium,"Boston-Cambridge-Newton, MA-NH",mwpvl_2025q1,02151,14460,ok,month,,True,DBO1,08_us_delivery_station,288,Massachusetts,"Delivery Station for Revere, Boston, Winthrop and Chelsea. Sq Ft is an estimate only.",,False,False,False,False,False,False,True,False,False
MWP-0290,Amazon,DS,Holyoke,MA,01040,161 Lower Westfield Rd,,,2019,,,,145000,open,https://mwpvl.com/html/amazon_com.html,other,medium,"Springfield, MA",mwpvl_2025q1,01040,44140,ok,year,,True,DBO7,08_us_delivery_station,289,Massachusetts,OUI 3 BCR EGG Region,,False,False,False,False,False,False,False,False,False
MWP-0291,Amazon,DS,Middleborough,MA,02346,30 Commerce Blvd,,,2020,3,,,132300,open,https://mwpvl.com/html/amazon_com.html,other,medium,"Boston-Cambridge-Newton, MA-NH",mwpvl_2025q1,02346,14460,ok,month,,True,DBOS9,08_us_delivery_station,290,Massachusetts,"Delivery Station for Middleborough/Taunton MA Region. Building includes Dry, Chilled and Frozen space.",,False,False,False,False,False,False,False,False,False
MWP-0294,Amazon,DS,Littleton,MA,01460,151 Taylor Street,,,,,,,,announced,https://mwpvl.com/html/amazon_com.html,other,low,"Boston-Cambridge-Newton, MA-NH",mwpvl_2025q1,01460,14460,ok,none,,False,,08_us_delivery_station,293,Massachusetts,"Delivery Station for Littleton, MA Region. Not yet confirmed.",,False,False,True,False,False,False,False,False,False
MWP-0295,Amazon,DS,,MA,02210,Sis Summer Boston. Massachusetts,,,2020,4,,,,open,https://mwpvl.com/html/amazon_com.html,other,medium,"Boston-Cambridge-Newton, MA-NH",mwpvl_2025q1,02210,14460,ok,month,,True,DKO3,08_us_delivery_station,294,Sis Summer Boston. Massachusetts,Delivery Station for Boston. Sq Ft Convention Center.,,False,False,False,False,False,False,False,False,False
MWP-0296,Amazon,DS,,MA,02151,,,,2023,4,,,,open,https://mwpvl.com/html/amazon_com.html,other,low,"Boston-Cambridge-Newton, MA-NH",mwpvl_2025q1,02151,14460,ok,month,,False,,08_us_delivery_station,295,,"unknown. Located at Delivery Station for Revere, Boston Region. Delayed Velayed Opening.",,False,False,False,True,False,False,False,False,False
MWP-0297,Amazon,DS,Canton,MA,02021,300 Dan Road,,,2021,3,,,125300,open,https://mwpvl.com/html/amazon_com.html,other,medium,"Boston-Cambridge-Newton, MA-NH",mwpvl_2025q1,02021,14460,ok,month,,True,DMH4,08_us_delivery_station,296,Massachusetts,Delivery,,False,False,False,False,False,False,False,False,False
MWP-0298,Amazon,DS,Worcester,MA,01603,125 Goddard Memorial Drive,,,2021,2,,,177000,open,https://mwpvl.com/html/amazon_com.html,other,medium,"Worcester, MA",mwpvl_2025q1,01603,49340,ok,month,,True,DTB2,08_us_delivery_station,297,Massachusetts,"area. Delivery Station for Worcester, MA Region.",,False,False,False,False,False,False,False,False,False
MWP-0299,Amazon,DS,Worcester,MA,01606,7 Neponset St,,,2024,4,,,121200,open,https://mwpvl.com/html/amazon_com.html,other,low,"Worcester, MA",mwpvl_2025q1,01606,49340,ok,month,,False,DTB4,08_us_delivery_station,298,Massachusetts,"Delivery Station for Worcester, MA Region replace the Greendale Mall. Delayed",,False,False,False,True,False,False,False,False,False
MWP-0300,Amazon,DS,Westborough,MA,01581,4400 Computer Drive,,,,,,,156500,open,https://mwpvl.com/html/amazon_com.html,other,medium,"Worcester, MA",mwpvl_2025q1,01581,49340,ok,none,,True,DTB8,08_us_delivery_station,299,Massachusetts,a 9,,False,False,False,False,False,False,False,False,False
MWP-0302,Amazon,DS,Romulus,MI,48174,11457 Hannon Rd,,,2018,,,,80000,open,https://mwpvl.com/html/amazon_com.html,other,medium,"Detroit-Warren-Dearborn, MI",mwpvl_2025q1,48174,19820,ok,year,,True,DDT2,08_us_delivery_station,301,Michigan,located inside : Delivery Station : for Detroit South Side,,False,False,False,False,False,False,False,False,False
MWP-0303,Amazon,DS,Wixom,MI,48393,28415 Automation Blvd,,,2020,1,,,86700,open,https://mwpvl.com/html/amazon_com.html,other,medium,"Detroit-Warren-Dearborn, MI",mwpvl_2025q1,48393,19820,ok,month,,True,DDT3,08_us_delivery_station,302,Michigan,Delivery Station for Detroit West Region. :,,False,False,False,False,False,False,False,False,False
MWP-0304,Amazon,DS,Lansing,MI,48917,7009 W. Mountain Hope Hwy,,,2020,1,,,231000,open,https://mwpvl.com/html/amazon_com.html,other,medium,"Lansing-East Lansing, MI",mwpvl_2025q1,48917,29620,ok,month,,True,DDT4,08_us_delivery_station,303,Michigan,": Delivery Station for Lansing, MI",,False,False,False,False,False,False,False,False,False
MWP-0305,Amazon,DS,,MI,48188,49000 Michigan AvenueCanton Township,,,2020,4,,,,open,https://mwpvl.com/html/amazon_com.html,other,medium,"Detroit-Warren-Dearborn, MI",mwpvl_2025q1,48188,19820,ok,month,,True,,08_us_delivery_station,304,Michigan,een ron Ni Detroit Region. Sq Ft included in FC. Delivery Station for North Detroit Area. Sq Delivery Station for Detroit West / Anne,,False,False,False,False,False,False,False,True,False
MWP-0306,Amazon,DS,Grand Rapids,MI,49544,2935 Walkent Court NW,,,2018,3,,,66300,open,https://mwpvl.com/html/amazon_com.html,other,medium,"Grand Rapids-Wyoming-Kentwood, MI",mwpvl_2025q1,49544,24340,ok,month,,True,DGR1,08_us_delivery_station,305,Michigan,Deli Station for Grand = ake i,,False,False,False,False,False,False,False,False,False
MWP-0307,Amazon,DS,Sterling Heights,MI,48310,33600 Mound Road,,,,,,,569000,open,https://mwpvl.com/html/amazon_com.html,other,medium,"Detroit-Warren-Dearborn, MI",mwpvl_2025q1,48310,19820,ok,none,,True,DGR3,08_us_delivery_station,306,Michigan,Delivery Station for N Detroit/Sterling,,False,False,False,False,False,False,False,False,False
MWP-0308,Amazon,DS,Grand Rapids,MI,49508,3951 Trade Dr SE 1st Floor,,,2020,1,,,908700,open,https://mwpvl.com/html/amazon_com.html,other,medium,"Grand Rapids-Wyoming-Kentwood, MI",mwpvl_2025q1,49508,24340,ok,month,,True,DGR6,08_us_delivery_station,307,Michigan,Heights Region. : : 9,,False,False,False,False,False,False,False,False,False
MWP-0309,Amazon,DS,Grand Rapids,MI,49534,3415 Northridge Drive NW,,,,,,,112000,open,https://mwpvl.com/html/amazon_com.html,other,medium,"Grand Rapids-Wyoming-Kentwood, MI",mwpvl_2025q1,49534,24340,ok,none,,True,DGR8,08_us_delivery_station,308,Michigan,Station for NW Grand Rapids gion.,,False,False,False,False,False,False,False,False,False
MWP-0310,Amazon,DS,Saginaw,MI,48601,3280 Commerce Center Drive,,,,,,,86500,open,https://mwpvl.com/html/amazon_com.html,other,medium,"Saginaw, MI",mwpvl_2025q1,48601,40980,ok,none,,True,WMI1,08_us_delivery_station,309,Michigan,ee : Delvery Staton for g gion.,,False,False,False,False,False,False,False,False,False
MWP-0311,Amazon,DS,Mount Pleasant,MI,48858,2266 Northway Drive,,,,,,,,open,https://mwpvl.com/html/amazon_com.html,other,medium,"Mount Pleasant, MI",mwpvl_2025q1,48858,34380,ok,none,,True,,08_us_delivery_station,310,Michigan,Rural Wagon Wheel Delivery Station. Sq Ft is an estimate.,,False,False,False,False,False,False,True,False,True
MWP-0312,Amazon,DS,Bad Axe,MI,48413,780 N Van Dyke Rd,,,2021,4,,,17000,open,https://mwpvl.com/html/amazon_com.html,other,medium,,mwpvl_2025q1,48413,,county_in_no_cbsa,month,,True,,08_us_delivery_station,311,Michigan,Rural Wagon Wheel Delivery Station for Lake Horn Region N. of Detroit.,,False,False,False,False,False,False,False,False,True
MWP-0313,Amazon,DS,Pittsfield Township,MI,48197,4700 Carpenter Road,,,2025,,,,143000,open,https://mwpvl.com/html/amazon_com.html,other,low,"Ann Arbor, MI",mwpvl_2025q1,48197,11460,ok,year,,False,,08_us_delivery_station,312,Michigan,Delivery Station for Ann Arbor SE area. ae was delayed. Construction : start mid-,,False,False,False,True,False,False,False,False,False
MWP-0314,Amazon,DS,Blair Township,MI,48197,West Commerce Drive,,,,,,,,announced,https://mwpvl.com/html/amazon_com.html,other,low,"Ann Arbor, MI",mwpvl_2025q1,48197,11460,ok,none,,False,,08_us_delivery_station,313,Michigan,Rural Delivery Station for Traverse City area. Project Northstar. Not confirmed yet.,,False,False,True,False,False,False,False,False,False
MWP-0315,Amazon,DS,Gaylord,MI,49735,1689 Badger Parkway,,,2025,1,,,42000,open,https://mwpvl.com/html/amazon_com.html,other,medium,,mwpvl_2025q1,49735,,county_in_no_cbsa,quarter,,True,,08_us_delivery_station,314,Michigan,Rural Delivery Station for Northern Michigan.,,False,False,False,False,False,False,False,False,False
MWP-0316,Amazon,DS,Traverse City,MI,49685,4471 US 31 South,,,2025,,,,66000,open,https://mwpvl.com/html/amazon_com.html,other,medium,"Traverse City, MI",mwpvl_2025q1,49685,45900,ok,year,,True,,08_us_delivery_station,315,Michigan,Rural Delivery Station for Traverse : City MI.,,False,False,False,False,False,False,False,False,False
MWP-0317,Amazon,DS,Maple Grove,MN,55369,10750 89th Avenue,,,2019,,,,75700,open,https://mwpvl.com/html/amazon_com.html,other,medium,"Minneapolis-St. Paul-Bloomington, MN-WI",mwpvl_2025q1,55369,33460,ok,year,,True,DMP1,08_us_delivery_station,316,Minnesota,Delivery Station for Minneapolis/St. Paul,,False,False,False,False,False,False,False,False,False
MWP-0318,Amazon,DS,Eagan,MN,55124,2811 Beverly Drive,,,2016,,,,142000,open,https://mwpvl.com/html/amazon_com.html,other,medium,"Minneapolis-St. Paul-Bloomington, MN-WI",mwpvl_2025q1,55124,33460,ok,year,,True,DMS1,08_us_delivery_station,317,Minnesota,: Delivery Station for : Minneapolis/St. Paul,,False,False,False,False,False,False,False,False,False
MWP-0319,Amazon,DS,Centerville,MN,55038,6985 21st Ave S,,,2022,2,,,206400,open,https://mwpvl.com/html/amazon_com.html,other,medium,"Minneapolis-St. Paul-Bloomington, MN-WI",mwpvl_2025q1,55038,33460,ok,quarter,,True,DMS2,08_us_delivery_station,318,Minnesota,Delivery Station for Minneannlic/St Minneapolis/St. Parl Paul Delivery Station for Centerville MN Region. Project Banjo.,,False,False,False,False,False,False,False,False,False
MWP-0320,Amazon,DS,Rosemount,MN,55068,Boulder Avenue,,,,,,,30000,open,https://mwpvl.com/html/amazon_com.html,other,medium,"Minneapolis-St. Paul-Bloomington, MN-WI",mwpvl_2025q1,55068,33460,ok,none,,True,,08_us_delivery_station,319,Minnesota,Delivery Station for Rosemount / South Minneapolis Region,,False,False,False,False,False,False,False,False,False
MWP-0321,Amazon,DS,Duluth,MN,55808,2302 Commonwealth Ave,,,2025,1,,,54800,open,https://mwpvl.com/html/amazon_com.html,other,medium,"Duluth, MN-WI",mwpvl_2025q1,55808,20260,ok,quarter,,True,,08_us_delivery_station,320,Minnesota,Rural Wagon Wheel Delivery Station for Duluth MN Region. Sq Ft is an estimate.,,False,False,False,False,False,False,True,False,True
MWP-0322,Amazon,DS,Woodbury,MN,55129,NE corner Hudson Road / Settlers Ridge Parkway,,,,,,,,open,https://mwpvl.com/html/amazon_com.html,other,medium,"Minneapolis-St. Paul-Bloomington, MN-WI",mwpvl_2025q1,55129,33460,ok,none,,True,,08_us_delivery_station,321,Minnesota,Delivery Station for Saint Paul Region. Project Wrangler.,,False,False,False,False,False,False,False,False,False
MWP-0323,Amazon,DS,Baxter,MN,56425,12692 Timberwood Dr,,,2025,,,,,open,https://mwpvl.com/html/amazon_com.html,other,medium,"Brainerd, MN",mwpvl_2025q1,56425,14660,ok,year,,True,,08_us_delivery_station,322,Minnesota,Rural Wagon Wheel Delivery Station for Baxter Region. Project Timber Wolf.,,False,False,False,False,False,False,False,False,True
MWP-0324,Amazon,DS,St. Cloud,MN,56301,4759 Heatherwood Road,,,2021,4,,,400000,open,https://mwpvl.com/html/amazon_com.html,other,medium,"St. Cloud, MN",mwpvl_2025q1,56301,41060,ok,month,,True,WMN2,08_us_delivery_station,323,Minnesota,Rural Wagon Wheel Delivery Station for St. Cloud MN Region. Sq Ft is an estimate.,,False,False,False,False,False,False,True,False,True
MWP-0325,Amazon,DS,Fergus Falls,MN,56537,1211 West Lincoln Ave,,,,,,,,open,https://mwpvl.com/html/amazon_com.html,other,medium,"Fergus Falls, MN",mwpvl_2025q1,56537,22260,ok,none,,True,,08_us_delivery_station,324,Minnesota,Rural Wagon Wheel Delivery Station for Fergus Falls Region.,,False,False,False,False,False,False,False,False,True
MWP-0326,Amazon,DS,Hattiesburg,MS,39401,1000 W 63rd St,,,2021,4,,,10000,open,https://mwpvl.com/html/amazon_com.html,other,medium,"Hattiesburg, MS",mwpvl_2025q1,39401,25620,ok,month,,True,XMS2,08_us_delivery_station,325,Mississippi,Rural Wagon Wheel Delivery Station.,,False,False,False,False,False,False,False,False,True
MWP-0327,Amazon,DS,Lucedale,MS,39452,46 Industrial Park Road,,,,,,,,open,https://mwpvl.com/html/amazon_com.html,other,medium,,mwpvl_2025q1,39452,,county_in_no_cbsa,none,,True,XMS4,08_us_delivery_station,326,Mississippi,MUS : tor Lucedale MS Region,,False,False,False,False,False,False,False,False,False
MWP-0328,Amazon,DS,Jackson,MS,39206,5915 1-55 North,,,2023,2,,,146700,open,https://mwpvl.com/html/amazon_com.html,other,medium,"Jackson, MS",mwpvl_2025q1,39206,27140,ok,month,,True,WMS1,08_us_delivery_station,327,Mississippi,Delivery Station for Jackson MS.,,False,False,False,False,False,False,False,False,False
MWP-0329,Amazon,DS,Starkville,MS,39759,115 Jack Wallace Blvd,,,2024,4,,,50000,open,https://mwpvl.com/html/amazon_com.html,other,medium,"Starkville, MS",mwpvl_2025q1,39759,44260,ok,month,,True,WET1,08_us_delivery_station,328,Mississippi,"Delivery Station for Starkville, MS",,False,False,False,False,False,False,False,False,False
MWP-0330,Amazon,DS,Saltillo,MS,38866,279 Jamie Whitton Drive,,,2025,1,,,96000,open,https://mwpvl.com/html/amazon_com.html,other,medium,"Tupelo, MS",mwpvl_2025q1,38866,46180,ok,quarter,,True,,08_us_delivery_station,329,Mississippi,"Delivery Station for Tupelo, MS",,False,False,False,False,False,False,False,False,False
MWP-0331,Amazon,DS,,MO,63042,,,,2017,3,,,100000,open,https://mwpvl.com/html/amazon_com.html,other,medium,"St. Louis, MO-IL",mwpvl_2025q1,63042,41180,ok,quarter,,True,DLI1,08_us_delivery_station,330,,: Delivery Station for St. Louis,,False,False,False,False,False,False,False,False,False
MWP-0332,Amazon,DS,Hazelwood,MO,63042,830 James S. McDonnell Blvd,,,2019,,,,45000,open,https://mwpvl.com/html/amazon_com.html,other,medium,"St. Louis, MO-IL",mwpvl_2025q1,63042,41180,ok,year,,True,DLI2,08_us_delivery_station,331,Missouri,Delivery Station/Van Parking for St. Louis,,False,False,False,False,False,False,False,False,False
MWP-0333,Amazon,DS,Riverside,MO,64150,3950 NW Helena Road,,,,,,,,open,https://mwpvl.com/html/amazon_com.html,other,medium,"Kansas City, MO-KS",mwpvl_2025q1,64150,28140,ok,none,,True,,08_us_delivery_station,332,Missouri,Delivery Station for Kansas City/Riverside Region. Sq ft is an estimate.,,False,False,False,False,False,False,True,False,False
MWP-0334,Amazon,DS,St. Peters,MO,63376,12000 Spencer Rd,,,2024,,,,,open,https://mwpvl.com/html/amazon_com.html,other,medium,"St. Louis, MO-IL",mwpvl_2025q1,63376,41180,ok,year,,True,,08_us_delivery_station,333,Missouri,Delivery Station for St Louis/Hazelwood Delivery Station for St Louis/St. Peters Region. Project Smile.,,False,False,False,False,False,False,False,False,False
MWP-0335,Amazon,DS,Fenton,MO,63026,655 Assembly Pkwy,,,,,,,,open,https://mwpvl.com/html/amazon_com.html,other,medium,"St. Louis, MO-IL",mwpvl_2025q1,63026,41180,ok,none,,True,,08_us_delivery_station,334,Missouri,Delivery Station for Kansas City East iy in) Sh Lent,,False,False,False,False,False,False,False,False,False
MWP-0336,Amazon,DS,Kansas City,MO,64129,3601 Enterprise Drive,,,2019,,,,70100,open,https://mwpvl.com/html/amazon_com.html,other,medium,"Kansas City, MO-KS",mwpvl_2025q1,64129,28140,ok,year,,True,DMC2,08_us_delivery_station,335,Missouri,Delivery Station/Van Parking : for Kansas City,,False,False,False,False,False,False,False,False,False
MWP-0338,Amazon,DS,Joplin,MO,64804,3002 Prigmore Ave,,,2021,1,,,,open,https://mwpvl.com/html/amazon_com.html,other,medium,"Joplin, MO-KS",mwpvl_2025q1,64804,27900,ok,month,,True,,08_us_delivery_station,337,Missouri,Rural Wagon Wheel Delivery Station for Joplin MO,,False,False,False,False,False,False,False,False,True
MWP-0339,Amazon,DS,Springfield,MO,65803,2960 N. Martin Ave,,,,,,,,open,https://mwpvl.com/html/amazon_com.html,other,medium,"Springfield, MO",mwpvl_2025q1,65803,44180,ok,none,,True,WMO2,08_us_delivery_station,338,Missouri,Rural Wagon Wheel Delivery Station for MG,,False,False,False,False,False,False,False,False,True
MWP-0340,Amazon,DS,Remand,MO,65010,nes Baldridge Fue,,,2022,2,,,49000,open,https://mwpvl.com/html/amazon_com.html,other,medium,"Columbia, MO",mwpvl_2025q1,65010,17860,ok,month,,True,WMO3,08_us_delivery_station,339,Missouri,"Rural Wagon Wheel Delivery Station for Boonville, Montgomery City, Moberly and Jefferson :",,False,False,False,False,False,False,False,False,True
MWP-0341,Amazon,DS,Missoula,MT,59808,8720 Aluminum Rd,,,2024,1,,,70900,open,https://mwpvl.com/html/amazon_com.html,other,medium,"Missoula, MT",mwpvl_2025q1,59808,33540,ok,month,,True,WMT1,08_us_delivery_station,340,Montana,City. Rural Wagon Wheel Delivery Station for Greater Missoula Region serving customers within a 50-mile radius,,False,False,False,False,False,False,False,False,True
MWP-0342,Amazon,DS,Belgrade,MT,59714,Jackrabbit Lane between Frank Rd & West Cameron Bridge Rd,,,2025,,,,53000,open,https://mwpvl.com/html/amazon_com.html,other,medium,"Bozeman, MT",mwpvl_2025q1,59714,14580,ok,year,,True,WMT2,08_us_delivery_station,341,Montana,Delivery Station for Belgrade. MT.,,False,False,False,False,False,False,False,False,False
MWP-0343,Amazon,DS,Billings,MT,59101,6767 Tun Tavern Road,,,2024,4,,,39600,open,https://mwpvl.com/html/amazon_com.html,other,medium,"Billings, MT",mwpvl_2025q1,59101,13740,ok,month,,True,WMT3,08_us_delivery_station,342,Montana,Rural Wagon Wheel Delivery Station for Greater Billings Region serving customers,,False,False,False,False,False,False,False,False,True
MWP-0344,Amazon,DS,Omaha,NE,68138,11650 South 154th Street,,,2018,3,,,184800,open,https://mwpvl.com/html/amazon_com.html,other,medium,"Omaha, NE-IA",mwpvl_2025q1,68138,36540,ok,month,,True,DOM1,08_us_delivery_station,343,Nebraska,within a 90-mile radius Delivery Station for Omaha,,False,False,False,False,False,False,False,False,False
MWP-0345,Amazon,DS,Grand Island,NE,68801,4201 Gold Core Rd,,,2024,2,,,41500,open,https://mwpvl.com/html/amazon_com.html,other,medium,"Grand Island, NE",mwpvl_2025q1,68801,24260,ok,month,,True,WNB2,08_us_delivery_station,344,Nebraska,Delivery Station for Omaha. Sq Ft is an Rural Wagon Wheel Delivery Station for 50- radius: ae Delivery Station for Grand,,False,False,False,False,False,False,False,False,True
MWP-0346,Amazon,DS,Las Vegas,NV,89118,Columbus,,,2025,,,,50000,open,https://mwpvl.com/html/amazon_com.html,other,medium,"Las Vegas-Henderson-North Las Vegas, NV",mwpvl_2025q1,89118,29820,ok,year,,True,DLV1,08_us_delivery_station,345,Nevada,Rural Wagon Wheel Delivery Station for 50- mile radius: Delivery Station for Columbus NB. Delivery Station for Las Vegas,,False,False,False,False,False,False,False,False,True
MWP-0347,Amazon,DS,North Las Vegas,NV,89030,1200 E Alexander Road,,,2020,3,,,,open,https://mwpvl.com/html/amazon_com.html,other,medium,"Las Vegas-Henderson-North Las Vegas, NV",mwpvl_2025q1,89030,29820,ok,month,,True,,08_us_delivery_station,346,Nevada,Delivery Station for North Las Vegas. Sq Ft is an estimate.,,False,False,False,False,False,False,True,False,False
MWP-0348,Amazon,DS,Reno,NV,89506,9740 N Virginia St,,,,,,,145600,open,https://mwpvl.com/html/amazon_com.html,other,medium,"Reno, NV",mwpvl_2025q1,89506,39900,ok,none,,True,DLV3,08_us_delivery_station,347,Nevada,DLV3 is a Delivery Station for North Reno. HRN2 is a co-located Heavy/Bulky delivery,,False,False,False,False,False,False,False,True,False
MWP-0349,Amazon,DS,Henderson,NV,89052,11500 Bermuda Road,,,2021,2,,,147000,open,https://mwpvl.com/html/amazon_com.html,other,medium,"Las Vegas-Henderson-North Las Vegas, NV",mwpvl_2025q1,89052,29820,ok,month,,True,DLV4,08_us_delivery_station,348,Nevada,station. Delivery Station for Henderson.,,False,False,False,False,False,False,False,False,False
MWP-0350,Amazon,DS,Las Vegas,NV,89118,6330 West Sunset Road,,,,,,,190300,open,https://mwpvl.com/html/amazon_com.html,other,medium,"Las Vegas-Henderson-North Las Vegas, NV",mwpvl_2025q1,89118,29820,ok,none,,True,DLV6,08_us_delivery_station,349,Nevada,Delivery Station for Las Vegas,,False,False,False,False,False,False,False,False,False
MWP-0351,Amazon,DS,North Las Vegas,NV,89030,650 E Owens Ave,,,2021,,,,,open,https://mwpvl.com/html/amazon_com.html,other,medium,"Las Vegas-Henderson-North Las Vegas, NV",mwpvl_2025q1,89030,29820,ok,year,,True,DLV7,08_us_delivery_station,350,Nevada,ear,,False,False,False,False,False,False,False,False,False
MWP-0352,Amazon,DS,Fallon,NE,68860,7154 7454 New River Parkway,,,,,,,,open,https://mwpvl.com/html/amazon_com.html,other,medium,,mwpvl_2025q1,68860,,county_in_no_cbsa,none,,True,,08_us_delivery_station,351,Nevada,"is an estimate. Rural Wagon Wheel Delivery Station for 50- mile radius: Delivery Station for Fallon, NV Formerly BOS1. Opened as a jewelry FC in 2015 and transitioned to apparel footwear to support Zappos. Changed over to a Delivery",,False,False,False,False,False,False,False,False,True
MWP-0353,Amazon,DS,Hooksett,NH,03106,400 Quality Drive,,,2019,3,,,109500,open,https://mwpvl.com/html/amazon_com.html,other,medium,"Concord, NH",mwpvl_2025q1,03106,18180,ok,month,,True,DNH2,08_us_delivery_station,352,New Hampshire,Station for New England in 2018. Delivery Station for New Hampshire Region.,,False,False,False,False,False,False,False,False,False
MWP-0354,Amazon,DS,Moonachie,NJ,07074,2 Empire Boulevard,,,2015,2,,,75000,open,https://mwpvl.com/html/amazon_com.html,other,medium,"New York-Newark-Jersey City, NY-NJ",mwpvl_2025q1,07074,35620,ok,month,,True,DEW1,08_us_delivery_station,353,New Jersey,Delivery Station for New Jersey,,False,False,False,False,False,False,False,False,False
MWP-0355,Amazon,DS,Elizabeth,NJ,07201,630 Sullivan Rd,,,2014,3,,,65000,open,https://mwpvl.com/html/amazon_com.html,other,medium,"New York-Newark-Jersey City, NY-NJ",mwpvl_2025q1,07201,35620,ok,month,,True,DEW2,08_us_delivery_station,354,New Jersey,Delivery Station for New Jersey,,False,False,False,False,False,False,False,False,False
MWP-0356,Amazon,DS,Trenton,NJ,08648,10 Princess Rd,,,2021,3,,,340400,open,https://mwpvl.com/html/amazon_com.html,other,medium,"Trenton-Princeton, NJ",mwpvl_2025q1,08648,45940,ok,month,,True,DEW5,08_us_delivery_station,355,New Jersey,Delivery Station for North Trenton NJ,,False,False,False,False,False,False,False,False,False
MWP-0357,Amazon,DS,Edison,NJ,08817,8-B Court South,,,2020,3,,,289700,open,https://mwpvl.com/html/amazon_com.html,other,medium,"New York-Newark-Jersey City, NY-NJ",mwpvl_2025q1,08817,35620,ok,month,,True,DJE1,08_us_delivery_station,356,New Jersey,Delivery Station for : Edison NJ.,,False,False,False,False,False,False,False,False,False
MWP-0358,Amazon,DS,West Deptford,NJ,08066,1250 Forest Pkwy,,,2020,3,,,496000,open,https://mwpvl.com/html/amazon_com.html,other,medium,"Philadelphia-Camden-Wilmington, PA-NJ-DE-MD",mwpvl_2025q1,08066,37980,ok,month,,True,DJE2,08_us_delivery_station,357,New Jersey,eee a 9,,False,False,False,False,False,False,False,False,False
MWP-0359,Amazon,DS,Logan Township,NJ,08085,2320 Center Square Road,,,2020,3,,,369000,open,https://mwpvl.com/html/amazon_com.html,other,medium,"Philadelphia-Camden-Wilmington, PA-NJ-DE-MD",mwpvl_2025q1,08085,37980,ok,month,,True,DJE3,08_us_delivery_station,358,New Jersey,: 9,,False,False,False,False,False,False,False,False,False
MWP-0360,Amazon,DS,Edison,NJ,08837,1145 King Georges Post Road,,,2021,3,,,280000,open,https://mwpvl.com/html/amazon_com.html,other,medium,"New York-Newark-Jersey City, NY-NJ",mwpvl_2025q1,08837,35620,ok,month,,True,DJE5,08_us_delivery_station,359,New Jersey,: tis an estimate.,,False,False,False,False,False,False,False,False,False
MWP-0361,Amazon,DS,Jersey City,NJ,07305,295 Thomas McGovern Drive,,,2020,3,,,95800,open,https://mwpvl.com/html/amazon_com.html,other,medium,"New York-Newark-Jersey City, NY-NJ",mwpvl_2025q1,07305,35620,ok,month,,True,DJE6,08_us_delivery_station,360,New Jersey,Delivery Station for Jersey City NJ.,,False,False,False,False,False,False,False,False,False
MWP-0362,Amazon,DS,Bordentown Township,NJ,08505,2471 Old York Road - Building 1,,,2021,,,,434300,open,https://mwpvl.com/html/amazon_com.html,other,medium,"Philadelphia-Camden-Wilmington, PA-NJ-DE-MD",mwpvl_2025q1,08505,37980,ok,year,,True,DJE9,08_us_delivery_station,361,New Jersey,"Delivery Station for Bordentown, NJ Region.",,False,False,False,False,False,False,False,False,False
MWP-0363,Amazon,DS,Lodi,NJ,07644,200 Gregg St,,,2021,2,,,200400,open,https://mwpvl.com/html/amazon_com.html,other,medium,"New York-Newark-Jersey City, NY-NJ",mwpvl_2025q1,07644,35620,ok,month,,True,DJR1,08_us_delivery_station,362,New Jersey,Delivery Station for Lodi NJ. Sq Ft is an Estimate.,,False,False,False,False,False,False,True,False,False
MWP-0364,Amazon,DS,Rutherford,NJ,07070,235 Veterans Boulevard,,,2023,4,,,360000,open,https://mwpvl.com/html/amazon_com.html,other,medium,"New York-Newark-Jersey City, NY-NJ",mwpvl_2025q1,07070,35620,ok,quarter,,True,DJR3,08_us_delivery_station,363,New Jersey,"Delivery Station for Rutherford, NJ Region.",,False,False,False,False,False,False,False,False,False
MWP-0365,Amazon,DS,Kearny,NJ,07032,670 Belleville Turnpike,,,2020,4,,,211400,open,https://mwpvl.com/html/amazon_com.html,other,medium,"New York-Newark-Jersey City, NY-NJ",mwpvl_2025q1,07032,35620,ok,month,,True,DJR5,08_us_delivery_station,364,New Jersey,Delivery Station for Newark.,,False,False,False,False,False,False,False,False,False
MWP-0366,Amazon,DS,Kearny,NJ,07032,5 Logistics Drive,,,2020,3,,,181400,open,https://mwpvl.com/html/amazon_com.html,other,medium,"New York-Newark-Jersey City, NY-NJ",mwpvl_2025q1,07032,35620,ok,month,,True,DJR6,08_us_delivery_station,365,New Jersey,Delivery Station for Newark.,,False,False,False,False,False,False,False,False,False
MWP-0367,Amazon,DS,Carlstadt,NJ,07072,600 Washington Ave,,,2021,4,,,,open,https://mwpvl.com/html/amazon_com.html,other,medium,"New York-Newark-Jersey City, NY-NJ",mwpvl_2025q1,07072,35620,ok,month,,True,,08_us_delivery_station,366,New Jersey,Delivery Station for Teterboro/Hackensack Delivery Station for East Rutherford / North ny,,False,False,False,False,False,False,False,False,False
MWP-0368,Amazon,DS,Carteret,NJ,07008,377 Roosevelt Ave,,,2020,3,,,,open,https://mwpvl.com/html/amazon_com.html,other,medium,"New York-Newark-Jersey City, NY-NJ",mwpvl_2025q1,07008,35620,ok,month,,True,DJZ3,08_us_delivery_station,367,New Jersey,Delivery Station for the Elizabeth / Woodbridge Township NJ region.,,False,False,False,False,False,False,False,False,False
MWP-0369,Amazon,DS,Kearny,NJ,07032,50 Central Avenue,,,2020,3,,,415500,open,https://mwpvl.com/html/amazon_com.html,other,medium,"New York-Newark-Jersey City, NY-NJ",mwpvl_2025q1,07032,35620,ok,month,,True,DJZ4,08_us_delivery_station,368,New Jersey,Delivery Station for Newark,,False,False,False,False,False,False,False,False,False
MWP-0370,Amazon,DS,Linden,NJ,07036,429 Delancy St,,,2021,1,,,,open,https://mwpvl.com/html/amazon_com.html,other,low,"New York-Newark-Jersey City, NY-NJ",mwpvl_2025q1,07036,35620,ok,month,,False,,08_us_delivery_station,369,New Jersey,Delivery Station for Newark NJ Area. Sq Ft Delivery Station for Linden NJ Area. Delayed opening.,,False,False,False,True,False,False,False,False,False
MWP-0371,Amazon,DS,Avenel,NJ,07001,1 Paddock St,,,,,,,185000,open,https://mwpvl.com/html/amazon_com.html,other,medium,"New York-Newark-Jersey City, NY-NJ",mwpvl_2025q1,07001,35620,ok,none,,True,,08_us_delivery_station,370,New Jersey,Delivery Station for Woodbridge Township NJ Area,,False,False,False,False,False,False,False,False,False
MWP-0372,Amazon,DS,Carteret,NJ,07008,380 Middlesex Ave,,,2020,3,,,,open,https://mwpvl.com/html/amazon_com.html,other,medium,"New York-Newark-Jersey City, NY-NJ",mwpvl_2025q1,07008,35620,ok,month,,True,DNJ1,08_us_delivery_station,371,New Jersey,HEW/1 is a Heavy Bulky Delivery Station for Sq Ft included in LGAT.,,False,False,False,False,False,False,False,True,False
MWP-0373,Amazon,DS,1251 Jumping Brook Road,NJ,07753,1251 Jumping Brook Road,,,2023,,,,113000,open,https://mwpvl.com/html/amazon_com.html,other,low,"New York-Newark-Jersey City, NY-NJ",mwpvl_2025q1,07753,35620,ok,year,,False,DNU4,08_us_delivery_station,372,Tinton Falls,"Delivery Station for Mahwah / Paterson NJ Delivery Station for Asbury Park, NJ Region. Delayed Opening.",,False,False,False,True,False,False,False,False,False
MWP-0374,Amazon,DS,Carlstadt,NJ,07072,118 Moonachie Ave,,,,,,,,open,https://mwpvl.com/html/amazon_com.html,other,medium,"New York-Newark-Jersey City, NY-NJ",mwpvl_2025q1,07072,35620,ok,none,,True,,08_us_delivery_station,373,New Jersey,Delivery Station for East Rutherford / North Bergen NJ,,False,False,False,False,False,False,False,False,False
MWP-0375,Amazon,DS,Budd Lake,NJ,07828,81 International Dr S,,,2020,3,,,,open,https://mwpvl.com/html/amazon_com.html,other,medium,"New York-Newark-Jersey City, NY-NJ",mwpvl_2025q1,07828,35620,ok,month,,True,,08_us_delivery_station,374,New Jersey,Delivery Station for the Mount Olive Region of NJ; Formerly a Sam's Club store.,,False,False,False,False,False,False,False,False,False
MWP-0376,Amazon,DS,Hamilton Township,NJ,08620,539 US-130,,,2021,3,,,72000,open,https://mwpvl.com/html/amazon_com.html,other,medium,"Trenton-Princeton, NJ",mwpvl_2025q1,08620,45940,ok,month,,True,DNK2,08_us_delivery_station,375,New Jersey,: estimate.,,False,False,False,False,False,False,False,False,False
MWP-0377,Amazon,DS,Dayonne,NJ,07002,105 Avenue A,,,2020,4,,,188000,open,https://mwpvl.com/html/amazon_com.html,other,medium,"New York-Newark-Jersey City, NY-NJ",mwpvl_2025q1,07002,35620,ok,month,,True,,08_us_delivery_station,376,New Jersey,Delivery Velivery Station for Bergen Gergen Point NJ / Hudson County.,,False,False,False,False,False,False,False,False,False
MWP-0378,Amazon,DS,Middlesex,NJ,08846,65 Baekeland Avenue,,,,,,,420000,open,https://mwpvl.com/html/amazon_com.html,other,medium,"New York-Newark-Jersey City, NY-NJ",mwpvl_2025q1,08846,35620,ok,none,,True,DNK7,08_us_delivery_station,377,New Jersey,: : pi teal,,False,False,False,False,False,False,False,False,False
MWP-0379,Amazon,DS,Ocean Township,NJ,07712,2341 State Route 66,,,2022,,,,93000,open,https://mwpvl.com/html/amazon_com.html,other,medium,"New York-Newark-Jersey City, NY-NJ",mwpvl_2025q1,07712,35620,ok,year,,True,DNK8,08_us_delivery_station,378,New Jersey,ea Region.,,False,False,False,False,False,False,False,False,False
MWP-0380,Amazon,DS,West Caldwell,NJ,07006,10 Patton Drive,,,,,,,167900,open,https://mwpvl.com/html/amazon_com.html,other,medium,"New York-Newark-Jersey City, NY-NJ",mwpvl_2025q1,07006,35620,ok,none,,True,DYN5,08_us_delivery_station,379,New Jersey,: Delivery Station for Newark NW Region.,,False,False,False,False,False,False,False,False,False
MWP-0381,Amazon,DS,Delran,NJ,08075,400 Delran Parkway,,,2024,2,,,192300,open,https://mwpvl.com/html/amazon_com.html,other,medium,"Philadelphia-Camden-Wilmington, PA-NJ-DE-MD",mwpvl_2025q1,08075,37980,ok,month,,True,DPP3,08_us_delivery_station,380,New Jersey,"Delivery Station for Delran, NJ Region.",,False,False,False,False,False,False,False,False,False
MWP-0382,Amazon,DS,Monroe Township,NJ,08831,6 Farrington Boulevard,,,2021,4,,,301300,open,https://mwpvl.com/html/amazon_com.html,other,medium,"New York-Newark-Jersey City, NY-NJ",mwpvl_2025q1,08831,35620,ok,month,,True,DEY6,08_us_delivery_station,381,New Jersey,": Delivery Station for East Windsor/Freehold, NJ Region.",,False,False,False,False,False,False,False,False,False
MWP-0383,Amazon,DS,,NM,87532,2011 Industrial Park RdEspanola,,,2021,4,,,22500,open,https://mwpvl.com/html/amazon_com.html,other,medium,"Española, NM",mwpvl_2025q1,87532,21580,ok,quarter,,True,XAQ1,08_us_delivery_station,382,New Mexico,"Rural Wagon Wheel Delivery Station for Albuquerque, NM Region. Sq Ft is an estimate. Rural Wagon Wheel Delivery Station for NM",,False,False,False,False,False,False,True,False,True
MWP-0384,Amazon,DS,Albuquerque,NM,87121,15480 Reservoir Road NW,,,2021,,,,,open,https://mwpvl.com/html/amazon_com.html,other,medium,"Albuquerque, NM",mwpvl_2025q1,87121,10740,ok,year,,True,WQQ2,08_us_delivery_station,383,New Mexico,ie Wagon NM ce nt eae uquerque co-located in,,False,False,False,False,False,False,False,True,False
MWP-0385,Amazon,DS,Alamogordo,NM,88310,518 24th St,,,,,,,,open,https://mwpvl.com/html/amazon_com.html,other,medium,"Alamogordo, NM",mwpvl_2025q1,88310,10460,ok,none,,True,,08_us_delivery_station,384,New Mexico,Rural Wagon Wheel Delivery Station for Alamogordo NM,,False,False,False,False,False,False,False,False,True
MWP-0386,Amazon,DS,Las Cruces,NM,88005,1733 : Buildtek Ct,,,2023,,,,15000,open,https://mwpvl.com/html/amazon_com.html,other,medium,"Las Cruces, NM",mwpvl_2025q1,88005,29740,ok,year,,True,WLC1,08_us_delivery_station,385,New Mexico,Rural Wagon Wheel Delivery Station for El Paso North NM region. Sq Ft is an,,False,False,False,False,False,False,False,False,True
MWP-0387,Amazon,DS,Farmington,NM,87401,106 S. Browning Parkway,,,2025,,,,41300,open,https://mwpvl.com/html/amazon_com.html,other,medium,"Farmington, NM",mwpvl_2025q1,87401,22140,ok,year,,True,,08_us_delivery_station,386,New Mexico,"estimate. Farmington, NM. Project Lobo.",,False,False,False,False,False,False,False,False,False
MWP-0388,Amazon,DS,Bronx,NY,10474,1300 Viele Avenue,,,,,,,120800,open,https://mwpvl.com/html/amazon_com.html,other,medium,"New York-Newark-Jersey City, NY-NJ",mwpvl_2025q1,10474,35620,ok,none,,True,DNJ3,08_us_delivery_station,387,New York,Delivery Station for Bronx,,False,False,False,False,False,False,False,False,False
MWP-0389,Amazon,DS,Colonie,NY,12205,10 Jupiter Lane,,,2020,2,,,123000,open,https://mwpvl.com/html/amazon_com.html,other,medium,"Albany-Schenectady-Troy, NY",mwpvl_2025q1,12205,10580,ok,month,,True,DAB3,08_us_delivery_station,388,New York,Delivery Station for Albany Region :,,False,False,False,False,False,False,False,False,False
MWP-0390,Amazon,DS,Amsterdam,NY,12010,1785 NY-5S,,,,,,,53000,open,https://mwpvl.com/html/amazon_com.html,other,medium,"Amsterdam, NY",mwpvl_2025q1,12010,11220,ok,none,,True,DAB4,08_us_delivery_station,389,New York,Albany egion.,,False,False,False,False,False,False,False,False,False
MWP-0391,Amazon,DS,Brooklyn,NY,11231,280 Richards Street,,,,,,,156100,open,https://mwpvl.com/html/amazon_com.html,other,medium,"New York-Newark-Jersey City, NY-NJ",mwpvl_2025q1,11231,35620,ok,none,,True,DAB5,08_us_delivery_station,390,New York,Delivery Station for Red Hook Brooklyn.,,False,False,False,False,False,False,False,False,False
MWP-0392,Amazon,DS,Shirley,NY,11967,100 Precision Drive,,,,,,,110700,open,https://mwpvl.com/html/amazon_com.html,other,medium,"New York-Newark-Jersey City, NY-NJ",mwpvl_2025q1,11967,35620,ok,none,,True,DAB8,08_us_delivery_station,391,New York,"Station for Shirley, Long Island 9",,False,False,False,False,False,False,False,False,False
MWP-0393,Amazon,DS,Troy,NY,12183,75 Cohoes Ave,,,2017,,,,64000,open,https://mwpvl.com/html/amazon_com.html,other,medium,"Albany-Schenectady-Troy, NY",mwpvl_2025q1,12183,10580,ok,year,,True,DAL1,08_us_delivery_station,392,New York,Delivery Station for Albany Region,,False,False,False,False,False,False,False,False,False
MWP-0394,Amazon,DS,Queens,NY,11377,1 Bulova Avenue,,,2018,4,,,83300,open,https://mwpvl.com/html/amazon_com.html,other,medium,"New York-Newark-Jersey City, NY-NJ",mwpvl_2025q1,11377,35620,ok,month,,True,DBK1,08_us_delivery_station,393,New York,Delivery Station for Queens,,False,False,False,False,False,False,False,False,False
MWP-0395,Amazon,DS,Queens,NY,11378,55-15 Grand Avenue,,,,,,,250000,open,https://mwpvl.com/html/amazon_com.html,other,medium,"New York-Newark-Jersey City, NY-NJ",mwpvl_2025q1,11378,35620,ok,none,,True,DBK4,08_us_delivery_station,394,New York,Delivery Station with 4 stories for Queens.,,False,False,False,False,False,False,False,False,False
MWP-0396,Amazon,DS,Brooklyn,NY,11208,2300 Linden Blvd,,,2024,1,,,100000,open,https://mwpvl.com/html/amazon_com.html,other,medium,"New York-Newark-Jersey City, NY-NJ",mwpvl_2025q1,11208,35620,ok,month,,True,DBK6,08_us_delivery_station,395,New York,Delivery Station for Brooklyn.,,False,False,False,False,False,False,False,False,False
MWP-0397,Amazon,DS,Tonawanda,NY,14150,800 Riverwalk Parkway,,,2020,2,,,117000,open,https://mwpvl.com/html/amazon_com.html,other,medium,"Buffalo-Cheektowaga, NY",mwpvl_2025q1,14150,15380,ok,month,,True,DBU1,08_us_delivery_station,396,New York,Delivery Station for Buffalo. Project Bruno.,,False,False,False,False,False,False,False,False,False
MWP-0398,Amazon,DS,Carle Place,NY,11514,6834 Kirkville Rd,,,2020,4,,,,open,https://mwpvl.com/html/amazon_com.html,other,medium,"New York-Newark-Jersey City, NY-NJ",mwpvl_2025q1,11514,35620,ok,month,,True,,08_us_delivery_station,397,New York,Delivery Station for Syracuse. Project Delivery Station for Hempstead NY / Long Island Area. Formerly a Waldbaum’s store.,,False,False,False,False,False,False,False,False,False
MWP-0399,Amazon,DS,Buffalo,NY,14219,3920 Baview Bayview Road,,,2023,4,,,183600,open,https://mwpvl.com/html/amazon_com.html,other,medium,"Buffalo-Cheektowaga, NY",mwpvl_2025q1,14219,15380,ok,month,,True,DBU7,08_us_delivery_station,398,New York,"Delivery Station for Orchard Park, Springville, 5s Lackawanna, and the City of",,False,False,False,False,False,False,False,False,False
MWP-0400,Amazon,DS,Colonie,NY,12047,1 Mustang Drive,,,2022,3,,,115600,open,https://mwpvl.com/html/amazon_com.html,other,low,"Albany-Schenectady-Troy, NY",mwpvl_2025q1,12047,10580,ok,month,,False,DBU9,08_us_delivery_station,399,New York,Buffalo. Delayed opening by 18 months. Delivery Station for Albany NY Region.,,False,False,False,True,False,False,False,False,False
MWP-0401,Amazon,DS,New York,NY,10165,60 East 42nd St,,,2015,3,,,54300,open,https://mwpvl.com/html/amazon_com.html,other,medium,"New York-Newark-Jersey City, NY-NJ",mwpvl_2025q1,10165,35620,ok,month,,True,DNY1,08_us_delivery_station,400,New York,Delivery Station for New York City,,False,False,False,False,False,False,False,False,False
MWP-0402,Amazon,DS,Bronx,NY,10462,1200 Zerega Ave,,,2021,3,,,97800,open,https://mwpvl.com/html/amazon_com.html,other,medium,"New York-Newark-Jersey City, NY-NJ",mwpvl_2025q1,10462,35620,ok,month,,True,,08_us_delivery_station,401,New York,Delivery Station for Bronx NY.,,False,False,False,False,False,False,False,False,False
MWP-0403,Amazon,DS,Hauppauge,NY,11788,49 Wireless Avenue,,,2025,,,,64000,open,https://mwpvl.com/html/amazon_com.html,other,medium,"New York-Newark-Jersey City, NY-NJ",mwpvl_2025q1,11788,35620,ok,year,,True,,08_us_delivery_station,402,New York,: Under legal protest.,,False,False,False,False,False,False,False,False,False
MWP-0404,Amazon,DS,Queens,NY,11379,66-26 Metropolitan Avenue,,,,,,,190000,open,https://mwpvl.com/html/amazon_com.html,other,medium,"New York-Newark-Jersey City, NY-NJ",mwpvl_2025q1,11379,35620,ok,none,,True,DYN3,08_us_delivery_station,403,New York,Delivery Station for Queens.,,False,False,False,False,False,False,False,False,False
MWP-0405,Amazon,DS,Brooklyn,NY,11231,640 Columbia,,,2023,3,,,,open,https://mwpvl.com/html/amazon_com.html,other,medium,"New York-Newark-Jersey City, NY-NJ",mwpvl_2025q1,11231,35620,ok,month,,True,DYN7,08_us_delivery_station,404,New York,Delivery Station for Red Hook Brooklyn.,,False,False,False,False,False,False,False,False,False
MWP-0406,Amazon,DS,The Bronx,NY,10474,511 Barry Street,,,2022,,,,139700,open,https://mwpvl.com/html/amazon_com.html,other,medium,"New York-Newark-Jersey City, NY-NJ",mwpvl_2025q1,10474,35620,ok,year,,True,,08_us_delivery_station,405,New York,Delivery Station for Manhattan / Hunts Point / The Bronx. Refrigerated space. Plus 90.000 sq ft of parking space leased.,,False,False,False,False,False,False,False,False,False
MWP-0407,Amazon,DS,Rochester,NY,14623,330 Clay Road,,,2018,1,,,85800,open,https://mwpvl.com/html/amazon_com.html,other,medium,"Rochester, NY",mwpvl_2025q1,14623,40380,ok,quarter,,True,DRO1,08_us_delivery_station,406,New York,Delivery Station for Rochester,,False,False,False,False,False,False,False,False,False
MWP-0408,Amazon,DS,Rochester,NY,14606,1200 Lexington Avenue,,,,,,,,open,https://mwpvl.com/html/amazon_com.html,other,medium,"Rochester, NY",mwpvl_2025q1,14606,40380,ok,none,,True,DRO2,08_us_delivery_station,407,New York,Eastman Business Park,,False,False,False,False,False,False,False,False,False
MWP-0409,Amazon,DS,Blauvelt,NY,10913,200 & 400 Oritani Drive,,,2020,4,,,174000,open,https://mwpvl.com/html/amazon_com.html,other,medium,"New York-Newark-Jersey City, NY-NJ",mwpvl_2025q1,10913,35620,ok,month,,True,PXV4,08_us_delivery_station,408,New York,Delivery Station for Nyack NY Area. 2 separate buildings. Delivery Station . for Newburgh NY Area,,False,False,False,False,False,False,False,False,False
MWP-0410,Amazon,DS,Bronx,NY,10472,1055 Bronx : River Avenue,,,2021,1,,,205400,open,https://mwpvl.com/html/amazon_com.html,other,medium,"New York-Newark-Jersey City, NY-NJ",mwpvl_2025q1,10472,35620,ok,month,,True,DYO2,08_us_delivery_station,409,New York,Delivery Station for Bronx. Formerly leased by Jet.com as a Grocery e-commerce FC.,,False,False,False,False,False,False,False,False,False
MWP-0411,Amazon,DS,Westhampton Beach,NY,11978,245 Roger's Way,,,,,,,91000,open,https://mwpvl.com/html/amazon_com.html,other,medium,"New York-Newark-Jersey City, NY-NJ",mwpvl_2025q1,11978,35620,ok,none,,True,DYR3,08_us_delivery_station,410,New York,Building developed by Prologis. sou gen ecu,,False,False,False,False,False,False,False,False,False
MWP-0412,Amazon,DS,Holbrook,NY,11741,717 Broadway Ave,,,2021,4,,,147000,open,https://mwpvl.com/html/amazon_com.html,other,medium,"New York-Newark-Jersey City, NY-NJ",mwpvl_2025q1,11741,35620,ok,month,,True,DYR7,08_us_delivery_station,411,New York,: Delivery Station for Central Long Island,,False,False,False,False,False,False,False,False,False
MWP-0413,Amazon,DS,Staten Island,NY,10314,526 Gulf Ave,,,,,,,,open,https://mwpvl.com/html/amazon_com.html,other,medium,"New York-Newark-Jersey City, NY-NJ",mwpvl_2025q1,10314,35620,ok,none,,True,DYX2,08_us_delivery_station,412,New York,nee included in LDJ5.,,False,False,False,False,False,False,False,True,False
MWP-0414,Amazon,DS,Brooklyn,NY,11208,12555 & 12595 Flatlands Avenue,,,2021,2,,,211000,open,https://mwpvl.com/html/amazon_com.html,other,medium,"New York-Newark-Jersey City, NY-NJ",mwpvl_2025q1,11208,35620,ok,month,,True,DYY4,08_us_delivery_station,413,New York,,,False,False,False,False,False,False,False,False,False
MWP-0415,Amazon,DS,Bronx,NY,10461,1500 Bassett Ave,,,2021,2,,,366000,open,https://mwpvl.com/html/amazon_com.html,other,medium,"New York-Newark-Jersey City, NY-NJ",mwpvl_2025q1,10461,35620,ok,month,,True,,08_us_delivery_station,414,New York,Delivery Station for Bronx.,,False,False,False,False,False,False,False,False,False
MWP-0416,Amazon,DS,Ctaton Staten leland Island,NY,10314,EGG 566 Cuillf Gulf Ave Ave,,,2020,2,,,450000,open,https://mwpvl.com/html/amazon_com.html,other,medium,"New York-Newark-Jersey City, NY-NJ",mwpvl_2025q1,10314,35620,ok,month,,True,,08_us_delivery_station,415,New York,: Delivery Station for 45-minute radius,,False,False,False,False,False,False,False,False,False
MWP-0417,Amazon,DS,Hawthorne,NY,10532,231 Saw Mill River Road,,,2024,,,,153000,open,https://mwpvl.com/html/amazon_com.html,other,medium,"New York-Newark-Jersey City, NY-NJ",mwpvl_2025q1,10532,35620,ok,year,,True,DYY8,08_us_delivery_station,416,New York,"Deli hl Stati ' Westchester as well as Greenwich, CT",,False,False,False,False,False,False,False,False,False
MWP-0418,Amazon,DS,Oyster Bay,NY,11791,305 Robbins Lane,,,2022,3,,,204000,open,https://mwpvl.com/html/amazon_com.html,other,medium,"New York-Newark-Jersey City, NY-NJ",mwpvl_2025q1,11791,35620,ok,month,,True,DYY9,08_us_delivery_station,417,New York,"Delivery Station for Syosset, Long Island.",,False,False,False,False,False,False,False,False,False
MWP-0419,Amazon,DS,Brooklyn,NY,11232,Industry City,,,,,,,,open,https://mwpvl.com/html/amazon_com.html,other,medium,"New York-Newark-Jersey City, NY-NJ",mwpvl_2025q1,11232,35620,ok,none,,True,,08_us_delivery_station,418,New York,tan ye confirmed.,,False,False,False,False,False,False,False,False,False
MWP-0420,Amazon,DS,Long Island City,NY,11101,23-30 Borden Ave,,,2025,,,,100000,open,https://mwpvl.com/html/amazon_com.html,other,medium,"New York-Newark-Jersey City, NY-NJ",mwpvl_2025q1,11101,35620,ok,year,,True,,08_us_delivery_station,419,New York,Delivery Station for Melville/Long Island 5-Storey Delivery Station for Queens NY.,,False,False,False,False,False,False,False,False,False
MWP-0421,Amazon,DS,Conklin,NY,13748,136 Carlin Rd,,,2021,4,,,,open,https://mwpvl.com/html/amazon_com.html,other,medium,"Binghamton, NY",mwpvl_2025q1,13748,13780,ok,month,,True,,08_us_delivery_station,420,New York,Rural Wagon Wheel Delivery Station for Binghamton NY Region.,,False,False,False,False,False,False,False,False,True
MWP-0422,Amazon,DS,Bath,NY,14861,6823 Industrial Park Road,,,2022,3,,,80000,open,https://mwpvl.com/html/amazon_com.html,other,medium,"Elmira, NY",mwpvl_2025q1,14861,21300,ok,month,,True,WNY3,08_us_delivery_station,421,New York,Rural Wagon Wheel Delivery Station for Bath / Elmira NY Region. (Rural Frankfort / Utica NY Region.,,False,False,False,False,False,False,False,False,True
MWP-0423,Amazon,DS,Granville,NY,12832,1159 Co Rd 24,,,2023,3,,,90000,open,https://mwpvl.com/html/amazon_com.html,other,medium,"Glens Falls, NY",mwpvl_2025q1,12832,24020,ok,quarter,,True,WNY4,08_us_delivery_station,422,New York,Rural Wagon Wheel Station for Granville NY VT Region.,,False,False,False,False,False,False,False,False,True
MWP-0424,Amazon,DS,,NY,11598,,,,,,,,235200,open,https://mwpvl.com/html/amazon_com.html,other,medium,"New York-Newark-Jersey City, NY-NJ",mwpvl_2025q1,11598,35620,ok,none,,True,,08_us_delivery_station,423,,: : i Mla parang 7 P 7 9:,,False,False,False,False,False,False,False,False,False
MWP-0425,Amazon,DS,Charlotte,NC,28244,3830 Parrott Drive,,,2017,1,,,160200,open,https://mwpvl.com/html/amazon_com.html,other,medium,"Charlotte-Concord-Gastonia, NC-SC",mwpvl_2025q1,28244,16740,ok,month,,True,DLT1,08_us_delivery_station,424,North Carolina,Delivery Station for Charlotte,,False,False,False,False,False,False,False,False,False
MWP-0428,Amazon,DS,Kernersville,NC,27284,1610 Old Greensboro Road,,,2020,4,,,68000,open,https://mwpvl.com/html/amazon_com.html,other,medium,"Winston-Salem, NC",mwpvl_2025q1,27284,49180,ok,month,,True,DLT6,08_us_delivery_station,427,North Carolina,Delivery Station for Winston-Salem.,,False,False,False,False,False,False,False,False,False
MWP-0429,Amazon,DS,Whitsett,NC,27377,6495 Franz Warner Parkway,,,2021,3,,,93800,open,https://mwpvl.com/html/amazon_com.html,other,medium,"Greensboro-High Point, NC",mwpvl_2025q1,27377,24660,ok,month,,True,DLT7,08_us_delivery_station,428,North Carolina,Delivery Station for Greensboro East Region.,,False,False,False,False,False,False,False,False,False
MWP-0430,Amazon,DS,Charlotte,NC,28078,9817 Old Stateville Road,,,2021,3,,,141300,open,https://mwpvl.com/html/amazon_com.html,other,medium,"Charlotte-Concord-Gastonia, NC-SC",mwpvl_2025q1,28078,16740,ok,month,,True,DLT8,08_us_delivery_station,429,North Carolina,Delivery Station for North Charlotte NC Region. To be confirmed.,,False,False,False,False,False,False,False,False,False
MWP-0431,Amazon,DS,Raleigh,NC,27610,4520 Bullock Farm Rd,,,2024,4,,,128800,open,https://mwpvl.com/html/amazon_com.html,other,medium,"Raleigh-Cary, NC",mwpvl_2025q1,27610,39580,ok,month,,True,DRT3,08_us_delivery_station,430,North Carolina,Delivery Station for Raleigh NC Region. :,,False,False,False,False,False,False,False,False,False
MWP-0432,Amazon,DS,Mills River,,98759,394 Fanning Fields Rd,,,,,,,112000,open,https://mwpvl.com/html/amazon_com.html,other,medium,,mwpvl_2025q1,,,postcode_not_a_zcta,none,,True,DRT4,08_us_delivery_station,431,North Carolina,Se / endersonville rea.,,False,False,False,False,False,False,False,False,False
MWP-0435,Amazon,DS,Cary,NC,27560,1000 Innovation Avenue,,,2020,3,,,146700,open,https://mwpvl.com/html/amazon_com.html,other,medium,"Raleigh-Cary, NC",mwpvl_2025q1,27560,39580,ok,month,,True,DRT9,08_us_delivery_station,434,North Carolina,sou oy ecu,,False,False,False,False,False,False,False,False,False
MWP-0436,Amazon,DS,Franklin,NC,28734,324 Industrial Park Rd,,,,,,,,open,https://mwpvl.com/html/amazon_com.html,other,medium,,mwpvl_2025q1,28734,,county_in_no_cbsa,none,,True,,08_us_delivery_station,435,North Carolina,"Rural Wagon Wheel Delivery Station for Macon County / Franklin, NC region.",,False,False,False,False,False,False,False,False,True
MWP-0437,Amazon,DS,Charlotte,NC,28217,4226 Beam Road,,,,,,,256000,open,https://mwpvl.com/html/amazon_com.html,other,medium,"Charlotte-Concord-Gastonia, NC-SC",mwpvl_2025q1,28217,16740,ok,none,,True,DCD6,08_us_delivery_station,436,North Carolina,Delivery Station for Charlotte Airport Region. :,,False,False,False,False,False,False,False,False,False
MWP-0438,Amazon,DS,Tarboro,NC,27886,McNair Rd & Commerce Center Drive,,,2025,,,,77200,open,https://mwpvl.com/html/amazon_com.html,other,medium,"Rocky Mount, NC",mwpvl_2025q1,27886,40580,ok,year,,True,,08_us_delivery_station,437,North Carolina,"Delivery station for Tarboro, NC region.",,False,False,False,False,False,False,False,False,False
MWP-0439,Amazon,DS,Fayetteville,NC,28312,1005 Dunn Road,,,2022,4,,,80000,open,https://mwpvl.com/html/amazon_com.html,other,medium,"Fayetteville, NC",mwpvl_2025q1,28312,22180,ok,month,,True,,08_us_delivery_station,438,North Carolina,Rural Wagon Wheel Delivery Station for Rural Wagon Wheel Delivery Station for Fayetteville NC Region.,,False,False,False,False,False,False,False,False,True
MWP-0440,Amazon,DS,Bessemer City,NC,28016,Southridge Parkway and Gastonia Parkway,,,2025,,,,180000,open,https://mwpvl.com/html/amazon_com.html,other,medium,"Charlotte-Concord-Gastonia, NC-SC",mwpvl_2025q1,28016,16740,ok,year,,True,,08_us_delivery_station,439,North Carolina,ee ir CharlottelGastonia egion.,,False,False,False,False,False,False,False,False,False
MWP-0441,Amazon,DS,Wilmington,NC,27610,Near Acme Way,,,2026,1,,,142000,open,https://mwpvl.com/html/amazon_com.html,other,medium,"Raleigh-Cary, NC",mwpvl_2025q1,27610,39580,ok,quarter,,True,,08_us_delivery_station,440,North Carolina,Raleigh NC Region. roject,,False,False,False,False,False,False,False,False,False
MWP-0442,Amazon,DS,Enka Village,,98728,1301 Sand Hill Road,,,2025,,,,,open,https://mwpvl.com/html/amazon_com.html,other,medium,,mwpvl_2025q1,,,postcode_not_a_zcta,year,,True,,08_us_delivery_station,441,North Carolina,eae On IE nN Regions To be confirmed. On hold until further notice.,,False,False,False,False,False,False,False,False,False
MWP-0443,Amazon,DS,Kannapolis,,29084,85 Exchange Park,,,2025,,,,198400,open,https://mwpvl.com/html/amazon_com.html,other,medium,,mwpvl_2025q1,,,postcode_not_a_zcta,year,,True,,08_us_delivery_station,442,North Carolina,"Delivery Station for Kannapolis, NC Area.",,False,False,False,False,False,False,False,False,False
MWP-0444,Amazon,DS,West Fargo,ND,58078,700 Main Ave East,,,2021,2,,,63000,open,https://mwpvl.com/html/amazon_com.html,other,medium,"Fargo, ND-MN",mwpvl_2025q1,58078,22020,ok,month,,True,WND1,08_us_delivery_station,443,North Dakota,Fargo ND,,False,False,False,False,False,False,False,False,False
MWP-0445,Amazon,DS,Dickinson,ND,58601,Highway 22 and 30th Street SW,,,,,,,30000,open,https://mwpvl.com/html/amazon_com.html,other,medium,"Dickinson, ND",mwpvl_2025q1,58601,19860,ok,none,,True,WND2,08_us_delivery_station,444,North Dakota,Rural Wagon Wheel Station Staten tor Dickenson ND,,False,False,False,False,False,False,False,False,True
MWP-0446,Amazon,DS,Grand Forks,ND,58201,East Minot,,,2024,4,,,,open,https://mwpvl.com/html/amazon_com.html,other,medium,"Grand Forks, ND-MN",mwpvl_2025q1,58201,24220,ok,month,,True,WND4,08_us_delivery_station,445,North Dakota,Rural Wagon Wheel Delivery Station for Rural! Wagon Wheel Delivery Station for Grand Forks ND,,False,False,False,False,False,False,False,False,True
MWP-0447,Amazon,DS,Euclid,OH,44132,26555 Bluestone cS Blvd,,,2017,1,,,80000,open,https://mwpvl.com/html/amazon_com.html,other,medium,"Cleveland, OH",mwpvl_2025q1,44132,17410,ok,month,,True,DCL1,08_us_delivery_station,446,Ohio,Delivery Station for Cleveland,,False,False,False,False,False,False,False,False,False
MWP-0448,Amazon,DS,Akron,OH,44312,ae Read. a Picton Parkway and Pickle Road,,,2025,3,,,44600,open,https://mwpvl.com/html/amazon_com.html,other,medium,"Akron, OH",mwpvl_2025q1,44312,10420,ok,month,,True,DCL2,08_us_delivery_station,447,Ohio,Delivery Station for Akron region Delivery Station for Southeast Akron area.,,False,False,False,False,False,False,False,False,False
MWP-0449,Amazon,DS,North Jackson,OH,44451,12111 DeBartolo Drive,,,2019,2,,,43200,open,https://mwpvl.com/html/amazon_com.html,other,medium,"Youngstown-Warren, OH",mwpvl_2025q1,44451,49660,ok,month,,True,DCL3,08_us_delivery_station,448,Ohio,Delivery Station : for Youngstown region,,False,False,False,False,False,False,False,False,False
MWP-0450,Amazon,DS,Bedford Heights,OH,44146,24800 Miles Road,,,2020,3,,,,open,https://mwpvl.com/html/amazon_com.html,other,medium,"Cleveland, OH",mwpvl_2025q1,44146,17410,ok,month,,True,DCL4,08_us_delivery_station,449,Ohio,"Delivery Station for Bedford Heights, Cleveland Area.",,False,False,False,False,False,False,False,False,False
MWP-0451,Amazon,DS,Cleveland,OH,44102,10801 Madison Ave,,,2020,4,,,168800,open,https://mwpvl.com/html/amazon_com.html,other,medium,"Cleveland, OH",mwpvl_2025q1,44102,17410,ok,quarter,,True,DCL5,08_us_delivery_station,450,Ohio,Delivery Station for Toledo Area. Delivery Station for Cleveland West Area.,,False,False,False,False,False,False,False,False,False
MWP-0452,Amazon,DS,Columbus,OH,43207,3880 Lockbourne Industrial Parkway,,,2022,3,,,40000,open,https://mwpvl.com/html/amazon_com.html,other,medium,"Columbus, OH",mwpvl_2025q1,43207,18140,ok,month,,True,DCL9,08_us_delivery_station,451,Ohio,Delivery Station for SW Cleveland OH Area. Delivery Station for Columbus,,False,False,False,False,False,False,False,False,False
MWP-0453,Amazon,DS,Kettering,OH,45420,1930 Composite Drive,,,2019,3,,,87000,open,https://mwpvl.com/html/amazon_com.html,other,medium,"Dayton-Kettering-Beavercreek, OH",mwpvl_2025q1,45420,19430,ok,month,,True,DCM2,08_us_delivery_station,452,Ohio,Delivery Station for Dayton region,,False,False,False,False,False,False,False,False,False
MWP-0454,Amazon,DS,Solon,OH,44139,43500 Victory Parkway,,,2020,3,,,434000,open,https://mwpvl.com/html/amazon_com.html,other,medium,"Cleveland, OH",mwpvl_2025q1,44139,17410,ok,month,,True,DCM3,08_us_delivery_station,453,Ohio,Delivery Station for Cleveland SE Area.,,False,False,False,False,False,False,False,False,False
MWP-0455,Amazon,DS,Rickenbacker,OH,43137,6201 Collings Drive,,,2020,3,,,1000000,open,https://mwpvl.com/html/amazon_com.html,other,medium,"Columbus, OH",mwpvl_2025q1,43137,18140,ok,month,,True,DCM6,08_us_delivery_station,454,Ohio,"Delivery Station for Columbus OH East ee Staten ee mater ockbourne, Columbus ORF Area. rea.",,False,False,False,False,False,False,False,False,False
MWP-0457,Amazon,DS,,OH,45011,,,,2017,2,,,259800,open,https://mwpvl.com/html/amazon_com.html,other,medium,"Cincinnati, OH-KY-IN",mwpvl_2025q1,45011,17140,ok,month,,True,DCN1,08_us_delivery_station,456,,Delivery Station for Cincinnati ae,,False,False,False,False,False,False,False,False,False
MWP-0458,Amazon,DS,Columbus,OH,43219,510 Sunbury Road,,,2021,2,,,300000,open,https://mwpvl.com/html/amazon_com.html,other,medium,"Columbus, OH",mwpvl_2025q1,43219,18140,ok,month,,True,DCN2,08_us_delivery_station,457,Ohio,: Delivery Station for Columbus East Region.,,False,False,False,False,False,False,False,False,False
MWP-0459,Amazon,DS,Cincinnati,OH,45204,3191 River Rd,,,,,,,,open,https://mwpvl.com/html/amazon_com.html,other,medium,"Cincinnati, OH-KY-IN",mwpvl_2025q1,45204,17140,ok,none,,True,,08_us_delivery_station,458,Ohio,Delivery Station for Cincinnati West; Could also be Amazon Fresh,,False,False,False,False,False,False,False,False,False
MWP-0460,Amazon,DS,Cleveland,OH,44127,Intersection of Interstate 77 and Pershing Avenue,,,2025,,,,121000,open,https://mwpvl.com/html/amazon_com.html,other,medium,"Cleveland, OH",mwpvl_2025q1,44127,17410,ok,year,,True,,08_us_delivery_station,459,Ohio,Delivery Station for Cleveland South Region,,False,False,False,False,False,False,False,False,False
MWP-0461,Amazon,DS,North Randall,OH,44128,20801 Miles Road,,,2025,,,,300000,open,https://mwpvl.com/html/amazon_com.html,other,medium,"Cleveland, OH",mwpvl_2025q1,44128,17410,ok,year,,True,,08_us_delivery_station,460,Ohio,Delivery Station for SE Cleveland OH Area. Assumed to be a delivery station.,,False,False,False,False,False,False,False,False,False
MWP-0462,Amazon,DS,,OH,44805,,,,2025,,,,87000,open,https://mwpvl.com/html/amazon_com.html,other,medium,"Ashland, OH",mwpvl_2025q1,44805,11740,ok,year,,True,,08_us_delivery_station,461,,Delivery Station for Ashland OH Area.,,False,False,False,False,False,False,False,False,False
MWP-0463,Amazon,DS,Bazetta Township,OH,44483,Perkins-Jones Road NE,,,2025,,,,167800,open,https://mwpvl.com/html/amazon_com.html,other,medium,"Youngstown-Warren, OH",mwpvl_2025q1,44483,49660,ok,year,,True,DGF2,08_us_delivery_station,462,Ohio,Deilvery Station for Youngstown OH Area. Project Penguin.,,False,False,False,False,False,False,False,False,False
MWP-0464,Amazon,DS,West Chester,OH,45069,9309 Cincinnati Dayton Rd,,,2021,,,,143000,open,https://mwpvl.com/html/amazon_com.html,other,medium,"Cincinnati, OH-KY-IN",mwpvl_2025q1,45069,17140,ok,year,,True,DWO1,08_us_delivery_station,463,Ohio,Delivery Station for Cincinnati OH area.,,False,False,False,False,False,False,False,False,False
MWP-0465,Amazon,DS,Vandalia,OH,45377,3134 Lightner Road,,,2023,3,,,141000,open,https://mwpvl.com/html/amazon_com.html,other,low,"Dayton-Kettering-Beavercreek, OH",mwpvl_2025q1,45377,19430,ok,month,,False,DWO6,08_us_delivery_station,464,Ohio,Delivery Station for Dayton OH area. Delayed opening.,,False,False,False,True,False,False,False,False,False
MWP-0466,Amazon,DS,Tulsa,OK,74134,13510 E 59th St,,,2019,4,,,100000,open,https://mwpvl.com/html/amazon_com.html,other,medium,"Tulsa, OK",mwpvl_2025q1,74134,46140,ok,month,,True,WOH1,08_us_delivery_station,465,Oklahoma,"Rural Wagon Wheel Delivery Station for Findlay, Wapakoneta, Lima, and most of West Central and Northwest Ohio Delivery Station for Tulsa",,False,False,False,False,False,False,False,False,True
MWP-0467,Amazon,DS,Oklahoma City,OK,73179,6101 SW 44th St,,,2020,3,,,121700,open,https://mwpvl.com/html/amazon_com.html,other,medium,"Oklahoma City, OK",mwpvl_2025q1,73179,36420,ok,month,,True,DOK3,08_us_delivery_station,466,Oklahoma,Delivery Station for SW Oklahoma City,,False,False,False,False,False,False,False,False,False
MWP-0468,Amazon,DS,Oklahoma City,OK,73135,6801 S Air Depot Blvd,,,2020,2,,,312100,open,https://mwpvl.com/html/amazon_com.html,other,medium,"Oklahoma City, OK",mwpvl_2025q1,73135,36420,ok,month,,True,DOK4,08_us_delivery_station,467,Oklahoma,Delivery Station for SE Oklahoma City,,False,False,False,False,False,False,False,False,False
MWP-0469,Amazon,DS,Tulsa,OK,74107,5200 S. 49th W Ave,,,2023,3,,,146300,open,https://mwpvl.com/html/amazon_com.html,other,medium,"Tulsa, OK",mwpvl_2025q1,74107,46140,ok,month,,True,DOK6,08_us_delivery_station,468,Oklahoma,Delivery Station for Tulsa.,,False,False,False,False,False,False,False,False,False
MWP-0470,Amazon,DS,Ponca City,OK,74601,2108 N Ash St,,,2021,,,,21900,open,https://mwpvl.com/html/amazon_com.html,other,medium,"Ponca City, OK",mwpvl_2025q1,74601,38620,ok,year,,True,,08_us_delivery_station,469,Oklahoma,"Rural Wagon Wheel Delivery Station for Rural Wagon Wheel Delivery Station for Ponca City, OK area.",,False,False,False,False,False,False,False,False,True
MWP-0471,Amazon,DS,Stillwater,OK,74075,3623 Northstar Drive,,,,,,,,open,https://mwpvl.com/html/amazon_com.html,other,medium,"Stillwater, OK",mwpvl_2025q1,74075,44660,ok,none,,True,,08_us_delivery_station,470,Oklahoma,"Rural Wagon Wheel Delivery Station for Stillwater, OK area. Sq ft is an estimate.",,False,False,False,False,False,False,True,False,True
MWP-0472,Amazon,DS,ED Oklahoma,OK,73701,1201 Sooner Trend Road,,,2022,2,,,10600,open,https://mwpvl.com/html/amazon_com.html,other,medium,"Enid, OK",mwpvl_2025q1,73701,21420,ok,month,,True,XWI5,08_us_delivery_station,471,Oklahoma,= eas Rural eS Wagon ace Wheel a eee Delivery Se! eae Station ee for Enid OK.,,False,False,False,False,False,False,False,False,False
MWP-0473,Amazon,DS,McAlester,OK,74501,Steven W. Taylor Industrial Park near junction of Highway 375 and Highway 31,,,,,,,,open,https://mwpvl.com/html/amazon_com.html,other,medium,"McAlester, OK",mwpvl_2025q1,74501,32540,ok,none,,True,,08_us_delivery_station,472,Oklahoma,"Delivery Station for McAlester, OK Area. Sq Ft is an estimate.",,False,False,False,False,False,False,True,False,False
MWP-0475,Amazon,DS,Portland,OR,97217,1001 N Schmeer Road,,,2021,4,,,,open,https://mwpvl.com/html/amazon_com.html,other,medium,"Portland-Vancouver-Hillsboro, OR-WA",mwpvl_2025q1,97217,38900,ok,month,,True,,08_us_delivery_station,474,Oregon,"Delivery Station for Portland OR, Region on Portland Meadows site",,False,False,False,False,False,False,False,False,False
MWP-0477,Amazon,DS,Portland,OR,97203,15000 N. Lombard Street,,,,,,,,open,https://mwpvl.com/html/amazon_com.html,other,medium,"Portland-Vancouver-Hillsboro, OR-WA",mwpvl_2025q1,97203,38900,ok,none,,True,,08_us_delivery_station,476,Oregon,onion,,False,False,False,False,False,False,False,False,False
MWP-0478,Amazon,DS,Salem,OR,97317,5475 Gaffin Rd SE,,,2020,1,,,,open,https://mwpvl.com/html/amazon_com.html,other,medium,"Salem, OR",mwpvl_2025q1,97317,41420,ok,month,,True,,08_us_delivery_station,477,Oregon,"Ft included in PDX6. Delivery Station for Portland Salem, OR Region. Project Expedite.",,False,False,False,False,False,False,False,True,False
MWP-0479,Amazon,DS,Central Point,OR,97502,3791 Table Rock Road,,,2024,3,,,87000,open,https://mwpvl.com/html/amazon_com.html,other,medium,"Medford, OR",mwpvl_2025q1,97502,32780,ok,month,,True,,08_us_delivery_station,478,Oregon,"ea Delivery yma Station een for mn Fairview (Portland) poop lp) OR Delivery Station for Portland OR West Rural Wagon Wheel Delivery Station for Central Point, OR",,False,False,False,False,False,False,False,False,True
MWP-0480,Amazon,DS,Klamath Falls,OR,97603,6250 Altamont Drive,,,2024,4,,,20000,open,https://mwpvl.com/html/amazon_com.html,other,medium,"Klamath Falls, OR",mwpvl_2025q1,97603,28900,ok,month,,True,,08_us_delivery_station,479,Oregon,"Rural Wagon Wheel Delivery Station for Klamath Falls, OR",,False,False,False,False,False,False,False,False,True
MWP-0481,Amazon,DS,Bethlehem,PA,18020,2595 Brodhead Rd,,,,,,,71600,open,https://mwpvl.com/html/amazon_com.html,other,medium,"Allentown-Bethlehem-Easton, PA-NJ",mwpvl_2025q1,18020,10900,ok,none,,True,,08_us_delivery_station,480,Pennsylvania,Delivery Station for Allentown/Bethlehem PA,,False,False,False,False,False,False,False,False,False
MWP-0482,Amazon,DS,Hazle Township,PA,18202,2150 North Park Drive,,,,,,,70000,open,https://mwpvl.com/html/amazon_com.html,other,medium,"Scranton--Wilkes-Barre, PA",mwpvl_2025q1,18202,42540,ok,none,,True,DAE3,08_us_delivery_station,481,Pennsylvania,Delivery Station for Hazleton PA Region,,False,False,False,False,False,False,False,False,False
MWP-0483,Amazon,DS,North Versailles,PA,15137,833 E Pittsburgh McKeesport Bld,,,2023,3,,,141400,open,https://mwpvl.com/html/amazon_com.html,other,medium,"Pittsburgh, PA",mwpvl_2025q1,15137,38300,ok,month,,True,DAE7,08_us_delivery_station,482,Pennsylvania,ees ee ona PTO) yee,,False,False,False,False,False,False,False,False,False
MWP-0484,Amazon,DS,East Norriton,PA,19401,53 West Germantown Pike,,,2025,,,,102000,open,https://mwpvl.com/html/amazon_com.html,other,low,"Philadelphia-Camden-Wilmington, PA-NJ-DE-MD",mwpvl_2025q1,19401,37980,ok,year,,False,,08_us_delivery_station,483,Pennsylvania,Delivery Station for West Philadelphia Region. Formerly a Walmart Store. Delayed Opening by 1 year.,,False,False,False,True,False,False,False,False,False
MWP-0485,Amazon,DS,Philadelphia,PA,19148,2400 S Weccacoe Ave,,,,,,,283500,open,https://mwpvl.com/html/amazon_com.html,other,medium,"Philadelphia-Camden-Wilmington, PA-NJ-DE-MD",mwpvl_2025q1,19148,37980,ok,none,,True,DDP2,08_us_delivery_station,484,Pennsylvania,Delivery Station for North Philadelphia Delivery Station for South Philadelphia,,False,False,False,False,False,False,False,False,False
MWP-0486,Amazon,DS,Philadelphia,PA,19142,6901 Elmwood Ave,,,,,,,140000,open,https://mwpvl.com/html/amazon_com.html,other,low,"Philadelphia-Camden-Wilmington, PA-NJ-DE-MD",mwpvl_2025q1,19142,37980,ok,none,,False,DDP3,08_us_delivery_station,485,Pennsylvania,Delivery Station for S. Philadelphia / Elmwood Park Area. Delayed Opening since 2021.,,False,False,False,True,False,False,False,False,False
MWP-0487,Amazon,DS,Levittown,PA,19057,6 6300 3UU Bristol Dristol Pike,,,2020,4,,,149200,open,https://mwpvl.com/html/amazon_com.html,other,medium,"Philadelphia-Camden-Wilmington, PA-NJ-DE-MD",mwpvl_2025q1,19057,37980,ok,month,,True,DDP5,08_us_delivery_station,486,Pennsylvania,. Delivery Station . for . Levittown Region. .,,False,False,False,False,False,False,False,False,False
MWP-0488,Amazon,DS,Bensalem Township,PA,19020,3750 State Road,,,2020,3,,,235200,open,https://mwpvl.com/html/amazon_com.html,other,medium,"Philadelphia-Camden-Wilmington, PA-NJ-DE-MD",mwpvl_2025q1,19020,37980,ok,month,,True,DDP7,08_us_delivery_station,487,Pennsylvania,Delivery Station for NE Philadelphia Area.,,False,False,False,False,False,False,False,False,False
MWP-0489,Amazon,DS,Philadelphia,PA,19154,3025 Meeting House Rd,,,2020,,,,207400,open,https://mwpvl.com/html/amazon_com.html,other,medium,"Philadelphia-Camden-Wilmington, PA-NJ-DE-MD",mwpvl_2025q1,19154,37980,ok,year,,True,DDP9,08_us_delivery_station,488,Pennsylvania,Delivery Station for NE Philadelphia,,False,False,False,False,False,False,False,False,False
MWP-0490,Amazon,DS,Langhorne,PA,19047,2251 Cabot Blvd W,,,2017,3,,,104100,open,https://mwpvl.com/html/amazon_com.html,other,medium,"Philadelphia-Camden-Wilmington, PA-NJ-DE-MD",mwpvl_2025q1,19047,37980,ok,month,,True,DEW4,08_us_delivery_station,489,Pennsylvania,Delivery Station for Philadelphia,,False,False,False,False,False,False,False,False,False
MWP-0492,Amazon,DS,King of Prussia,PA,19406,500 American Avenue,,,2017,,,,133600,open,https://mwpvl.com/html/amazon_com.html,other,medium,"Philadelphia-Camden-Wilmington, PA-NJ-DE-MD",mwpvl_2025q1,19406,37980,ok,year,,True,DPH2,08_us_delivery_station,491,Pennsylvania,Delivery Station for Philadelphia,,False,False,False,False,False,False,False,False,False
MWP-0493,Amazon,DS,Towamencin,PA,19438,2001 Gehman Road,,,2019,3,,,98000,open,https://mwpvl.com/html/amazon_com.html,other,medium,"Philadelphia-Camden-Wilmington, PA-NJ-DE-MD",mwpvl_2025q1,19438,37980,ok,month,,True,DPH6,08_us_delivery_station,492,Pennsylvania,Delivery Station for Philadelphia,,False,False,False,False,False,False,False,False,False
MWP-0494,Amazon,DS,Elizabethtown,PA,17022,10 Industrial Road,,,2019,3,,,81000,open,https://mwpvl.com/html/amazon_com.html,other,medium,"Lancaster, PA",mwpvl_2025q1,17022,29540,ok,month,,True,DPH7,08_us_delivery_station,493,Pennsylvania,Station WEE,,False,False,False,False,False,False,False,False,False
MWP-0496,Amazon,DS,,PA,19428,,,,2021,4,,,120000,open,https://mwpvl.com/html/amazon_com.html,other,medium,"Philadelphia-Camden-Wilmington, PA-NJ-DE-MD",mwpvl_2025q1,19428,37980,ok,month,,True,DPH9,08_us_delivery_station,495,,Delivery Station for NE Philadelphia.,,False,False,False,False,False,False,False,False,False
MWP-0497,Amazon,DS,King of Prussia,PA,19406,760 Moore Rd,,,,,,,,announced,https://mwpvl.com/html/amazon_com.html,other,low,"Philadelphia-Camden-Wilmington, PA-NJ-DE-MD",mwpvl_2025q1,19406,37980,ok,none,,False,,08_us_delivery_station,496,Pennsylvania,Role of Facility TBD. Office Bldg. will likely be converted to Delivery Station.,,False,False,True,False,False,False,False,False,False
MWP-0498,Amazon,DS,Harrisburg,,17411,7125 Grayson Rd,,,2021,3,,,300000,open,https://mwpvl.com/html/amazon_com.html,other,medium,,mwpvl_2025q1,,,postcode_not_a_zcta,month,,True,,08_us_delivery_station,497,Pennsylvania,Delivery Station for Harrisburg PA Region. :,,False,False,False,False,False,False,False,False,False
MWP-0499,Amazon,DS,Middletown,PA,17057,200 Capital Lane,,,2021,3,,,400100,open,https://mwpvl.com/html/amazon_com.html,other,medium,"Harrisburg-Carlisle, PA",mwpvl_2025q1,17057,25420,ok,month,,True,DPL3,08_us_delivery_station,498,Pennsylvania,Delivery Station for : Harrisburg PA Region.,,False,False,False,False,False,False,False,False,False
MWP-0500,Amazon,DS,Morrisville,PA,19030,1 Geoffrey Road,,,2021,2,,,442900,open,https://mwpvl.com/html/amazon_com.html,other,medium,"Philadelphia-Camden-Wilmington, PA-NJ-DE-MD",mwpvl_2025q1,19030,37980,ok,month,,True,DPL4,08_us_delivery_station,499,Pennsylvania,Delivery Station for Trenton South Region.,,False,False,False,False,False,False,False,False,False
MWP-0501,Amazon,DS,Rapho Township,PA,17552,1156 Four Star Drive,,,2023,2,,,413900,open,https://mwpvl.com/html/amazon_com.html,other,medium,"Lancaster, PA",mwpvl_2025q1,17552,29540,ok,month,,True,DPL7,08_us_delivery_station,500,Pennsylvania,Delivery Station for Lancaster PA Region.,,False,False,False,False,False,False,False,False,False
MWP-0502,Amazon,DS,Allentown,PA,18104,5185 Crackersport Road,,,2021,3,,,640300,open,https://mwpvl.com/html/amazon_com.html,other,medium,"Allentown-Bethlehem-Easton, PA-NJ",mwpvl_2025q1,18104,10900,ok,month,,True,DPL8,08_us_delivery_station,501,Pennsylvania,Delivery Station for Allentown.,,False,False,False,False,False,False,False,False,False
MWP-0503,Amazon,DS,Pittston Township,PA,18640,575 Research Drive,,,2021,3,,,403000,open,https://mwpvl.com/html/amazon_com.html,other,medium,"Scranton--Wilkes-Barre, PA",mwpvl_2025q1,18640,42540,ok,month,,True,DPL9,08_us_delivery_station,502,Pennsylvania,Delivery Station for Scranton.,,False,False,False,False,False,False,False,False,False
MWP-0504,Amazon,DS,Sewickley,PA,15143,501 North Drive,,,2018,2,,,70000,open,https://mwpvl.com/html/amazon_com.html,other,medium,"Pittsburgh, PA",mwpvl_2025q1,15143,38300,ok,month,,True,DPP1,08_us_delivery_station,503,Pennsylvania,Delivery Station for Pittsburgh,,False,False,False,False,False,False,False,False,False
MWP-0505,Amazon,DS,Philadelphia,PA,19120,700 Ramona Ave,,,2021,1,,,94000,open,https://mwpvl.com/html/amazon_com.html,other,medium,"Philadelphia-Camden-Wilmington, PA-NJ-DE-MD",mwpvl_2025q1,19120,37980,ok,month,,True,DPP2,08_us_delivery_station,504,Pennsylvania,Delivery Station for North Philadelphia Area.,,False,False,False,False,False,False,False,False,False
MWP-0506,Amazon,DS,Findlay Township,PA,15108,179 McClaren Road,,,,,,,115000,open,https://mwpvl.com/html/amazon_com.html,other,medium,"Pittsburgh, PA",mwpvl_2025q1,15108,38300,ok,none,,True,DPP7,08_us_delivery_station,505,Pennsylvania,Delivery Station for Pittsburgh Region.,,False,False,False,False,False,False,False,False,False
MWP-0507,Amazon,DS,Pittsburgh,PA,15201,27 51st Street,,,2024,,,,321600,open,https://mwpvl.com/html/amazon_com.html,other,low,"Pittsburgh, PA",mwpvl_2025q1,15201,38300,ok,year,,False,DPP9,08_us_delivery_station,506,Pennsylvania,Delivery Station for Pittsburgh / Lawrenceville Area. Under protest. Project delayed.,,False,False,False,True,False,False,False,False,False
MWP-0508,Amazon,DS,Philadelphia,PA,19154,13200 Townsend Road,,,2025,,,,65900,open,https://mwpvl.com/html/amazon_com.html,other,medium,"Philadelphia-Camden-Wilmington, PA-NJ-DE-MD",mwpvl_2025q1,19154,37980,ok,year,,True,,08_us_delivery_station,507,Pennsylvania,Delivery Station for NE Philadelphia,,False,False,False,False,False,False,False,False,False
MWP-0509,Amazon,DS,Altoona,PA,16602,3101 Pleasant Valley Blvd,,,2023,2,,,20000,open,https://mwpvl.com/html/amazon_com.html,other,medium,"Altoona, PA",mwpvl_2025q1,16602,11020,ok,month,,True,,08_us_delivery_station,508,Pennsylvania,Delivery Station for Altoona region.,,False,False,False,False,False,False,False,False,False
MWP-0510,Amazon,DS,Chester Springs,PA,19425,Lionville Station Road and the Pennsylvania Turnpike I76,,,,,,,440000,announced,https://mwpvl.com/html/amazon_com.html,other,low,"Philadelphia-Camden-Wilmington, PA-NJ-DE-MD",mwpvl_2025q1,19425,37980,ok,none,,False,,08_us_delivery_station,509,Pennsylvania,Delivery Station not confirmed yet. Sq Ft is an estimate.,,False,False,True,False,False,False,True,False,False
MWP-0511,Amazon,DS,Montgomery,PA,17752,776 Saegers Station Rd,,,2022,3,,,60000,open,https://mwpvl.com/html/amazon_com.html,other,medium,"Williamsport, PA",mwpvl_2025q1,17752,48700,ok,month,,True,WWS1,08_us_delivery_station,510,Pennsylvania,Rural Wagon a Wheel : Delivery Station for P,,False,False,False,False,False,False,False,False,False
MWP-0513,Amazon,DS,,PA,15650,Youngstown,,,2028,,,,,open,https://mwpvl.com/html/amazon_com.html,other,medium,"Pittsburgh, PA",mwpvl_2025q1,15650,38300,ok,year,,True,,08_us_delivery_station,512,Pennsylvania,Rural Wagon Wheel Delivery Hub for Youngstown PA region,,False,False,False,False,False,False,False,False,True
MWP-0514,Amazon,DS,,PA,16365,Warren,,,,,,,,open,https://mwpvl.com/html/amazon_com.html,other,medium,"Warren, PA",mwpvl_2025q1,16365,47620,ok,none,,True,,08_us_delivery_station,513,Pennsylvania,Rural Wagon Wheel Delivery Hub for Bradford PA region,,False,False,False,False,False,False,False,False,True
MWP-0515,Amazon,DS,,PA,16701,Bradford,,,2024,2,,,,open,https://mwpvl.com/html/amazon_com.html,other,medium,"Bradford, PA",mwpvl_2025q1,16701,14620,ok,month,,True,,08_us_delivery_station,514,Pennsylvania,Rural Wagon Wheel Delivery Hub for Bradford PA region,,False,False,False,False,False,False,False,False,True
MWP-0516,Amazon,DS,,PA,16365,Warren,,,,,,,,open,https://mwpvl.com/html/amazon_com.html,other,medium,"Warren, PA",mwpvl_2025q1,16365,47620,ok,none,,True,,08_us_delivery_station,515,Pennsylvania,Rural Wagon Wheel Delivery Hub for Bradford PA region,,False,False,False,False,False,False,False,False,True
MWP-0517,Amazon,DS,,PA,15650,Youngstown,,,,,,,,open,https://mwpvl.com/html/amazon_com.html,other,medium,"Pittsburgh, PA",mwpvl_2025q1,15650,38300,ok,none,,True,,08_us_delivery_station,516,Pennsylvania,Rural Wagon Wheel Delivery Hub for Youngstown PA region,,False,False,False,False,False,False,False,False,True
MWP-0518,Amazon,DS,Dorado,PR,00646,Off the PR-22 Highway,,,2025,3,,,100000,open,https://mwpvl.com/html/amazon_com.html,other,medium,"San Juan-Bayamón-Caguas, PR",mwpvl_2025q1,00646,41980,ok,quarter,,True,,08_us_delivery_station,517,Puerto Rico,First Delivery Station for Puerto Rico.,,False,False,False,False,False,False,False,False,False
MWP-0521,Amazon,DS,Cayce,SC,29172,1631 Old Dunbar Road,,,2018,4,,,17000,open,https://mwpvl.com/html/amazon_com.html,other,medium,"Columbia, SC",mwpvl_2025q1,29172,17900,ok,quarter,,True,DSC2,08_us_delivery_station,520,South Carolina,: Delivery Station for Columbia,,False,False,False,False,False,False,False,False,False
MWP-0522,Amazon,DS,Greenville,SC,29611,744 Frontage Road,,,2018,4,,,150000,open,https://mwpvl.com/html/amazon_com.html,other,medium,"Greenville-Anderson-Greer, SC",mwpvl_2025q1,29611,24860,ok,quarter,,True,DSC3,08_us_delivery_station,521,South Carolina,Delivery Station for Greenville :,,False,False,False,False,False,False,False,False,False
MWP-0523,Amazon,DS,Hanahan,SC,29410,7409 Magi Road,,,2019,,,,91800,open,https://mwpvl.com/html/amazon_com.html,other,medium,"Charleston-North Charleston, SC",mwpvl_2025q1,29410,16700,ok,year,,True,DSC4,08_us_delivery_station,522,South Carolina,Delivery Station for North Charleston,,False,False,False,False,False,False,False,False,False
MWP-0524,Amazon,DS,Florence,SC,29506,N Williston Rd,,,2025,,,,117000,open,https://mwpvl.com/html/amazon_com.html,other,medium,"Florence, SC",mwpvl_2025q1,29506,22500,ok,year,,True,,08_us_delivery_station,523,South Carolina,"Delivery Station for Florence, SC",,False,False,False,False,False,False,False,False,False
MWP-0525,Amazon,DS,,SC,29483,237 Jedburg Road,,,2025,,,,158300,open,https://mwpvl.com/html/amazon_com.html,other,medium,"Charleston-North Charleston, SC",mwpvl_2025q1,29483,16700,ok,year,,True,,08_us_delivery_station,524,South Carolina,Delivery Station for Summerville SC,,False,False,False,False,False,False,False,False,False
MWP-0526,Amazon,DS,Fountain Inn,SC,29644,Fairview Street Extension,,,2026,,,,,open,https://mwpvl.com/html/amazon_com.html,other,medium,"Greenville-Anderson-Greer, SC",mwpvl_2025q1,29644,24860,ok,year,,True,,08_us_delivery_station,525,South Carolina,an,,False,False,False,False,False,False,False,False,False
MWP-0527,Amazon,DS,Sioux Falls,SD,57104,820 East 60th Street N,,,2024,2,,,,open,https://mwpvl.com/html/amazon_com.html,other,medium,"Sioux Falls, SD-MN",mwpvl_2025q1,57104,43620,ok,month,,True,WSD1,08_us_delivery_station,526,South Dakota,station tr Sioux Falls SD,,False,False,False,False,False,False,False,False,False
MWP-0528,Amazon,DS,,SD,57701,,,,2025,,,,40000,open,https://mwpvl.com/html/amazon_com.html,other,medium,"Rapid City, SD",mwpvl_2025q1,57701,39660,ok,year,,True,WSD2,08_us_delivery_station,527,,Rural Wagon Wheel Delivery Station for Rapid City SD,,False,False,False,False,False,False,False,False,True
MWP-0529,Amazon,DS,North Memphis,TN,38128,3140 Victory Ridge Cove,,,,,,,181500,open,https://mwpvl.com/html/amazon_com.html,other,medium,"Memphis, TN-MS-AR",mwpvl_2025q1,38128,32820,ok,none,,True,DNA4,08_us_delivery_station,528,Tennessee,Delivery Station for North side of Memphis,,False,False,False,False,False,False,False,False,False
MWP-0531,Amazon,DS,Maryville,TN,37801,Robert C. Jackson Drive at 321,,,2025,,,,142900,open,https://mwpvl.com/html/amazon_com.html,other,medium,"Knoxville, TN",mwpvl_2025q1,37801,28940,ok,year,,True,,08_us_delivery_station,530,Tennessee,: DelNety INetyet confirmed.,,False,False,False,False,False,False,False,False,False
MWP-0532,Amazon,DS,Memphis,TN,38118,3347 Pearson,,,,,,,103000,open,https://mwpvl.com/html/amazon_com.html,other,medium,"Memphis, TN-MS-AR",mwpvl_2025q1,38118,32820,ok,none,,True,DTN4,08_us_delivery_station,531,Tennessee,Delivery Station for Memphis,,False,False,False,False,False,False,False,False,False
MWP-0533,Amazon,DS,Madison,TN,37115,710 Myatt Drive,,,2021,3,,,116200,open,https://mwpvl.com/html/amazon_com.html,other,medium,"Nashville-Davidson--Murfreesboro--Franklin, TN",mwpvl_2025q1,37115,34980,ok,month,,True,,08_us_delivery_station,532,Tennessee,"Delivery Station for Madison, TN/ orth side of Nashville",,False,False,False,False,False,False,False,False,False
MWP-0534,Amazon,DS,La Vergne,TN,37086,342 Mason Rd,,,,,,,,open,https://mwpvl.com/html/amazon_com.html,other,medium,"Nashville-Davidson--Murfreesboro--Franklin, TN",mwpvl_2025q1,37086,34980,ok,none,,True,,08_us_delivery_station,533,Tennessee,"Delivery Station for South Nashville, TN. Project Watson. Sq Ft is an estimate.",,False,False,False,False,False,False,True,False,False
MWP-0535,Amazon,DS,lebanon: Tannesses:,TN,37090,1000 Richard Petty Way,,,2020,3,,,600200,open,https://mwpvl.com/html/amazon_com.html,other,medium,"Nashville-Davidson--Murfreesboro--Franklin, TN",mwpvl_2025q1,37090,34980,ok,month,,True,DTN8,08_us_delivery_station,534,lebanon: Tannesses:,"Delivery Station for Lebanon/Nashville, TN region.",,False,False,False,False,False,False,False,False,False
MWP-0536,Amazon,DS,Memphis,TN,38016,7260 Goodlett Farms Parkway,,,2025,,,,141400,open,https://mwpvl.com/html/amazon_com.html,other,medium,"Memphis, TN-MS-AR",mwpvl_2025q1,38016,32820,ok,year,,True,,08_us_delivery_station_part2,0,Tennessee,Delivery Station for Memphis,,False,False,False,False,False,False,False,False,False
MWP-0537,Amazon,DS,Jackson,TN,38301,Highway 223 and Lager Lane,,,2025,,,,65000,open,https://mwpvl.com/html/amazon_com.html,other,medium,"Jackson, TN",mwpvl_2025q1,38301,27180,ok,year,,True,,08_us_delivery_station_part2,1,Tennessee,Delivery : Jackson? radius.,,False,False,False,False,False,False,False,False,False
MWP-0538,Amazon,DS,Austin,TX,78728,4616-6 West Howard Lane,,,2015,2,,,116500,open,https://mwpvl.com/html/amazon_com.html,other,medium,"Austin-Round Rock-San Marcos, TX",mwpvl_2025q1,78728,12420,ok,month,,True,DAU1,08_us_delivery_station_part2,2,Texas,"Delivery Station for Austin, TX",,False,False,False,False,False,False,False,False,False
MWP-0539,Amazon,DS,Austin,TX,78744,7000 Metropolis Dr,,,2019,3,,,160000,open,https://mwpvl.com/html/amazon_com.html,other,medium,"Austin-Round Rock-San Marcos, TX",mwpvl_2025q1,78744,12420,ok,month,,True,DAU2,08_us_delivery_station_part2,3,Texas,"Delivery Station for South Austin, TX",,False,False,False,False,False,False,False,False,False
MWP-0540,Amazon,DS,Buda Texas,TX,78610,14801 Campo Del Sol Parkway,,,2020,4,,,305800,open,https://mwpvl.com/html/amazon_com.html,other,medium,"Austin-Round Rock-San Marcos, TX",mwpvl_2025q1,78610,12420,ok,quarter,,True,DAU5,08_us_delivery_station_part2,4,Buda Texas,"Delivery Station for South Austin, TX",,False,False,False,False,False,False,False,False,False
MWP-0541,Amazon,DS,Round Rock,TX,78681,3150 Chisholm Trade Road,,,2020,,,,180700,open,https://mwpvl.com/html/amazon_com.html,other,medium,"Austin-Round Rock-San Marcos, TX",mwpvl_2025q1,78681,12420,ok,year,,True,DAU7,08_us_delivery_station_part2,5,Texas,"Delivery Station for North Austin, TX",,False,False,False,False,False,False,False,False,False
MWP-0542,Amazon,DS,Farmers Branch,TX,75234,12401 North Stemmons Fwy,,,2015,,,,183000,open,https://mwpvl.com/html/amazon_com.html,other,medium,"Dallas-Fort Worth-Arlington, TX",mwpvl_2025q1,75234,19100,ok,year,,True,DDA1,08_us_delivery_station_part2,6,Texas,Delivery Station for Dallas,,False,False,False,False,False,False,False,False,False
MWP-0543,Amazon,DS,Garland,TX,75041,3838 W Miller Road,,,,,,,200000,open,https://mwpvl.com/html/amazon_com.html,other,medium,"Dallas-Fort Worth-Arlington, TX",mwpvl_2025q1,75041,19100,ok,none,,True,,08_us_delivery_station_part2,7,Texas,: Delivery Station for Dallas,,False,False,False,False,False,False,False,False,False
MWP-0544,Amazon,DS,Fort Worth,TX,76106,4601 Gold Spike Drive,,,2016,4,,,,open,https://mwpvl.com/html/amazon_com.html,other,medium,"Dallas-Fort Worth-Arlington, TX",mwpvl_2025q1,76106,19100,ok,month,,True,DDA3,08_us_delivery_station_part2,8,Texas,Delivery Station for Fort Worth Market Co-located in DAL6,,False,False,False,False,False,False,False,True,False
MWP-0545,Amazon,DS,Dallas,TX,75227,8901 Forney Rd,,,,,,,419600,open,https://mwpvl.com/html/amazon_com.html,other,medium,"Dallas-Fort Worth-Arlington, TX",mwpvl_2025q1,75227,19100,ok,none,,True,,08_us_delivery_station_part2,9,Texas,Delivery Station for Dallas East region,,False,False,False,False,False,False,False,False,False
MWP-0546,Amazon,DS,Fort Worth,TX,76126,3700 San Jacinto Dr,,,,,,,,open,https://mwpvl.com/html/amazon_com.html,other,medium,"Dallas-Fort Worth-Arlington, TX",mwpvl_2025q1,76126,19100,ok,none,,True,,08_us_delivery_station_part2,10,Texas,Delivery Station for Fort Worth West Region. Sq Ft is an estimate.,,False,False,False,False,False,False,True,False,False
MWP-0547,Amazon,DS,Lewisville,TX,75057,1303 Ridgeview Drive,,,2020,2,,,256000,open,https://mwpvl.com/html/amazon_com.html,other,medium,"Dallas-Fort Worth-Arlington, TX",mwpvl_2025q1,75057,19100,ok,month,,True,DDF1,08_us_delivery_station_part2,11,Texas,Delivery Station : for Northwest Dallas Region,,False,False,False,False,False,False,False,False,False
MWP-0548,Amazon,DS,Mesquite,TX,75181,12809 Eastgate Drive,,,,,,,145300,open,https://mwpvl.com/html/amazon_com.html,other,medium,"Dallas-Fort Worth-Arlington, TX",mwpvl_2025q1,75181,19100,ok,none,,True,DDF2,08_us_delivery_station_part2,12,Texas,ee egion.,,False,False,False,False,False,False,False,False,False
MWP-0549,Amazon,DS,Roanoke,TX,76262,15501 N Beach St,,,,,,,219000,open,https://mwpvl.com/html/amazon_com.html,other,medium,"Dallas-Fort Worth-Arlington, TX",mwpvl_2025q1,76262,19100,ok,none,,True,DDF5,08_us_delivery_station_part2,13,Texas,Delivery Station for Mansfield / Fort Worth Delivery Station for Fort Worth.,,False,False,False,False,False,False,False,False,False
MWP-0550,Amazon,DS,Arlington,TX,76011,2400 Centennial Drive,,,,,,,,open,https://mwpvl.com/html/amazon_com.html,other,medium,"Dallas-Fort Worth-Arlington, TX",mwpvl_2025q1,76011,19100,ok,none,,True,,08_us_delivery_station_part2,14,Texas,Delivery Station for Fort Worth East / Arlington Region,,False,False,False,False,False,False,False,False,False
MWP-0551,Amazon,DS,Frisco,TX,75035,16399 Gateway Drive,,,2020,3,,,201500,open,https://mwpvl.com/html/amazon_com.html,other,medium,"Dallas-Fort Worth-Arlington, TX",mwpvl_2025q1,75035,19100,ok,month,,True,DDX6,08_us_delivery_station_part2,15,Texas,Delivery Station for Dallas NE / McKinney Delivery Station for Dallas North Region,,False,False,False,False,False,False,False,False,False
MWP-0552,Amazon,DS,Forney,TX,75126,1101 Gateway Blvd,,,2020,3,,,200000,open,https://mwpvl.com/html/amazon_com.html,other,medium,"Dallas-Fort Worth-Arlington, TX",mwpvl_2025q1,75126,19100,ok,month,,True,DDX7,08_us_delivery_station_part2,16,Texas Texas,Delivery Station for Dallas West/ Forney Region,,False,False,False,False,False,False,False,False,False
MWP-0553,Amazon,DS,Building & Houstan,TX,77064,11720 N Gessner Rd,,,2016,,,,155400,open,https://mwpvl.com/html/amazon_com.html,other,medium,"Houston-Pasadena-The Woodlands, TX",mwpvl_2025q1,77064,26420,ok,year,,True,DHO1,08_us_delivery_station_part2,17,Taxes:,Delivery Station for Houston Market,,False,False,False,False,False,False,False,False,False
MWP-0554,Amazon,DS,Houston,TX,77085,Brasada ae Drive,,,2018,,,,120000,open,https://mwpvl.com/html/amazon_com.html,other,medium,"Houston-Pasadena-The Woodlands, TX",mwpvl_2025q1,77085,26420,ok,year,,True,DHO2,08_us_delivery_station_part2,18,Texas,Delivery Station for Houston Market,,False,False,False,False,False,False,False,False,False
MWP-0555,Amazon,DS,Houston,TX,77064,9155 Derrington Road,,,2021,,,,368500,open,https://mwpvl.com/html/amazon_com.html,other,medium,"Houston-Pasadena-The Woodlands, TX",mwpvl_2025q1,77064,26420,ok,year,,True,DHO3,08_us_delivery_station_part2,19,Texas,Delivery Station for NVWV Houston Region :,,False,False,False,False,False,False,False,False,False
MWP-0556,Amazon,DS,Houston,TX,77085,5615 W. Fuqua St,,,2019,,,,78700,open,https://mwpvl.com/html/amazon_com.html,other,medium,"Houston-Pasadena-The Woodlands, TX",mwpvl_2025q1,77085,26420,ok,year,,True,DHO4,08_us_delivery_station_part2,20,Texas,Delivery Station for Houston Market,,False,False,False,False,False,False,False,False,False
MWP-0557,Amazon,DS,Katy,TX,77494,28420 West Ten Blvd,,,2019,4,,,81100,open,https://mwpvl.com/html/amazon_com.html,other,medium,"Houston-Pasadena-The Woodlands, TX",mwpvl_2025q1,77494,26420,ok,month,,True,DHO5,08_us_delivery_station_part2,21,Texas,: Delivery Station for Houston Market Delivery Station for Houston West Market,,False,False,False,False,False,False,False,False,False
MWP-0558,Amazon,DS,Houston,TX,77064,11311 N. Gessner Drive,,,2021,,,,141400,open,https://mwpvl.com/html/amazon_com.html,other,medium,"Houston-Pasadena-The Woodlands, TX",mwpvl_2025q1,77064,26420,ok,year,,True,DHO8,08_us_delivery_station_part2,22,Taxas,: Delivery Station : for NVWV Houston Region,,False,False,False,False,False,False,False,False,False
MWP-0559,Amazon,DS,Houston,TX,77032,3031 S. Sam Houston Parkway E,,,2020,4,,,200400,open,https://mwpvl.com/html/amazon_com.html,other,medium,"Houston-Pasadena-The Woodlands, TX",mwpvl_2025q1,77032,26420,ok,month,,True,DHX1,08_us_delivery_station_part2,23,Texas,Delivery Station for Houston N / Airport Area,,False,False,False,False,False,False,False,False,False
MWP-0560,Amazon,DS,Sugar Land,TX,77478,12900 W Airport Road,,,2020,2,,,299700,open,https://mwpvl.com/html/amazon_com.html,other,medium,"Houston-Pasadena-The Woodlands, TX",mwpvl_2025q1,77478,26420,ok,month,,True,DHX3,08_us_delivery_station_part2,24,Texas,Delivery Station for SW Houston Region,,False,False,False,False,False,False,False,False,False
MWP-0561,Amazon,DS,Spring,TX,77389,22300 Northcrest Drive,,,,,,,219000,open,https://mwpvl.com/html/amazon_com.html,other,medium,"Houston-Pasadena-The Woodlands, TX",mwpvl_2025q1,77389,26420,ok,none,,True,DHX4,08_us_delivery_station_part2,25,Texas,Delivery Station for NW Houston/Spring Region,,False,False,False,False,False,False,False,False,False
MWP-0562,Amazon,DS,Grande Prairie,TX,75051,1102 State Highway 161,,,2020,3,,,322800,open,https://mwpvl.com/html/amazon_com.html,other,medium,"Dallas-Fort Worth-Arlington, TX",mwpvl_2025q1,75051,19100,ok,month,,True,DHX5,08_us_delivery_station_part2,26,Texas,: Delivery Station : for Grande Prairie sus / Dallas Region,,False,False,False,False,False,False,False,False,False
MWP-0563,Amazon,DS,Houston,TX,77064,9851 Fallbrook Pines Dr,,,2018,2,,,111000,open,https://mwpvl.com/html/amazon_com.html,other,medium,"Houston-Pasadena-The Woodlands, TX",mwpvl_2025q1,77064,26420,ok,month,,True,,08_us_delivery_station_part2,27,Texas,Delivery Station for NW Houston,,False,False,False,False,False,False,False,False,False
MWP-0564,Amazon,DS,Paris,TX,75460,550 Harper Drive,,,,,,,48000,open,https://mwpvl.com/html/amazon_com.html,other,medium,"Paris, TX",mwpvl_2025q1,75460,37580,ok,none,,True,WPT2,08_us_delivery_station_part2,28,Texas,": Delivery Station for Paris, Texas",,False,False,False,False,False,False,False,False,False
MWP-0565,Amazon,DS,,TX,77365,ee Ranch,,,2024,4,,,140700,open,https://mwpvl.com/html/amazon_com.html,other,medium,"Houston-Pasadena-The Woodlands, TX",mwpvl_2025q1,77365,26420,ok,month,,True,HHO3,08_us_delivery_station_part2,29,Texas,and | Put for,,False,False,False,False,False,False,False,False,False
MWP-0566,Amazon,DS,Humble,TX,77396,7491 Rankin Road,,,2024,4,,,,open,https://mwpvl.com/html/amazon_com.html,other,medium,"Houston-Pasadena-The Woodlands, TX",mwpvl_2025q1,77396,26420,ok,month,,True,,08_us_delivery_station_part2,30,Texas,up sublease. Delivery Station for Humble & NE Houston Texas,,False,False,False,False,False,False,False,False,False
MWP-0567,Amazon,DS,San Antonio,TX,78247,6422 E Campus Drive,,,2018,3,,,20000,open,https://mwpvl.com/html/amazon_com.html,other,medium,"San Antonio-New Braunfels, TX",mwpvl_2025q1,78247,41700,ok,month,,True,DSX1,08_us_delivery_station_part2,31,Texas,Delivery Station for San Antonio Northeast,,False,False,False,False,False,False,False,False,False
MWP-0568,Amazon,DS,San Antonio,TX,78219,1120 N. Foster Road,,,2019,,,,54000,open,https://mwpvl.com/html/amazon_com.html,other,medium,"San Antonio-New Braunfels, TX",mwpvl_2025q1,78219,41700,ok,year,,True,DSX3,08_us_delivery_station_part2,32,Texas,Delivery Station for San Antonio East,,False,False,False,False,False,False,False,False,False
MWP-0569,Amazon,DS,San Antonio,TX,78073,11503 South Interstate 35,,,2021,4,,,219000,open,https://mwpvl.com/html/amazon_com.html,other,medium,"San Antonio-New Braunfels, TX",mwpvl_2025q1,78073,41700,ok,month,,True,DSX5,08_us_delivery_station_part2,33,Texas,Delivery Station for San Antonio Southwest,,False,False,False,False,False,False,False,False,False
MWP-0570,Amazon,DS,San Antonio,TX,78233,11602 Tech Com Drive,,,,,,,,open,https://mwpvl.com/html/amazon_com.html,other,medium,"San Antonio-New Braunfels, TX",mwpvl_2025q1,78233,41700,ok,none,,True,,08_us_delivery_station_part2,34,Texas,Delivery Station for San Antonio. Sq Ft is an estimate.,,False,False,False,False,False,False,True,False,False
MWP-0571,Amazon,DS,New Braunfels,TX,78132,1150 Schwab Rd,,,2021,3,,,409700,open,https://mwpvl.com/html/amazon_com.html,other,medium,"San Antonio-New Braunfels, TX",mwpvl_2025q1,78132,41700,ok,month,,True,DSXX9,08_us_delivery_station_part2,35,Texas,Delivery Station for San Antonio.,,False,False,False,False,False,False,False,False,False
MWP-0572,Amazon,DS,San Antonio,TX,78216,4886 N Loop 1604 W,,,2025,,,,141000,open,https://mwpvl.com/html/amazon_com.html,other,medium,"San Antonio-New Braunfels, TX",mwpvl_2025q1,78216,41700,ok,year,,True,,08_us_delivery_station_part2,36,Texas,Delivery Station for San Antonio. To be ee po,,False,False,False,False,False,False,False,False,False
MWP-0573,Amazon,DS,,TX,77357,New Caney,,,2025,,,,150000,announced,https://mwpvl.com/html/amazon_com.html,other,low,"Houston-Pasadena-The Woodlands, TX",mwpvl_2025q1,77357,26420,ok,year,,False,,08_us_delivery_station_part2,37,Texas,"|_ Delivery Station for North Houston / New Caney Region. Not confirmed yet. Delivery Station for Austin Region. Project not yet confirmed. Site will have a warehouse, distribution center, data center,",,False,False,True,False,False,False,False,False,False
MWP-0574,Amazon,DS,Amarillo,TX,79108,Centerpoint Boulevard and Benchmark Street,,,,,,,30000,open,https://mwpvl.com/html/amazon_com.html,other,medium,"Amarillo, TX",mwpvl_2025q1,79108,11100,ok,none,,True,,08_us_delivery_station_part2,38,Texas,and electrical substation. Delivery Station for Amarillo TX Region.,,False,False,False,False,False,False,False,False,False
MWP-0575,Amazon,DS,Stephenville,TX,76401,1500 N US 281,,,2025,,,,45000,open,https://mwpvl.com/html/amazon_com.html,other,medium,"Stephenville, TX",mwpvl_2025q1,76401,44500,ok,year,,True,,08_us_delivery_station_part2,39,Texas,mm Delivery mea Station ef for ee Stephenville ee ee TX ee Region. :,,False,False,False,False,False,False,False,False,False
MWP-0576,Amazon,DS,Tyler,TX,75708,Production Boulevard,,,2025,4,,,140000,open,https://mwpvl.com/html/amazon_com.html,other,medium,"Tyler, TX",mwpvl_2025q1,75708,46340,ok,quarter,,True,,08_us_delivery_station_part2,40,Texas,Delivery Station for Tyler and East Texas,,False,False,False,False,False,False,False,False,False
MWP-0577,Amazon,DS,La Marque,TX,77568,4975 Gulf Freeway,,,2021,3,,,,open,https://mwpvl.com/html/amazon_com.html,other,medium,"Houston-Pasadena-The Woodlands, TX",mwpvl_2025q1,77568,26420,ok,month,,True,,08_us_delivery_station_part2,41,Texas,Delivery Station for South East Houston / La Marque Area.,,False,False,False,False,False,False,False,False,False
MWP-0579,Amazon,DS,Abilene,TX,79603,1121 Fulwiler Rd,,,,,,,,open,https://mwpvl.com/html/amazon_com.html,other,medium,"Abilene, TX",mwpvl_2025q1,79603,10180,ok,none,,True,,08_us_delivery_station_part2,43,Texas,Rural Wagon Wheel Delivery Station for Abilene Area.,,False,False,False,False,False,False,False,False,True
MWP-0580,Amazon,DS,McAllen,TX,78503,4301 W Military Highway,,,2021,4,,,92500,open,https://mwpvl.com/html/amazon_com.html,other,medium,"McAllen-Edinburg-Mission, TX",mwpvl_2025q1,78503,32580,ok,month,,True,,08_us_delivery_station_part2,44,Texas,Rural Wagon Wheel Delivery Station for McAllen TX,,False,False,False,False,False,False,False,False,True
MWP-0581,Amazon,DS,Corpus Christi,TX,78406,9333 State Highway 44,,,2022,1,,,137500,open,https://mwpvl.com/html/amazon_com.html,other,medium,"Corpus Christi, TX",mwpvl_2025q1,78406,18580,ok,month,,True,WTX5,08_us_delivery_station_part2,45,Texas,Reel orpus waist Nea.,,False,False,False,False,False,False,False,False,False
MWP-0582,Amazon,DS,San Angelo,TX,76905,3850 Venture Drive,,,2024,4,,,,open,https://mwpvl.com/html/amazon_com.html,other,medium,"San Angelo, TX",mwpvl_2025q1,76905,41660,ok,month,,True,,08_us_delivery_station_part2,46,Texas,Rural Wagon Wheel Delivery Station for San Angelo TX Region.,,False,False,False,False,False,False,False,False,True
MWP-0583,Amazon,DS,West Valley City,UT,84120,2291 S. Commerce Center Drive,,,2017,3,,,93000,open,https://mwpvl.com/html/amazon_com.html,other,medium,"Salt Lake City-Murray, UT",mwpvl_2025q1,84120,41620,ok,month,,True,DUT1,08_us_delivery_station_part2,47,Utah,Delivery Station for Salt Lake City Market,,False,False,False,False,False,False,False,False,False
MWP-0585,Amazon,DS,Salt Lake City,UT,84104,620 South 5700 West,,,2020,3,,,383900,open,https://mwpvl.com/html/amazon_com.html,other,medium,"Salt Lake City-Murray, UT",mwpvl_2025q1,84104,41620,ok,month,,True,DUT3,08_us_delivery_station_part2,49,Utah,ee Ota ae est region,,False,False,False,False,False,False,False,False,False
MWP-0587,Amazon,DS,North Salt Lake,,94054,989 W Center Street,,,2021,3,,,201100,open,https://mwpvl.com/html/amazon_com.html,other,medium,,mwpvl_2025q1,,,postcode_not_a_zcta,month,,True,,08_us_delivery_station_part2,51,Utah,Delivery Station for North Salt Lake : City,,False,False,False,False,False,False,False,False,False
MWP-0588,Amazon,DS,Marriott- Slaterville,UT,84404,1748 West 700 North,,,,,,,,open,https://mwpvl.com/html/amazon_com.html,other,low,"Ogden, UT",mwpvl_2025q1,84404,36260,ok,none,,False,,08_us_delivery_station_part2,52,Utah,Delivery Station for North Salt Lake City. Project delayed 2 years to 2024.,,False,False,False,True,False,False,False,False,False
MWP-0589,Amazon,DS,Springfield,VA,22151,5617 Industrial Drive,,,2017,,,,,open,https://mwpvl.com/html/amazon_com.html,other,medium,"Washington-Arlington-Alexandria, DC-VA-MD-WV",mwpvl_2025q1,22151,47900,ok,year,,True,PPC3,08_us_delivery_station_part2,53,Virginia,aa OG Market,,False,False,False,False,False,False,False,False,False
MWP-0590,Amazon,DS,Sterling,VA,20166,44301 Mercure Circle,,,2019,1,,,106000,open,https://mwpvl.com/html/amazon_com.html,other,medium,"Washington-Arlington-Alexandria, DC-VA-MD-WV",mwpvl_2025q1,20166,47900,ok,quarter,,True,DDC4,08_us_delivery_station_part2,54,Virginia,Delivery Station : for Washington DC Market,,False,False,False,False,False,False,False,False,False
MWP-0591,Amazon,DS,Gainesville,VA,20155,5533 Wellington Rd,,,2021,1,,,75000,open,https://mwpvl.com/html/amazon_com.html,other,medium,"Washington-Arlington-Alexandria, DC-VA-MD-WV",mwpvl_2025q1,20155,47900,ok,month,,True,DDC9,08_us_delivery_station_part2,55,Virginia,"Delivery Station for Manassas, VA Region :",,False,False,False,False,False,False,False,False,False
MWP-0592,Amazon,DS,Chesapeake,VA,23324,1920 Campostella Rd,,,2016,4,,,76000,open,https://mwpvl.com/html/amazon_com.html,other,medium,"Virginia Beach-Chesapeake-Norfolk, VA-NC",mwpvl_2025q1,23324,47260,ok,month,,True,DOR1,08_us_delivery_station_part2,56,Virginia,Delivery Station for Chesapeake,,False,False,False,False,False,False,False,False,False
MWP-0593,Amazon,DS,Norfolk,VA,23502,1400 Sewells Point Rd,,,2021,2,,,168700,open,https://mwpvl.com/html/amazon_com.html,other,medium,"Virginia Beach-Chesapeake-Norfolk, VA-NC",mwpvl_2025q1,23502,47260,ok,month,,True,,08_us_delivery_station_part2,57,Virginia,Delivery Station for Norfolk Region. :,,False,False,False,False,False,False,False,False,False
MWP-0594,Amazon,DS,Newport News,VA,23669,210 W Mercury Boulevard,,,2021,3,,,111600,open,https://mwpvl.com/html/amazon_com.html,other,medium,"Virginia Beach-Chesapeake-Norfolk, VA-NC",mwpvl_2025q1,23669,47260,ok,month,,True,DOR3,08_us_delivery_station_part2,58,Virginia,rah PCN. IS,,False,False,False,False,False,False,False,False,False
MWP-0595,Amazon,DS,Richmond,VA,23237,1601 Bellwood Rd,,,2020,2,,,321000,open,https://mwpvl.com/html/amazon_com.html,other,medium,"Richmond, VA",mwpvl_2025q1,23237,40060,ok,month,,True,,08_us_delivery_station_part2,59,Virginia,Delivery Station for Richmond VA,,False,False,False,False,False,False,False,False,False
MWP-0596,Amazon,DS,Fredericksburg,VA,22406,181 Centreport Pkwy,,,2021,,,,200300,open,https://mwpvl.com/html/amazon_com.html,other,medium,"Washington-Arlington-Alexandria, DC-VA-MD-WV",mwpvl_2025q1,22406,47900,ok,year,,True,DVA3,08_us_delivery_station_part2,60,Virginia,Delivery VA Region.,,False,False,False,False,False,False,False,False,False
MWP-0597,Amazon,DS,Manassas,VA,20109,11900 Balls Ford Rd,,,2021,1,,,167900,open,https://mwpvl.com/html/amazon_com.html,other,medium,"Washington-Arlington-Alexandria, DC-VA-MD-WV",mwpvl_2025q1,20109,47900,ok,month,,True,DVA5,08_us_delivery_station_part2,61,Virginia,"Delivery Station for Manassas, VA Region",,False,False,False,False,False,False,False,False,False
MWP-0598,Amazon,DS,Bristol,VA,24201,245 Thomas Road,,,2021,3,,,,open,https://mwpvl.com/html/amazon_com.html,other,medium,"Kingsport-Bristol, TN-VA",mwpvl_2025q1,24201,28700,ok,month,,True,,08_us_delivery_station_part2,62,Virginia,Rural Wagon Wheel Delivery Station for Bristol VA,,False,False,False,False,False,False,False,False,True
MWP-0600,Amazon,DS,Edinburg,VA,22624,182 Johns Manville Dr,,,2021,3,,,,open,https://mwpvl.com/html/amazon_com.html,other,medium,"Winchester, VA-WV",mwpvl_2025q1,22624,49020,ok,month,,True,,08_us_delivery_station_part2,64,Virginia,Rural Wagon Wheel Delivery Station. Sq Ft is an estimate.,,False,False,False,False,False,False,True,False,True
MWP-0601,Amazon,DS,Kilmarnock,VA,22482,461 N Main St,,,,,,,27000,open,https://mwpvl.com/html/amazon_com.html,other,medium,,mwpvl_2025q1,22482,,county_in_no_cbsa,none,,True,XCV5,08_us_delivery_station_part2,65,Virginia,Rural Wagon Wheel Delivery Station.,,False,False,False,False,False,False,False,False,True
MWP-0602,Amazon,DS,Ashburn,VA,20147,NW corner of Russell Branch Parkway and Ashburn Village Boulevard,,,,,,,,announced,https://mwpvl.com/html/amazon_com.html,other,low,"Washington-Arlington-Alexandria, DC-VA-MD-WV",mwpvl_2025q1,20147,47900,ok,none,,False,,08_us_delivery_station_part2,66,Virginia,Delivery Station for the Sterling VA region. Not confirmed yet.,,False,False,True,False,False,False,False,False,False
MWP-0603,Amazon,DS,Roanoke,VA,20147,2002 Blue Hills Drive N.E,,,2024,4,,,,open,https://mwpvl.com/html/amazon_com.html,other,medium,"Washington-Arlington-Alexandria, DC-VA-MD-WV",mwpvl_2025q1,20147,47900,ok,month,,True,,08_us_delivery_station_part2,67,Virginia,Delivery Station for the Roanoke VA region. Project Tinker.,,False,False,False,False,False,False,False,False,False
MWP-0604,Amazon,DS,Virginia Beach,VA,23454,2201 Harpers Road,,,2024,4,,,219000,open,https://mwpvl.com/html/amazon_com.html,other,medium,"Virginia Beach-Chesapeake-Norfolk, VA-NC",mwpvl_2025q1,23454,47260,ok,month,,True,DRC6,08_us_delivery_station_part2,68,Virginia,Delivery Station for Virginia Beach Region. Sq SqFtis Ft is an estimate.,,False,False,False,False,False,False,False,False,False
MWP-0605,Amazon,DS,Seattle,WA,98108,6705 East Marginal Way South,,,2075,,,,,open,https://mwpvl.com/html/amazon_com.html,other,medium,"Seattle-Tacoma-Bellevue, WA",mwpvl_2025q1,98108,42660,ok,year,year_outside_2013_2030,True,DSE2,08_us_delivery_station_part2,69,Washington,"meat Seattle Downtown, Georgetown",,False,False,False,False,False,False,False,False,False
MWP-0606,Amazon,DS,Renton,WA,98057,1101 SW 16th St,,,2017,4,,,138000,open,https://mwpvl.com/html/amazon_com.html,other,medium,"Seattle-Tacoma-Bellevue, WA",mwpvl_2025q1,98057,42660,ok,month,,True,DSE5,08_us_delivery_station_part2,70,Washington,Delivery Station for Redmond to Puyallup/Tacoma; emphasis on Eastside,,False,False,False,False,False,False,False,False,False
MWP-0607,Amazon,DS,Sumner,WA,98390,2201 140th Ave E,,,,,,,,open,https://mwpvl.com/html/amazon_com.html,other,medium,"Seattle-Tacoma-Bellevue, WA",mwpvl_2025q1,98390,42660,ok,none,,True,DSE7,08_us_delivery_station_part2,71,Washington,"going as far East as Snoqualmie DSE7 is a Delivery Station for South Seattle; Sumner, Kent, Olympia and east to Greenwater. HBF5/9 is a co-located",,False,False,False,False,False,False,False,True,False
MWP-0609,Amazon,DS,Tukwila,WA,98168,9274 2871 2 S ANInA 102nd Street,,,2021,3,,,202500,open,https://mwpvl.com/html/amazon_com.html,other,medium,"Seattle-Tacoma-Bellevue, WA",mwpvl_2025q1,98168,42660,ok,month,,True,,08_us_delivery_station_part2,73,Washington,Delivery Station for South Seattle.,,False,False,False,False,False,False,False,False,False
MWP-0610,Amazon,DS,Maple Valley,WA,98038,23226 Witte Rd SE,,,2021,4,,,112100,open,https://mwpvl.com/html/amazon_com.html,other,medium,"Seattle-Tacoma-Bellevue, WA",mwpvl_2025q1,98038,42660,ok,month,,True,DWAS5,08_us_delivery_station_part2,74,Washington,: Delivery Station for Seattle East Region.,,False,False,False,False,False,False,False,False,False
MWP-0611,Amazon,DS,Kent,WA,98032,22001 84th Ave S,,,,,,,691900,open,https://mwpvl.com/html/amazon_com.html,other,medium,"Seattle-Tacoma-Bellevue, WA",mwpvl_2025q1,98032,42660,ok,none,,True,DWA6,08_us_delivery_station_part2,75,Washington,"Delivery Station for Sumner, WA.",,False,False,False,False,False,False,False,False,False
MWP-0612,Amazon,DS,Puyallup,WA,98375,5509 Military Road East,,,2021,3,,,145400,open,https://mwpvl.com/html/amazon_com.html,other,medium,"Seattle-Tacoma-Bellevue, WA",mwpvl_2025q1,98375,42660,ok,month,,True,HBF6,08_us_delivery_station_part2,76,Washington,: station : fer Sq Ft is an estimate.,,False,False,False,False,False,False,True,False,False
MWP-0613,Amazon,DS,Sumner,WA,98390,3711 142nd Ave E,,,,,,,370100,open,https://mwpvl.com/html/amazon_com.html,other,medium,"Seattle-Tacoma-Bellevue, WA",mwpvl_2025q1,98390,42660,ok,none,,True,DWAS9,08_us_delivery_station_part2,77,Washington,"Delivery Station for Sumner, WA.",,False,False,False,False,False,False,False,False,False
MWP-0614,Amazon,DS,Everett,WA,98203,315 Shuksan Way,,,2021,4,,,145100,open,https://mwpvl.com/html/amazon_com.html,other,medium,"Seattle-Tacoma-Bellevue, WA",mwpvl_2025q1,98203,42660,ok,month,,True,DWS4,08_us_delivery_station_part2,78,Washington,"Facility has two pickup canopies totaling 50,000 sq ft.",,False,False,False,False,False,False,False,False,False
MWP-0615,Amazon,DS,Everett,WA,98203,6617 Associated Blvd,,,2024,3,,,167600,open,https://mwpvl.com/html/amazon_com.html,other,medium,"Seattle-Tacoma-Bellevue, WA",mwpvl_2025q1,98203,42660,ok,month,,True,DWS5,08_us_delivery_station_part2,79,Washington,Delivery Station and Logistics center for Amazon's broadband satellite network. Project Kuiper.,,False,False,False,False,False,False,False,False,False
MWP-0616,Amazon,DS,Seattle,WA,98108,6050 E Marginal Way S,,,2020,3,,,500000,open,https://mwpvl.com/html/amazon_com.html,other,medium,"Seattle-Tacoma-Bellevue, WA",mwpvl_2025q1,98108,42660,ok,month,,True,DWX3,08_us_delivery_station_part2,80,Washington,Delivery Station for South Side Seattle.,,False,False,False,False,False,False,False,False,False
MWP-0617,Amazon,DS,Burlington,WA,98233,12163 Bay Ridge Drive,,,2024,3,,,111900,open,https://mwpvl.com/html/amazon_com.html,other,low,"Mount Vernon-Anacortes, WA",mwpvl_2025q1,98233,34580,ok,month,,False,DSW3,08_us_delivery_station_part2,81,Washington,"Delivery Station for Burlington, WA Area. Opening delayed from Spring 2022 - Sep 2024.",,False,False,False,True,False,False,False,False,False
MWP-0618,Amazon,DS,Lakewood,WA,98439,14802 Spring St SW,,,2021,4,,,470000,open,https://mwpvl.com/html/amazon_com.html,other,medium,"Seattle-Tacoma-Bellevue, WA",mwpvl_2025q1,98439,42660,ok,month,,True,,08_us_delivery_station_part2,82,Washington,"Delivery Station for Lakewood, Tacoma, WA Area.",,False,False,False,False,False,False,False,False,False
MWP-0619,Amazon,DS,Airway Heights,WA,99001,12315 W McFarlane Rd,,,2023,3,,,187000,open,https://mwpvl.com/html/amazon_com.html,other,medium,"Spokane-Spokane Valley, WA",mwpvl_2025q1,99001,44060,ok,quarter,,True,DSK4,08_us_delivery_station_part2,83,Washington,DSK4 is a Delivery Station for Spokane. HGE2 is a co-located Heavy/Bulky Delivery Station.,,False,False,False,False,False,False,False,True,False
MWP-0620,Amazon,DS,Vancouver,WA,98682,6100 N.E. 147th Avenue,,,2025,,,,80000,open,https://mwpvl.com/html/amazon_com.html,other,medium,"Portland-Vancouver-Hillsboro, OR-WA",mwpvl_2025q1,98682,38900,ok,year,,True,,08_us_delivery_station_part2,84,VY Washington,Delivery Statienitor Vaneoiver WA. Net confirmed yet.,,False,False,False,False,False,False,False,False,False
MWP-0621,Amazon,DS,Pasco,WA,99301,5802 North Capitol Ave,,,,,,,,open,https://mwpvl.com/html/amazon_com.html,other,medium,"Kennewick-Richland, WA",mwpvl_2025q1,99301,28420,ok,none,,True,,08_us_delivery_station_part2,85,Washington,"Delivery Station for Pasco, WA Area. Project Hawk.",,False,False,False,False,False,False,False,False,False
MWP-0622,Amazon,DS,East Wenatchee,WA,98802,3485 NE Trident Way,,,2024,,,,43700,open,https://mwpvl.com/html/amazon_com.html,other,medium,"Wenatchee-East Wenatchee, WA",mwpvl_2025q1,98802,48300,ok,year,,True,WWG5,08_us_delivery_station_part2,86,Washington,"Rural Wagon Wheel Delivery ier Wenatchee, Chelan, Leavenworth.",,False,False,False,False,False,False,False,False,True
MWP-0623,Amazon,DS,Yakima,WA,98901,501 Keys Road,,,,,,,90000,open,https://mwpvl.com/html/amazon_com.html,other,medium,"Yakima, WA",mwpvl_2025q1,98901,49420,ok,none,,True,,08_us_delivery_station_part2,87,Washington,eure ee anima es region,,False,False,False,False,False,False,False,False,False
MWP-0624,Amazon,DS,Port Angeles,WA,98363,2100 S. Airport Road,,,2025,4,,,34500,open,https://mwpvl.com/html/amazon_com.html,other,medium,"Port Angeles, WA",mwpvl_2025q1,98363,38820,ok,quarter,,True,,08_us_delivery_station_part2,88,Washington,: Delivery stallion Port Angeles WA region. Project Olympic. :,,False,False,False,False,False,False,False,False,False
MWP-0625,Amazon,DS,Milwaukee,WI,53125,3935 W. Mitchell St,,,2016,1,,,50000,open,https://mwpvl.com/html/amazon_com.html,other,medium,"Whitewater-Elkhorn, WI",mwpvl_2025q1,53125,48580,ok,month,,True,DML1,08_us_delivery_station_part2,89,Wisconsin,Delivery Station for Milwaukee,,False,False,False,False,False,False,False,False,False
MWP-0626,Amazon,DS,sussex,WI,53089,N53 W24700 Corporate Circle,,,2020,3,,,110000,open,https://mwpvl.com/html/amazon_com.html,other,medium,"Milwaukee-Waukesha, WI",mwpvl_2025q1,53089,33340,ok,month,,True,DML2,08_us_delivery_station_part2,90,Wisconsin,Delivery Station for Milwaukee; Expanded to 199 Sq Ft in July 2019 Delivery Station for Appleton Region,,False,False,False,False,False,False,False,False,False
MWP-0627,Amazon,DS,Kenosha,WI,53144,4250 120th Ave,,,2020,3,,,748300,open,https://mwpvl.com/html/amazon_com.html,other,medium,"Kenosha, WI",mwpvl_2025q1,53144,28450,ok,month,,True,DML4,08_us_delivery_station_part2,91,Wisconsin,Delivery Station for Milwaukee/Kenosha.,,False,False,False,False,False,False,False,False,False
MWP-0628,Amazon,DS,Wauwatosa,WI,53222,11800 W. Burleigh St,,,2022,,,,540000,open,https://mwpvl.com/html/amazon_com.html,other,medium,"Milwaukee-Waukesha, WI",mwpvl_2025q1,53222,33340,ok,year,,True,DML6,08_us_delivery_station_part2,92,Wisconsin,Delivery Station for NW Milwaukee Region,,False,False,False,False,False,False,False,False,False
MWP-0629,Amazon,DS,Sturtevant,WI,53177,1925 Grandview Parkway,,,2021,2,,,145400,open,https://mwpvl.com/html/amazon_com.html,other,medium,"Racine-Mount Pleasant, WI",mwpvl_2025q1,53177,39540,ok,month,,True,DML8,08_us_delivery_station_part2,93,Wisconsin,Delivery Station for South Milwaukee Region,,False,False,False,False,False,False,False,False,False
MWP-0630,Amazon,DS,Madison,WI,53714,3650 Milwaukee Street,,,2020,4,,,116200,open,https://mwpvl.com/html/amazon_com.html,other,medium,"Madison, WI",mwpvl_2025q1,53714,31540,ok,quarter,,True,DWI4,08_us_delivery_station_part2,94,Wisconsin,Delivery Station for Madison WI.,,False,False,False,False,False,False,False,False,False
MWP-0631,Amazon,DS,Eau Claire,WI,54703,1945 Prairie Lane,,,,,,,,open,https://mwpvl.com/html/amazon_com.html,other,medium,"Eau Claire, WI",mwpvl_2025q1,54703,20740,ok,none,,True,,08_us_delivery_station_part2,95,Wisconsin,Rural Wagon Wheel Delivery Station for Eau Claire Region.,,False,False,False,False,False,False,False,False,True
MWP-0632,Amazon,DS,La Crosse,WI,54603,3003 Airport Road,,,,,,,,open,https://mwpvl.com/html/amazon_com.html,other,medium,"La Crosse-Onalaska, WI-MN",mwpvl_2025q1,54603,29100,ok,none,,True,,08_us_delivery_station_part2,96,Wisconsin,Rural Wagon Wheel Delivery Station for LaCrosse Region.,,False,False,False,False,False,False,False,False,True
MWP-0633,Amazon,DS,Weston,WI,54476,7007 County Road J,,,,,,,,open,https://mwpvl.com/html/amazon_com.html,other,medium,"Wausau, WI",mwpvl_2025q1,54476,48140,ok,none,,True,,08_us_delivery_station_part2,97,Wisconsin,Rural Wagon Wheel Delivery Station for Wausau WI Region.,,False,False,False,False,False,False,False,False,True
MWP-0634,Amazon,DS,Casper,WY,82604,1949 Pyrite Road,,,2024,4,,,,open,https://mwpvl.com/html/amazon_com.html,other,medium,"Casper, WY",mwpvl_2025q1,82604,16220,ok,month,,True,,08_us_delivery_station_part2,98,Wyoming,Rural Wagon Wheel Delivery Station for Casper WY Region.,,False,False,False,False,False,False,False,False,True
MWP-0635,Amazon,DS,Gillette,WY,82718,3851 East 2nd Street,,,2024,4,,,,open,https://mwpvl.com/html/amazon_com.html,other,medium,"Gillette, WY",mwpvl_2025q1,82718,23940,ok,month,,True,,08_us_delivery_station_part2,99,Wyoming,Rural Wagon Wheel Delivery Station for Gillette WY Region.,,False,False,False,False,False,False,False,False,True
